chosen_logp,chosen_mean_logp,chosen_tokens,rejected_prime_logp,rejected_prime_mean_logp,rejected_prime_tokens,rejected_double_prime_logp,rejected_double_prime_mean_logp,rejected_double_prime_tokens,rejected_logp,rejected_mean_logp,rejected_tokens,rejected_prime_v2_logp,rejected_prime_v2_mean_logp,rejected_prime_v2_tokens,rejected_double_prime_v2_logp,rejected_double_prime_v2_mean_logp,rejected_double_prime_v2_tokens,index
-56.81697463989258,-1.8938992023468018,30,-68.44081115722656,-2.281360387802124,30,-56.291221618652344,-1.8763740062713623,30,-60.67718505859375,-1.8961620330810547,32,-79.69935607910156,-2.6566452980041504,30,-55.35779571533203,-1.8452599048614502,30,0
-81.92161560058594,-1.7809046506881714,46,-120.32572937011719,-2.615776777267456,46,-119.77555847167969,-2.603816509246826,46,-52.808753967285156,-1.5531986951828003,34,-110.03514099121094,-2.392068386077881,46,-120.3597412109375,-2.61651611328125,46,1
-68.17060852050781,-1.3912369012832642,49,-110.92656707763672,-2.263807535171509,49,-96.95721435546875,-1.978718638420105,49,-80.28021240234375,-1.9114335775375366,42,-102.49027252197266,-2.0916383266448975,49,-101.51589965820312,-2.0717530250549316,49,2
-66.26982879638672,-1.5061324834823608,44,-78.26693725585938,-1.7787940502166748,44,-71.83979034423828,-1.6327224969863892,44,-21.306011199951172,-0.7102003693580627,30,-75.1177978515625,-1.7072227001190186,44,-90.22994995117188,-2.050680637359619,44,3
-102.79801940917969,-3.2124381065368652,32,-81.84751892089844,-2.557734966278076,32,-63.98033905029297,-1.9993855953216553,32,-87.70892333984375,-1.906715750694275,46,-83.67737579345703,-2.6149179935455322,32,-70.48126983642578,-2.2025396823883057,32,4
-57.54881286621094,-3.3852243423461914,17,-81.9710922241211,-4.821828842163086,17,-52.877159118652344,-3.1104211807250977,17,-65.46961975097656,-2.4248006343841553,27,-80.56361389160156,-4.7390360832214355,17,-52.587677001953125,-3.093392848968506,17,5
-92.32416534423828,-2.6378333568573,35,-98.39030456542969,-2.8111515045166016,35,-101.4312744140625,-2.898036479949951,35,-79.50211334228516,-3.180084466934204,25,-94.59051513671875,-2.7025861740112305,35,-102.7753677368164,-2.936439037322998,35,6
-78.15657806396484,-2.298722982406616,34,-89.98162841796875,-2.6465184688568115,34,-78.08853149414062,-2.2967214584350586,34,-22.25953483581543,-1.171554446220398,19,-88.91415405273438,-2.615122079849243,34,-95.7084732055664,-2.814954996109009,34,7
-47.53336715698242,-1.3203712701797485,36,-74.47944641113281,-2.068873405456543,36,-48.58951187133789,-1.3497086763381958,36,-45.844207763671875,-1.1181514263153076,41,-76.63006591796875,-2.128612995147705,36,-57.099525451660156,-1.5860979557037354,36,8
-88.38700866699219,-2.008795738220215,44,-136.28756713867188,-3.097444772720337,44,-134.69305419921875,-3.0612058639526367,44,-90.77044677734375,-3.1300153732299805,29,-137.90602111816406,-3.134227752685547,44,-113.64107513427734,-2.582751750946045,44,9
-62.26179504394531,-1.5565448999404907,40,-86.7950439453125,-2.1698760986328125,40,-91.6075439453125,-2.2901885509490967,40,-48.35268783569336,-1.726881742477417,28,-83.43023681640625,-2.0857558250427246,40,-83.9262924194336,-2.0981574058532715,40,10
-36.32054901123047,-1.2106850147247314,30,-140.9337158203125,-4.697790622711182,30,-195.5490264892578,-6.518301010131836,30,-288.68212890625,-6.142172813415527,47,-128.98348999023438,-4.299449443817139,30,-187.5035400390625,-6.250117778778076,30,11
-107.95230865478516,-3.5984103679656982,30,-75.79115295410156,-2.526371717453003,30,-72.56745910644531,-2.418915271759033,30,-29.943998336791992,-1.5759998559951782,19,-98.52415466308594,-3.2841384410858154,30,-82.92518615722656,-2.7641727924346924,30,12
-60.4029541015625,-1.5895514488220215,38,-125.2389907836914,-3.2957630157470703,38,-140.88082885742188,-3.707390308380127,38,-157.65936279296875,-3.5035414695739746,45,-126.40283966064453,-3.326390504837036,38,-139.64968872070312,-3.6749918460845947,38,13
-115.60380554199219,-1.725429892539978,67,-130.55520629882812,-1.9485851526260376,67,-130.53677368164062,-1.9483100175857544,67,-109.73463439941406,-1.7418196201324463,63,-154.42184448242188,-2.3048036098480225,67,-118.00550079345703,-1.761276125907898,67,14
-91.66242980957031,-2.618926525115967,35,-77.243408203125,-2.2069544792175293,35,-90.73482513427734,-2.592423677444458,35,-118.3333511352539,-2.517730951309204,47,-94.13191986083984,-2.689483404159546,35,-114.13114929199219,-3.260890007019043,35,15
-84.165283203125,-1.8703396320343018,45,-106.7516860961914,-2.3722596168518066,45,-116.43777465820312,-2.587506055831909,45,-62.16180419921875,-1.8836910724639893,33,-141.3937530517578,-3.1420834064483643,45,-116.17645263671875,-2.5816988945007324,45,16
-63.58325958251953,-2.354935646057129,27,-84.36993408203125,-3.124812364578247,27,-83.89518737792969,-3.107229232788086,27,-83.70600128173828,-2.1463077068328857,39,-91.63699340820312,-3.3939626216888428,27,-77.0382080078125,-2.853266954421997,27,17
-90.38343811035156,-2.510651111602783,36,-55.94529724121094,-1.554036021232605,36,-58.3405876159668,-1.6205718517303467,36,-53.089454650878906,-1.4348500967025757,37,-90.10201263427734,-2.502833604812622,36,-75.91267395019531,-2.1086854934692383,36,18
-67.00457763671875,-1.9144165515899658,35,-95.94498443603516,-2.7412853240966797,35,-84.7322006225586,-2.4209201335906982,35,-79.40831756591797,-2.561558723449707,31,-108.83694458007812,-3.1096270084381104,35,-98.33596801757812,-2.8095991611480713,35,19
-46.83442687988281,-1.3009562492370605,36,-82.46209716796875,-2.290613889694214,36,-72.638427734375,-2.0177340507507324,36,-55.34709548950195,-1.3499292135238647,41,-96.09587097167969,-2.6693296432495117,36,-68.14311218261719,-1.8928642272949219,36,20
-82.18092346191406,-1.956688642501831,42,-89.53843688964844,-2.1318676471710205,42,-98.6680908203125,-2.349240303039551,42,-75.96858978271484,-2.1705310344696045,35,-85.52957153320312,-2.0364184379577637,42,-110.93426513671875,-2.641292095184326,42,21
-68.5487060546875,-2.363748550415039,29,-91.99039459228516,-3.1720826625823975,29,-87.11883544921875,-3.0040977001190186,29,-129.3271484375,-3.2331786155700684,40,-91.07273864746094,-3.14043927192688,29,-89.4293212890625,-3.0837697982788086,29,22
-90.57128143310547,-2.4478724002838135,37,-236.48928833007812,-6.391602516174316,37,-259.4306640625,-7.011639595031738,37,-318.05615234375,-6.626169681549072,48,-242.24935913085938,-6.5472798347473145,37,-260.5104064941406,-7.0408220291137695,37,23
-78.21747589111328,-2.300513982772827,34,-83.96228790283203,-2.4694790840148926,34,-66.92701721191406,-1.9684417247772217,34,-74.97673034667969,-1.4995346069335938,50,-88.14794921875,-2.5925867557525635,34,-82.364501953125,-2.4224853515625,34,24
-65.00347900390625,-1.3266016244888306,49,-91.82941436767578,-1.8740696907043457,49,-130.2491455078125,-2.6581459045410156,49,-70.13877868652344,-2.003965139389038,35,-91.38577270507812,-1.8650157451629639,49,-134.8831024169922,-2.752716302871704,49,25
-55.415565490722656,-1.1544909477233887,48,-91.52418518066406,-1.9067538976669312,48,-94.454345703125,-1.9677988290786743,48,-37.90770721435547,-1.083077311515808,35,-93.67166900634766,-1.9514931440353394,48,-93.7500228881836,-1.9531254768371582,48,26
-83.03984069824219,-2.2443199157714844,37,-163.028564453125,-4.406177520751953,37,-211.60006713867188,-5.718920707702637,37,-270.55718994140625,-5.881678104400635,46,-165.34706115722656,-4.468839645385742,37,-218.79368591308594,-5.9133429527282715,37,27
-16.66495132446289,-0.2645230293273926,63,-98.57371520996094,-1.5646620988845825,63,-142.67984008789062,-2.2647593021392822,63,-62.79828643798828,-1.3651801347732544,46,-122.0158462524414,-1.9367594718933105,63,-138.37319946289062,-2.1963999271392822,63,28
-21.75385093688965,-0.5438462495803833,40,-105.72761535644531,-2.643190383911133,40,-104.06607818603516,-2.601651906967163,40,-68.00180053710938,-2.518585205078125,27,-109.88417053222656,-2.7471041679382324,40,-113.43759155273438,-2.835939884185791,40,29
-102.30620574951172,-3.0090060234069824,34,-87.45108795166016,-2.5720908641815186,34,-76.61933898925781,-2.253509998321533,34,-69.53240203857422,-2.242980718612671,31,-94.23516845703125,-2.771622657775879,34,-77.2454833984375,-2.271925926208496,34,30
-97.83737182617188,-1.6582605838775635,59,-111.03843688964844,-1.882007360458374,59,-96.710693359375,-1.6391643285751343,59,-87.3130111694336,-1.6169075965881348,54,-123.67782592773438,-2.0962343215942383,59,-103.56047821044922,-1.7552623748779297,59,31
-90.99403381347656,-3.0331344604492188,30,-148.13388061523438,-4.937796115875244,30,-214.5960693359375,-7.153202533721924,30,-291.546142578125,-6.3379597663879395,46,-157.59246826171875,-5.253082275390625,30,-209.64633178710938,-6.988211154937744,30,32
-72.05957794189453,-1.896304726600647,38,-90.61705780029297,-2.3846595287323,38,-89.38775634765625,-2.352309465408325,38,-57.45359420776367,-1.8533416986465454,31,-97.4438247680664,-2.5643112659454346,38,-92.30415344238281,-2.4290566444396973,38,33
-64.22007751464844,-1.88882577419281,34,-86.19471740722656,-2.5351388454437256,34,-85.39635467529297,-2.511657476425171,34,-79.37947845458984,-2.7372233867645264,29,-106.92323303222656,-3.144800901412964,34,-99.03831481933594,-2.9128916263580322,34,34
-81.00614929199219,-1.620123028755188,50,-97.81132507324219,-1.9562264680862427,50,-98.52633666992188,-1.9705266952514648,50,-95.18138122558594,-1.8663015365600586,51,-110.61708068847656,-2.212341547012329,50,-102.69735717773438,-2.0539472103118896,50,35
-79.57478332519531,-1.8085178136825562,44,-104.24946594238281,-2.3693060874938965,44,-85.55296325683594,-1.9443855285644531,44,-93.3956069946289,-1.9457417726516724,48,-100.51748657226562,-2.2844884395599365,44,-82.59820556640625,-1.8772319555282593,44,36
-85.02522277832031,-2.2979788780212402,37,-164.87225341796875,-4.45600700378418,37,-192.11709594726562,-5.19235372543335,37,-244.4846954345703,-5.093430995941162,48,-152.31912231445312,-4.116733074188232,37,-201.09768676757812,-5.435072422027588,37,37
-54.404937744140625,-1.754997968673706,31,-69.64505767822266,-2.246614694595337,31,-75.10051727294922,-2.4225974082946777,31,-69.44847106933594,-1.8769856691360474,37,-69.33213806152344,-2.236520528793335,31,-80.47531127929688,-2.595977783203125,31,38
-88.58068084716797,-1.884695291519165,47,-105.54469299316406,-2.245631694793701,47,-78.60453796386719,-1.6724369525909424,47,-78.95358276367188,-1.7163822650909424,46,-104.52938079833984,-2.224029302597046,47,-84.46165466308594,-1.7970564365386963,47,39
-70.74917602539062,-1.6453297138214111,43,-114.39181518554688,-2.6602747440338135,43,-130.64488220214844,-3.03825306892395,43,-80.32266235351562,-2.9749133586883545,27,-109.89285278320312,-2.555647850036621,43,-131.75247192382812,-3.0640108585357666,43,40
-106.89140319824219,-2.607107400894165,41,-104.72083282470703,-2.554166555404663,41,-87.30561828613281,-2.1294052600860596,41,-83.88848876953125,-2.097212314605713,40,-87.6942138671875,-2.138883352279663,41,-83.53913879394531,-2.0375399589538574,41,41
-63.45064163208008,-2.187953233718872,29,-73.70301818847656,-2.5414834022521973,29,-73.95317840576172,-2.550109624862671,29,-65.9610595703125,-1.8846017122268677,35,-73.17005157470703,-2.5231051445007324,29,-68.49474334716797,-2.3618876934051514,29,42
-85.51105499267578,-1.8193840980529785,47,-105.97335815429688,-2.2547523975372314,47,-117.60972595214844,-2.5023345947265625,47,-69.84060668945312,-1.9954458475112915,35,-103.36671447753906,-2.199291706085205,47,-113.50177001953125,-2.414931297302246,47,43
-117.87165832519531,-2.741201400756836,43,-248.2200927734375,-5.772560119628906,43,-270.6783752441406,-6.294846057891846,43,-300.9525146484375,-6.403244972229004,47,-233.52108764648438,-5.430723190307617,43,-273.68280029296875,-6.364716053009033,43,44
-54.35832595825195,-1.753494381904602,31,-55.187835693359375,-1.7802528142929077,31,-41.81428909301758,-1.3488479852676392,31,-40.876670837402344,-1.2022550106048584,34,-58.61951446533203,-1.8909521102905273,31,-57.61937713623047,-1.858689546585083,31,45
-53.50764846801758,-1.1632097959518433,46,-85.84890747070312,-1.8662805557250977,46,-64.76853942871094,-1.4080116748809814,46,-49.10566711425781,-1.169182538986206,42,-83.229736328125,-1.8093421459197998,46,-72.89553833007812,-1.5846855640411377,46,46
-81.79596710205078,-2.1525254249572754,38,-124.28166198730469,-3.2705700397491455,38,-113.55024719238281,-2.9881644248962402,38,-112.23625183105469,-3.74120831489563,30,-127.66160583496094,-3.359515905380249,38,-113.45936584472656,-2.9857728481292725,38,47
-108.03639221191406,-3.0010108947753906,36,-113.22259521484375,-3.1450719833374023,36,-88.62548828125,-2.4618191719055176,36,-52.48527145385742,-2.499298572540283,21,-97.4881591796875,-2.7080044746398926,36,-107.93096160888672,-2.998082160949707,36,48
-68.38990783691406,-1.5543160438537598,44,-119.22831726074219,-2.7097344398498535,44,-130.4315948486328,-2.9643545150756836,44,-89.8346939086914,-2.5667054653167725,35,-107.9178237915039,-2.4526777267456055,44,-138.02818298339844,-3.1370041370391846,44,49
-81.29649353027344,-2.391073226928711,34,-74.95735931396484,-2.2046282291412354,34,-81.20155334472656,-2.3882808685302734,34,-81.26500701904297,-2.25736141204834,36,-88.009033203125,-2.5885009765625,34,-96.35368347167969,-2.8339319229125977,34,50
-55.391326904296875,-1.2041592597961426,46,-114.77381896972656,-2.4950830936431885,46,-150.67298889160156,-3.2754998207092285,46,-85.26869201660156,-2.9402997493743896,29,-140.46746826171875,-3.053640604019165,46,-156.1095733642578,-3.393686294555664,46,51
-65.81568908691406,-2.350560426712036,28,-65.6399154663086,-2.344282627105713,28,-63.04570770263672,-2.2516324520111084,28,-61.60814666748047,-1.9252545833587646,32,-64.97090148925781,-2.3203892707824707,28,-64.78411865234375,-2.313718557357788,28,52
-87.52947235107422,-2.82353138923645,31,-64.98714447021484,-2.0963594913482666,31,-59.06098937988281,-1.9051932096481323,31,-61.37602233886719,-1.805177092552185,34,-73.15716552734375,-2.3599085807800293,31,-83.17279815673828,-2.6829934120178223,31,53
-114.26361083984375,-3.0882058143615723,37,-109.66676330566406,-2.9639666080474854,37,-88.65824890136719,-2.3961689472198486,37,-64.40064239501953,-2.300022840499878,28,-108.20707702636719,-2.92451548576355,37,-85.84307861328125,-2.3200831413269043,37,54
-82.18633270263672,-1.8678711652755737,44,-127.14968872070312,-2.889765739440918,44,-90.55812072753906,-2.0581390857696533,44,-37.718502044677734,-1.3969815969467163,27,-115.08236694335938,-2.6155083179473877,44,-93.98759460449219,-2.1360816955566406,44,55
-48.01642608642578,-0.9603285193443298,50,-75.90385437011719,-1.5180771350860596,50,-58.24439239501953,-1.1648879051208496,50,-35.857200622558594,-0.7317795753479004,49,-92.58987426757812,-1.8517974615097046,50,-59.408546447753906,-1.1881709098815918,50,56
-38.69663619995117,-0.9438204169273376,41,-96.02125549316406,-2.341981887817383,41,-144.41046142578125,-3.5222063064575195,41,-155.57598876953125,-3.175020217895508,49,-107.42720031738281,-2.62017560005188,41,-130.593017578125,-3.1851954460144043,41,57
-71.39253234863281,-1.5865007638931274,45,-89.01237487792969,-1.9780527353286743,45,-119.7179946899414,-2.660399913787842,45,-54.54176330566406,-1.7594116926193237,31,-84.89364624023438,-1.8865255117416382,45,-112.94224548339844,-2.5098276138305664,45,58
-99.41680145263672,-2.485419988632202,40,-128.97320556640625,-3.224330186843872,40,-110.62617492675781,-2.7656543254852295,40,-91.45309448242188,-2.5403637886047363,36,-140.4869384765625,-3.5121734142303467,40,-119.30103302001953,-2.9825258255004883,40,59
-46.424171447753906,-0.9474320411682129,49,-94.49977111816406,-1.928566813468933,49,-104.40513610839844,-2.1307170391082764,49,-70.37754821777344,-1.7594387531280518,40,-97.45793151855469,-1.9889373779296875,49,-102.18091583251953,-2.085324764251709,49,60
-67.52106475830078,-1.8755850791931152,36,-99.62400817871094,-2.767333507537842,36,-94.41627502441406,-2.6226742267608643,36,-68.78345489501953,-2.5475354194641113,27,-103.550537109375,-2.87640380859375,36,-101.15768432617188,-2.8099355697631836,36,61
-296.0072937011719,-6.434941291809082,46,-174.07742309570312,-3.7842917442321777,46,-128.79258728027344,-2.7998387813568115,46,-100.97423553466797,-3.3658077716827393,30,-170.4949951171875,-3.7064130306243896,46,-136.61447143554688,-2.9698798656463623,46,62
-43.76683807373047,-0.9312093257904053,47,-93.86253356933594,-1.9970752000808716,47,-72.26951599121094,-1.5376492738723755,47,-48.388267517089844,-1.1802016496658325,41,-102.8740234375,-2.1888089179992676,47,-79.76914978027344,-1.6972159147262573,47,63
-177.44798278808594,-2.3659729957580566,75,-237.5436553955078,-3.1672487258911133,75,-167.52880859375,-2.233717441558838,75,-100.71488952636719,-2.1894540786743164,46,-224.05355834960938,-2.9873807430267334,75,-200.19061279296875,-2.669208288192749,75,64
-84.82162475585938,-2.57035231590271,33,-103.31309509277344,-3.130699872970581,33,-100.87901306152344,-3.0569398403167725,33,-167.32760620117188,-3.3465521335601807,50,-104.51351165771484,-3.1670761108398438,33,-110.20355224609375,-3.3395016193389893,33,65
-61.748538970947266,-1.991888403892517,31,-164.0926971435547,-5.293313026428223,31,-186.82899475097656,-6.026741981506348,31,-300.40283203125,-6.391549587249756,47,-163.92849731445312,-5.288015842437744,31,-200.10255432128906,-6.454921245574951,31,66
-172.11196899414062,-3.7415645122528076,46,-197.71969604492188,-4.298254489898682,46,-127.23829650878906,-2.766049861907959,46,-95.89655303955078,-3.0934371948242188,31,-181.37274169921875,-3.942885637283325,46,-127.80145263671875,-2.778292417526245,46,67
-60.591041564941406,-1.637595772743225,37,-98.26382446289062,-2.6557791233062744,37,-109.5674057006836,-2.9612812995910645,37,-138.282470703125,-3.072943687438965,45,-95.6228256225586,-2.5844006538391113,37,-120.5064926147461,-3.256932258605957,37,68
-91.76258087158203,-2.414804697036743,38,-109.3282470703125,-2.8770592212677,38,-86.48656463623047,-2.2759621143341064,38,-76.21244812011719,-2.7218730449676514,28,-107.87924194335938,-2.8389275074005127,38,-95.63481140136719,-2.5167055130004883,38,69
-58.37706756591797,-1.577758550643921,37,-87.30500793457031,-2.3595948219299316,37,-110.61824035644531,-2.989682197570801,37,-46.91914749145508,-2.469428777694702,19,-98.82418823242188,-2.670923948287964,37,-107.55303955078125,-2.906838893890381,37,70
-73.02082824707031,-2.3555104732513428,31,-118.72786712646484,-3.8299312591552734,31,-95.94339752197266,-3.0949482917785645,31,-87.94245147705078,-2.93141508102417,30,-123.325439453125,-3.9782400131225586,31,-89.1263656616211,-2.875044107437134,31,71
-57.644657135009766,-1.5169646739959717,38,-167.594482421875,-4.410381317138672,38,-212.70497131347656,-5.597499370574951,38,-263.4998779296875,-6.127903938293457,43,-172.4347686767578,-4.53775691986084,38,-226.877685546875,-5.970465183258057,38,72
-92.96995544433594,-2.383845090866089,39,-73.5596923828125,-1.8861459493637085,39,-57.897483825683594,-1.4845508337020874,39,-40.015464782714844,-1.2504832744598389,32,-81.5283203125,-2.0904698371887207,39,-78.81582641601562,-2.020918607711792,39,73
-80.37362670898438,-1.8691540956497192,43,-80.67730712890625,-1.8762164115905762,43,-92.22502136230469,-2.144767999649048,43,-59.27948760986328,-1.9122415781021118,31,-79.72342681884766,-1.8540332317352295,43,-91.681640625,-2.1321310997009277,43,74
-82.68788146972656,-2.75626277923584,30,-68.41172790527344,-2.280390977859497,30,-84.45864868164062,-2.8152883052825928,30,-59.44310760498047,-1.9814369678497314,30,-82.79226684570312,-2.759742259979248,30,-83.00480651855469,-2.766826868057251,30,75
-116.78272247314453,-2.4329733848571777,48,-134.89816284179688,-2.810378313064575,48,-119.9287109375,-2.4985148906707764,48,-47.417728424072266,-1.9757386445999146,24,-150.27178955078125,-3.130662202835083,48,-123.67207336425781,-2.5765016078948975,48,76
-53.54425048828125,-1.3386062383651733,40,-73.12236785888672,-1.828059196472168,40,-98.82267761230469,-2.470566987991333,40,-72.91552734375,-2.4305176734924316,30,-74.5305404663086,-1.863263487815857,40,-104.88800811767578,-2.6222002506256104,40,77
-80.44439697265625,-1.8707998991012573,43,-127.3622817993164,-2.961913585662842,43,-125.1982421875,-2.9115869998931885,43,-89.64259338378906,-3.0911238193511963,29,-140.14627075195312,-3.2592155933380127,43,-118.9543228149414,-2.7663795948028564,43,78
-87.06896209716797,-2.90229868888855,30,-69.20907592773438,-2.306969165802002,30,-70.64042663574219,-2.3546807765960693,30,-50.07642364501953,-1.2213761806488037,41,-64.19807434082031,-2.1399357318878174,30,-73.75279998779297,-2.4584267139434814,30,79
-120.431396484375,-3.440896987915039,35,-114.76599884033203,-3.2790286540985107,35,-72.90681457519531,-2.083051919937134,35,-83.34713745117188,-2.68861722946167,31,-124.83439636230469,-3.566697120666504,35,-82.71244812011719,-2.363212823867798,35,80
-83.70499420166016,-2.202763080596924,38,-77.45989227294922,-2.0384182929992676,38,-79.57589721679688,-2.094102621078491,38,-80.47930908203125,-2.0635719299316406,39,-83.71806335449219,-2.2031068801879883,38,-88.589111328125,-2.3312923908233643,38,81
-74.85064697265625,-1.9192473888397217,39,-81.58366394042969,-2.091888904571533,39,-89.244384765625,-2.2883174419403076,39,-96.85845947265625,-2.105618715286255,46,-83.25508880615234,-2.1347458362579346,39,-100.13489532470703,-2.567561388015747,39,82
-97.69230651855469,-2.078559637069702,47,-96.151123046875,-2.0457684993743896,47,-89.34387969970703,-1.9009336233139038,47,-73.888427734375,-1.6792824268341064,44,-101.66596221923828,-2.1631054878234863,47,-104.75724792480469,-2.228877544403076,47,83
-95.05931091308594,-1.939985990524292,49,-124.40512084960938,-2.5388801097869873,49,-117.55255126953125,-2.399031639099121,49,-91.1507339477539,-2.337198257446289,39,-122.32465362548828,-2.4964215755462646,49,-126.07532501220703,-2.5729658603668213,49,84
-26.17125129699707,-1.0065865516662598,26,-71.13330078125,-2.735896110534668,26,-48.319007873535156,-1.8584233522415161,26,-50.07855987548828,-1.3534746170043945,37,-73.44195556640625,-2.824690580368042,26,-47.17319107055664,-1.8143534660339355,26,85
-82.74127197265625,-2.2983686923980713,36,-104.78206634521484,-2.9106130599975586,36,-105.60914611816406,-2.9335873126983643,36,-106.3265380859375,-2.873690128326416,37,-115.93771362304688,-3.220492124557495,36,-104.40229797363281,-2.9000637531280518,36,86
-57.85041809082031,-1.8078255653381348,32,-67.40311431884766,-2.1063473224639893,32,-64.59281921386719,-2.0185256004333496,32,-47.59226989746094,-1.9036908149719238,25,-75.75849914550781,-2.367453098297119,32,-61.91297149658203,-1.9347803592681885,32,87
-110.27250671386719,-2.5061933994293213,44,-107.01847076416016,-2.4322378635406494,44,-97.80821228027344,-2.222913980484009,44,-101.78910827636719,-2.0357820987701416,50,-116.84382629394531,-2.65554141998291,44,-106.9229736328125,-2.430067539215088,44,88
-88.4849624633789,-3.4032678604125977,26,-80.22933959960938,-3.0857439041137695,26,-49.273475646972656,-1.8951337337493896,26,-23.93323516845703,-1.139677882194519,21,-82.60531616210938,-3.1771275997161865,26,-55.61091232299805,-2.138881206512451,26,89
-65.37837219238281,-1.452852725982666,45,-75.6867904663086,-1.6819286346435547,45,-106.24078369140625,-2.3609063625335693,45,-69.24710083007812,-2.0983970165252686,33,-83.99684143066406,-1.8665964603424072,45,-102.95524597167969,-2.2878942489624023,45,90
-61.150108337402344,-1.3897751569747925,44,-103.12259674072266,-2.3436954021453857,44,-99.1816177368164,-2.2541277408599854,44,-79.45264434814453,-1.9863160848617554,40,-94.09107971191406,-2.1384336948394775,44,-103.46106719970703,-2.3513879776000977,44,91
-77.87074279785156,-2.0492300987243652,38,-84.32339477539062,-2.219036817550659,38,-83.43455505371094,-2.195646286010742,38,-109.17512512207031,-2.59940767288208,42,-63.4038200378418,-1.668521523475647,38,-76.3033218383789,-2.0079822540283203,38,92
-80.1942367553711,-2.0048558712005615,40,-97.23421478271484,-2.4308552742004395,40,-87.02879333496094,-2.175719738006592,40,-61.61134338378906,-1.9253544807434082,32,-92.49150085449219,-2.3122875690460205,40,-98.85661315917969,-2.4714152812957764,40,93
-136.641845703125,-3.3327279090881348,41,-86.89962768554688,-2.1195030212402344,41,-63.46967315673828,-1.5480408668518066,41,-36.080543518066406,-1.093349814414978,33,-82.22406005859375,-2.005464792251587,41,-78.93315124511719,-1.9251987934112549,41,94
-57.958946228027344,-2.7599499225616455,21,-86.06253814697266,-4.0982160568237305,21,-81.27171325683594,-3.870081663131714,21,-88.69625854492188,-4.223631381988525,21,-74.07420349121094,-3.5273430347442627,21,-82.3188247680664,-3.9199440479278564,21,95
-74.08991241455078,-2.5548245906829834,29,-53.6219482421875,-1.8490326404571533,29,-59.532657623291016,-2.0528502464294434,29,-56.41248321533203,-1.762890100479126,32,-65.25980377197266,-2.250338077545166,29,-65.2198715209961,-2.2489609718322754,29,96
-93.68616485595703,-1.9119625091552734,49,-148.4835205078125,-3.030275821685791,49,-125.02133178710938,-2.5514557361602783,49,-123.4012680053711,-2.742250442504883,45,-136.015380859375,-2.7758240699768066,49,-142.80450439453125,-2.9143776893615723,49,97
-15.152669906616211,-0.5225058794021606,29,-112.60089111328125,-3.882789373397827,29,-114.76028442382812,-3.9572510719299316,29,-127.97138977050781,-2.976078748703003,43,-128.3121337890625,-4.424556255340576,29,-116.41287231445312,-4.014236927032471,29,98
-86.95924377441406,-1.8116508722305298,48,-160.20916748046875,-3.337691068649292,48,-152.62918090820312,-3.179774522781372,48,-117.54212951660156,-2.9385533332824707,40,-152.6865692138672,-3.1809701919555664,48,-147.8282928466797,-3.079756021499634,48,99
-116.36761474609375,-4.309911727905273,27,-118.42098999023438,-4.38596248626709,27,-74.31893920898438,-2.7525532245635986,27,-61.64129638671875,-3.0820648670196533,20,-115.56208801269531,-4.2800774574279785,27,-87.95220947265625,-3.2574892044067383,27,100
-82.49143981933594,-1.8331431150436401,45,-129.2028045654297,-2.87117338180542,45,-116.85771179199219,-2.5968379974365234,45,-65.0985107421875,-2.099951982498169,31,-133.7792510986328,-2.972872257232666,45,-113.57046508789062,-2.5237882137298584,45,101
-115.87093353271484,-2.826120376586914,41,-125.15892028808594,-3.052656650543213,41,-170.33993530273438,-4.154632568359375,41,-168.17271423339844,-4.004112243652344,42,-111.43451690673828,-2.7179150581359863,41,-169.53692626953125,-4.13504695892334,41,102
-27.33477020263672,-1.607927680015564,17,-49.90071105957031,-2.935335874557495,17,-63.7916259765625,-3.752448558807373,17,-80.40462493896484,-2.4365038871765137,33,-54.94103240966797,-3.231825351715088,17,-68.87757110595703,-4.051621913909912,17,103
-85.07850646972656,-2.181500196456909,39,-97.17263793945312,-2.4916059970855713,39,-87.4841537475586,-2.2431833744049072,39,-50.054405212402344,-1.4721883535385132,34,-111.06290435791016,-2.847766876220703,39,-74.31754302978516,-1.9055780172348022,39,104
-59.3523063659668,-2.1982336044311523,27,-74.3011245727539,-2.7518935203552246,27,-83.42637634277344,-3.0898656845092773,27,-76.22992706298828,-2.6286182403564453,29,-91.99214172363281,-3.407116413116455,27,-97.22709655761719,-3.601003646850586,27,105
-39.411582946777344,-1.4075565338134766,28,-98.68952941894531,-3.5246260166168213,28,-100.79656982421875,-3.5998775959014893,28,-100.99466705322266,-2.729585647583008,37,-101.1872329711914,-3.6138298511505127,28,-118.6950454711914,-4.239108562469482,28,106
-63.77774429321289,-1.483203411102295,43,-102.10383605957031,-2.3745079040527344,43,-97.01403045654297,-2.2561402320861816,43,-52.29374694824219,-2.0112979412078857,26,-110.90482330322266,-2.5791819095611572,43,-111.89227294921875,-2.6021459102630615,43,107
-65.2338638305664,-2.5089948177337646,26,-57.489891052246094,-2.2111496925354004,26,-57.736328125,-2.220628023147583,26,-84.02594757080078,-2.3340539932250977,36,-65.16012573242188,-2.5061585903167725,26,-69.15185546875,-2.659686803817749,26,108
-84.38330078125,-2.6369781494140625,32,-91.53703308105469,-2.860532283782959,32,-88.85981750488281,-2.776869297027588,32,-56.53987503051758,-2.5699942111968994,22,-93.3559799194336,-2.9173743724823,32,-97.52804565429688,-3.0477514266967773,32,109
-82.74653625488281,-2.955233335494995,28,-75.65694427490234,-2.702033758163452,28,-73.41509246826172,-2.6219675540924072,28,-74.21161651611328,-2.393923044204712,31,-75.62033081054688,-2.70072603225708,28,-77.5831298828125,-2.7708261013031006,28,110
-60.474422454833984,-2.1598007678985596,28,-91.3042221069336,-3.2608649730682373,28,-97.30815887451172,-3.4752914905548096,28,-166.95281982421875,-3.407200336456299,49,-94.70756530761719,-3.382413148880005,28,-114.71730041503906,-4.097046375274658,28,111
-135.48663330078125,-3.7635176181793213,36,-177.61318969726562,-4.933699607849121,36,-217.528076171875,-6.042446613311768,36,-260.3677673339844,-5.539739608764648,47,-181.6094970703125,-5.044708251953125,36,-206.36895751953125,-5.732470989227295,36,112
-62.167259216308594,-1.635980486869812,38,-84.14302062988281,-2.214289903640747,38,-74.49383544921875,-1.9603641033172607,38,-75.47386169433594,-1.9861541986465454,38,-93.48686981201172,-2.4601807594299316,38,-81.93347930908203,-2.156144142150879,38,113
-63.072227478027344,-1.5768057107925415,40,-100.43817138671875,-2.5109543800354004,40,-98.28131103515625,-2.4570326805114746,40,-46.58332061767578,-2.0253617763519287,23,-102.83552551269531,-2.570888042449951,40,-114.6597671508789,-2.8664941787719727,40,114
-84.44702911376953,-3.015965223312378,28,-89.61583709716797,-3.2005655765533447,28,-67.75746154785156,-2.4199092388153076,28,-64.53968811035156,-2.081925392150879,31,-99.21536254882812,-3.543405771255493,28,-76.88470458984375,-2.745882272720337,28,115
-41.45479965209961,-1.2954624891281128,32,-84.45556640625,-2.6392364501953125,32,-73.74142456054688,-2.30441951751709,32,-57.50439453125,-2.211707592010498,26,-91.84557342529297,-2.8701741695404053,32,-73.98745727539062,-2.312108039855957,32,116
-34.4884033203125,-1.724420189857483,20,-67.14100646972656,-3.3570504188537598,20,-70.72831726074219,-3.5364158153533936,20,-61.713680267333984,-2.0571227073669434,30,-64.67630004882812,-3.2338149547576904,20,-81.33341217041016,-4.0666704177856445,20,117
-61.16485595703125,-1.5291213989257812,40,-82.75260925292969,-2.068815231323242,40,-76.85750579833984,-1.9214376211166382,40,-75.71910095214844,-1.682646632194519,45,-89.07577514648438,-2.2268943786621094,40,-75.84043884277344,-1.8960109949111938,40,118
-77.34347534179688,-1.7578063011169434,44,-117.83377075195312,-2.6780402660369873,44,-95.1693115234375,-2.1629388332366943,44,-41.54609680175781,-1.221943974494934,34,-109.87692260742188,-2.4972028732299805,44,-88.70014953613281,-2.0159125328063965,44,119
-64.11674499511719,-1.9429316520690918,33,-86.27481079101562,-2.6143882274627686,33,-75.2044677734375,-2.278923273086548,33,-78.57838439941406,-2.619279384613037,30,-88.28140258789062,-2.675194025039673,33,-81.67503356933594,-2.475001096725464,33,120
-125.8289566040039,-4.0589985847473145,31,-106.30126190185547,-3.429072856903076,31,-75.94252014160156,-2.449758768081665,31,-73.69869232177734,-2.5413341522216797,29,-103.92755126953125,-3.352501630783081,31,-83.93753051757812,-2.707662343978882,31,121
-76.68904113769531,-1.8259295225143433,42,-126.76190948486328,-3.0181407928466797,42,-127.19186401367188,-3.0283777713775635,42,-113.58844757080078,-2.5815556049346924,44,-107.54716491699219,-2.5606467723846436,42,-121.8714828491211,-2.9017019271850586,42,122
-61.21730422973633,-1.9747517108917236,31,-62.34006881713867,-2.010969877243042,31,-71.45040893554688,-2.30485200881958,31,-93.2962646484375,-2.1203696727752686,44,-67.89537811279297,-2.190173387527466,31,-86.69902801513672,-2.7967429161071777,31,123
-112.37347412109375,-2.6133365631103516,43,-127.04691314697266,-2.9545793533325195,43,-112.06988525390625,-2.606276512145996,43,-91.49696350097656,-1.8672850131988525,49,-125.80575561523438,-2.925715208053589,43,-109.91072082519531,-2.556063175201416,43,124
-51.26710891723633,-2.6982688903808594,19,-72.25110626220703,-3.802689790725708,19,-76.48289489746094,-4.025415420532227,19,-82.99017333984375,-2.9639346599578857,28,-66.13436889648438,-3.4807562828063965,19,-71.92231750488281,-3.7853851318359375,19,125
-67.23667907714844,-1.977549433708191,34,-102.82368469238281,-3.024225950241089,34,-81.73975372314453,-2.4041104316711426,34,-61.712913513183594,-2.3735735416412354,26,-85.90019226074219,-2.5264761447906494,34,-87.21746063232422,-2.5652194023132324,34,126
-175.40870666503906,-4.176397800445557,42,-144.690185546875,-3.445004463195801,42,-109.8084487915039,-2.6144869327545166,42,-70.92506408691406,-2.287905216217041,31,-160.71742248535156,-3.8266053199768066,42,-133.7010498046875,-3.1833584308624268,42,127
-139.11648559570312,-3.161738395690918,44,-156.13433837890625,-3.5485076904296875,44,-118.49600219726562,-2.6930909156799316,44,-78.05224609375,-2.6914567947387695,29,-125.32660675048828,-2.848331928253174,44,-125.68839263916016,-2.8565542697906494,44,128
-43.403846740722656,-2.4113247394561768,18,-65.98985290527344,-3.666102886199951,18,-59.8942985534668,-3.327461004257202,18,-90.82569885253906,-3.363914728164673,27,-75.70634460449219,-4.205907821655273,18,-78.89884185791016,-4.3832688331604,18,129
-64.76323699951172,-2.1587746143341064,30,-65.63784790039062,-2.1879281997680664,30,-44.73653793334961,-1.4912179708480835,30,-48.34674835205078,-1.5595725774765015,31,-75.45127868652344,-2.515042543411255,30,-56.37333679199219,-1.8791111707687378,30,130
-51.43512725830078,-1.254515290260315,41,-60.78349304199219,-1.4825242757797241,41,-54.969974517822266,-1.340731143951416,41,-42.372947692871094,-1.4611361026763916,29,-59.3224983215332,-1.4468902349472046,41,-63.10400390625,-1.5391221046447754,41,131
-58.18479919433594,-2.1549925804138184,27,-78.8497314453125,-2.9203603267669678,27,-86.36133575439453,-3.198568105697632,27,-107.64596557617188,-2.503394603729248,43,-81.28472900390625,-3.010545492172241,27,-88.17568969726562,-3.2657663822174072,27,132
-100.03361511230469,-2.2229692935943604,45,-99.40088653564453,-2.2089085578918457,45,-91.63655853271484,-2.036367893218994,45,-90.48423767089844,-1.9670486450195312,46,-116.54254150390625,-2.589834213256836,45,-98.54754638671875,-2.1899454593658447,45,133
-50.02100372314453,-1.0421042442321777,48,-67.82575225830078,-1.4130364656448364,48,-67.17706298828125,-1.3995221853256226,48,-42.996376037597656,-0.8599275350570679,50,-68.7816162109375,-1.4329503774642944,48,-71.79878997802734,-1.4958081245422363,48,134
-64.77877807617188,-1.5799702405929565,41,-118.17461395263672,-2.882307767868042,41,-96.36000061035156,-2.3502438068389893,41,-91.177978515625,-2.279449462890625,40,-112.15168762207031,-2.7354071140289307,41,-99.04023742675781,-2.4156155586242676,41,135
-113.26637268066406,-3.061253309249878,37,-128.4005126953125,-3.4702842235565186,37,-117.32186889648438,-3.17086124420166,37,-119.87934875488281,-3.154719591140747,38,-131.0597686767578,-3.5421559810638428,37,-109.92185974121094,-2.9708609580993652,37,136
-126.57386779785156,-3.0136635303497314,42,-140.52740478515625,-3.345890522003174,42,-134.0892791748047,-3.1926019191741943,42,-122.37666320800781,-3.947634220123291,31,-130.68092346191406,-3.111450672149658,42,-146.10397338867188,-3.478666067123413,42,137
-61.575408935546875,-2.1991217136383057,28,-74.51101684570312,-2.6611077785491943,28,-63.38333511352539,-2.26369047164917,28,-84.31697082519531,-2.218867540359497,38,-75.62434387207031,-2.70086932182312,28,-69.17684173583984,-2.4706015586853027,28,138
-111.03170776367188,-2.921887159347534,38,-104.76878356933594,-2.757073163986206,38,-84.943603515625,-2.2353579998016357,38,-91.36955261230469,-2.124873399734497,43,-102.41752624511719,-2.6951980590820312,38,-84.94984436035156,-2.2355222702026367,38,139
-62.292266845703125,-2.009428024291992,31,-90.72259521484375,-2.9265353679656982,31,-75.56824493408203,-2.437685251235962,31,-79.06536102294922,-2.470792531967163,32,-90.376708984375,-2.915377616882324,31,-79.39384460449219,-2.561091661453247,31,140
-60.234580993652344,-1.5058645009994507,40,-97.86508178710938,-2.446627140045166,40,-87.56261444091797,-2.189065456390381,40,-87.45360565185547,-2.133014678955078,41,-97.98710632324219,-2.4496777057647705,40,-93.71304321289062,-2.3428261280059814,40,141
-68.66986083984375,-2.3679261207580566,29,-63.152713775634766,-2.1776797771453857,29,-68.84403991699219,-2.373932361602783,29,-80.70915222167969,-2.3737986087799072,34,-76.13121795654297,-2.6252143383026123,29,-67.66716003417969,-2.333350419998169,29,142
-28.235748291015625,-0.6007605791091919,47,-61.22916030883789,-1.3027480840682983,47,-58.857208251953125,-1.2522810697555542,47,-49.36614990234375,-0.8815383911132812,56,-86.13404846191406,-1.8326393365859985,47,-79.5389175415039,-1.6923173666000366,47,143
-120.25314331054688,-3.4358041286468506,35,-92.63059997558594,-2.6465885639190674,35,-104.86683654785156,-2.9961953163146973,35,-120.98993682861328,-3.0247483253479004,40,-94.00370025634766,-2.6858201026916504,35,-129.06541442871094,-3.6875832080841064,35,144
-101.91305541992188,-2.3700711727142334,43,-137.26573181152344,-3.1922264099121094,43,-139.36390686035156,-3.241021156311035,43,-157.70782470703125,-3.584268808364868,44,-136.00576782226562,-3.1629247665405273,43,-121.80352783203125,-2.8326401710510254,43,145
-88.04656982421875,-2.840211868286133,31,-172.30111694335938,-5.558100700378418,31,-185.44985961914062,-5.982253551483154,31,-318.0445556640625,-6.766905307769775,47,-161.9031982421875,-5.222683906555176,31,-209.04782104492188,-6.743478298187256,31,146
-82.46733093261719,-2.3562095165252686,35,-77.41167449951172,-2.2117621898651123,35,-81.82435607910156,-2.337838649749756,35,-83.74545288085938,-1.9939393997192383,42,-78.11297607421875,-2.231799364089966,35,-83.01932525634766,-2.371980667114258,35,147
-57.08061599731445,-1.8413101434707642,31,-89.74543762207031,-2.8950140476226807,31,-85.55728149414062,-2.7599122524261475,31,-74.19956970214844,-2.558605909347534,29,-78.62393188476562,-2.5362558364868164,31,-86.05752563476562,-2.7760491371154785,31,148
-63.6234130859375,-1.5905853509902954,40,-76.70191192626953,-1.9175478219985962,40,-88.91571044921875,-2.2228927612304688,40,-45.889034271240234,-1.480291485786438,31,-85.97664642333984,-2.149416208267212,40,-80.518798828125,-2.012969970703125,40,149
-85.92887878417969,-2.2612862586975098,38,-103.89350128173828,-2.734039545059204,38,-80.48605346679688,-2.118054151535034,38,-51.74555969238281,-1.617048740386963,32,-105.405029296875,-2.7738165855407715,38,-79.77230072021484,-2.099271059036255,38,150
-76.92152404785156,-2.747197389602661,28,-55.408573150634766,-1.9788776636123657,28,-49.665245056152344,-1.7737587690353394,28,-70.59487915039062,-1.9079697132110596,37,-68.82513427734375,-2.458040475845337,28,-46.28169631958008,-1.652917742729187,28,151
-61.851966857910156,-1.6716747283935547,37,-97.04287719726562,-2.6227805614471436,37,-101.37713623046875,-2.739922523498535,37,-63.97373580932617,-2.5589494705200195,25,-90.86063385009766,-2.455692768096924,37,-100.80583190917969,-2.7244820594787598,37,152
-97.39926147460938,-2.117375135421753,46,-100.24667358398438,-2.1792755126953125,46,-110.41566467285156,-2.4003405570983887,46,-54.69928741455078,-1.8861823081970215,29,-142.22280883789062,-3.0918002128601074,46,-109.85672760009766,-2.3881897926330566,46,153
-72.05398559570312,-2.882159471511841,25,-71.24603271484375,-2.849841356277466,25,-79.99441528320312,-3.1997766494750977,25,-125.36917877197266,-3.4824771881103516,36,-81.31619262695312,-3.252647638320923,25,-91.69395446777344,-3.6677582263946533,25,154
-177.35964965820312,-5.542489051818848,32,-89.44671630859375,-2.7952098846435547,32,-79.69490814208984,-2.4904658794403076,32,-80.99897766113281,-2.3823227882385254,34,-87.6163558959961,-2.738011121749878,32,-83.41844177246094,-2.6068263053894043,32,155
-40.65592575073242,-1.3114814758300781,31,-84.20935821533203,-2.716430902481079,31,-89.12628936767578,-2.8750414848327637,31,-87.61974334716797,-2.9206581115722656,30,-96.92840576171875,-3.126722812652588,31,-92.8899917602539,-2.9964513778686523,31,156
-46.849525451660156,-1.8019047975540161,26,-48.02110290527344,-1.8469655513763428,26,-76.65873718261719,-2.9484128952026367,26,-84.71934509277344,-2.0663254261016846,41,-44.11003112792969,-1.6965396404266357,26,-71.23234558105469,-2.7397055625915527,26,157
-69.31745910644531,-1.6120339632034302,43,-92.55271911621094,-2.15238881111145,43,-85.64900207519531,-1.9918372631072998,43,-69.11028289794922,-1.4104139804840088,49,-88.204345703125,-2.0512638092041016,43,-92.10386657714844,-2.1419503688812256,43,158
-57.4683952331543,-1.6419541835784912,35,-95.7603759765625,-2.736010789871216,35,-98.1865005493164,-2.805328607559204,35,-113.22013092041016,-2.310614824295044,49,-82.95944213867188,-2.370269775390625,35,-96.8489990234375,-2.7671141624450684,35,159
-103.80213928222656,-2.3067142963409424,45,-145.75192260742188,-3.238931655883789,45,-167.85928344726562,-3.730206251144409,45,-120.70646667480469,-3.7720770835876465,32,-154.44677734375,-3.4321506023406982,45,-160.99002075195312,-3.5775561332702637,45,160
-93.66033935546875,-2.1286439895629883,44,-164.92152404785156,-3.748216390609741,44,-139.10177612304688,-3.1614038944244385,44,-137.88719177246094,-3.2830283641815186,42,-171.4967041015625,-3.8976523876190186,44,-145.1061553955078,-3.2978670597076416,44,161
-61.934173583984375,-2.293858289718628,27,-79.91117095947266,-2.9596729278564453,27,-69.38693237304688,-2.5698864459991455,27,-78.57809448242188,-2.3111205101013184,34,-86.21484375,-3.1931424140930176,27,-75.36238098144531,-2.791199207305908,27,162
-90.42391967773438,-2.2054615020751953,41,-90.18560791015625,-2.199648857116699,41,-68.22500610351562,-1.6640245914459229,41,-37.413299560546875,-1.039258360862732,36,-86.32054901123047,-2.105379343032837,41,-70.00300598144531,-1.7073904275894165,41,163
-76.06363677978516,-2.6228840351104736,29,-54.657352447509766,-1.8847362995147705,29,-71.31785583496094,-2.4592363834381104,29,-64.03333282470703,-1.73063063621521,37,-72.36839294433594,-2.495461940765381,29,-69.94503021240234,-2.411897659301758,29,164
-87.73674011230469,-2.437131643295288,36,-99.54268646240234,-2.7650747299194336,36,-94.27098083496094,-2.618638277053833,36,-34.67572021484375,-1.6512247323989868,21,-107.88343811035156,-2.996762275695801,36,-91.24059295654297,-2.53446102142334,36,165
-35.631099700927734,-1.31967031955719,27,-55.46643829345703,-2.0543124675750732,27,-62.581817626953125,-2.317845106124878,27,-46.52284240722656,-2.0227322578430176,23,-58.522945404052734,-2.1675164699554443,27,-63.90145492553711,-2.36672043800354,27,166
-123.74616241455078,-2.690134048461914,46,-121.27320098876953,-2.636373996734619,46,-108.1644058227539,-2.351400136947632,46,-68.40950012207031,-2.358948230743408,29,-112.78349304199219,-2.451815128326416,46,-114.55418395996094,-2.4903082847595215,46,167
-111.11697387695312,-2.525385856628418,44,-247.32138061523438,-5.620940685272217,44,-283.902099609375,-6.452320575714111,44,-306.70391845703125,-6.389665126800537,48,-240.52078247070312,-5.466381549835205,44,-276.1626281738281,-6.276423454284668,44,168
-108.47561645507812,-2.5827527046203613,42,-97.73345184326172,-2.3269870281219482,42,-104.02241516113281,-2.476724147796631,42,-62.19150161743164,-1.884590983390808,33,-88.232421875,-2.100771903991699,42,-95.03787231445312,-2.2628064155578613,42,169
-84.90264892578125,-2.1769909858703613,39,-89.82925415039062,-2.303314208984375,39,-76.74984741210938,-1.967944860458374,39,-42.90034866333008,-1.787514567375183,24,-74.52726745605469,-1.910955548286438,39,-92.2371826171875,-2.365056037902832,39,170
-61.08250427246094,-1.8509849309921265,33,-74.00492858886719,-2.2425734996795654,33,-77.06145477294922,-2.335195541381836,33,-75.02874755859375,-2.3446483612060547,32,-78.56626892089844,-2.380795955657959,33,-82.61962890625,-2.5036251544952393,33,171
-99.94296264648438,-2.630078077316284,38,-120.60443878173828,-3.1738009452819824,38,-119.73309326171875,-3.1508708000183105,38,-74.41564178466797,-2.4005045890808105,31,-113.13848876953125,-2.9773285388946533,38,-125.6778335571289,-3.3073112964630127,38,172
-129.6048583984375,-2.3143725395202637,56,-193.28961181640625,-3.4516003131866455,56,-191.91746520996094,-3.4270975589752197,56,-168.21078491210938,-4.005018711090088,42,-202.51771545410156,-3.6163878440856934,56,-192.27703857421875,-3.433518648147583,56,173
-56.805015563964844,-1.7751567363739014,32,-91.28998565673828,-2.8528120517730713,32,-101.07012939453125,-3.1584415435791016,32,-106.70391845703125,-2.7359979152679443,39,-82.7711410522461,-2.5865981578826904,32,-100.3099136352539,-3.1346848011016846,32,174
-48.22157287597656,-1.7859841585159302,27,-62.53672409057617,-2.3161749839782715,27,-78.58287048339844,-2.9104766845703125,27,-106.56044006347656,-2.5990350246429443,41,-64.98614501953125,-2.4068942070007324,27,-69.35501861572266,-2.56870436668396,27,175
-50.50163650512695,-1.2625409364700317,40,-95.07859802246094,-2.376965045928955,40,-99.53370666503906,-2.488342761993408,40,-55.6260986328125,-1.9181413650512695,29,-95.14349365234375,-2.378587245941162,40,-101.486572265625,-2.5371642112731934,40,176
-56.482635498046875,-1.3135496377944946,43,-115.54220581054688,-2.687027931213379,43,-111.19478607177734,-2.585925340652466,43,-60.98381042480469,-1.9057440757751465,32,-116.71134948730469,-2.7142174243927,43,-114.93768310546875,-2.672969341278076,43,177
-50.43876647949219,-2.1016151905059814,24,-168.4844512939453,-7.020185470581055,24,-206.20794677734375,-8.591998100280762,24,-335.4403076171875,-7.137027740478516,47,-150.1966552734375,-6.2581939697265625,24,-204.8075408935547,-8.533647537231445,24,178
-73.96770477294922,-1.681084156036377,44,-112.85315704345703,-2.5648443698883057,44,-106.63252258300781,-2.423466444015503,44,-74.85238647460938,-2.268254041671753,33,-116.06446838378906,-2.637828826904297,44,-104.57887268066406,-2.3767926692962646,44,179
-40.62438201904297,-1.4508707523345947,28,-85.45488739013672,-3.0519602298736572,28,-90.38103485107422,-3.2278940677642822,28,-109.91901397705078,-2.617119312286377,42,-83.9481201171875,-2.9981472492218018,28,-89.91384887695312,-3.2112088203430176,28,180
-96.36317443847656,-2.2943613529205322,42,-112.19966125488281,-2.6714205741882324,42,-100.6368408203125,-2.396115303039551,42,-69.89883422851562,-1.9416342973709106,36,-110.81979370117188,-2.638566493988037,42,-109.2363052368164,-2.6008644104003906,42,181
-55.634605407714844,-1.1837149858474731,47,-98.67831420898438,-2.099538564682007,47,-124.96819305419922,-2.658897638320923,47,-83.8102035522461,-2.328061103820801,36,-119.33003234863281,-2.5389368534088135,47,-118.9685287475586,-2.531245231628418,47,182
-58.226318359375,-1.5736843347549438,37,-106.31832885742188,-2.8734683990478516,37,-134.92962646484375,-3.6467466354370117,37,-149.16781616210938,-3.551614761352539,42,-116.20890808105469,-3.1407814025878906,37,-133.7181854248047,-3.6140050888061523,37,183
-83.52439880371094,-1.815747857093811,46,-109.8925552368164,-2.3889687061309814,46,-90.02576446533203,-1.9570817947387695,46,-92.5095443725586,-2.1513848304748535,43,-112.47789764404297,-2.445171594619751,46,-97.11732482910156,-2.111246109008789,46,184
-94.763671875,-2.871626377105713,33,-99.66255187988281,-3.0200772285461426,33,-70.00628662109375,-2.1214027404785156,33,-92.61235046386719,-2.0580523014068604,45,-93.74295043945312,-2.840695381164551,33,-68.5582046508789,-2.077521324157715,33,185
-54.20745086669922,-1.204609990119934,45,-96.2004623413086,-2.1377880573272705,45,-128.64102172851562,-2.858689308166504,45,-39.02003479003906,-1.4451864957809448,27,-106.21534729003906,-2.3603410720825195,45,-128.32821655273438,-2.851738214492798,45,186
-125.4347152709961,-2.9865407943725586,42,-139.26419067382812,-3.3158140182495117,42,-136.84329223632812,-3.258173704147339,42,-130.91064453125,-3.3566832542419434,39,-146.50262451171875,-3.4881577491760254,42,-140.8380126953125,-3.353286027908325,42,187
-55.8377685546875,-1.5091289281845093,37,-99.60198974609375,-2.6919455528259277,37,-105.36612701416016,-2.84773325920105,37,-63.87675476074219,-2.4567983150482178,26,-94.72251892089844,-2.560068130493164,37,-111.05763244628906,-3.0015575885772705,37,188
-112.79084777832031,-2.349809408187866,48,-146.58853149414062,-3.0539276599884033,48,-193.76475524902344,-4.0367655754089355,48,-198.06698608398438,-4.715880393981934,42,-149.68109130859375,-3.1183559894561768,48,-209.68255615234375,-4.368386745452881,48,189
-64.46526336669922,-1.9534928798675537,33,-90.52018737792969,-2.7430360317230225,33,-69.83192443847656,-2.116118907928467,33,-53.20167541503906,-1.773389220237732,30,-78.55643463134766,-2.380497932434082,33,-73.74813079833984,-2.2347917556762695,33,190
-105.69068908691406,-2.6422672271728516,40,-119.13673400878906,-2.9784183502197266,40,-122.55453491210938,-3.0638632774353027,40,-56.87468719482422,-2.0312387943267822,28,-111.54341125488281,-2.7885851860046387,40,-121.40167236328125,-3.0350418090820312,40,191
-99.78103637695312,-3.3260345458984375,30,-135.8152313232422,-4.527174472808838,30,-160.00332641601562,-5.333444118499756,30,-270.79718017578125,-5.761641979217529,47,-127.46115112304688,-4.24870491027832,30,-186.27490234375,-6.209163188934326,30,192
-78.45407104492188,-2.801931142807007,28,-61.44422149658203,-2.194436550140381,28,-44.62726974487305,-1.5938310623168945,28,-48.97484588623047,-1.484086275100708,33,-59.86968994140625,-2.1382031440734863,28,-44.192657470703125,-1.578309178352356,28,193
-83.19938659667969,-1.8488752841949463,45,-101.77593994140625,-2.2616875171661377,45,-83.23766326904297,-1.8497258424758911,45,-81.73405456542969,-1.816312313079834,45,-111.25118255615234,-2.4722485542297363,45,-81.71589660644531,-1.8159087896347046,45,194
-84.73541259765625,-2.017509937286377,42,-197.82138061523438,-4.710032939910889,42,-242.6861572265625,-5.7782416343688965,42,-260.8746337890625,-5.671187877655029,46,-195.3206329345703,-4.650491237640381,42,-250.19168090820312,-5.956944942474365,42,195
-64.98596954345703,-1.710157036781311,38,-107.40689849853516,-2.8264973163604736,38,-90.16011810302734,-2.3726346492767334,38,-69.83865356445312,-2.1163227558135986,33,-120.34054565429688,-3.166856527328491,38,-95.64049530029297,-2.516855239868164,38,196
-100.89810943603516,-3.1530659198760986,32,-109.79792785644531,-3.431185245513916,32,-99.0081558227539,-3.0940048694610596,32,-104.03771209716797,-3.251178503036499,32,-104.34024047851562,-3.2606325149536133,32,-104.38362121582031,-3.2619881629943848,32,197
-98.80192565917969,-2.5333826541900635,39,-130.533935546875,-3.3470239639282227,39,-98.50959777832031,-2.5258870124816895,39,-101.69391632080078,-2.5423479080200195,40,-147.88995361328125,-3.7920501232147217,39,-102.57167053222656,-2.630042791366577,39,198
-50.886444091796875,-1.2721611261367798,40,-83.05602264404297,-2.0764005184173584,40,-94.81365203857422,-2.3703413009643555,40,-77.13888549804688,-2.142746925354004,36,-87.19517517089844,-2.1798794269561768,40,-96.31536865234375,-2.407884120941162,40,199
-58.36695098876953,-1.4591737985610962,40,-72.04658508300781,-1.8011646270751953,40,-79.25086212158203,-1.981271505355835,40,-76.8988265991211,-2.023653268814087,38,-85.06195068359375,-2.1265487670898438,40,-75.51773071289062,-1.8879432678222656,40,200
-46.422157287597656,-1.4506924152374268,32,-76.89213562011719,-2.402879238128662,32,-16.860523223876953,-0.5268913507461548,32,-13.7574462890625,-0.41689231991767883,33,-69.53885650634766,-2.1730892658233643,32,-22.351457595825195,-0.6984830498695374,32,201
-40.34864044189453,-1.4410228729248047,28,-55.286460876464844,-1.97451651096344,28,-77.91107940673828,-2.782538652420044,28,-90.92739868164062,-2.020608901977539,45,-66.93873596191406,-2.390669107437134,28,-71.34832763671875,-2.548154592514038,28,202
-84.23179626464844,-2.9045445919036865,29,-86.67857360839844,-2.9889163970947266,29,-77.36540222167969,-2.6677725315093994,29,-92.8697509765625,-2.3217437267303467,40,-85.61030578613281,-2.9520795345306396,29,-80.59376525878906,-2.779095411300659,29,203
-86.12374877929688,-2.2664144039154053,38,-86.4991683959961,-2.276293992996216,38,-95.66767883300781,-2.5175704956054688,38,-77.60369110107422,-2.586789608001709,30,-100.31300354003906,-2.6398158073425293,38,-89.57424926757812,-2.3572170734405518,38,204
-90.05778503417969,-2.5016050338745117,36,-106.02192687988281,-2.9450535774230957,36,-104.94695281982422,-2.9151930809020996,36,-123.47750854492188,-2.684293746948242,46,-110.62184143066406,-3.072829008102417,36,-123.309326171875,-3.4252591133117676,36,205
-90.25682067871094,-2.256420612335205,40,-96.23723602294922,-2.405930995941162,40,-92.3383560180664,-2.3084588050842285,40,-82.46348571777344,-2.290652275085449,36,-104.60550689697266,-2.6151375770568848,40,-88.00684356689453,-2.2001709938049316,40,206
-84.72221374511719,-2.0663955211639404,41,-81.25199127197266,-1.9817558526992798,41,-64.82660675048828,-1.581136703491211,41,-14.993948936462402,-0.599757969379425,25,-79.45824432373047,-1.9380059242248535,41,-78.88984680175781,-1.924142599105835,41,207
-110.8875732421875,-2.7721893787384033,40,-112.31500244140625,-2.807875156402588,40,-99.34599304199219,-2.483649730682373,40,-79.64330291748047,-2.2755229473114014,35,-123.81494140625,-3.0953736305236816,40,-105.86105346679688,-2.646526336669922,40,208
-57.75514602661133,-1.2032321691513062,48,-108.73953247070312,-2.265406847000122,48,-122.06118774414062,-2.5429413318634033,48,-58.74391555786133,-1.727762222290039,34,-101.30634307861328,-2.110548734664917,48,-108.8261947631836,-2.267212390899658,48,209
-94.26144409179688,-3.3664801120758057,28,-113.02417755126953,-4.0365777015686035,28,-70.77537536621094,-2.5276920795440674,28,-75.17489624023438,-2.211026430130005,34,-119.04920959472656,-4.251757621765137,28,-85.77915954589844,-3.0635414123535156,28,210
-23.207956314086914,-0.6825869679450989,34,-90.55580139160156,-2.6634058952331543,34,-59.17801284790039,-1.7405297756195068,34,-60.65117263793945,-1.9564894437789917,31,-89.99586486816406,-2.646937131881714,34,-66.8101806640625,-1.9650052785873413,34,211
-71.30291748046875,-1.9271059036254883,37,-116.37603759765625,-3.1452982425689697,37,-108.50875854492188,-2.932669162750244,37,-47.15666961669922,-2.4819300174713135,19,-120.03379821777344,-3.2441565990448,37,-108.85525512695312,-2.9420340061187744,37,212
-53.044822692871094,-1.7111233472824097,31,-112.5150375366211,-3.6295173168182373,31,-107.54393005371094,-3.4691591262817383,31,-71.56285858154297,-3.7664661407470703,19,-109.64806365966797,-3.537034273147583,31,-94.4085464477539,-3.0454370975494385,31,213
-48.70661163330078,-1.3529614210128784,36,-92.71453094482422,-2.5754036903381348,36,-106.77743530273438,-2.9660398960113525,36,-80.50076293945312,-2.775888442993164,29,-84.9232177734375,-2.358978271484375,36,-106.9849853515625,-2.9718050956726074,36,214
-67.51461791992188,-1.928989052772522,35,-107.88699340820312,-3.0824854373931885,35,-81.26223754882812,-2.3217782974243164,35,-62.61650848388672,-2.0198874473571777,31,-112.26074981689453,-3.2074499130249023,35,-80.47357177734375,-2.2992448806762695,35,215
-58.50041961669922,-1.2187587022781372,48,-136.8758544921875,-2.8515803813934326,48,-128.01629638671875,-2.667006254196167,48,-115.84394073486328,-3.048524856567383,38,-135.37692260742188,-2.820352554321289,48,-135.09144592285156,-2.8144052028656006,48,216
-150.98655700683594,-3.0813581943511963,49,-146.83358764648438,-2.9966037273406982,49,-173.10154724121094,-3.532684564590454,49,-155.984375,-3.4663195610046387,45,-133.52499389648438,-2.7249999046325684,49,-171.01577758789062,-3.4901180267333984,49,217
-32.162540435791016,-0.8692578673362732,37,-62.87175369262695,-1.6992366313934326,37,-61.36207962036133,-1.6584346294403076,37,-51.73490524291992,-1.478140115737915,35,-67.44239807128906,-1.8227674961090088,37,-65.26935577392578,-1.7640366554260254,37,218
-48.04039764404297,-1.2983890771865845,37,-70.79653930664062,-1.9134199619293213,37,-58.15167236328125,-1.5716668367385864,37,-46.014060974121094,-1.2436232566833496,37,-68.45344543457031,-1.850093126296997,37,-69.74827575683594,-1.885088562965393,37,219
-66.2017593383789,-2.2828192710876465,29,-68.26787567138672,-2.354064702987671,29,-57.043800354003906,-1.9670275449752808,29,-56.4480094909668,-1.4112002849578857,40,-78.53296661376953,-2.708033323287964,29,-79.1475830078125,-2.729227066040039,29,220
-59.27162170410156,-1.7432830333709717,34,-97.07009887695312,-2.8550028800964355,34,-98.95216369628906,-2.910357713699341,34,-74.47953796386719,-2.7585012912750244,27,-98.65520477294922,-2.9016237258911133,34,-98.45506286621094,-2.8957371711730957,34,221
-72.27749633789062,-2.1258087158203125,34,-86.85506439208984,-2.554560661315918,34,-82.50927734375,-2.426743507385254,34,-78.55451965332031,-2.4548287391662598,32,-87.72848510742188,-2.580249547958374,34,-86.44314575195312,-2.542445421218872,34,222
-67.47563934326172,-2.4990978240966797,27,-63.519474029541016,-2.3525731563568115,27,-60.65945053100586,-2.2466464042663574,27,-61.15965270996094,-2.1842732429504395,28,-59.997962951660156,-2.22214674949646,27,-58.585975646972656,-2.169851064682007,27,223
-31.930980682373047,-1.5965490341186523,20,-73.68045043945312,-3.6840224266052246,20,-74.80380249023438,-3.740190029144287,20,-103.46036529541016,-1.8475065231323242,56,-72.14591979980469,-3.6072959899902344,20,-71.53069305419922,-3.5765347480773926,20,224
-119.64408111572266,-2.7191836833953857,44,-100.09832763671875,-2.2749619483947754,44,-74.14495849609375,-1.685112714767456,44,-66.59803771972656,-1.7076419591903687,39,-107.20423126220703,-2.43645977973938,44,-82.44195556640625,-1.873680830001831,44,225
-51.9183235168457,-1.2361505031585693,42,-131.540771484375,-3.131923198699951,42,-127.2293701171875,-3.029270648956299,42,-93.43122863769531,-3.0139105319976807,31,-130.74935913085938,-3.1130800247192383,42,-132.08670043945312,-3.1449215412139893,42,226
-86.97880554199219,-2.0227630138397217,43,-119.9449234008789,-2.789416790008545,43,-104.3643569946289,-2.4270780086517334,43,-61.540870666503906,-2.0513622760772705,30,-97.85356140136719,-2.2756643295288086,43,-97.33842468261719,-2.2636842727661133,43,227
-86.32432556152344,-2.6976351737976074,32,-84.9767837524414,-2.655524492263794,32,-68.82966613769531,-2.1509270668029785,32,-66.33946990966797,-1.5427783727645874,43,-92.73834991455078,-2.898073434829712,32,-63.53223419189453,-1.985382318496704,32,228
-67.99818420410156,-1.7894258499145508,38,-90.7967758178711,-2.3893887996673584,38,-83.03800964355469,-2.185210704803467,38,-86.63053131103516,-2.2212955951690674,39,-96.7261962890625,-2.5454261302948,38,-85.78880310058594,-2.2576000690460205,38,229
-79.59371185302734,-2.411930561065674,33,-67.53768920898438,-2.0465965270996094,33,-64.71543884277344,-1.961073875427246,33,-54.23335647583008,-1.69479238986969,32,-65.61796569824219,-1.988423228263855,33,-57.7238655090332,-1.7492080926895142,33,230
-36.10015869140625,-1.71905517578125,21,-49.356788635253906,-2.35032320022583,21,-56.673458099365234,-2.6987361907958984,21,-53.77131271362305,-2.240471363067627,24,-55.59716796875,-2.647484302520752,21,-60.98432159423828,-2.904015302658081,21,231
-81.41995239257812,-1.938570261001587,42,-73.13235473632812,-1.7412465810775757,42,-60.375831604003906,-1.4375197887420654,42,-50.96131134033203,-1.2740328311920166,40,-81.80972290039062,-1.9478505849838257,42,-64.0786361694336,-1.5256818532943726,42,232
-20.355737686157227,-0.8481557369232178,24,-48.51409912109375,-2.02142071723938,24,-53.7578125,-2.2399089336395264,24,-88.83397674560547,-2.166682243347168,41,-57.011131286621094,-2.3754637241363525,24,-62.61316680908203,-2.608881950378418,24,233
-77.09683227539062,-1.5419366359710693,50,-109.24409484863281,-2.1848819255828857,50,-116.95997619628906,-2.3391995429992676,50,-78.82829284667969,-2.252236843109131,35,-108.45848083496094,-2.1691696643829346,50,-118.22953796386719,-2.364590644836426,50,234
-35.29383850097656,-0.5982006788253784,59,-114.07589721679688,-1.9334897994995117,59,-97.37519836425781,-1.6504271030426025,59,-32.69090270996094,-0.7973390817642212,41,-118.37080383300781,-2.006284713745117,59,-94.83758544921875,-1.6074167490005493,59,235
-42.595577239990234,-1.2907750606536865,33,-60.406654357910156,-1.8305046558380127,33,-58.564056396484375,-1.7746683359146118,33,-42.326602935791016,-1.5116643905639648,28,-60.559078216552734,-1.8351235389709473,33,-64.83216857910156,-1.9646111726760864,33,236
-211.19412231445312,-4.141061305999756,51,-170.7979278564453,-3.3489789962768555,51,-134.27134704589844,-2.6327714920043945,51,-116.3515625,-2.70585036277771,43,-169.90724182128906,-3.331514596939087,51,-135.7540740966797,-2.661844491958618,51,237
-40.62570571899414,-1.269553303718567,32,-80.9402847290039,-2.529383897781372,32,-77.10096740722656,-2.40940523147583,32,-101.97943115234375,-2.428081750869751,42,-85.58810424804688,-2.674628257751465,32,-78.83036804199219,-2.463449001312256,32,238
-74.65045166015625,-1.6228358745574951,46,-113.00541687011719,-2.456639528274536,46,-100.10798645019531,-2.176260471343994,46,-95.98268127441406,-2.132948398590088,45,-125.82080078125,-2.7352347373962402,46,-96.88862609863281,-2.106274366378784,46,239
-94.32164764404297,-2.1935267448425293,43,-110.58628845214844,-2.5717742443084717,43,-86.10038757324219,-2.0023345947265625,43,-56.40249252319336,-2.0889811515808105,27,-99.21864318847656,-2.30741024017334,43,-86.27938842773438,-2.006497383117676,43,240
-62.912845611572266,-1.7003471851348877,37,-79.63589477539062,-2.1523215770721436,37,-52.55971908569336,-1.4205329418182373,37,-61.22808074951172,-1.530701994895935,40,-69.43270111083984,-1.8765594959259033,37,-64.55010986328125,-1.7445975542068481,37,241
-41.94105529785156,-1.6776422262191772,25,-58.65341567993164,-2.3461365699768066,25,-72.0716323852539,-2.8828651905059814,25,-78.86772155761719,-2.022249221801758,39,-57.67107391357422,-2.3068430423736572,25,-65.17935180664062,-2.6071741580963135,25,242
-80.48893737792969,-2.06381893157959,39,-101.54924011230469,-2.6038267612457275,39,-116.97483825683594,-2.999354839324951,39,-115.24717712402344,-2.5610482692718506,45,-109.77971649169922,-2.8148646354675293,39,-112.3707275390625,-2.881300687789917,39,243
-48.7060661315918,-1.2488734722137451,39,-64.8856430053711,-1.6637344360351562,39,-58.051109313964844,-1.4884899854660034,39,-72.12850189208984,-1.502677083015442,48,-67.4708251953125,-1.7300211191177368,39,-94.37676239013672,-2.419916868209839,39,244
-108.44676208496094,-2.3575382232666016,46,-126.81029510498047,-2.7567455768585205,46,-163.56878662109375,-3.5558431148529053,46,-146.08839416503906,-3.745856285095215,39,-148.22323608398438,-3.2222442626953125,46,-173.0078125,-3.7610394954681396,46,245
-87.2027816772461,-2.422299385070801,36,-90.81144714355469,-2.5225400924682617,36,-103.51963806152344,-2.8755455017089844,36,-99.19137573242188,-2.917393445968628,34,-93.65105438232422,-2.6014182567596436,36,-105.51936340332031,-2.931093454360962,36,246
-59.08308410644531,-1.6411967277526855,36,-67.65888214111328,-1.879413366317749,36,-47.16985321044922,-1.3102736473083496,36,-56.61576843261719,-1.2045907974243164,47,-77.86210632324219,-2.1628363132476807,36,-63.79016876220703,-1.7719491720199585,36,247
-80.28440856933594,-1.867079257965088,43,-129.13150024414062,-3.0030581951141357,43,-130.0105743408203,-3.0235016345977783,43,-101.44345092773438,-3.170107841491699,32,-129.0894775390625,-3.0020809173583984,43,-139.485107421875,-3.243839740753174,43,248
-142.23191833496094,-2.963165044784546,48,-125.9743881225586,-2.6244664192199707,48,-126.05426025390625,-2.6261303424835205,48,-64.51953125,-2.081275224685669,31,-141.8548126220703,-2.955308675765991,48,-133.93087768554688,-2.790226697921753,48,249
-73.7318344116211,-1.9403114318847656,38,-177.00009155273438,-4.657896995544434,38,-240.24609375,-6.322265625,38,-281.84552001953125,-5.996713161468506,47,-182.33114624023438,-4.798188209533691,38,-231.2469482421875,-6.085445880889893,38,250
-73.08341979980469,-2.14951229095459,34,-105.38104248046875,-3.099442481994629,34,-93.15339660644531,-2.7398056983947754,34,-71.59154510498047,-2.4686739444732666,29,-98.79119873046875,-2.905623435974121,34,-97.46357727050781,-2.8665757179260254,34,251
-108.90365600585938,-2.475083112716675,44,-82.25931549072266,-1.8695298433303833,44,-88.05957794189453,-2.0013539791107178,44,-65.62751007080078,-1.822986364364624,36,-79.99497985839844,-1.8180676698684692,44,-73.25537109375,-1.6648948192596436,44,252
-78.14120483398438,-2.0036206245422363,39,-117.07565307617188,-3.0019397735595703,39,-92.12107849121094,-2.362078905105591,39,-70.08878326416016,-2.4168546199798584,29,-124.48374938964844,-3.1918909549713135,39,-101.68145751953125,-2.6072168350219727,39,253
-55.89481735229492,-2.1498007774353027,26,-77.06025695800781,-2.9638559818267822,26,-84.24356079101562,-3.2401368618011475,26,-105.97694396972656,-2.162794828414917,49,-81.68511962890625,-3.141735315322876,26,-100.36126708984375,-3.860048770904541,26,254
-84.53921508789062,-2.06193208694458,41,-99.63832092285156,-2.4302029609680176,41,-97.92089080810547,-2.3883144855499268,41,-55.81847381591797,-3.1010262966156006,18,-105.16507720947266,-2.565001964569092,41,-100.40371704101562,-2.44887113571167,41,255
-70.44502258300781,-2.0127148628234863,35,-85.24482727050781,-2.4355664253234863,35,-73.22811126708984,-2.0922317504882812,35,-68.78682708740234,-2.1495883464813232,32,-91.41850280761719,-2.611957311630249,35,-76.5592269897461,-2.187406539916992,35,256
-72.95065307617188,-1.7792842388153076,41,-92.18257904052734,-2.2483556270599365,41,-65.72669219970703,-1.6030900478363037,41,-85.5929183959961,-1.9020648002624512,45,-102.26029205322266,-2.4941534996032715,41,-80.11663818359375,-1.9540643692016602,41,257
-87.4109878540039,-2.3002891540527344,38,-117.9532699584961,-3.1040334701538086,38,-97.88615417480469,-2.575951337814331,38,-37.481903076171875,-1.9727317094802856,19,-131.00112915039062,-3.4473981857299805,38,-117.3414306640625,-3.0879323482513428,38,258
-90.15774536132812,-3.3391757011413574,27,-170.1343994140625,-6.301273822784424,27,-187.80517578125,-6.955747127532959,27,-287.67413330078125,-6.253785610198975,46,-176.47488403320312,-6.536106586456299,27,-199.22601318359375,-7.378741264343262,27,259
-119.19894409179688,-2.979973554611206,40,-98.89766693115234,-2.4724416732788086,40,-79.90691375732422,-1.9976727962493896,40,-68.530517578125,-1.557511806488037,44,-105.9178695678711,-2.647946834564209,40,-81.33029174804688,-2.033257246017456,40,260
-149.39669799804688,-3.3953795433044434,44,-171.72177124023438,-3.9027674198150635,44,-153.9815673828125,-3.4995810985565186,44,-76.86878967285156,-2.9564919471740723,26,-179.29754638671875,-4.074944019317627,44,-154.36048889160156,-3.508193016052246,44,261
-60.6085205078125,-2.1645901203155518,28,-52.04938507080078,-1.858906626701355,28,-63.44382858276367,-2.2658510208129883,28,-60.728302001953125,-2.168867826461792,28,-51.616947174072266,-1.843462347984314,28,-71.19371795654297,-2.542632818222046,28,262
-91.31834411621094,-2.536620616912842,36,-103.5615234375,-2.876708984375,36,-98.06837463378906,-2.724121570587158,36,-103.14990234375,-2.344316005706787,44,-107.76406860351562,-2.9934463500976562,36,-103.7221908569336,-2.881171941757202,36,263
-57.64143371582031,-1.6468981504440308,35,-91.92485046386719,-2.6264243125915527,35,-87.93675231933594,-2.5124785900115967,35,-94.23666381835938,-2.855656385421753,33,-90.40446472167969,-2.582984685897827,35,-106.3482894897461,-3.038522481918335,35,264
-72.50101470947266,-2.0139169692993164,36,-74.9255599975586,-2.081265449523926,36,-67.79943084716797,-1.883317470550537,36,-67.43302917480469,-2.1072821617126465,32,-72.91840362548828,-2.0255112648010254,36,-73.01258850097656,-2.028127431869507,36,265
-67.68207550048828,-1.9337736368179321,35,-114.47692108154297,-3.2707691192626953,35,-83.8012466430664,-2.3943214416503906,35,-94.93325805664062,-2.4341862201690674,39,-82.39733123779297,-2.3542094230651855,35,-89.98966979980469,-2.5711333751678467,35,266
-73.55258178710938,-1.9355942010879517,38,-68.50411987304688,-1.8027399778366089,38,-78.24974060058594,-2.059203624725342,38,-42.48008728027344,-1.5733366012573242,27,-72.76390838623047,-1.914839744567871,38,-88.19349670410156,-2.3208816051483154,38,267
-74.76033782958984,-2.6700119972229004,28,-83.70851135253906,-2.9895896911621094,28,-54.19786071777344,-1.9356378316879272,28,-46.47829818725586,-1.7214184999465942,27,-83.2397232055664,-2.9728472232818604,28,-53.69872283935547,-1.9178115129470825,28,268
-76.07621002197266,-1.9506720304489136,39,-108.29328918457031,-2.7767510414123535,39,-98.9180908203125,-2.5363612174987793,39,-91.7345962524414,-2.6980762481689453,34,-110.49120330810547,-2.8331077098846436,39,-107.80156707763672,-2.7641427516937256,39,269
-127.59452819824219,-3.0379650592803955,42,-98.28225708007812,-2.3400537967681885,42,-92.30026245117188,-2.1976253986358643,42,-74.869384765625,-2.139125347137451,35,-95.47362518310547,-2.273181438446045,42,-90.56051635742188,-2.156202793121338,42,270
-121.46388244628906,-2.4292776584625244,50,-144.7348175048828,-2.8946962356567383,50,-144.46115112304688,-2.889223098754883,50,-83.68867492675781,-2.3911049365997314,35,-125.99186706542969,-2.5198373794555664,50,-148.40585327148438,-2.9681169986724854,50,271
-75.07269287109375,-2.5887136459350586,29,-95.63853454589844,-3.2978804111480713,29,-95.16184997558594,-3.2814431190490723,29,-135.16961669921875,-3.0037691593170166,45,-89.74099731445312,-3.094517230987549,29,-89.55006408691406,-3.087933301925659,29,272
-82.47950744628906,-2.577484607696533,32,-94.284423828125,-2.9463882446289062,32,-64.96090698242188,-2.0300283432006836,32,-52.278175354003906,-1.8670777082443237,28,-92.22784423828125,-2.882120132446289,32,-69.58452606201172,-2.174516439437866,32,273
-68.35459899902344,-1.847421646118164,37,-101.59418487548828,-2.745788812637329,37,-97.47510528564453,-2.634462356567383,37,-45.4711799621582,-2.1652941703796387,21,-105.68167877197266,-2.8562614917755127,37,-107.3731918334961,-2.9019782543182373,37,274
-30.163461685180664,-1.0401194095611572,29,-66.47725677490234,-2.2923192977905273,29,-51.047393798828125,-1.760254979133606,29,-40.35364532470703,-1.6141457557678223,25,-77.24116516113281,-2.6634883880615234,29,-56.956207275390625,-1.9640071392059326,29,275
-37.51938247680664,-0.8725437521934509,43,-51.90373992919922,-1.2070636749267578,43,-50.835693359375,-1.1822254657745361,43,-19.056331634521484,-0.48862388730049133,39,-50.92991638183594,-1.184416651725769,43,-58.668678283691406,-1.3643878698349,43,276
-101.60124969482422,-2.0734949111938477,49,-108.08964538574219,-2.205911159515381,49,-114.03276062011719,-2.3271992206573486,49,-45.64125442504883,-1.3423898220062256,34,-114.52293395996094,-2.337202787399292,49,-107.66592407226562,-2.197263717651367,49,277
-57.52598571777344,-2.5011298656463623,23,-63.227630615234375,-2.7490274906158447,23,-47.69431686401367,-2.0736658573150635,23,-62.279396057128906,-2.3066442012786865,27,-68.48527526855469,-2.9776206016540527,23,-49.774871826171875,-2.1641249656677246,23,278
-129.35562133789062,-2.7522473335266113,47,-150.27989196777344,-3.197444438934326,47,-125.58382415771484,-2.6719963550567627,47,-42.29425811767578,-1.7622607946395874,24,-154.84197998046875,-3.2945101261138916,47,-121.45671081542969,-2.5841853618621826,47,279
-71.35196685791016,-2.5482845306396484,28,-92.14288330078125,-3.2908172607421875,28,-78.2653579711914,-2.7951912879943848,28,-71.77501678466797,-3.120652914047241,23,-85.30502319335938,-3.0466079711914062,28,-88.23625946044922,-3.1512949466705322,28,280
-78.12936401367188,-2.8936800956726074,27,-146.44583129882812,-5.423919677734375,27,-169.01815795898438,-6.259931564331055,27,-276.56207275390625,-5.884299278259277,47,-149.7939453125,-5.547924041748047,27,-175.75350952148438,-6.509389400482178,27,281
-105.52494812011719,-3.297654628753662,32,-94.83596801757812,-2.9636240005493164,32,-62.34531784057617,-1.9482911825180054,32,-63.0363655090332,-1.57590913772583,40,-90.64682006835938,-2.8327131271362305,32,-82.8016357421875,-2.5875511169433594,32,282
-95.2196273803711,-3.8087852001190186,25,-144.43983459472656,-5.777593612670898,25,-161.32305908203125,-6.452922344207764,25,-280.3720397949219,-6.095044136047363,46,-152.565673828125,-6.102626800537109,25,-175.31040954589844,-7.012416362762451,25,283
-98.36817932128906,-2.049337148666382,48,-86.19527435302734,-1.7957348823547363,48,-110.76830291748047,-2.3076729774475098,48,-52.2568244934082,-1.6330257654190063,32,-88.98751068115234,-1.853906512260437,48,-134.58547973632812,-2.8038642406463623,48,284
-60.565792083740234,-1.8926810026168823,32,-67.15913391113281,-2.0987229347229004,32,-75.64142608642578,-2.3637945652008057,32,-59.32940673828125,-2.28190016746521,26,-65.36383819580078,-2.0426199436187744,32,-77.88960266113281,-2.4340500831604004,32,285
-69.82760620117188,-2.2525033950805664,31,-50.94988250732422,-1.6435445547103882,31,-36.077457427978516,-1.163788914680481,31,-19.761316299438477,-0.6587105393409729,30,-43.70871353149414,-1.4099584817886353,31,-37.047489166259766,-1.195080280303955,31,286
-127.72103881835938,-2.6608550548553467,48,-117.90243530273438,-2.456300735473633,48,-106.95115661621094,-2.228149175643921,48,-55.965721130371094,-2.1525278091430664,26,-121.08613586425781,-2.522627830505371,48,-102.56365966796875,-2.1367428302764893,48,287
-54.09496307373047,-1.9319629669189453,28,-68.51060485839844,-2.446807384490967,28,-77.21072387695312,-2.75752592086792,28,-74.59577941894531,-2.8690683841705322,26,-77.46328735351562,-2.7665460109710693,28,-80.94578552246094,-2.890920877456665,28,288
-42.768035888671875,-1.0431227684020996,41,-94.20989990234375,-2.297802448272705,41,-88.38746643066406,-2.155791759490967,41,-79.72988891601562,-1.9446314573287964,41,-110.32389068603516,-2.690826654434204,41,-90.31106567382812,-2.2027089595794678,41,289
-45.74359893798828,-1.5247865915298462,30,-66.68611145019531,-2.222870349884033,30,-61.037689208984375,-2.0345895290374756,30,-32.9705924987793,-1.9394465684890747,17,-69.51969909667969,-2.3173232078552246,30,-73.71549987792969,-2.457183361053467,30,290
-43.261268615722656,-1.351914644241333,32,-37.279911041259766,-1.1649972200393677,32,-47.96677017211914,-1.4989615678787231,32,-23.197683334350586,-0.8591734766960144,27,-47.798057556152344,-1.4936892986297607,32,-49.51099395751953,-1.5472185611724854,32,291
-55.52836227416992,-1.633187174797058,34,-75.9411392211914,-2.23356294631958,34,-76.02272033691406,-2.235962390899658,34,-100.52567291259766,-2.337806463241577,43,-81.34477233886719,-2.39249324798584,34,-83.83120727539062,-2.4656238555908203,34,292
-118.53182983398438,-2.6939051151275635,44,-135.74215698242188,-3.0850489139556885,44,-129.14105224609375,-2.9350240230560303,44,-85.00320434570312,-2.931144952774048,29,-136.07984924316406,-3.092723846435547,44,-127.84159851074219,-2.9054908752441406,44,293
-74.4601821899414,-1.6186996698379517,46,-97.49810028076172,-2.1195240020751953,46,-91.98880004882812,-1.9997565746307373,46,-85.30431365966797,-2.0805931091308594,41,-113.61355590820312,-2.4698598384857178,46,-96.13319396972656,-2.0898520946502686,46,294
-93.14402770996094,-2.166140079498291,43,-118.5799560546875,-2.757673501968384,43,-96.66639709472656,-2.2480556964874268,43,-97.15132141113281,-2.067049503326416,47,-115.15534210205078,-2.6780312061309814,43,-111.3977279663086,-2.5906448364257812,43,295
-84.91107940673828,-2.5730628967285156,33,-90.10726928710938,-2.7305233478546143,33,-94.17375183105469,-2.853749990463257,33,-81.4675064086914,-1.8515342473983765,44,-89.70265197753906,-2.718262195587158,33,-90.26236724853516,-2.7352232933044434,33,296
-72.76400756835938,-1.8191001415252686,40,-93.04121398925781,-2.3260302543640137,40,-94.8513412475586,-2.371283531188965,40,-50.514137268066406,-1.8040763139724731,28,-96.22120666503906,-2.4055302143096924,40,-84.75994110107422,-2.1189985275268555,40,297
-94.03105163574219,-2.611973762512207,36,-112.30633544921875,-3.1196203231811523,36,-102.52217102050781,-2.8478381633758545,36,-104.03531646728516,-2.3118958473205566,45,-115.63107299804688,-3.2119741439819336,36,-83.20597839355469,-2.311277151107788,36,298
-89.7731704711914,-3.2061846256256104,28,-89.91107177734375,-3.2111096382141113,28,-89.72566986083984,-3.2044882774353027,28,-94.40432739257812,-2.420623779296875,39,-90.75321197509766,-3.2411861419677734,28,-85.40796661376953,-3.0502846240997314,28,299
-61.068565368652344,-1.6505017280578613,37,-110.4130630493164,-2.9841368198394775,37,-141.35540771484375,-3.8204164505004883,37,-142.22921752929688,-3.7428741455078125,38,-132.37164306640625,-3.5776119232177734,37,-140.15774536132812,-3.7880470752716064,37,300
-105.04800415039062,-2.6935386657714844,39,-127.23786163330078,-3.262509346008301,39,-101.60076141357422,-2.6051478385925293,39,-89.14642333984375,-2.3459584712982178,38,-130.5625,-3.3477563858032227,39,-95.32081604003906,-2.4441235065460205,39,301
-78.35841369628906,-1.7412980794906616,45,-97.37126922607422,-2.1638059616088867,45,-123.2581558227539,-2.739070177078247,45,-53.85626983642578,-2.1542508602142334,25,-106.57194519042969,-2.368265390396118,45,-127.16185760498047,-2.8258190155029297,45,302
-56.57018280029297,-1.257115125656128,45,-61.383453369140625,-1.3640767335891724,45,-83.12649536132812,-1.8472554683685303,45,-17.857242584228516,-0.6157670021057129,29,-81.12481689453125,-1.8027737140655518,45,-72.37452697753906,-1.6083228588104248,45,303
-63.0040283203125,-1.3405112028121948,47,-119.76537322998047,-2.548199415206909,47,-106.39869689941406,-2.2638020515441895,47,-102.82011413574219,-2.636413097381592,39,-112.89012145996094,-2.4019174575805664,47,-119.75076293945312,-2.5478885173797607,47,304
-61.677734375,-1.4017666578292847,44,-79.5243911743164,-1.8073725700378418,44,-80.78938293457031,-1.8361223936080933,44,-77.17688751220703,-1.6777584552764893,46,-72.81523895263672,-1.654891848564148,44,-91.46043395996094,-2.078646183013916,44,305
-93.00009155273438,-1.823531150817871,51,-158.91207885742188,-3.1159231662750244,51,-164.78720092773438,-3.23112154006958,51,-132.35833740234375,-3.2282521724700928,41,-168.16180419921875,-3.297290325164795,51,-157.88665771484375,-3.0958168506622314,51,306
-80.21820068359375,-2.359358787536621,34,-112.60884094238281,-3.3120248317718506,34,-103.0278091430664,-3.0302295684814453,34,-108.2208251953125,-2.924887180328369,37,-98.83776092529297,-2.9069929122924805,34,-118.11832427978516,-3.4740684032440186,34,307
-43.29975891113281,-0.9840854406356812,44,-64.04596710205078,-1.4555901288986206,44,-108.1013412475586,-2.456848621368408,44,-44.000640869140625,-1.4666880369186401,30,-59.036277770996094,-1.3417335748672485,44,-110.18570709228516,-2.504220724105835,44,308
-53.66762161254883,-1.14186429977417,47,-96.25898742675781,-2.0480635166168213,47,-96.37123107910156,-2.0504517555236816,47,-78.18562316894531,-1.5956249237060547,49,-93.84880065917969,-1.9967830181121826,47,-94.56746673583984,-2.0120737552642822,47,309
-62.837928771972656,-2.2442116737365723,28,-70.36294555664062,-2.5129623413085938,28,-30.1824951171875,-1.0779463052749634,28,-30.917394638061523,-1.0661170482635498,29,-67.19190979003906,-2.3997111320495605,28,-37.22174835205078,-1.3293482065200806,28,310
-84.50288391113281,-2.6407151222229004,32,-99.92172241210938,-3.122553825378418,32,-101.16754913330078,-3.1614859104156494,32,-100.88301086425781,-3.73640775680542,27,-99.83799743652344,-3.1199374198913574,32,-104.30085754394531,-3.259401798248291,32,311
-89.4812240600586,-2.130505323410034,42,-116.63200378417969,-2.7769525051116943,42,-108.24607849121094,-2.5772876739501953,42,-85.32659149169922,-2.5856542587280273,33,-114.0967788696289,-2.71658992767334,42,-104.99147033691406,-2.4997968673706055,42,312
-52.63070297241211,-1.315767526626587,40,-49.103782653808594,-1.2275946140289307,40,-62.08241653442383,-1.5520603656768799,40,-52.842063903808594,-1.1008763313293457,48,-50.059043884277344,-1.2514760494232178,40,-58.66243362426758,-1.4665608406066895,40,313
-90.3720932006836,-3.0124030113220215,30,-74.38617706298828,-2.479539155960083,30,-55.42217254638672,-1.8474057912826538,30,-53.81934356689453,-1.855839490890503,29,-80.7972412109375,-2.6932413578033447,30,-63.85356903076172,-2.1284523010253906,30,314
-108.87236022949219,-2.1774473190307617,50,-141.81106567382812,-2.836221218109131,50,-117.93646240234375,-2.358729362487793,50,-113.24492645263672,-2.2648985385894775,50,-139.900390625,-2.7980077266693115,50,-118.0868911743164,-2.3617377281188965,50,315
-109.92021942138672,-3.6640074253082275,30,-59.69306182861328,-1.9897687435150146,30,-45.565704345703125,-1.5188567638397217,30,-46.360076904296875,-1.2529751062393188,37,-55.825584411621094,-1.860852837562561,30,-48.36602783203125,-1.6122009754180908,30,316
-75.26618957519531,-1.5680456161499023,48,-128.4207305908203,-2.675431966781616,48,-151.14453125,-3.1488444805145264,48,-61.18525695800781,-2.5493857860565186,24,-131.59176635742188,-2.741495132446289,48,-138.97409057617188,-2.8952934741973877,48,317
-77.96971893310547,-2.6886110305786133,29,-83.91390228271484,-2.893582820892334,29,-81.49866485595703,-2.8102986812591553,29,-79.98605346679688,-2.6662018299102783,30,-84.464111328125,-2.912555456161499,29,-79.37541961669922,-2.7370834350585938,29,318
-61.51822280883789,-1.922444462776184,32,-76.67108154296875,-2.3959712982177734,32,-96.56813049316406,-3.017754077911377,32,-59.87736511230469,-2.6033637523651123,23,-101.57949829101562,-3.1743593215942383,32,-90.32171630859375,-2.8225536346435547,32,319
-82.33895111083984,-1.9148592948913574,43,-153.6723175048828,-3.573774814605713,43,-132.53614807128906,-3.0822360515594482,43,-81.82652282714844,-3.2730607986450195,25,-171.75857543945312,-3.9943854808807373,43,-163.42396545410156,-3.8005573749542236,43,320
-100.18535614013672,-3.853282928466797,26,-68.99787902832031,-2.653764486312866,26,-56.29227828979492,-2.1650876998901367,26,-71.31192016601562,-1.980886697769165,36,-79.16031646728516,-3.0446276664733887,26,-75.35693359375,-2.898343563079834,26,321
-85.2779312133789,-2.0304269790649414,42,-74.6437759399414,-1.7772327661514282,42,-62.46136474609375,-1.4871753454208374,42,-49.38626480102539,-1.2045429944992065,41,-87.19364929199219,-2.0760393142700195,42,-54.971534729003906,-1.308846116065979,42,322
-52.900691986083984,-1.5559027194976807,34,-62.91258239746094,-1.8503700494766235,34,-71.90445709228516,-2.1148369312286377,34,-49.64533233642578,-1.8387160301208496,27,-72.0351333618164,-2.118680477142334,34,-75.88038635253906,-2.231775999069214,34,323
-80.37850952148438,-2.9769818782806396,27,-87.44127655029297,-3.238565683364868,27,-65.9947280883789,-2.444249153137207,27,-71.48646545410156,-1.8329862356185913,39,-82.59950256347656,-3.0592408180236816,27,-74.36309051513672,-2.7541885375976562,27,324
-79.22234344482422,-2.200620651245117,36,-108.28044128417969,-3.0077900886535645,36,-97.00236511230469,-2.6945102214813232,36,-111.29440307617188,-2.5294182300567627,44,-95.31148529052734,-2.6475412845611572,36,-89.88111877441406,-2.4966976642608643,36,325
-51.770713806152344,-1.2627003192901611,41,-72.78160858154297,-1.7751611471176147,41,-73.37091064453125,-1.7895344495773315,41,-59.5958366394043,-1.453557014465332,41,-81.5230712890625,-1.9883675575256348,41,-75.67222595214844,-1.8456640243530273,41,326
-46.451881408691406,-1.1329727172851562,41,-85.85137939453125,-2.093935966491699,41,-96.63922119140625,-2.3570542335510254,41,-98.36860656738281,-2.287642002105713,43,-94.01956939697266,-2.2931602001190186,41,-101.18089294433594,-2.4678266048431396,41,327
-72.03909301757812,-2.4013030529022217,30,-60.69487762451172,-2.023162603378296,30,-56.72662353515625,-1.8908874988555908,30,-52.423919677734375,-1.7474639415740967,30,-84.04920196533203,-2.801640033721924,30,-63.631370544433594,-2.1210455894470215,30,328
-102.8919448852539,-2.0578389167785645,50,-132.96148681640625,-2.6592297554016113,50,-109.06782531738281,-2.181356430053711,50,-80.30986785888672,-2.113417625427246,38,-135.11886596679688,-2.7023773193359375,50,-114.95901489257812,-2.299180269241333,50,329
-98.43363952636719,-2.7342677116394043,36,-98.20250701904297,-2.7278473377227783,36,-88.35829162597656,-2.454396963119507,36,-81.98782348632812,-2.4114065170288086,34,-96.99285888671875,-2.6942460536956787,36,-96.70529174804688,-2.68625807762146,36,330
-59.17778396606445,-2.276068687438965,26,-71.90266418457031,-2.7654871940612793,26,-66.90219116210938,-2.5731611251831055,26,-59.696495056152344,-2.1320176124572754,28,-78.616455078125,-3.023709774017334,26,-70.54741668701172,-2.713362216949463,26,331
-67.4876937866211,-1.7304537296295166,39,-93.75809478759766,-2.4040536880493164,39,-97.38028717041016,-2.4969303607940674,39,-72.84713745117188,-2.349907636642456,31,-110.86318969726562,-2.8426458835601807,39,-107.63554382324219,-2.759885787963867,39,332
-102.1633529663086,-2.6195731163024902,39,-104.82534790039062,-2.6878294944763184,39,-94.0511245727539,-2.411567211151123,39,-18.30020523071289,-0.8714383244514465,21,-94.017822265625,-2.4107134342193604,39,-75.92864990234375,-1.9468884468078613,39,333
-26.176624298095703,-1.047065019607544,25,-86.56820678710938,-3.462728261947632,25,-78.89089965820312,-3.1556360721588135,25,-81.2606201171875,-3.250424861907959,25,-94.60774230957031,-3.7843096256256104,25,-81.06654357910156,-3.242661714553833,25,334
-85.8067855834961,-2.20017409324646,39,-95.13825225830078,-2.4394423961639404,39,-104.81668090820312,-2.6876072883605957,39,-107.89710235595703,-2.3977134227752686,45,-85.58880615234375,-2.194584846496582,39,-92.86723327636719,-2.381211042404175,39,335
-69.80876159667969,-1.517581820487976,46,-118.6181640625,-2.57865571975708,46,-93.87064361572266,-2.040666103363037,46,-84.42570495605469,-2.0591635704040527,41,-112.14730834960938,-2.4379849433898926,46,-91.06239318847656,-1.9796172380447388,46,336
-79.10823059082031,-2.4721322059631348,32,-72.23056030273438,-2.257205009460449,32,-80.04629516601562,-2.5014467239379883,32,-105.44915771484375,-2.774977922439575,38,-73.02448272705078,-2.282015085220337,32,-93.6397705078125,-2.9262428283691406,32,337
-56.576168060302734,-2.0954136848449707,27,-63.00193786621094,-2.333405017852783,27,-76.75779724121094,-2.842881441116333,27,-78.22463989257812,-2.607487916946411,30,-81.89822387695312,-3.0332674980163574,27,-77.65180206298828,-2.875992774963379,27,338
-77.7634506225586,-2.5921149253845215,30,-119.66886901855469,-3.988962411880493,30,-108.48673248291016,-3.616224527359009,30,-120.67472076416016,-2.9432859420776367,41,-125.5591812133789,-4.185306072235107,30,-118.57949829101562,-3.9526498317718506,30,339
-91.25421142578125,-2.1727192401885986,42,-133.8753662109375,-3.1875088214874268,42,-124.97752380371094,-2.9756553173065186,42,-78.27945709228516,-4.604673862457275,17,-130.78480529785156,-3.113924026489258,42,-135.76922607421875,-3.232600688934326,42,340
-76.43064880371094,-1.8641622066497803,41,-87.50718688964844,-2.134321689605713,41,-106.88912963867188,-2.6070518493652344,41,-63.414085388183594,-2.0456156730651855,31,-89.7993392944336,-2.190227746963501,41,-107.45149230957031,-2.6207680702209473,41,341
-52.64593505859375,-1.6451854705810547,32,-83.66798400878906,-2.614624500274658,32,-65.09490203857422,-2.0342156887054443,32,-51.88782501220703,-1.7892353534698486,29,-82.07036590576172,-2.5646989345550537,32,-63.31523513793945,-1.978601098060608,32,342
-82.12422943115234,-2.0030300617218018,41,-86.34259033203125,-2.105916738510132,41,-89.07896423339844,-2.1726577281951904,41,-85.52973937988281,-2.759023904800415,31,-94.99766540527344,-2.317016124725342,41,-89.3008804321289,-2.178070306777954,41,343
-114.64964294433594,-2.7297534942626953,42,-128.8498992919922,-3.067854642868042,42,-108.1566390991211,-2.57515811920166,42,-86.96583557128906,-2.557818651199341,34,-120.69532775878906,-2.8736982345581055,42,-117.10224151611328,-2.7881486415863037,42,344
-144.2049102783203,-2.827547311782837,51,-123.26445007324219,-2.416949987411499,51,-122.22293853759766,-2.3965282440185547,51,-68.27377319335938,-2.528658151626587,27,-126.21234893798828,-2.4747519493103027,51,-138.9680633544922,-2.7248640060424805,51,345
-245.966796875,-5.999190330505371,41,-183.47650146484375,-4.47503662109375,41,-132.50469970703125,-3.2318220138549805,41,-96.97602844238281,-3.7298471927642822,26,-189.26307678222656,-4.616172790527344,41,-123.46856689453125,-3.0114283561706543,41,346
-55.58648681640625,-1.7370777130126953,32,-69.25031280517578,-2.164072275161743,32,-79.43790435791016,-2.4824345111846924,32,-76.71147918701172,-2.397233724594116,32,-79.23542022705078,-2.476106882095337,32,-88.0296859741211,-2.750927686691284,32,347
-76.84297943115234,-2.846036195755005,27,-84.28660583496094,-3.1217260360717773,27,-87.09461975097656,-3.22572660446167,27,-82.89537048339844,-1.8839856386184692,44,-87.66372680664062,-3.246804714202881,27,-75.43775939941406,-2.7939910888671875,27,348
-47.78317642211914,-1.3273104429244995,36,-166.21170043945312,-4.6169915199279785,36,-215.52474975585938,-5.9867987632751465,36,-269.3536682128906,-5.8555145263671875,46,-171.12808227539062,-4.7535576820373535,36,-230.1998291015625,-6.394439697265625,36,349
-115.14256286621094,-3.198404550552368,36,-76.23365020751953,-2.1176013946533203,36,-47.71079635620117,-1.325299859046936,36,-37.58759307861328,-1.2125029563903809,31,-71.12850952148438,-1.9757919311523438,36,-52.43189239501953,-1.4564414024353027,36,350
-57.963951110839844,-1.5253671407699585,38,-78.68597412109375,-2.070683479309082,38,-98.80907440185547,-2.600238800048828,38,-59.45907974243164,-2.20218825340271,27,-83.22567749023438,-2.1901493072509766,38,-90.1083755493164,-2.3712730407714844,38,351
-44.354339599609375,-1.5840835571289062,28,-54.52317810058594,-1.947256326675415,28,-61.741580963134766,-2.2050564289093018,28,-53.57602310180664,-2.0606162548065186,26,-73.8893051147461,-2.638903856277466,28,-73.48040771484375,-2.624300241470337,28,352
-69.79959106445312,-1.6618950366973877,42,-89.3443603515625,-2.127246618270874,42,-105.73503112792969,-2.517500638961792,42,-48.63575744628906,-1.6211918592453003,30,-87.76202392578125,-2.089571952819824,42,-105.01524353027344,-2.5003628730773926,42,353
-107.30458068847656,-2.3327083587646484,46,-117.59609985351562,-2.5564370155334473,46,-118.96296691894531,-2.586151361465454,46,-113.79657745361328,-2.709442377090454,42,-131.21791076660156,-2.8525633811950684,46,-124.47775268554688,-2.706037998199463,46,354
-68.3504638671875,-1.627392053604126,42,-232.34805297851562,-5.5320963859558105,42,-251.03952026367188,-5.977131366729736,42,-281.3722839355469,-5.986644268035889,47,-236.0074920654297,-5.619225978851318,42,-257.40673828125,-6.128731727600098,42,355
-45.26679611206055,-1.3717211484909058,33,-121.63182830810547,-3.6858129501342773,33,-115.91720581054688,-3.5126426219940186,33,-114.1279067993164,-2.481041431427002,46,-121.1505355834961,-3.6712284088134766,33,-122.18772888183594,-3.7026584148406982,33,356
-93.41616821289062,-2.1230947971343994,44,-89.5436019897461,-2.0350818634033203,44,-89.97862243652344,-2.044968605041504,44,-57.98938751220703,-1.8121683597564697,32,-91.07237243652344,-2.069826602935791,44,-96.73320770263672,-2.198482036590576,44,357
-90.85147094726562,-2.753074884414673,33,-48.94288635253906,-1.4831178188323975,33,-53.474403381347656,-1.620436429977417,33,-42.5290641784668,-1.288759469985962,33,-75.80467224121094,-2.2971112728118896,33,-52.39180374145508,-1.5876303911209106,33,358
-96.16468811035156,-2.599045515060425,37,-128.08827209472656,-3.4618451595306396,37,-121.5964126586914,-3.2863895893096924,37,-79.14991760253906,-3.0442276000976562,26,-129.15802001953125,-3.4907572269439697,37,-117.29827880859375,-3.1702237129211426,37,359
-179.3260498046875,-3.89839243888855,46,-177.21437072753906,-3.8524863719940186,46,-132.9178009033203,-2.889517307281494,46,-113.3409652709961,-3.0632693767547607,37,-172.8359375,-3.75730299949646,46,-141.67437744140625,-3.0798778533935547,46,360
-86.87127685546875,-2.11881160736084,41,-110.13209533691406,-2.6861486434936523,41,-85.08403778076172,-2.0752203464508057,41,-82.22161865234375,-2.0555405616760254,40,-107.47351837158203,-2.621305227279663,41,-89.20578002929688,-2.175750732421875,41,361
-137.589111328125,-2.80794095993042,49,-101.46821594238281,-2.070779800415039,49,-94.43264770507812,-1.9271968603134155,49,-62.390010833740234,-1.5997438430786133,39,-128.26663208007812,-2.6176862716674805,49,-105.30098724365234,-2.1489996910095215,49,362
-85.14091491699219,-2.0766077041625977,41,-65.63998413085938,-1.6009752750396729,41,-56.993003845214844,-1.390073299407959,41,-50.7908935546875,-1.0581436157226562,48,-78.18287658691406,-1.9068994522094727,41,-69.14077758789062,-1.686360478401184,41,363
-80.85696411132812,-1.880394458770752,43,-86.3143539428711,-2.007310628890991,43,-86.21231079101562,-2.0049374103546143,43,-49.771339416503906,-1.7162530422210693,29,-91.03205871582031,-2.1170246601104736,43,-84.90704345703125,-1.9745824337005615,43,364
-67.85271453857422,-2.423311233520508,28,-160.501220703125,-5.732186317443848,28,-201.67532348632812,-7.202690124511719,28,-287.6759948730469,-5.993249893188477,48,-143.2388916015625,-5.1156744956970215,28,-189.11582946777344,-6.754136562347412,28,365
-40.86650085449219,-1.8575682640075684,22,-62.26520538330078,-2.8302366733551025,22,-63.53595733642578,-2.887998104095459,22,-77.6412124633789,-2.218320369720459,35,-47.02163314819336,-2.1373469829559326,22,-57.612030029296875,-2.6187286376953125,22,366
-88.23701477050781,-1.8773833513259888,47,-230.49444580078125,-4.904137134552002,47,-274.0186462402344,-5.830183982849121,47,-286.1489562988281,-6.220629692077637,46,-220.89073181152344,-4.699802875518799,47,-269.24481201171875,-5.728612899780273,47,367
-75.14060974121094,-1.7890621423721313,42,-109.089599609375,-2.5973713397979736,42,-98.73057556152344,-2.3507280349731445,42,-80.85975646972656,-2.07332706451416,39,-86.47455596923828,-2.058917999267578,42,-86.32852172851562,-2.055440902709961,42,368
-56.91687774658203,-1.2935653924942017,44,-50.189151763916016,-1.1406625509262085,44,-54.01902770996094,-1.2277051210403442,44,-47.01860809326172,-1.1467952728271484,41,-69.68953704833984,-1.5838531255722046,44,-70.99758911132812,-1.6135815382003784,44,369
-61.279151916503906,-1.276648998260498,48,-139.4682159423828,-2.905587911605835,48,-151.74081420898438,-3.161267042160034,48,-128.7565155029297,-3.388329267501831,38,-153.37350463867188,-3.1952812671661377,48,-160.5743865966797,-3.34529972076416,48,370
-50.80483627319336,-1.5876511335372925,32,-107.41738891601562,-3.3567934036254883,32,-126.95259094238281,-3.967268466949463,32,-132.8030548095703,-3.161977529525757,42,-114.686279296875,-3.5839462280273438,32,-117.69387817382812,-3.677933692932129,32,371
-86.4539566040039,-2.058427572250366,42,-169.08624267578125,-4.025862693786621,42,-135.8895263671875,-3.2354648113250732,42,-99.46810913085938,-2.8419458866119385,35,-159.6320037841797,-3.8007619380950928,42,-124.28515625,-2.959170341491699,42,372
-52.55643081665039,-1.695368766784668,31,-76.74678039550781,-2.4757025241851807,31,-79.28530883789062,-2.5575907230377197,31,-57.218910217285156,-2.1192188262939453,27,-70.67257690429688,-2.2797605991363525,31,-74.00933837890625,-2.3873980045318604,31,373
-27.937761306762695,-1.117510437965393,25,-105.76228332519531,-4.2304911613464355,25,-118.9791030883789,-4.759164333343506,25,-103.95248413085938,-2.5988121032714844,40,-102.1778793334961,-4.087115287780762,25,-103.2998046875,-4.131992340087891,25,374
-80.5064697265625,-2.776085138320923,29,-59.35750961303711,-2.0468106269836426,29,-45.36289978027344,-1.5642379522323608,29,-16.090028762817383,-0.383095920085907,42,-53.72077941894531,-1.8524407148361206,29,-52.54580307006836,-1.8119242191314697,29,375
-65.16950988769531,-1.4482113122940063,45,-118.7897720336914,-2.639772653579712,45,-86.25015258789062,-1.9166700839996338,45,-70.47366333007812,-1.95760178565979,36,-120.75658416748047,-2.6834795475006104,45,-100.77874755859375,-2.239527702331543,45,376
-77.95704650878906,-2.362334728240967,33,-78.61399841308594,-2.382242441177368,33,-75.59446716308594,-2.290741443634033,33,-60.94364547729492,-1.3248618841171265,46,-79.03103637695312,-2.3948798179626465,33,-79.11211395263672,-2.397336721420288,33,377
-93.6438217163086,-2.6755378246307373,35,-95.23252868652344,-2.7209293842315674,35,-70.28305053710938,-2.008087158203125,35,-16.497957229614258,-0.8248978853225708,20,-107.11813354492188,-3.0605180263519287,35,-87.40266418457031,-2.4972190856933594,35,378
-97.73126220703125,-3.4904022216796875,28,-112.87895202636719,-4.031391143798828,28,-80.32134246826172,-2.868619441986084,28,-109.76930236816406,-2.386289119720459,46,-116.49337005615234,-4.160477638244629,28,-78.81398010253906,-2.8147850036621094,28,379
-76.2528076171875,-2.93280029296875,26,-78.5227279663086,-3.0201048851013184,26,-66.63296508789062,-2.5628063678741455,26,-43.488746643066406,-2.558161497116089,17,-73.86566162109375,-2.840986967086792,26,-63.71495056152344,-2.450575113296509,26,380
-100.85336303710938,-2.8815245628356934,35,-68.70211791992188,-1.962917685508728,35,-70.77751159667969,-2.022214651107788,35,-72.9029769897461,-1.5511271953582764,47,-60.40980529785156,-1.7259944677352905,35,-83.3160400390625,-2.380458354949951,35,381
-70.57127380371094,-2.7142796516418457,26,-166.99160766601562,-6.422754287719727,26,-173.9304962158203,-6.689634323120117,26,-265.18115234375,-5.892914295196533,45,-160.98341369628906,-6.191669940948486,26,-179.86471557617188,-6.917873859405518,26,382
-69.94186401367188,-1.4571222066879272,48,-83.38416290283203,-1.7371701002120972,48,-93.52357482910156,-1.948407769203186,48,-84.89846801757812,-1.8456188440322876,46,-90.56282806396484,-1.8867255449295044,48,-105.2005844116211,-2.191678762435913,48,383
-163.8157501220703,-3.3431785106658936,49,-137.28457641601562,-2.8017261028289795,49,-135.51849365234375,-2.765683650970459,49,-76.19800567626953,-2.2411177158355713,34,-142.342041015625,-2.904939651489258,49,-139.2298583984375,-2.841425657272339,49,384
-93.42842102050781,-2.919638156890869,32,-79.413330078125,-2.4816665649414062,32,-82.49256134033203,-2.577892541885376,32,-54.51816177368164,-1.3297113180160522,41,-104.4005126953125,-3.2625160217285156,32,-84.09384155273438,-2.627932548522949,32,385
-29.66116714477539,-0.9568118453025818,31,-67.96964263916016,-2.1925690174102783,31,-82.35023498535156,-2.656459093093872,31,-76.61198425292969,-3.064479351043701,25,-73.50808715820312,-2.3712286949157715,31,-80.71907043457031,-2.6038410663604736,31,386
-54.53382110595703,-1.4738870859146118,37,-88.83250427246094,-2.400878429412842,37,-99.16230773925781,-2.6800622940063477,37,-79.94124603271484,-2.498163938522339,32,-91.7095947265625,-2.4786376953125,37,-101.85997009277344,-2.75297212600708,37,387
-87.10896301269531,-1.893673062324524,46,-197.11305236816406,-4.2850661277771,46,-274.26824951171875,-5.962353229522705,46,-271.5527648925781,-6.034505844116211,45,-184.02658081054688,-4.000577926635742,46,-278.54541015625,-6.05533504486084,46,388
-170.11917114257812,-3.866344690322876,44,-132.52984619140625,-3.0120420455932617,44,-107.87794494628906,-2.4517714977264404,44,-56.25749588012695,-2.0091962814331055,28,-139.30419921875,-3.1660044193267822,44,-99.38392639160156,-2.258725643157959,44,389
-74.75362396240234,-1.9672006368637085,38,-112.66322326660156,-2.9648215770721436,38,-94.0475082397461,-2.4749343395233154,38,-83.79383850097656,-2.464524745941162,34,-109.41119384765625,-2.879241943359375,38,-100.88893127441406,-2.6549718379974365,38,390
-54.2623405456543,-1.6956981420516968,32,-104.16908264160156,-3.255283832550049,32,-93.65863800048828,-2.926832437515259,32,-96.63124084472656,-2.9282193183898926,33,-107.4874038696289,-3.3589813709259033,32,-95.88465881347656,-2.9963955879211426,32,391
-85.68301391601562,-2.7639682292938232,31,-85.5714111328125,-2.7603681087493896,31,-74.99590301513672,-2.419222593307495,31,-74.05213165283203,-1.8061496019363403,41,-92.54804229736328,-2.9854207038879395,31,-76.93405151367188,-2.481743574142456,31,392
-90.14532470703125,-1.9596809148788452,46,-86.20353698730469,-1.8739899396896362,46,-104.48005676269531,-2.271305561065674,46,-47.70091247558594,-1.7667005062103271,27,-93.71414184570312,-2.037263870239258,46,-109.29000854492188,-2.3758697509765625,46,393
-107.91136169433594,-2.2959864139556885,47,-112.37753295898438,-2.3910112380981445,47,-80.72981262207031,-1.7176555395126343,47,-69.04157257080078,-1.6839407682418823,41,-113.07394409179688,-2.4058287143707275,47,-94.23567199707031,-2.005014181137085,47,394
-50.96007537841797,-1.2740018367767334,40,-119.2394790649414,-2.980987071990967,40,-109.7425537109375,-2.7435638904571533,40,-43.265235900878906,-1.73060941696167,25,-116.11333465576172,-2.9028334617614746,40,-97.86688232421875,-2.446671962738037,40,395
-160.37342834472656,-3.1445770263671875,51,-130.47259521484375,-2.558286190032959,51,-130.240234375,-2.553730010986328,51,-81.26837158203125,-2.3902461528778076,34,-132.64132690429688,-2.6008102893829346,51,-130.89517211914062,-2.5665719509124756,51,396
-35.19746017456055,-0.7039492130279541,50,-98.57223510742188,-1.9714447259902954,50,-61.59900665283203,-1.2319800853729248,50,-46.59491729736328,-0.9318983554840088,50,-98.7838134765625,-1.9756762981414795,50,-70.75023651123047,-1.4150047302246094,50,397
-123.77220153808594,-3.018834114074707,41,-100.58381652832031,-2.453263759613037,41,-82.63468933105469,-2.0154802799224854,41,-76.43712615966797,-1.9109281301498413,40,-87.59352111816406,-2.136427402496338,41,-87.49447631835938,-2.1340115070343018,41,398
-62.828189849853516,-1.3961819410324097,45,-107.98651885986328,-2.399700403213501,45,-80.43848419189453,-1.7875218391418457,45,-16.416854858398438,-0.5472285151481628,30,-120.75204467773438,-2.6833786964416504,45,-78.05625915527344,-1.7345834970474243,45,399
-95.7840347290039,-2.7366867065429688,35,-62.23113250732422,-1.7780323028564453,35,-49.579124450683594,-1.4165464639663696,35,-60.219886779785156,-1.627564549446106,37,-83.52117919921875,-2.386319398880005,35,-73.68033599853516,-2.1051523685455322,35,400
-93.78484344482422,-2.1314737796783447,44,-101.37102508544922,-2.303886890411377,44,-111.06427001953125,-2.5241880416870117,44,-50.89680480957031,-1.8177430629730225,28,-111.619384765625,-2.53680419921875,44,-111.94012451171875,-2.5440938472747803,44,401
-62.32234573364258,-1.4493569135665894,43,-84.55961608886719,-1.9665026664733887,43,-102.6804428100586,-2.3879172801971436,43,-71.31121063232422,-2.3003616333007812,31,-79.16069793701172,-1.8409464359283447,43,-110.81080627441406,-2.576995611190796,43,402
-144.56280517578125,-3.44197154045105,42,-164.59011840820312,-3.9188122749328613,42,-112.4728775024414,-2.6779255867004395,42,-94.38229370117188,-2.621730327606201,36,-158.66830444335938,-3.7778167724609375,42,-119.96784973144531,-2.856377363204956,42,403
-72.43248748779297,-2.1303672790527344,34,-73.38423156738281,-2.1583597660064697,34,-46.70509719848633,-1.373679280281067,34,-51.071197509765625,-1.459177017211914,35,-80.31558227539062,-2.362222909927368,34,-69.05235290527344,-2.030951499938965,34,404
-38.228919982910156,-0.7645784020423889,50,-77.78597259521484,-1.5557194948196411,50,-89.90023040771484,-1.7980046272277832,50,-79.42601013183594,-1.620939016342163,49,-96.65162658691406,-1.933032512664795,50,-102.12066650390625,-2.0424132347106934,50,405
-75.66238403320312,-1.6813863515853882,45,-139.32017517089844,-3.096004009246826,45,-111.83171844482422,-2.485149383544922,45,-114.6253890991211,-2.5472309589385986,45,-121.87577056884766,-2.708350419998169,45,-122.05084991455078,-2.7122411727905273,45,406
-193.63893127441406,-4.503231048583984,43,-140.2128448486328,-3.2607638835906982,43,-101.80754089355469,-2.367617130279541,43,-53.574832916259766,-1.8474080562591553,29,-137.2259521484375,-3.191301107406616,43,-104.54032897949219,-2.4311704635620117,43,407
-62.33580780029297,-1.4167228937149048,44,-92.35218048095703,-2.0989131927490234,44,-81.58554077148438,-1.8542168140411377,44,-63.654808044433594,-1.3261418342590332,48,-101.49504089355469,-2.3067054748535156,44,-84.90684509277344,-1.9297009706497192,44,408
-39.848297119140625,-1.172008752822876,34,-75.56999206542969,-2.222646713256836,34,-78.08179473876953,-2.296523332595825,34,-110.21737670898438,-2.449275016784668,45,-95.36915588378906,-2.8049752712249756,34,-82.78984069824219,-2.434995412826538,34,409
-108.50840759277344,-2.260591745376587,48,-120.72032928466797,-2.5150067806243896,48,-116.61167907714844,-2.429409980773926,48,-124.3082046508789,-2.8251864910125732,44,-118.86096954345703,-2.4762701988220215,48,-135.76214599609375,-2.8283779621124268,48,410
-87.8587875366211,-2.6623876094818115,33,-70.97942352294922,-2.1508915424346924,33,-60.89177703857422,-1.845205307006836,33,-60.96150588989258,-1.792985439300537,34,-79.96742248535156,-2.423255205154419,33,-70.05989074707031,-2.1230270862579346,33,411
-94.73660278320312,-2.105257749557495,45,-101.30282592773438,-2.251173973083496,45,-91.8830795288086,-2.04184627532959,45,-82.32374572753906,-1.9145057201385498,43,-122.80335235595703,-2.7289633750915527,45,-84.69767761230469,-1.882170557975769,45,412
-144.91165161132812,-3.450277328491211,42,-134.86175537109375,-3.210994243621826,42,-78.14682006835938,-1.8606386184692383,42,-75.69065856933594,-1.8922665119171143,40,-130.39205932617188,-3.1045727729797363,42,-74.05621337890625,-1.7632431983947754,42,413
-122.85768127441406,-3.2330968379974365,38,-191.65167236328125,-5.0434651374816895,38,-214.25527954101562,-5.638296604156494,38,-295.9073486328125,-6.295900821685791,47,-201.74166870117188,-5.308991432189941,38,-214.45069885253906,-5.643439292907715,38,414
-70.69131469726562,-2.1421611309051514,33,-96.24090576171875,-2.916391134262085,33,-79.58963012695312,-2.411807060241699,33,-53.2649040222168,-2.3158652782440186,23,-92.84210205078125,-2.81339693069458,33,-85.46002197265625,-2.5896975994110107,33,415
-59.91651153564453,-2.304481267929077,26,-90.47918701171875,-3.479968786239624,26,-70.54620361328125,-2.713315486907959,26,-90.04424285888672,-2.251106023788452,40,-98.83091735839844,-3.8011891841888428,26,-79.24900817871094,-3.0480387210845947,26,416
-85.15328979492188,-1.980309009552002,43,-84.49595642089844,-1.9650222063064575,43,-96.79527282714844,-2.2510528564453125,43,-88.23176574707031,-2.151994228363037,41,-95.10835266113281,-2.211822271347046,43,-96.90000915527344,-2.253488540649414,43,417
-83.86441802978516,-2.206958293914795,38,-106.03763580322266,-2.790464162826538,38,-103.81912994384766,-2.7320823669433594,38,-52.0213623046875,-1.8579057455062866,28,-114.32442474365234,-3.008537530899048,38,-105.31888580322266,-2.771549701690674,38,418
-100.82796478271484,-3.3609321117401123,30,-102.26468658447266,-3.408822774887085,30,-102.17149353027344,-3.4057164192199707,30,-111.65900421142578,-2.6585476398468018,42,-99.94952392578125,-3.331650733947754,30,-103.9625473022461,-3.4654183387756348,30,419
-143.6252899169922,-2.519742012023926,57,-214.82518005371094,-3.768862724304199,57,-172.7393035888672,-3.0305140018463135,57,-51.21068572998047,-2.4386041164398193,21,-207.8834228515625,-3.6470775604248047,57,-165.46868896484375,-2.9029593467712402,57,420
-63.9729118347168,-2.1324303150177,30,-85.19112396240234,-2.8397040367126465,30,-96.79749298095703,-3.2265830039978027,30,-89.16050720214844,-2.2290127277374268,40,-89.97566223144531,-2.9991886615753174,30,-100.1997299194336,-3.3399910926818848,30,421
-80.22687530517578,-1.9101636409759521,42,-115.46534729003906,-2.7491748332977295,42,-91.45747375488281,-2.1775588989257812,42,-84.8885498046875,-1.9292851686477661,44,-121.15711212158203,-2.884693145751953,42,-94.82386779785156,-2.257711172103882,42,422
-53.39257049560547,-1.6179566383361816,33,-73.99533081054688,-2.2422828674316406,33,-81.79009246826172,-2.478487730026245,33,-82.45634460449219,-2.355895519256592,35,-80.88558197021484,-2.451078176498413,33,-80.53626251220703,-2.440492868423462,33,423
-128.2036590576172,-3.770695924758911,34,-106.68865966796875,-3.137901782989502,34,-91.88664245605469,-2.7025482654571533,34,-65.86174774169922,-2.352205276489258,28,-115.77076721191406,-3.405022621154785,34,-99.12619018554688,-2.915476083755493,34,424
-90.00031280517578,-2.432440996170044,37,-90.79476928710938,-2.4539127349853516,37,-95.19850158691406,-2.572932481765747,37,-99.74690246582031,-2.3749263286590576,42,-103.09027099609375,-2.7862236499786377,37,-99.826416015625,-2.6980111598968506,37,425
-62.50415802001953,-2.016263246536255,31,-91.7255630493164,-2.9588892459869385,31,-75.35517883300781,-2.430812120437622,31,-83.53752136230469,-2.2577707767486572,37,-93.515625,-3.0166330337524414,31,-92.01945495605469,-2.968369483947754,31,426
-80.85066986083984,-2.0212666988372803,40,-89.78919982910156,-2.244729995727539,40,-82.83576965332031,-2.070894241333008,40,-101.31344604492188,-2.1556053161621094,47,-101.966552734375,-2.549163818359375,40,-90.34288787841797,-2.2585721015930176,40,427
-53.97437286376953,-2.248932123184204,24,-68.76276397705078,-2.865115165710449,24,-84.46823120117188,-3.5195095539093018,24,-77.0123291015625,-2.7504403591156006,28,-75.25947570800781,-3.1358115673065186,24,-78.37506103515625,-3.26562762260437,24,428
-37.121761322021484,-1.9537769556045532,19,-62.64088439941406,-3.296888589859009,19,-47.481666564941406,-2.499035120010376,19,-59.960792541503906,-2.7254905700683594,22,-64.6021499633789,-3.400113105773926,19,-49.51936340332031,-2.6062822341918945,19,429
-84.76171875,-2.4929916858673096,34,-91.7847900390625,-2.699552536010742,34,-69.57695770263672,-2.0463809967041016,34,-59.11195373535156,-2.1111412048339844,28,-94.00518798828125,-2.7648584842681885,34,-70.78195190429688,-2.081822156906128,34,430
-88.78456115722656,-1.7408736944198608,51,-97.56024932861328,-1.912946105003357,51,-87.76831817626953,-1.7209473848342896,51,-84.0049057006836,-1.680098056793213,50,-92.62555694580078,-1.8161873817443848,51,-100.12678527832031,-1.9632703065872192,51,431
-78.94757080078125,-1.973689317703247,40,-93.18157196044922,-2.3295392990112305,40,-84.62599182128906,-2.115649700164795,40,-82.83934020996094,-2.1799826622009277,38,-95.82442474365234,-2.3956105709075928,40,-86.13034057617188,-2.1532585620880127,40,432
-133.2076416015625,-3.6002066135406494,37,-124.99456787109375,-3.3782315254211426,37,-109.30799102783203,-2.954270124435425,37,-65.2266845703125,-2.4158031940460205,27,-141.1123046875,-3.8138461112976074,37,-123.54736328125,-3.339118003845215,37,433
-79.93714904785156,-2.160463571548462,37,-90.51432037353516,-2.4463329315185547,37,-72.36692810058594,-1.9558628797531128,37,-60.596534729003906,-2.0198845863342285,30,-91.22050476074219,-2.465419054031372,37,-76.0733871459961,-2.056037425994873,37,434
-57.09557342529297,-1.8417927026748657,31,-65.80007934570312,-2.1225831508636475,31,-53.718223571777344,-1.7328459024429321,31,-41.93428039550781,-1.446009635925293,29,-62.42854309082031,-2.013823986053467,31,-57.694183349609375,-1.8611027002334595,31,435
-56.49591064453125,-1.1769981384277344,48,-73.94818115234375,-1.540587067604065,48,-65.52993774414062,-1.3652070760726929,48,-65.79927062988281,-1.3428422212600708,49,-80.06613159179688,-1.6680444478988647,48,-77.29701232910156,-1.6103544235229492,48,436
-94.40679931640625,-2.302604913711548,41,-117.06265258789062,-2.855186700820923,41,-126.8484115600586,-3.0938637256622314,41,-113.68828582763672,-3.0726563930511475,37,-113.75456237792969,-2.7745015621185303,41,-133.98614501953125,-3.2679548263549805,41,437
-96.43804168701172,-2.1430675983428955,45,-115.18431854248047,-2.5596516132354736,45,-115.10154724121094,-2.557812213897705,45,-61.147727966308594,-1.9108664989471436,32,-115.92446899414062,-2.576099395751953,45,-123.93875885009766,-2.754194736480713,45,438
-54.818355560302734,-1.245871663093567,44,-88.62068176269531,-2.014106512069702,44,-78.66914367675781,-1.7879351377487183,44,-67.36090850830078,-1.5665327310562134,43,-90.11077880859375,-2.0479722023010254,44,-93.63685607910156,-2.128110408782959,44,439
-55.17267990112305,-1.1494308710098267,48,-119.52767181396484,-2.490159749984741,48,-153.80874633789062,-3.2043488025665283,48,-74.46084594726562,-2.567615270614624,29,-120.74006652832031,-2.51541805267334,48,-163.3722381591797,-3.40358829498291,48,440
-107.54672241210938,-2.9874088764190674,36,-95.58491516113281,-2.6551365852355957,36,-88.20043182373047,-2.450011968612671,36,-67.39601135253906,-2.2465336322784424,30,-100.91670227050781,-2.803241729736328,36,-91.15485382080078,-2.5320792198181152,36,441
-123.33839416503906,-3.008253574371338,41,-217.2846221923828,-5.299624919891357,41,-230.92791748046875,-5.632388114929199,41,-275.036376953125,-5.97905158996582,46,-234.58950805664062,-5.721695423126221,41,-251.48635864257812,-6.133813858032227,41,442
-81.21345520019531,-2.4610137939453125,33,-87.8957290649414,-2.6635069847106934,33,-89.87266540527344,-2.723414182662964,33,-94.80923461914062,-2.2048659324645996,43,-85.91017150878906,-2.6033384799957275,33,-85.64405822753906,-2.5952744483947754,33,443
-118.23265075683594,-3.694770336151123,32,-83.2821044921875,-2.6025657653808594,32,-68.63168334960938,-2.144740104675293,32,-72.96097564697266,-1.6213550567626953,45,-108.7519760131836,-3.3984992504119873,32,-90.82106018066406,-2.838158130645752,32,444
-109.99262237548828,-3.235077142715454,34,-75.52081298828125,-2.221200466156006,34,-53.76591491699219,-1.5813504457473755,34,-14.699679374694824,-0.334083616733551,44,-86.5986557006836,-2.5470192432403564,34,-69.49673461914062,-2.0440216064453125,34,445
-84.99272155761719,-2.428363561630249,35,-88.72725677490234,-2.535064458847046,35,-56.9784049987793,-1.6279544830322266,35,-33.71440887451172,-1.0535752773284912,32,-109.8777847290039,-3.1393651962280273,35,-70.49172973632812,-2.014049530029297,35,446
-69.08390045166016,-2.031879425048828,34,-83.86772155761719,-2.4666976928710938,34,-82.74632263183594,-2.433715343475342,34,-73.802734375,-2.170668601989746,34,-76.72309875488281,-2.256561756134033,34,-79.93145751953125,-2.3509252071380615,34,447
-107.82464599609375,-2.200502872467041,49,-139.43702697753906,-2.845653533935547,49,-108.83369445800781,-2.2210958003997803,49,-85.26634216308594,-1.9829381704330444,43,-126.18965148925781,-2.575299024581909,49,-108.02763366699219,-2.2046456336975098,49,448
-63.709407806396484,-1.6335746049880981,39,-105.49699401855469,-2.7050511837005615,39,-97.61822509765625,-2.5030314922332764,39,-76.06234741210938,-2.376948356628418,32,-93.49840545654297,-2.397394895553589,39,-86.09185791015625,-2.2074835300445557,39,449
-43.66187286376953,-1.0915467739105225,40,-124.10307312011719,-3.102576732635498,40,-102.80394744873047,-2.570098638534546,40,-86.88243103027344,-2.286379814147949,38,-114.07013702392578,-2.8517534732818604,40,-96.145263671875,-2.4036316871643066,40,450
-67.31816101074219,-2.171553611755371,31,-71.91644287109375,-2.31988525390625,31,-78.01710510253906,-2.5166807174682617,31,-52.15587615966797,-2.005995273590088,26,-82.68094635009766,-2.6671273708343506,31,-77.3944320678711,-2.4965946674346924,31,451
-102.98821258544922,-2.5747053623199463,40,-131.43966674804688,-3.285991668701172,40,-114.36137390136719,-2.859034299850464,40,-71.92556762695312,-2.480191946029663,29,-135.49098205566406,-3.3872745037078857,40,-124.29915618896484,-3.1074788570404053,40,452
-69.52381896972656,-1.8790221214294434,37,-89.37959289550781,-2.4156646728515625,37,-86.82836151123047,-2.346712589263916,37,-80.97029876708984,-1.8402340412139893,44,-92.3040771484375,-2.4947047233581543,37,-91.11971282958984,-2.4626948833465576,37,453
-97.40319061279297,-2.0724081993103027,47,-126.63729858398438,-2.694410562515259,47,-108.49409484863281,-2.308384895324707,47,-62.41564178466797,-2.0134077072143555,31,-138.1571044921875,-2.9395129680633545,47,-137.61978149414062,-2.9280805587768555,47,454
-97.10404968261719,-2.5553696155548096,38,-92.66810607910156,-2.4386343955993652,38,-88.42613220214844,-2.3270034790039062,38,-80.32017517089844,-2.2948620319366455,35,-89.60322570800781,-2.3579795360565186,38,-82.63595581054688,-2.1746304035186768,38,455
-63.566673278808594,-1.8161907196044922,35,-96.10159301757812,-2.7457597255706787,35,-86.35769653320312,-2.467362642288208,35,-94.24869537353516,-2.356217384338379,40,-111.86241912841797,-3.1960690021514893,35,-110.56465148925781,-3.1589901447296143,35,456
-77.34361267089844,-2.6670210361480713,29,-110.83734130859375,-3.821977376937866,29,-113.35966491699219,-3.908953905105591,29,-124.92820739746094,-2.839277505874634,44,-120.6825942993164,-4.161468982696533,29,-129.24069213867188,-4.456575393676758,29,457
-75.2850112915039,-2.1510002613067627,35,-92.8302230834961,-2.652292013168335,35,-99.55764770507812,-2.8445041179656982,35,-66.65199279785156,-2.7771663665771484,24,-85.16587829589844,-2.4333107471466064,35,-95.68123626708984,-2.7337496280670166,35,458
-85.60338592529297,-2.6751058101654053,32,-120.37462615966797,-3.761707067489624,32,-116.3551254272461,-3.6360976696014404,32,-129.0181121826172,-3.2254528999328613,40,-115.50506591796875,-3.6095333099365234,32,-110.74285888671875,-3.460714340209961,32,459
-61.99589157104492,-1.2652223110198975,49,-90.99134826660156,-1.856966257095337,49,-79.0135269165039,-1.6125209331512451,49,-49.05479431152344,-1.290915608406067,38,-109.26216125488281,-2.229840040206909,49,-91.51756286621094,-1.8677053451538086,49,460
-60.17097473144531,-1.769734501838684,34,-73.97320556640625,-2.175682544708252,34,-81.63981628417969,-2.4011709690093994,34,-56.361812591552734,-1.9435107707977295,29,-85.2957763671875,-2.508699417114258,34,-84.85255432128906,-2.4956634044647217,34,461
-98.14962768554688,-3.2716543674468994,30,-89.22207641601562,-2.974069118499756,30,-63.66181945800781,-2.122060537338257,30,-84.54534912109375,-1.921485185623169,44,-92.71467590332031,-3.090489149093628,30,-64.79527282714844,-2.1598424911499023,30,462
-55.71701431274414,-1.2112394571304321,46,-97.64827728271484,-2.122788667678833,46,-92.65093994140625,-2.014150857925415,46,-92.20416259765625,-1.9209200143814087,48,-100.37337493896484,-2.182029962539673,46,-93.87152099609375,-2.0406851768493652,46,463
-35.23008346557617,-0.9521644115447998,37,-88.53094482421875,-2.392728328704834,37,-90.55860900878906,-2.4475300312042236,37,-113.16764831542969,-2.694467782974243,42,-93.104248046875,-2.5163309574127197,37,-93.40167236328125,-2.524369478225708,37,464
-66.2721176147461,-2.2090706825256348,30,-58.671913146972656,-1.9557304382324219,30,-54.483375549316406,-1.8161125183105469,30,-55.65481185913086,-1.795316457748413,31,-63.52854919433594,-2.1176183223724365,30,-60.50415802001953,-2.0168051719665527,30,465
-63.98562240600586,-2.2064008712768555,29,-69.54568481445312,-2.3981270790100098,29,-54.33098220825195,-1.87348210811615,29,-43.00674057006836,-1.6541054248809814,26,-75.68562316894531,-2.609848976135254,29,-60.1160888671875,-2.0729684829711914,29,466
-91.27165222167969,-2.0743558406829834,44,-68.87957000732422,-1.565444827079773,44,-79.02749633789062,-1.7960795164108276,44,-42.96678924560547,-1.3860254287719727,31,-71.6443099975586,-1.6282798051834106,44,-79.91957092285156,-1.8163539171218872,44,467
-93.04009246826172,-2.1637229919433594,43,-105.34220886230469,-2.4498188495635986,43,-98.41903686523438,-2.2888147830963135,43,-76.16641998291016,-2.1761834621429443,35,-98.53883361816406,-2.2916007041931152,43,-108.80036926269531,-2.5302412509918213,43,468
-90.62953186035156,-2.9235332012176514,31,-77.04314422607422,-2.485262632369995,31,-62.07051467895508,-2.002274751663208,31,-46.99720764160156,-2.0433568954467773,23,-74.9584732055664,-2.418015241622925,31,-62.69532775878906,-2.022429943084717,31,469
-105.49873352050781,-2.197890281677246,48,-143.42637634277344,-2.9880495071411133,48,-140.17652893066406,-2.920344352722168,48,-79.88002014160156,-3.0723085403442383,26,-132.32875061035156,-2.7568490505218506,48,-136.7337188720703,-2.848619222640991,48,470
-76.4499282836914,-2.4661266803741455,31,-82.56349182128906,-2.6633384227752686,31,-79.32923889160156,-2.5590076446533203,31,-74.06938934326172,-2.3146684169769287,32,-88.15668487548828,-2.843764066696167,31,-86.5511703491211,-2.791973352432251,31,471
-45.42591094970703,-1.297883152961731,35,-82.32125091552734,-2.3520357608795166,35,-60.77444839477539,-1.736412763595581,35,-51.814231872558594,-1.5701282024383545,33,-83.64948272705078,-2.3899853229522705,35,-60.52876281738281,-1.7293932437896729,35,472
-71.04556274414062,-1.732818603515625,41,-97.41319274902344,-2.37593150138855,41,-78.13795471191406,-1.9058037996292114,41,-67.00752258300781,-1.7181415557861328,39,-104.26589965820312,-2.5430707931518555,41,-80.1297836303711,-1.9543849229812622,41,473
-50.82276153564453,-1.1550627946853638,44,-104.33768463134766,-2.3713109493255615,44,-95.57951354980469,-2.1722617149353027,44,-75.33497619628906,-1.506699562072754,50,-98.34855651855469,-2.235194444656372,44,-85.02787780761719,-1.9324517250061035,44,474
-62.932735443115234,-2.030088186264038,31,-107.7640151977539,-3.4762585163116455,31,-136.72471618652344,-4.41047477722168,31,-166.29714965820312,-3.6151554584503174,46,-108.3965835571289,-3.496664047241211,31,-118.20123291015625,-3.8129429817199707,31,475
-124.4303207397461,-2.8279619216918945,44,-105.60960388183594,-2.4002182483673096,44,-110.13493347167969,-2.5030667781829834,44,-53.86125946044922,-2.4482390880584717,22,-115.56202697753906,-2.6264097690582275,44,-115.43013763427734,-2.6234121322631836,44,476
-88.748291015625,-2.1645925045013428,41,-132.87937927246094,-3.2409603595733643,41,-147.7532958984375,-3.603739023208618,41,-150.15603637695312,-3.412637233734131,44,-153.53851318359375,-3.7448418140411377,41,-174.29132080078125,-4.251008033752441,41,477
-91.05967712402344,-1.9374399185180664,47,-131.87489318847656,-2.8058488368988037,47,-139.13272094726562,-2.960270643234253,47,-127.9921646118164,-2.7232375144958496,47,-170.08322143554688,-3.6187920570373535,47,-166.57528686523438,-3.5441551208496094,47,478
-72.25065612792969,-1.505221962928772,48,-58.16203308105469,-1.2117090225219727,48,-92.45674133300781,-1.9261821508407593,48,-21.813438415527344,-0.7036592960357666,31,-67.36831665039062,-1.4035066366195679,48,-74.08580780029297,-1.5434542894363403,48,479
-62.43382263183594,-1.6429953575134277,38,-95.41471099853516,-2.510913372039795,38,-91.16014099121094,-2.3989510536193848,38,-78.43280792236328,-3.016646385192871,26,-103.95006561279297,-2.735527992248535,38,-94.38308715820312,-2.4837653636932373,38,480
-61.62162780761719,-2.3700625896453857,26,-64.66397094726562,-2.4870758056640625,26,-59.16529846191406,-2.2755885124206543,26,-55.103797912597656,-1.7219936847686768,32,-76.55567932128906,-2.9444491863250732,26,-61.24443435668945,-2.3555550575256348,26,481
-62.79338073730469,-2.2426207065582275,28,-114.77751159667969,-4.099196910858154,28,-83.18399047851562,-2.9708569049835205,28,-78.97699737548828,-2.2564857006073,35,-120.74053192138672,-4.312161922454834,28,-86.87605285644531,-3.1027162075042725,28,482
-57.012107849121094,-2.375504493713379,24,-53.8199348449707,-2.242497205734253,24,-38.94065856933594,-1.6225274801254272,24,-41.3897590637207,-1.799554705619812,23,-67.78845977783203,-2.824519157409668,24,-64.7002944946289,-2.695845603942871,24,483
-89.51547241210938,-3.5806188583374023,25,-85.15249633789062,-3.406099796295166,25,-93.71800994873047,-3.748720407485962,25,-87.36865997314453,-3.2358763217926025,27,-98.67756652832031,-3.9471025466918945,25,-99.48876190185547,-3.979550361633301,25,484
-55.788230895996094,-1.8596076965332031,30,-80.8775405883789,-2.695918083190918,30,-76.99917602539062,-2.5666391849517822,30,-74.08733367919922,-1.8521833419799805,40,-90.18448638916016,-3.0061495304107666,30,-94.23028564453125,-3.141009569168091,30,485
-101.74031066894531,-2.4223883152008057,42,-114.64596557617188,-2.729665756225586,42,-89.13565826416016,-2.1222774982452393,42,-56.09994125366211,-2.3374974727630615,24,-107.11703491210938,-2.550405502319336,42,-99.29559326171875,-2.36418080329895,42,486
-103.60879516601562,-2.8002376556396484,37,-62.45410919189453,-1.6879489421844482,37,-75.84235382080078,-2.049793243408203,37,-49.44364929199219,-1.594956398010254,31,-86.63168334960938,-2.3413968086242676,37,-88.22111511230469,-2.38435435295105,37,487
-84.4813461303711,-2.223193407058716,38,-88.35426330566406,-2.3251121044158936,38,-89.51445770263672,-2.3556435108184814,38,-70.91629028320312,-2.2161340713500977,32,-94.40724182128906,-2.484400987625122,38,-96.39543151855469,-2.53672194480896,38,488
-108.26773071289062,-2.460630178451538,44,-124.99064636230469,-2.8406965732574463,44,-139.15737915039062,-3.162667751312256,44,-111.44648742675781,-3.842982292175293,29,-120.33895111083984,-2.734976053237915,44,-133.657470703125,-3.0376698970794678,44,489
-98.11748504638672,-3.066171407699585,32,-90.19081115722656,-2.81846284866333,32,-66.38027954101562,-2.0743837356567383,32,-63.606056213378906,-1.6309244632720947,39,-101.97261047363281,-3.1866440773010254,32,-80.9913101196289,-2.5309784412384033,32,490
-138.4532012939453,-3.219841957092285,43,-83.24272155761719,-1.9358772039413452,43,-86.69950103759766,-2.0162675380706787,43,-73.83694458007812,-1.9430774450302124,38,-92.9494857788086,-2.1616158485412598,43,-92.40452575683594,-2.148942470550537,43,491
-86.73284912109375,-2.7978339195251465,31,-100.04344940185547,-3.227208137512207,31,-81.20819091796875,-2.619619131088257,31,-82.40052795410156,-2.841397523880005,29,-110.1770248413086,-3.5540976524353027,31,-90.07725524902344,-2.9057178497314453,31,492
-63.801979064941406,-1.595049500465393,40,-101.30531311035156,-2.532632827758789,40,-84.07062530517578,-2.1017656326293945,40,-78.25830841064453,-1.8199607133865356,43,-95.3768310546875,-2.384420871734619,40,-89.01289367675781,-2.2253222465515137,40,493
-83.87789916992188,-1.8234325647354126,46,-134.2284393310547,-2.9180095195770264,46,-131.61819458007812,-2.861265182495117,46,-142.3054962158203,-2.8461098670959473,50,-133.1759033203125,-2.8951282501220703,46,-136.39059448242188,-2.965013027191162,46,494
-72.89949798583984,-2.429983377456665,30,-87.6799087524414,-2.922663688659668,30,-82.62127685546875,-2.754042625427246,30,-91.74283599853516,-2.1843533515930176,42,-80.47650146484375,-2.6825499534606934,30,-86.7757568359375,-2.8925251960754395,30,495
-68.8880386352539,-2.3754496574401855,29,-79.46652221679688,-2.740224838256836,29,-71.4959716796875,-2.4653782844543457,29,-78.74137878417969,-2.4606680870056152,32,-78.32966613769531,-2.7010228633880615,29,-74.18500518798828,-2.558103561401367,29,496
-148.868408203125,-3.1674129962921143,47,-110.14833068847656,-2.343581438064575,47,-111.96522521972656,-2.3822388648986816,47,-51.617000579833984,-1.911740779876709,27,-114.69065856933594,-2.4402267932891846,47,-121.27012634277344,-2.5802154541015625,47,497
-106.03175354003906,-2.945326566696167,36,-101.3204345703125,-2.8144564628601074,36,-105.318603515625,-2.9255168437957764,36,-78.27035522460938,-3.2612648010253906,24,-105.50274658203125,-2.9306318759918213,36,-119.03399658203125,-3.30649995803833,36,498
-94.43001556396484,-2.5521626472473145,37,-86.50556945800781,-2.3379883766174316,37,-80.3861083984375,-2.1725974082946777,37,-63.37431716918945,-1.863950490951538,34,-87.906494140625,-2.3758511543273926,37,-78.65608215332031,-2.125839948654175,37,499
-74.6544418334961,-1.736149787902832,43,-126.203125,-2.9349563121795654,43,-122.93241882324219,-2.858893394470215,43,-53.11081314086914,-1.713252067565918,31,-130.38665771484375,-3.03224778175354,43,-117.53655242919922,-2.733408212661743,43,500
-32.643653869628906,-0.759154736995697,43,-107.16744995117188,-2.4922661781311035,43,-121.74443054199219,-2.831265926361084,43,-82.01927947998047,-2.5631024837493896,32,-112.96250915527344,-2.627035140991211,43,-135.8917694091797,-3.160273790359497,43,501
-72.9604263305664,-2.702238082885742,27,-83.998291015625,-3.1110477447509766,27,-91.08120727539062,-3.373378038406372,27,-70.68450164794922,-3.5342249870300293,20,-90.96548461914062,-3.3690919876098633,27,-92.04273986816406,-3.4089903831481934,27,502
-67.43978881835938,-1.8733274936676025,36,-95.72445678710938,-2.659012794494629,36,-103.53225708007812,-2.8758959770202637,36,-103.70999908447266,-2.729210615158081,38,-102.89547729492188,-2.8582077026367188,36,-101.46751403808594,-2.818542003631592,36,503
-66.78150177001953,-1.7574079036712646,38,-74.86224365234375,-1.9700590372085571,38,-80.2235336303711,-2.1111457347869873,38,-65.82830047607422,-2.1234936714172363,31,-86.76460266113281,-2.2832789421081543,38,-75.9625244140625,-1.9990137815475464,38,504
-80.19560241699219,-1.8650139570236206,43,-93.48136901855469,-2.173985242843628,43,-113.4198989868164,-2.637672185897827,43,-47.993492126464844,-1.6549479961395264,29,-102.84588623046875,-2.3917648792266846,43,-126.12771606445312,-2.9332027435302734,43,505
-89.21595001220703,-3.431382656097412,26,-91.34205627441406,-3.513155937194824,26,-76.90718078613281,-2.9579684734344482,26,-81.7580337524414,-2.4046480655670166,34,-92.23129272460938,-3.5473573207855225,26,-80.52224731445312,-3.0970094203948975,26,506
-56.014060974121094,-1.6973958015441895,33,-86.92677307128906,-2.6341445446014404,33,-86.5458984375,-2.622602939605713,33,-81.65251159667969,-1.8988956212997437,43,-85.44073486328125,-2.589113235473633,33,-83.36553955078125,-2.526228427886963,33,507
-25.026241302490234,-0.6763849258422852,37,-83.44454956054688,-2.255258083343506,37,-65.6959457397461,-1.7755661010742188,37,-43.62738800048828,-1.118651032447815,39,-91.80119323730469,-2.4811134338378906,37,-63.90899658203125,-1.7272701263427734,37,508
-170.48757934570312,-3.4793384075164795,49,-135.37913513183594,-2.7628395557403564,49,-118.49347686767578,-2.41823410987854,49,-106.7442626953125,-2.965118408203125,36,-138.57763671875,-2.8281149864196777,49,-135.72889709472656,-2.769977569580078,49,509
-54.75728988647461,-1.3689322471618652,40,-91.16463470458984,-2.279115915298462,40,-104.7777099609375,-2.6194427013397217,40,-52.94393539428711,-2.0363051891326904,26,-101.31383514404297,-2.532845973968506,40,-89.14602661132812,-2.2286505699157715,40,510
-59.21365737915039,-3.2896475791931152,18,-52.37901306152344,-2.909945249557495,18,-37.29938507080078,-2.072188138961792,18,-20.024904251098633,-0.6905139684677124,29,-56.67915344238281,-3.1488418579101562,18,-45.217918395996094,-2.5121066570281982,18,511
-85.68997192382812,-1.8231909275054932,47,-131.04849243164062,-2.7882657051086426,47,-152.16807556152344,-3.2376186847686768,47,-139.70892333984375,-3.1752028465270996,44,-130.00682067871094,-2.7661025524139404,47,-146.66641235351562,-3.1205620765686035,47,512
-27.28626823425293,-1.0106024742126465,27,-42.91948318481445,-1.5896104574203491,27,-59.738037109375,-2.212519884109497,27,-74.90972900390625,-2.496990919113159,30,-65.69134521484375,-2.4330127239227295,27,-80.92530822753906,-2.9972336292266846,27,513
-105.93802642822266,-3.0268008708953857,35,-94.34457397460938,-2.69555926322937,35,-93.70542907714844,-2.677298069000244,35,-76.74439239501953,-2.475625514984131,31,-101.87545013427734,-2.9107272624969482,35,-83.98025512695312,-2.3994357585906982,35,514
-86.05677795410156,-2.967475175857544,29,-78.38172912597656,-2.7028181552886963,29,-79.73777770996094,-2.7495784759521484,29,-105.31900024414062,-2.393613576889038,44,-69.98655700683594,-2.413329601287842,29,-76.2834701538086,-2.630464553833008,29,515
-71.4095458984375,-1.9835984706878662,36,-144.09356689453125,-4.002599239349365,36,-143.68524169921875,-3.9912567138671875,36,-115.18880462646484,-4.4303388595581055,26,-133.7951202392578,-3.7165310382843018,36,-124.96620178222656,-3.471283435821533,36,516
-94.1694564819336,-2.003605365753174,47,-128.0203857421875,-2.7238380908966064,47,-119.22542572021484,-2.5367112159729004,47,-82.37089538574219,-3.050773859024048,27,-132.54739379882812,-2.820157289505005,47,-124.00743865966797,-2.638456106185913,47,517
-71.48143768310547,-1.6623589992523193,43,-89.12235260009766,-2.072612762451172,43,-99.0334243774414,-2.303102970123291,43,-41.61500549316406,-1.3871668577194214,30,-109.17947387695312,-2.539057493209839,43,-109.37908172607422,-2.5436995029449463,43,518
-136.3323516845703,-3.2460083961486816,42,-125.45217895507812,-2.9869565963745117,42,-107.90188598632812,-2.5690925121307373,42,-79.273193359375,-2.4772872924804688,32,-123.80308532714844,-2.947692394256592,42,-107.92443084716797,-2.569629192352295,42,519
-85.6765365600586,-3.0598762035369873,28,-86.00072479248047,-3.0714545249938965,28,-92.831787109375,-3.3154208660125732,28,-88.718994140625,-2.7724685668945312,32,-82.41266632080078,-2.9433095455169678,28,-82.48301696777344,-2.94582200050354,28,520
-140.58656311035156,-2.991203546524048,47,-119.93496704101562,-2.5518078804016113,47,-121.3646469116211,-2.582226514816284,47,-60.107566833496094,-1.878361463546753,32,-117.75267028808594,-2.505375862121582,47,-112.45794677734375,-2.3927223682403564,47,521
-67.43171691894531,-2.408275604248047,28,-76.86270141601562,-2.745096445083618,28,-62.87123107910156,-2.24540114402771,28,-42.280029296875,-1.7616678476333618,24,-80.1490478515625,-2.8624660968780518,28,-69.83987426757812,-2.49428129196167,28,522
-108.52165222167969,-2.4664011001586914,44,-160.5688018798828,-3.6492910385131836,44,-160.0800323486328,-3.6381826400756836,44,-126.87667846679688,-3.2532482147216797,39,-163.88082885742188,-3.72456431388855,44,-159.80221557617188,-3.631868600845337,44,523
-73.44154357910156,-2.225501298904419,33,-100.09178161621094,-3.0330843925476074,33,-89.30769348144531,-2.706293821334839,33,-95.71768951416016,-2.5869646072387695,37,-90.1308364868164,-2.7312374114990234,33,-80.92207336425781,-2.452183961868286,33,524
-83.17736053466797,-2.0794339179992676,40,-77.15452575683594,-1.9288631677627563,40,-75.96864318847656,-1.8992160558700562,40,-69.63262176513672,-1.881962776184082,37,-75.46012878417969,-1.8865032196044922,40,-76.25666809082031,-1.906416654586792,40,525
-82.87460327148438,-2.9598071575164795,28,-109.94328308105469,-3.9265458583831787,28,-111.96408081054688,-3.9987170696258545,28,-116.4393310546875,-4.312567710876465,27,-108.74144744873047,-3.8836231231689453,28,-118.37095642089844,-4.227534294128418,28,526
-64.69608306884766,-1.9604873657226562,33,-67.07835388183594,-2.032677412033081,33,-75.6687240600586,-2.2929916381835938,33,-63.31352996826172,-2.042371988296509,31,-77.22791290283203,-2.3402397632598877,33,-64.04351043701172,-1.9407124519348145,33,527
-78.19068908691406,-1.9547672271728516,40,-94.08915710449219,-2.352228879928589,40,-110.82292175292969,-2.770573139190674,40,-92.32896423339844,-2.715557813644409,34,-104.86846923828125,-2.6217117309570312,40,-119.29644775390625,-2.9824111461639404,40,528
-46.65100860595703,-1.2958613634109497,36,-83.99923706054688,-2.3333120346069336,36,-72.28816223144531,-2.0080044269561768,36,-61.46705627441406,-1.3659346103668213,45,-84.54673767089844,-2.348520517349243,36,-66.66203308105469,-1.8517231941223145,36,529
-44.77543640136719,-1.543980598449707,29,-75.07237243652344,-2.588702440261841,29,-67.2948226928711,-2.3205111026763916,29,-69.72750854492188,-2.4043967723846436,29,-71.5180892944336,-2.4661409854888916,29,-71.34899139404297,-2.4603099822998047,29,530
-46.465965270996094,-2.21266508102417,21,-114.62327575683594,-5.458250999450684,21,-121.95335388183594,-5.807302474975586,21,-181.32943725585938,-4.771827220916748,38,-110.72514343261719,-5.272625923156738,21,-109.9090576171875,-5.2337646484375,21,531
-73.84720611572266,-2.2377941608428955,33,-88.44322204589844,-2.6800975799560547,33,-66.00094604492188,-2.000028610229492,33,-64.64664459228516,-1.3468050956726074,48,-89.509521484375,-2.712409734725952,33,-74.31199645996094,-2.2518787384033203,33,532
-90.52272033691406,-2.1553027629852295,42,-74.11831665039062,-1.7647218704223633,42,-71.38114166259766,-1.699550986289978,42,-84.9165267944336,-1.92992103099823,44,-80.04163360595703,-1.9057531356811523,42,-79.91729736328125,-1.9027928113937378,42,533
-45.484031677246094,-1.2292981147766113,37,-63.789337158203125,-1.7240360975265503,37,-75.25357055664062,-2.0338802337646484,37,-75.52999877929688,-2.098055601119995,36,-60.333763122558594,-1.630642294883728,37,-59.842281341552734,-1.617358922958374,37,534
-48.81552505493164,-1.2203881740570068,40,-91.41937255859375,-2.2854843139648438,40,-76.79978942871094,-1.9199947118759155,40,-55.36083984375,-1.6282600164413452,34,-111.95674896240234,-2.7989187240600586,40,-83.37704467773438,-2.084426164627075,40,535
-73.45580291748047,-1.7489477396011353,42,-90.94438171386719,-2.165342330932617,42,-63.075069427490234,-1.5017874240875244,42,-61.16734313964844,-1.4918863773345947,41,-91.20120239257812,-2.171457290649414,42,-60.55795669555664,-1.4418561458587646,42,536
-69.69786071777344,-2.2483181953430176,31,-74.99729919433594,-2.4192676544189453,31,-78.21746826171875,-2.523144245147705,31,-70.47981262207031,-2.4303383827209473,29,-66.2686767578125,-2.1376993656158447,31,-79.90310668945312,-2.577519655227661,31,537
-17.282827377319336,-0.5575105547904968,31,-97.06256866455078,-3.1310505867004395,31,-94.25668334960938,-3.0405380725860596,31,-86.78324127197266,-2.892774820327759,30,-121.56710815429688,-3.9215195178985596,31,-99.02864074707031,-3.194472312927246,31,538
-59.88465881347656,-1.81468665599823,33,-62.15187072753906,-1.8833900690078735,33,-52.738258361816406,-1.5981290340423584,33,-57.50944900512695,-1.7427105903625488,33,-75.19387817382812,-2.278602361679077,33,-64.3653793334961,-1.9504660367965698,33,539
-57.849246978759766,-1.5634931325912476,37,-95.0281982421875,-2.5683295726776123,37,-90.526123046875,-2.4466519355773926,37,-79.96134948730469,-2.4987921714782715,32,-109.49264526367188,-2.9592607021331787,37,-98.81928253173828,-2.6707913875579834,37,540
-152.7672119140625,-3.9171080589294434,39,-117.36080169677734,-3.009251356124878,39,-89.06619262695312,-2.2837486267089844,39,-116.73204040527344,-1.913640022277832,61,-91.38174438476562,-2.3431217670440674,39,-78.05548095703125,-2.001422643661499,39,541
-40.65644454956055,-1.6262577772140503,25,-65.13866424560547,-2.605546474456787,25,-56.30408477783203,-2.2521634101867676,25,-82.17054748535156,-2.282515287399292,36,-63.06657409667969,-2.522662878036499,25,-59.681068420410156,-2.3872427940368652,25,542
-51.22190856933594,-1.1912071704864502,43,-78.54583740234375,-1.826647400856018,43,-72.83720397949219,-1.6938884258270264,43,-70.8084945678711,-1.685916543006897,42,-92.74433135986328,-2.1568448543548584,43,-73.23745727539062,-1.70319664478302,43,543
-80.98452758789062,-2.131171703338623,38,-77.89562225341797,-2.049884796142578,38,-61.08710479736328,-1.6075553894042969,38,-54.55897521972656,-1.5588278770446777,35,-86.62428283691406,-2.2795863151550293,38,-70.4513168334961,-1.8539819717407227,38,544
-53.853755950927734,-1.737217903137207,31,-67.82857513427734,-2.188018560409546,31,-71.19001770019531,-2.296452283859253,31,-60.802520751953125,-2.3385584354400635,26,-72.4063720703125,-2.3356893062591553,31,-98.74467468261719,-3.185312032699585,31,545
-95.16551208496094,-2.3791377544403076,40,-120.06878662109375,-3.0017197132110596,40,-111.54348754882812,-2.7885870933532715,40,-69.67638397216797,-2.679860830307007,26,-124.73986053466797,-3.1184964179992676,40,-119.49090576171875,-2.9872727394104004,40,546
-52.27446746826172,-1.452068567276001,36,-53.067787170410156,-1.4741052389144897,36,-64.45115661621094,-1.7903099060058594,36,-48.67107009887695,-1.3519741296768188,36,-59.66374206542969,-1.6573262214660645,36,-59.48320770263672,-1.6523113250732422,36,547
-50.294227600097656,-1.6223944425582886,31,-85.42989349365234,-2.755803108215332,31,-125.67450714111328,-4.054016590118408,31,-125.00227355957031,-4.166742324829102,30,-88.59494018554688,-2.8579013347625732,31,-124.22508239746094,-4.007260799407959,31,548
-60.36038589477539,-1.7753055095672607,34,-63.41914367675781,-1.8652689456939697,34,-65.58412170410156,-1.928944706916809,34,-46.564453125,-1.0122706890106201,46,-59.623748779296875,-1.7536396980285645,34,-59.243499755859375,-1.7424558401107788,34,549
-64.67021179199219,-1.9020650386810303,34,-81.36911010742188,-2.393209218978882,34,-84.49766540527344,-2.4852254390716553,34,-87.24977111816406,-2.1280431747436523,41,-83.31952667236328,-2.4505743980407715,34,-94.4637451171875,-2.7783453464508057,34,550
-101.11038970947266,-2.2468974590301514,45,-102.38548278808594,-2.275233030319214,45,-56.046142578125,-1.2454698085784912,45,-43.49803924560547,-1.0356676578521729,42,-120.19738006591797,-2.671052932739258,45,-59.40266036987305,-1.320059061050415,45,551
-38.48065185546875,-0.7696130275726318,50,-106.71290588378906,-2.1342580318450928,50,-115.20232391357422,-2.304046392440796,50,-38.31182098388672,-0.9577955007553101,40,-95.2229232788086,-1.9044585227966309,50,-94.01073455810547,-1.8802146911621094,50,552
-85.04357147216797,-2.2984747886657715,37,-109.98373413085938,-2.9725334644317627,37,-116.41944885253906,-3.1464715003967285,37,-113.61080932617188,-3.155855894088745,36,-113.36016845703125,-3.063788414001465,37,-119.52206420898438,-3.2303261756896973,37,553
-56.30799865722656,-2.8153998851776123,20,-59.530696868896484,-2.976534843444824,20,-76.97237396240234,-3.848618745803833,20,-160.17263793945312,-2.4268581867218018,66,-89.81631469726562,-4.49081563949585,20,-88.23805236816406,-4.41190242767334,20,554
-108.3408203125,-2.7085204124450684,40,-119.98600006103516,-2.999650001525879,40,-88.07476043701172,-2.201869010925293,40,-84.37474822998047,-2.1093688011169434,40,-112.64704895019531,-2.816176176071167,40,-105.62191772460938,-2.64054799079895,40,555
-104.61663055419922,-2.7530691623687744,38,-105.83876037597656,-2.7852306365966797,38,-93.77174377441406,-2.467677354812622,38,-101.3365478515625,-2.4127750396728516,42,-131.1234130859375,-3.4506161212921143,38,-110.13388061523438,-2.8982601165771484,38,556
-121.33720397949219,-3.279383897781372,37,-93.36300659179688,-2.523324489593506,37,-61.51319885253906,-1.662518858909607,37,-72.1771240234375,-1.8044281005859375,40,-87.63446044921875,-2.3684990406036377,37,-88.83631134033203,-2.4009814262390137,37,557
-100.58383178710938,-2.1400816440582275,47,-127.03240203857422,-2.702816963195801,47,-100.60154724121094,-2.140458345413208,47,-42.83439254760742,-1.5864590406417847,27,-139.60498046875,-2.9703187942504883,47,-125.10929870605469,-2.661900043487549,47,558
-144.41168212890625,-5.157559871673584,28,-84.42847442626953,-3.0153026580810547,28,-76.30998992919922,-2.7253568172454834,28,-72.21532440185547,-2.329526662826538,31,-93.21113586425781,-3.3289692401885986,28,-91.25493621826172,-3.2591049671173096,28,559
-65.76002502441406,-2.435556411743164,27,-69.79633331298828,-2.5850493907928467,27,-63.86190414428711,-2.36525559425354,27,-62.8463134765625,-1.9639472961425781,32,-73.4698486328125,-2.7211055755615234,27,-65.69428253173828,-2.433121681213379,27,560
-82.33927917480469,-2.2872021198272705,36,-92.53846740722656,-2.5705130100250244,36,-92.0499267578125,-2.5569424629211426,36,-58.506385803222656,-2.0174615383148193,29,-88.0398178100586,-2.4455504417419434,36,-78.47917175292969,-2.1799769401550293,36,561
-66.78115844726562,-1.55305016040802,43,-128.14161682128906,-2.9800376892089844,43,-154.96853637695312,-3.603919506072998,43,-55.113059997558594,-3.2419447898864746,17,-150.55197143554688,-3.501208543777466,43,-152.9879150390625,-3.557858467102051,43,562
-85.87139892578125,-2.3853166103363037,36,-75.68775939941406,-2.102437734603882,36,-83.6180191040039,-2.3227226734161377,36,-62.29576873779297,-2.0765256881713867,30,-91.19064331054688,-2.5330734252929688,36,-83.67903137207031,-2.3244175910949707,36,563
-61.152191162109375,-1.9726513624191284,31,-63.32288360595703,-2.0426735877990723,31,-63.26067352294922,-2.0406668186187744,31,-23.160566329956055,-1.1580283641815186,20,-83.80010986328125,-2.7032294273376465,31,-66.94189453125,-2.1594159603118896,31,564
-76.76445007324219,-2.3988890647888184,32,-99.04517364501953,-3.0951616764068604,32,-93.33806610107422,-2.9168145656585693,32,-101.36287689208984,-2.2525084018707275,45,-109.01824951171875,-3.406820297241211,32,-103.95093536376953,-3.248466730117798,32,565
-45.42169952392578,-0.9874282479286194,46,-99.97651672363281,-2.1734025478363037,46,-89.15702056884766,-1.938196063041687,46,-49.996925354003906,-1.4284836053848267,35,-99.57230377197266,-2.1646153926849365,46,-89.19476318359375,-1.939016580581665,46,566
-45.55476379394531,-1.5708539485931396,29,-89.27378845214844,-3.078406572341919,29,-93.43980407714844,-3.222062110900879,29,-76.66470336914062,-4.034984588623047,19,-90.21168518066406,-3.110747814178467,29,-88.72498321533203,-3.0594820976257324,29,567
-89.3544921875,-2.2338624000549316,40,-93.58831787109375,-2.339707851409912,40,-95.65675354003906,-2.391418933868408,40,-90.17606353759766,-2.4371910095214844,37,-104.61894226074219,-2.615473508834839,40,-106.36126708984375,-2.659031629562378,40,568
-87.20281219482422,-2.725087881088257,32,-58.85637664794922,-1.839261770248413,32,-45.172637939453125,-1.4116449356079102,32,-29.326284408569336,-0.8378938436508179,35,-67.040771484375,-2.0950241088867188,32,-60.19233703613281,-1.8810105323791504,32,569
-118.64049530029297,-2.524265766143799,47,-206.91473388671875,-4.402441024780273,47,-226.12335205078125,-4.811135292053223,47,-245.69082641601562,-5.118558883666992,48,-192.95504760742188,-4.10542631149292,47,-212.28567504882812,-4.516716480255127,47,570
-58.4370231628418,-1.8850653171539307,31,-98.08740234375,-3.164109706878662,31,-86.67390441894531,-2.7959322929382324,31,-101.24819946289062,-3.616007089614868,28,-102.2447738647461,-3.2982184886932373,31,-91.14219665527344,-2.940070867538452,31,571
-47.51628494262695,-1.900651454925537,25,-133.74212646484375,-5.349685192108154,25,-142.5727081298828,-5.702908515930176,25,-167.5311737060547,-3.896073818206787,43,-121.77517700195312,-4.871006965637207,25,-128.4456787109375,-5.137826919555664,25,572
-54.05351638793945,-1.3513379096984863,40,-87.2699203491211,-2.1817479133605957,40,-77.21400451660156,-1.9303500652313232,40,-50.80186462402344,-1.6933954954147339,30,-90.07030487060547,-2.2517576217651367,40,-89.13231658935547,-2.2283079624176025,40,573
-86.95909118652344,-2.2297203540802,39,-218.6934814453125,-5.60752534866333,39,-247.2095184326172,-6.338705539703369,39,-294.624755859375,-6.547216892242432,45,-204.06430053710938,-5.232418060302734,39,-235.7692413330078,-6.045365333557129,39,574
-84.87129211425781,-2.020745038986206,42,-93.48484802246094,-2.225829601287842,42,-76.98323822021484,-1.8329342603683472,42,-65.80236053466797,-1.604935646057129,41,-110.9692153930664,-2.6421241760253906,42,-95.96846008300781,-2.284963369369507,42,575
-23.02567481994629,-0.7675225138664246,30,-82.20077514648438,-2.740025758743286,30,-109.37890625,-3.645963430404663,30,-100.7341537475586,-2.5829269886016846,39,-93.27374267578125,-3.1091246604919434,30,-122.45945739746094,-4.081982135772705,30,576
-60.86613845825195,-2.341005325317383,26,-100.5116958618164,-3.8658344745635986,26,-106.65235900878906,-4.10201358795166,26,-95.93183135986328,-2.3398008346557617,41,-103.73446655273438,-3.9897871017456055,26,-116.56491088867188,-4.4832658767700195,26,577
-92.037353515625,-2.300933837890625,40,-78.98200988769531,-1.9745502471923828,40,-56.595130920410156,-1.414878249168396,40,-70.46012878417969,-1.4679193496704102,48,-97.16082000732422,-2.429020404815674,40,-84.13011169433594,-2.10325288772583,40,578
-70.77174377441406,-2.2116169929504395,32,-67.44973754882812,-2.107804298400879,32,-42.272430419921875,-1.3210134506225586,32,-42.704437255859375,-1.2940738201141357,33,-72.87211608886719,-2.2772536277770996,32,-65.53863525390625,-2.0480823516845703,32,579
-59.020057678222656,-1.7884865999221802,33,-57.16891098022461,-1.7323912382125854,33,-62.85672378540039,-1.9047491550445557,33,-54.233280181884766,-1.4657642841339111,37,-95.7889404296875,-2.9026951789855957,33,-95.27104949951172,-2.8870015144348145,33,580
-98.30430603027344,-2.34057879447937,42,-219.20852661132812,-5.219250679016113,42,-249.1958465576172,-5.933234214782715,42,-267.6666259765625,-6.083332538604736,44,-196.56353759765625,-4.680084228515625,42,-230.67117309570312,-5.492170810699463,42,581
-63.137237548828125,-2.4283552169799805,26,-65.58173370361328,-2.522374391555786,26,-75.9572525024414,-2.9214327335357666,26,-74.47808837890625,-1.6926838159561157,44,-69.59026336669922,-2.676548480987549,26,-82.6967544555664,-3.1806445121765137,26,582
-42.66272735595703,-1.6408741474151611,26,-76.42373657226562,-2.9393744468688965,26,-90.54757690429688,-3.4825990200042725,26,-123.32144165039062,-2.740476369857788,45,-63.802818298339844,-2.4539544582366943,26,-78.45845031738281,-3.0176327228546143,26,583
-96.46183013916016,-3.014432191848755,32,-101.15287780761719,-3.161027431488037,32,-96.02613067626953,-3.000816583633423,32,-87.57078552246094,-2.7365870475769043,32,-100.79624938964844,-3.1498827934265137,32,-90.62960815429688,-2.8321752548217773,32,584
-79.08976745605469,-1.614076852798462,49,-96.6751708984375,-1.9729626178741455,49,-88.38226318359375,-1.8037196397781372,49,-80.57623291015625,-2.0144057273864746,40,-126.91827392578125,-2.5901689529418945,49,-123.45034790039062,-2.519394874572754,49,585
-122.16351318359375,-3.5930445194244385,34,-215.9586181640625,-6.351724147796631,34,-216.2898712158203,-6.361466884613037,34,-283.07611083984375,-5.897418975830078,48,-197.72032165527344,-5.815303802490234,34,-188.27706909179688,-5.537560939788818,34,586
-117.80104064941406,-2.6772964000701904,44,-130.2890625,-2.9611151218414307,44,-109.99954223632812,-2.4999895095825195,44,-100.97169494628906,-2.294811248779297,44,-131.64990234375,-2.9920432567596436,44,-114.97406005859375,-2.613046884536743,44,587
-56.56304168701172,-1.3795863389968872,41,-82.66187286376953,-2.016143321990967,41,-89.90203857421875,-2.192732572555542,41,-54.835697174072266,-1.7136155366897583,32,-87.543212890625,-2.135200262069702,41,-95.78421020507812,-2.33620023727417,41,588
-50.405033111572266,-1.6259688138961792,31,-67.5329360961914,-2.1784818172454834,31,-77.09562683105469,-2.4869556427001953,31,-73.4764633178711,-1.4695292711257935,50,-80.14237976074219,-2.585237979888916,31,-84.25698852539062,-2.7179672718048096,31,589
-76.29045104980469,-1.7338738441467285,44,-88.33961486816406,-2.007718563079834,44,-72.14690399169922,-1.639702320098877,44,-71.56681823730469,-1.555800437927246,46,-93.93971252441406,-2.134993553161621,44,-78.08122253417969,-1.7745732069015503,44,590
-57.373252868652344,-1.550628423690796,37,-116.83522033691406,-3.1577086448669434,37,-94.12637329101562,-2.5439560413360596,37,-61.98638153076172,-2.582765817642212,24,-119.95732116699219,-3.2420897483825684,37,-99.00215148925781,-2.675733804702759,37,591
-81.05413818359375,-2.8947906494140625,28,-89.44609832763672,-3.1945035457611084,28,-71.76446533203125,-2.563016653060913,28,-89.2939453125,-1.8998712301254272,47,-71.53501892089844,-2.5548222064971924,28,-78.64871215820312,-2.808882474899292,28,592
-69.61726379394531,-2.400595188140869,29,-68.70838928222656,-2.3692548274993896,29,-52.86990737915039,-1.823100209236145,29,-46.38626480102539,-1.7180098295211792,27,-86.0540771484375,-2.9673819541931152,29,-61.418060302734375,-2.1178641319274902,29,593
-70.96856689453125,-1.9713491201400757,36,-101.64068603515625,-2.823352336883545,36,-93.35508728027344,-2.5931968688964844,36,-80.55101013183594,-2.4409396648406982,33,-103.7579345703125,-2.88216495513916,36,-93.21376037597656,-2.589271068572998,36,594
-77.58473205566406,-2.58615779876709,30,-112.42002868652344,-3.7473342418670654,30,-111.21126556396484,-3.7070422172546387,30,-104.57060241699219,-2.987731456756592,35,-122.13313293457031,-4.071104526519775,30,-117.35771179199219,-3.91192364692688,30,595
-92.16889953613281,-3.1782379150390625,29,-107.19931030273438,-3.6965279579162598,29,-78.26918029785156,-2.698937177658081,29,-101.80486297607422,-2.7514827251434326,37,-107.55496978759766,-3.708791971206665,29,-98.86559295654297,-3.40915846824646,29,596
-69.49856567382812,-2.779942512512207,25,-52.27159881591797,-2.0908639430999756,25,-39.03711700439453,-1.561484694480896,25,-37.57707977294922,-1.2121638059616089,31,-68.67412567138672,-2.746964931488037,25,-56.92913055419922,-2.277165174484253,25,597
-89.38311767578125,-3.437812328338623,26,-76.39359283447266,-2.9382150173187256,26,-64.77743530273438,-2.4914398193359375,26,-62.49200439453125,-2.1548967361450195,29,-74.28895568847656,-2.8572676181793213,26,-64.87895965576172,-2.495344638824463,26,598
-70.76451110839844,-2.52730393409729,28,-74.75473022460938,-2.669811725616455,28,-75.53738403320312,-2.697763681411743,28,-81.72618865966797,-2.208815813064575,37,-75.74693298339844,-2.705247640609741,28,-73.62960815429688,-2.629628896713257,28,599
-62.97036361694336,-1.5742590427398682,40,-97.21760559082031,-2.4304401874542236,40,-96.66410827636719,-2.416602611541748,40,-91.62896728515625,-2.4112884998321533,38,-94.92168426513672,-2.373042106628418,40,-97.56156158447266,-2.4390389919281006,40,600
-121.42770385742188,-3.46936297416687,35,-106.82283020019531,-3.0520808696746826,35,-101.84248352050781,-2.909785270690918,35,-105.83365631103516,-2.2517800331115723,47,-114.93801879882812,-3.2839434146881104,35,-98.47132873535156,-2.8134665489196777,35,601
-41.89657974243164,-1.6758631467819214,25,-57.11724853515625,-2.2846899032592773,25,-40.692874908447266,-1.627714991569519,25,-21.313594818115234,-0.9266780614852905,23,-64.75656127929688,-2.5902624130249023,25,-34.95866394042969,-1.3983465433120728,25,602
-78.8223876953125,-1.71353018283844,46,-110.27963256835938,-2.397383213043213,46,-110.853759765625,-2.4098644256591797,46,-79.3005599975586,-2.1432583332061768,37,-125.73079681396484,-2.733278274536133,46,-114.57652282714844,-2.4907939434051514,46,603
-95.33512878417969,-2.072502851486206,46,-114.4533920288086,-2.488117218017578,46,-101.53016662597656,-2.2071776390075684,46,-99.16639709472656,-2.253781795501709,44,-107.58024597167969,-2.338701009750366,46,-98.69540405273438,-2.145552158355713,46,604
-69.22505187988281,-1.9778586626052856,35,-91.37171936035156,-2.6106204986572266,35,-88.70577239990234,-2.5344505310058594,35,-79.04974365234375,-2.725853204727173,29,-93.16112518310547,-2.6617465019226074,35,-97.29512786865234,-2.779860734939575,35,605
-29.10664939880371,-1.0036776065826416,29,-78.71528625488281,-2.714320182800293,29,-74.48756408691406,-2.5685367584228516,29,-51.259437561035156,-1.1920799016952515,43,-90.2237548828125,-3.111163854598999,29,-77.11605072021484,-2.6591742038726807,29,606
-84.45394897460938,-1.9194079637527466,44,-111.64557647705078,-2.5373995304107666,44,-84.81582641601562,-1.927632451057434,44,-81.68631744384766,-1.8152514696121216,45,-112.94713592529297,-2.5669803619384766,44,-87.63797760009766,-1.991772174835205,44,607
-120.61566162109375,-3.1740963459014893,38,-143.65516662597656,-3.7803990840911865,38,-133.10162353515625,-3.5026743412017822,38,-121.4964828491211,-3.6817116737365723,33,-130.199951171875,-3.42631459236145,38,-136.52130126953125,-3.592665910720825,38,608
-146.34963989257812,-3.1138222217559814,47,-125.34332275390625,-2.666879177093506,47,-118.021240234375,-2.5110902786254883,47,-102.53485870361328,-2.3303377628326416,44,-132.8701934814453,-2.8270254135131836,47,-115.47708892822266,-2.4569592475891113,47,609
-68.9854736328125,-1.815407156944275,38,-95.64851379394531,-2.517066240310669,38,-84.86367797851562,-2.2332546710968018,38,-120.31716918945312,-2.4554524421691895,49,-95.45341491699219,-2.511931896209717,38,-86.79420471191406,-2.284058094024658,38,610
-50.849266052246094,-0.977870523929596,52,-89.28590393066406,-1.7170366048812866,52,-81.11298370361328,-1.559865117073059,52,-24.80767250061035,-0.576922595500946,43,-91.94013214111328,-1.7680795192718506,52,-79.07605743408203,-1.5206934213638306,52,611
-130.10438537597656,-3.1732776165008545,41,-113.22349548339844,-2.7615487575531006,41,-98.30077362060547,-2.3975799083709717,41,-89.6518783569336,-2.359259843826294,38,-124.88516235351562,-3.0459794998168945,41,-107.261962890625,-2.616145372390747,41,612
-116.486572265625,-3.5298960208892822,33,-92.09809875488281,-2.790851593017578,33,-64.41329956054688,-1.951918125152588,33,-89.6658935546875,-2.134902238845825,42,-91.5771713256836,-2.7750658988952637,33,-77.08399963378906,-2.335878849029541,33,613
-114.43299865722656,-2.724595308303833,42,-159.06869506835938,-3.7873499393463135,42,-143.75970458984375,-3.4228501319885254,42,-113.91481018066406,-3.6746714115142822,31,-145.90240478515625,-3.4738667011260986,42,-139.01805114746094,-3.3099536895751953,42,614
-32.47245407104492,-0.9020125865936279,36,-110.84571838378906,-3.079047679901123,36,-96.71297454833984,-2.686471462249756,36,-78.9498291015625,-2.6316609382629395,30,-104.81951904296875,-2.9116532802581787,36,-105.79733276367188,-2.938814878463745,36,615
-78.59559631347656,-2.068305253982544,38,-105.7462158203125,-2.7827951908111572,38,-96.19141387939453,-2.531352996826172,38,-106.17555236816406,-2.4130806922912598,44,-113.88385009765625,-2.996943473815918,38,-90.13859558105469,-2.372068405151367,38,616
-66.01201629638672,-2.1294198036193848,31,-109.24224853515625,-3.5239434242248535,31,-98.18523406982422,-3.1672656536102295,31,-96.1566390991211,-3.1018271446228027,31,-128.79977416992188,-4.154831409454346,31,-99.93295288085938,-3.2236435413360596,31,617
-39.561588287353516,-1.5824635028839111,25,-58.195640563964844,-2.3278255462646484,25,-52.16631317138672,-2.0866525173187256,25,-68.80108642578125,-2.08488130569458,33,-65.39376831054688,-2.615750789642334,25,-39.43387222290039,-1.577354907989502,25,618
-49.08454132080078,-1.1971839666366577,41,-113.60430908203125,-2.77083683013916,41,-102.05619049072266,-2.489175319671631,41,-104.39891052246094,-2.4856884479522705,42,-125.18773651123047,-3.0533595085144043,41,-106.71772003173828,-2.6028711795806885,41,619
-134.79171752929688,-3.7442142963409424,36,-109.84735107421875,-3.0513153076171875,36,-102.13267517089844,-2.8370187282562256,36,-111.06065368652344,-2.7765164375305176,40,-104.37923431396484,-2.899423122406006,36,-99.02944946289062,-2.7508180141448975,36,620
-59.34394073486328,-1.380091667175293,43,-58.54791259765625,-1.361579418182373,43,-52.350807189941406,-1.2174606323242188,43,-55.94727325439453,-1.1903674602508545,47,-70.11416625976562,-1.6305619478225708,43,-51.26570129394531,-1.1922255754470825,43,621
-106.3203125,-2.7261619567871094,39,-125.02837371826172,-3.2058558464050293,39,-86.22770690917969,-2.2109668254852295,39,-49.98799133300781,-1.6125158071517944,31,-141.61715698242188,-3.631209135055542,39,-77.15815734863281,-1.9784142971038818,39,622
-52.52001953125,-1.1174472570419312,47,-73.36997985839844,-1.5610634088516235,47,-90.41590881347656,-1.9237427711486816,47,-83.87673950195312,-1.7474321126937866,48,-76.8121337890625,-1.634300708770752,47,-86.41158294677734,-1.8385443687438965,47,623
-104.24151611328125,-2.6060378551483154,40,-72.4997329711914,-1.8124933242797852,40,-79.65731048583984,-1.991432785987854,40,-67.04302978515625,-1.8119738101959229,37,-74.1520004272461,-1.8538000583648682,40,-79.95630645751953,-1.9989076852798462,40,624
-124.23800659179688,-2.5354695320129395,49,-132.04185485839844,-2.6947317123413086,49,-122.64811706542969,-2.5030229091644287,49,-86.14506530761719,-2.871502161026001,30,-126.0926513671875,-2.573319435119629,49,-140.37501525878906,-2.8647961616516113,49,625
-106.33699035644531,-3.127558469772339,34,-99.27435302734375,-2.9198338985443115,34,-72.66499328613281,-2.1372056007385254,34,-47.084320068359375,-1.7438637018203735,27,-101.6161117553711,-2.9887092113494873,34,-70.71797943115234,-2.0799405574798584,34,626
-201.54544067382812,-2.457871198654175,82,-190.59954833984375,-2.3243846893310547,82,-189.86453247070312,-2.3154211044311523,82,-52.200096130371094,-1.581821084022522,33,-185.55209350585938,-2.2628304958343506,82,-180.8295440673828,-2.2052383422851562,82,627
-103.86791229248047,-2.5966978073120117,40,-203.64016723632812,-5.091004371643066,40,-233.93212890625,-5.848303318023682,40,-279.8621520996094,-5.830461502075195,48,-196.32003784179688,-4.908000946044922,40,-229.55996704101562,-5.738999366760254,40,628
-57.4906005859375,-1.5537999868392944,37,-141.88369750976562,-3.8346946239471436,37,-139.92816162109375,-3.7818422317504883,37,-125.48606872558594,-3.9214396476745605,32,-146.27890014648438,-3.953483819961548,37,-139.58444213867188,-3.772552490234375,37,629
-68.30919647216797,-2.732367753982544,25,-106.48008728027344,-4.2592034339904785,25,-74.98068237304688,-2.999227285385132,25,-88.38204956054688,-3.273409128189087,27,-92.5376968383789,-3.701507806777954,25,-88.90191650390625,-3.556076765060425,25,630
-64.35252380371094,-2.07588791847229,31,-59.810943603515625,-1.9293853044509888,31,-63.695655822753906,-2.0546984672546387,31,-47.238990783691406,-1.431484580039978,33,-60.750022888183594,-1.9596781730651855,31,-58.546661376953125,-1.8886020183563232,31,631
-39.57170867919922,-1.3645416498184204,29,-53.049903869628906,-1.8293070793151855,29,-81.45697784423828,-2.808861255645752,29,-113.86387634277344,-2.8465969562530518,40,-63.25938034057617,-2.1813578605651855,29,-85.24031829833984,-2.939321279525757,29,632
-25.88669204711914,-0.7613732814788818,34,-59.94795227050781,-1.7631750106811523,34,-54.58580780029297,-1.6054649353027344,34,-47.07947540283203,-1.3077632188796997,36,-58.77244567871094,-1.728601336479187,34,-55.659568786621094,-1.6370460987091064,34,633
-93.87527465820312,-2.0861172676086426,45,-121.59393310546875,-2.70208740234375,45,-113.85086059570312,-2.5300190448760986,45,-125.1201171875,-2.780447006225586,45,-128.11984252929688,-2.8471076488494873,45,-120.87858581542969,-2.6861908435821533,45,634
-58.234222412109375,-1.4558556079864502,40,-76.00685119628906,-1.9001712799072266,40,-82.73268127441406,-2.06831693649292,40,-101.1267318725586,-2.298334836959839,44,-93.29103088378906,-2.332275867462158,40,-104.80828857421875,-2.6202073097229004,40,635
-72.83212280273438,-2.0809178352355957,35,-78.9971923828125,-2.2570626735687256,35,-92.33918762207031,-2.6382625102996826,35,-100.50163269042969,-2.3928959369659424,42,-81.94972229003906,-2.3414206504821777,35,-91.64775085449219,-2.618507146835327,35,636
-69.98146057128906,-1.4579471349716187,48,-130.25997924804688,-2.713749647140503,48,-70.40606689453125,-1.4667930603027344,48,-54.87972640991211,-1.2195494174957275,45,-124.64009857177734,-2.5966687202453613,48,-77.14715576171875,-1.6072324514389038,48,637
-52.01662826538086,-2.6008315086364746,20,-44.15777587890625,-2.2078888416290283,20,-52.45347595214844,-2.622673749923706,20,-37.188987731933594,-2.0660548210144043,18,-48.695106506347656,-2.434755325317383,20,-55.779869079589844,-2.7889933586120605,20,638
-78.51400756835938,-2.2432572841644287,35,-81.85668182373047,-2.3387622833251953,35,-62.38949966430664,-1.7825571298599243,35,-61.503936767578125,-1.6185246706008911,38,-83.77655029296875,-2.39361572265625,35,-48.65558624267578,-1.3901596069335938,35,639
-83.11075592041016,-1.8888808488845825,44,-74.1173095703125,-1.6844843626022339,44,-78.898193359375,-1.7931407690048218,44,-73.43171691894531,-1.7483742237091064,42,-86.16175842285156,-1.9582217931747437,44,-77.80357360839844,-1.7682629823684692,44,640
-64.81757354736328,-1.7057256698608398,38,-116.65341186523438,-3.069826602935791,38,-92.78315734863281,-2.441662073135376,38,-57.827213287353516,-1.9940418004989624,29,-123.78726959228516,-3.2575597763061523,38,-99.16735076904297,-2.6096670627593994,38,641
-75.95769500732422,-2.170219898223877,35,-82.67242431640625,-2.3620693683624268,35,-78.85385131835938,-2.252967119216919,35,-67.44519805908203,-2.4979703426361084,27,-87.74700927734375,-2.5070574283599854,35,-87.26841735839844,-2.4933834075927734,35,642
-77.30457305908203,-1.8405851125717163,42,-111.27098083496094,-2.6493091583251953,42,-117.8154067993164,-2.805128812789917,42,-65.78042602539062,-2.436311960220337,27,-130.49171447753906,-3.106945514678955,42,-115.26725006103516,-2.7444584369659424,42,643
-87.12501525878906,-2.9041671752929688,30,-90.27007293701172,-3.009002447128296,30,-80.94206237792969,-2.698068857192993,30,-84.54891204833984,-1.7989130020141602,47,-83.57610321044922,-2.78587007522583,30,-81.59739685058594,-2.7199132442474365,30,644
-124.38780212402344,-2.6465489864349365,47,-124.0586929321289,-2.6395466327667236,47,-81.80975341796875,-1.7406330108642578,47,-69.63473510742188,-1.582607626914978,44,-118.85574340820312,-2.5288455486297607,47,-77.020751953125,-1.6387393474578857,47,645
-78.61568450927734,-2.382293462753296,33,-92.16512298583984,-2.7928824424743652,33,-81.04920959472656,-2.4560365676879883,33,-65.88200378417969,-2.635280132293701,25,-94.38778686523438,-2.8602359294891357,33,-84.39002990722656,-2.5572736263275146,33,646
-117.90045928955078,-3.275012731552124,36,-91.88313293457031,-2.552309274673462,36,-77.0769271850586,-2.1410257816314697,36,-78.85212707519531,-1.8774316310882568,42,-92.03474426269531,-2.556520700454712,36,-83.76416015625,-2.3267822265625,36,647
-46.68629837036133,-1.1671574115753174,40,-63.678863525390625,-1.5919716358184814,40,-54.79609680175781,-1.3699023723602295,40,-54.838050842285156,-1.3709512948989868,40,-71.39469146728516,-1.784867286682129,40,-58.12400817871094,-1.4531002044677734,40,648
-76.07503509521484,-2.1131954193115234,36,-75.99064636230469,-2.110851287841797,36,-66.92657470703125,-1.8590714931488037,36,-70.9208755493164,-1.866338849067688,38,-81.26937103271484,-2.2574825286865234,36,-74.66316986083984,-2.073976993560791,36,649
-88.99488830566406,-2.542711019515991,35,-94.06622314453125,-2.6876063346862793,35,-82.79669189453125,-2.365619659423828,35,-80.28793334960938,-2.9736270904541016,27,-99.20719909667969,-2.834491491317749,35,-96.13396453857422,-2.7466847896575928,35,650
-82.34803009033203,-2.2256224155426025,37,-142.82107543945312,-3.8600289821624756,37,-140.6038818359375,-3.800104856491089,37,-111.47053527832031,-3.981090545654297,28,-159.7899932861328,-4.318648338317871,37,-145.37615966796875,-3.9290854930877686,37,651
-70.64630889892578,-2.2076971530914307,32,-95.65095520019531,-2.9890923500061035,32,-65.36494445800781,-2.042654514312744,32,-27.142236709594727,-1.0439321994781494,26,-93.72625732421875,-2.928945541381836,32,-74.09393310546875,-2.3154354095458984,32,652
-94.8824462890625,-2.018775463104248,47,-113.59687042236328,-2.416954755783081,47,-110.11613464355469,-2.3428964614868164,47,-71.75202178955078,-2.3145813941955566,31,-117.39234161376953,-2.4977095127105713,47,-116.26966094970703,-2.473822593688965,47,653
-62.20686340332031,-3.1103432178497314,20,-72.18687438964844,-3.6093437671661377,20,-55.875885009765625,-2.7937941551208496,20,-118.61433410644531,-2.238006353378296,53,-66.96427917480469,-3.3482139110565186,20,-60.246246337890625,-3.012312412261963,20,654
-114.072021484375,-3.6797425746917725,31,-74.07304382324219,-2.3894529342651367,31,-87.08055877685547,-2.8090503215789795,31,-65.77774047851562,-2.8599016666412354,23,-74.84526062011719,-2.414363145828247,31,-89.66216278076172,-2.8923277854919434,31,655
-84.07256317138672,-2.4020731449127197,35,-103.8404769897461,-2.9668707847595215,35,-93.60277557373047,-2.6743650436401367,35,-98.81324768066406,-2.744812488555908,36,-111.9115219116211,-3.197472095489502,35,-90.209716796875,-2.577420473098755,35,656
-169.09701538085938,-3.757711410522461,45,-115.21903991699219,-2.5604231357574463,45,-89.7858657836914,-1.995241403579712,45,-89.89232635498047,-1.872756838798523,48,-129.82833862304688,-2.8850741386413574,45,-78.81173706054688,-1.75137197971344,45,657
-58.7629280090332,-2.0986759662628174,28,-69.05079650878906,-2.466099977493286,28,-72.28787231445312,-2.581709623336792,28,-42.66735076904297,-2.031778573989868,21,-78.61276245117188,-2.80759859085083,28,-81.73399353027344,-2.9190711975097656,28,658
-69.19110870361328,-2.0967001914978027,33,-81.80192565917969,-2.478846311569214,33,-73.82300567626953,-2.237060785293579,33,-62.82124328613281,-2.1662497520446777,29,-79.89376068115234,-2.42102313041687,33,-79.26527404785156,-2.401978015899658,33,659
-75.47430419921875,-2.6955108642578125,28,-85.02279663085938,-3.0365283489227295,28,-76.56437683105469,-2.7344419956207275,28,-73.47944641113281,-2.533773899078369,29,-92.41416931152344,-3.300506114959717,28,-83.2580337524414,-2.973501205444336,28,660
-70.31596374511719,-2.604295015335083,27,-73.95630645751953,-2.7391223907470703,27,-67.16527557373047,-2.487602710723877,27,-70.88825988769531,-2.2152581214904785,32,-69.29859924316406,-2.566614866256714,27,-68.10405731201172,-2.5223724842071533,27,661
-35.98745346069336,-1.7136882543563843,21,-81.9962158203125,-3.9045817852020264,21,-71.40919494628906,-3.400437831878662,21,-60.224205017089844,-2.150864362716675,28,-90.08387756347656,-4.289708614349365,21,-70.88017272949219,-3.375246286392212,21,662
-70.02763366699219,-1.6673246622085571,42,-91.85650634765625,-2.1870596408843994,42,-72.3338851928711,-1.7222353219985962,42,-76.77693176269531,-1.7061539888381958,45,-87.99197387695312,-2.0950469970703125,42,-74.57715606689453,-1.7756465673446655,42,663
-76.4595718383789,-2.548652410507202,30,-74.3895492553711,-2.479651689529419,30,-82.4996337890625,-2.749987840652466,30,-98.45220184326172,-2.812920093536377,35,-78.54811096191406,-2.6182703971862793,30,-74.0226821899414,-2.4674227237701416,30,664
-77.76604461669922,-2.4301888942718506,32,-69.48750305175781,-2.1714844703674316,32,-57.06079864501953,-1.7831499576568604,32,-98.84513854980469,-2.3534557819366455,42,-86.37232208251953,-2.6991350650787354,32,-75.8356704711914,-2.3698647022247314,32,665
-44.895957946777344,-1.3204693794250488,34,-100.43231964111328,-2.9538917541503906,34,-78.60787963867188,-2.3119964599609375,34,-76.17221069335938,-2.30824875831604,33,-104.58518981933594,-3.0760350227355957,34,-79.33897399902344,-2.3334991931915283,34,666
-76.07827758789062,-1.811387538909912,42,-140.69393920898438,-3.349855661392212,42,-152.2361602783203,-3.6246705055236816,42,-70.61021423339844,-3.9227895736694336,18,-148.31698608398438,-3.5313568115234375,42,-144.4383544921875,-3.4390084743499756,42,667
-83.37776947021484,-2.316049098968506,36,-83.57928466796875,-2.3216466903686523,36,-69.7213134765625,-1.9367032051086426,36,-73.6728515625,-2.0464680194854736,36,-82.96971130371094,-2.3047142028808594,36,-75.53556060791016,-2.098210096359253,36,668
-108.27896118164062,-2.3038077354431152,47,-143.35137939453125,-3.0500292778015137,47,-132.85635375976562,-2.826730966567993,47,-96.83628845214844,-2.548323392868042,38,-143.98556518554688,-3.0635225772857666,47,-129.48297119140625,-2.7549567222595215,47,669
-90.60391998291016,-3.355700731277466,27,-94.85852813720703,-3.5132787227630615,27,-71.82959747314453,-2.660355567932129,27,-74.88079833984375,-1.6278434991836548,46,-104.47413635253906,-3.869412422180176,27,-81.21041870117188,-3.0077931880950928,27,670
-106.35535430908203,-2.7988250255584717,38,-96.1363754272461,-2.52990460395813,38,-104.13362121582031,-2.740358352661133,38,-106.95848083496094,-2.3768551349639893,45,-105.30220031738281,-2.7711105346679688,38,-112.9205093383789,-2.971592426300049,38,671
-81.14210510253906,-2.1353185176849365,38,-101.85621643066406,-2.680426836013794,38,-80.37811279296875,-2.115213394165039,38,-79.59932708740234,-2.211092472076416,36,-110.39903259277344,-2.9052376747131348,38,-90.20838928222656,-2.3739049434661865,38,672
-32.360469818115234,-1.4069769382476807,23,-56.94060516357422,-2.4756784439086914,23,-63.16322326660156,-2.7462270259857178,23,-109.43777465820312,-2.431950569152832,45,-66.47882843017578,-2.8903839588165283,23,-65.58373260498047,-2.851466655731201,23,673
-142.63189697265625,-3.169597625732422,45,-151.57296752929688,-3.368288278579712,45,-108.70307922363281,-2.415623903274536,45,-110.576904296875,-2.5131113529205322,44,-140.64990234375,-3.1255533695220947,45,-111.41145324707031,-2.4758100509643555,45,674
-152.11428833007812,-3.4571428298950195,44,-116.19647216796875,-2.640828847885132,44,-116.50343322753906,-2.6478052139282227,44,-57.41482925415039,-2.392284631729126,24,-123.51155090332031,-2.8070807456970215,44,-118.2522201538086,-2.6875505447387695,44,675
-79.34154510498047,-1.8890844583511353,42,-107.0831069946289,-2.54959774017334,42,-94.09980773925781,-2.240471601486206,42,-97.52467346191406,-2.3220160007476807,42,-120.14009094238281,-2.860478401184082,42,-98.56377410888672,-2.3467564582824707,42,676
-79.80774688720703,-2.1002037525177,38,-112.65898132324219,-2.964709997177124,38,-100.54084777832031,-2.6458117961883545,38,-88.93456268310547,-2.6949868202209473,33,-133.0899658203125,-3.5023674964904785,38,-116.9248275756836,-3.0769691467285156,38,677
-78.39960479736328,-2.0102462768554688,39,-104.24797058105469,-2.673024892807007,39,-102.09162902832031,-2.61773419380188,39,-92.46798706054688,-2.2016186714172363,42,-121.37736511230469,-3.1122400760650635,39,-119.96573638916016,-3.0760445594787598,39,678
-56.29083251953125,-1.815833330154419,31,-91.41818237304688,-2.9489736557006836,31,-80.7255859375,-2.604051113128662,31,-87.93486022949219,-2.4426350593566895,36,-99.56657409667969,-3.211824893951416,31,-88.611083984375,-2.858422040939331,31,679
-169.91213989257812,-3.467594623565674,49,-143.4459228515625,-2.9274678230285645,49,-111.97223663330078,-2.2851476669311523,49,-81.71255493164062,-2.1503303050994873,38,-146.4483184814453,-2.988741159439087,49,-111.4681396484375,-2.27485990524292,49,680
-39.40947341918945,-0.9612066745758057,41,-79.71370697021484,-1.9442367553710938,41,-84.40978240966797,-2.0587751865386963,41,-60.32806396484375,-2.080278158187866,29,-73.1457290649414,-1.7840421199798584,41,-75.6909408569336,-1.8461204767227173,41,681
-15.673428535461426,-0.6814534068107605,23,-45.69602966308594,-1.9867838621139526,23,-63.97509765625,-2.7815260887145996,23,-48.521080017089844,-1.7970770597457886,27,-51.293609619140625,-2.230156898498535,23,-52.75408172607422,-2.2936556339263916,23,682
-39.79389953613281,-0.970582902431488,41,-63.69023132324219,-1.5534203052520752,41,-82.326171875,-2.007955312728882,41,-39.78379821777344,-1.2833483219146729,31,-100.55860900878906,-2.4526491165161133,41,-86.23030090332031,-2.103178024291992,41,683
-67.10671997070312,-1.4912604093551636,45,-93.56275177001953,-2.079172372817993,45,-99.59534454345703,-2.2132298946380615,45,-48.76252746582031,-2.0317718982696533,24,-110.01705169677734,-2.4448232650756836,45,-115.66259765625,-2.570279836654663,45,684
-69.00544738769531,-1.6429868936538696,42,-101.38685607910156,-2.413972854614258,42,-108.12727355957031,-2.5744588375091553,42,-111.77739715576172,-2.328695774078369,48,-80.49308776855469,-1.9165021181106567,42,-110.68901062011719,-2.6354527473449707,42,685
-64.89927673339844,-2.028102397918701,32,-85.99998474121094,-2.687499523162842,32,-63.235145568847656,-1.9760982990264893,32,-64.56726837158203,-1.844779133796692,35,-88.83503723144531,-2.776094913482666,32,-70.38188934326172,-2.1994340419769287,32,686
-31.37165069580078,-0.87143474817276,36,-101.47447204589844,-2.818735361099243,36,-99.99987030029297,-2.7777740955352783,36,-88.91029357910156,-1.8917083740234375,47,-109.5358657836914,-3.0426628589630127,36,-103.46051025390625,-2.8739030361175537,36,687
-175.28414916992188,-3.729449987411499,47,-180.05593872070312,-3.830977439880371,47,-159.76864624023438,-3.3993330001831055,47,-98.0802001953125,-3.2693400382995605,30,-189.42727661132812,-4.030367374420166,47,-156.99615478515625,-3.340343713760376,47,688
-61.710594177246094,-2.1279516220092773,29,-70.13093566894531,-2.4183080196380615,29,-71.71833038330078,-2.473045825958252,29,-70.79425048828125,-2.3598084449768066,30,-72.18363952636719,-2.489090919494629,29,-69.44109344482422,-2.3945205211639404,29,689
-103.67744445800781,-2.3563055992126465,44,-108.40644073486328,-2.463782787322998,44,-83.1120376586914,-1.888909935951233,44,-74.66409301757812,-1.7777165174484253,42,-105.03724670410156,-2.3872101306915283,44,-84.68785095214844,-1.9247238636016846,44,690
-83.2907485961914,-2.191861867904663,38,-121.92988586425781,-3.208681106567383,38,-122.06396484375,-3.212209701538086,38,-123.70134735107422,-3.4361486434936523,36,-125.72097778320312,-3.3084468841552734,38,-113.88471984863281,-2.9969663619995117,38,691
-110.48091125488281,-2.832843780517578,39,-105.12086486816406,-2.695406675338745,39,-103.41242980957031,-2.6516008377075195,39,-100.14358520507812,-2.2759904861450195,44,-107.85433197021484,-2.765495777130127,39,-105.10209655761719,-2.694925546646118,39,692
-79.11016845703125,-3.042698860168457,26,-60.5725212097168,-2.329712390899658,26,-60.45748519897461,-2.3252878189086914,26,-55.665130615234375,-2.4202229976654053,23,-66.7768783569336,-2.5683414936065674,26,-58.63259506225586,-2.2550997734069824,26,693
-38.88799285888672,-1.4402960538864136,27,-80.02064514160156,-2.9637277126312256,27,-84.74026489257812,-3.138528347015381,27,-141.35829162597656,-2.667137622833252,53,-84.19234466552734,-3.118234872817993,27,-93.43721008300781,-3.460637331008911,27,694
-60.08836364746094,-1.3974038362503052,43,-107.62754821777344,-2.5029661655426025,43,-100.15550231933594,-2.329197645187378,43,-66.76255798339844,-2.1536309719085693,31,-110.28715515136719,-2.5648176670074463,43,-108.90029907226562,-2.532565116882324,43,695
-49.78558349609375,-1.4642819166183472,34,-80.44718170166016,-2.366093635559082,34,-83.0234146118164,-2.4418652057647705,34,-88.53179931640625,-2.52947998046875,35,-96.6572265625,-2.8428595066070557,34,-101.32296752929688,-2.9800872802734375,34,696
-91.3409423828125,-2.8544044494628906,32,-91.40498352050781,-2.856405735015869,32,-80.38774108886719,-2.5121169090270996,32,-69.42037200927734,-2.314012289047241,30,-92.47492980957031,-2.8898415565490723,32,-79.67439270019531,-2.4898247718811035,32,697
-51.07023620605469,-1.3439536094665527,38,-104.32691192626953,-2.7454450130462646,38,-69.57738494873047,-1.8309837579727173,38,-26.17102813720703,-1.4539459943771362,18,-109.31419372558594,-2.8766891956329346,38,-85.86265563964844,-2.2595436573028564,38,698
-116.34426879882812,-2.9831864833831787,39,-95.39093017578125,-2.4459211826324463,39,-96.42106628417969,-2.47233510017395,39,-19.332292556762695,-1.0740162134170532,18,-120.30430603027344,-3.084725856781006,39,-105.76078796386719,-2.711815118789673,39,699
-58.78810119628906,-1.5470552444458008,38,-70.67757415771484,-1.8599361181259155,38,-63.221839904785156,-1.663732647895813,38,-65.94159698486328,-1.5335254669189453,43,-75.90634155273438,-1.9975353479385376,38,-78.08167266845703,-2.054780960083008,38,700
-98.85671997070312,-2.1490590572357178,46,-125.42998504638672,-2.726738691329956,46,-123.68792724609375,-2.6888680458068848,46,-73.24205017089844,-2.525588035583496,29,-147.84661865234375,-3.214056968688965,46,-147.75143432617188,-3.2119877338409424,46,701
-83.27407836914062,-2.6023149490356445,32,-88.96286010742188,-2.7800893783569336,32,-65.21308898925781,-2.0379090309143066,32,-64.02616882324219,-1.8831225633621216,34,-89.61063385009766,-2.8003323078155518,32,-65.41332244873047,-2.044166326522827,32,702
-124.59422302246094,-3.2787952423095703,38,-140.05294799804688,-3.6856038570404053,38,-152.8997039794922,-4.02367639541626,38,-126.6119613647461,-4.52185583114624,28,-127.23110961914062,-3.348187208175659,38,-159.1842803955078,-4.189060211181641,38,703
-88.37757873535156,-3.0475027561187744,29,-124.28082275390625,-4.285545825958252,29,-114.13549041748047,-3.935706615447998,29,-153.16519165039062,-3.829129695892334,40,-116.6965103149414,-4.024017810821533,29,-115.51504516601562,-3.9832773208618164,29,704
-97.38497161865234,-2.7824277877807617,35,-93.72943115234375,-2.6779837608337402,35,-83.3722152709961,-2.382063388824463,35,-89.4245834350586,-2.484016180038452,36,-96.95332336425781,-2.770094871520996,35,-93.08301544189453,-2.6595146656036377,35,705
-31.43832778930664,-1.3668838739395142,23,-63.54368209838867,-2.7627687454223633,23,-73.5762939453125,-3.1989693641662598,23,-107.18049621582031,-2.8967702388763428,37,-69.23692321777344,-3.010301113128662,23,-80.90658569335938,-3.5176775455474854,23,706
-52.730506896972656,-1.38764488697052,38,-87.43182373046875,-2.300837516784668,38,-71.99835205078125,-1.8946934938430786,38,-52.814537048339844,-1.600440502166748,33,-89.29412841796875,-2.3498454093933105,38,-83.48213958740234,-2.1968984603881836,38,707
-97.93354797363281,-2.7203762531280518,36,-87.46694946289062,-2.4296374320983887,36,-66.89640808105469,-1.8582335710525513,36,-45.43295669555664,-1.5144318342208862,30,-94.970703125,-2.638075113296509,36,-64.43572998046875,-1.7898813486099243,36,708
-86.98490142822266,-1.8507425785064697,47,-148.9301300048828,-3.1687262058258057,47,-133.49440002441406,-2.840306282043457,47,-87.714111328125,-2.9238038063049316,30,-148.732177734375,-3.1645143032073975,47,-137.72769165039062,-2.9303765296936035,47,709
-48.30748748779297,-2.1957948207855225,22,-68.17008972167969,-3.0986404418945312,22,-89.04203033447266,-4.047365188598633,22,-86.5760498046875,-2.546354293823242,34,-65.2201156616211,-2.964550733566284,22,-83.53993225097656,-3.797269582748413,22,710
-43.325077056884766,-1.0315494537353516,42,-67.26170349121094,-1.6014691591262817,42,-62.607452392578125,-1.49065363407135,42,-40.263553619384766,-1.0065888166427612,40,-83.06742858886719,-1.977795958518982,42,-77.690673828125,-1.8497779369354248,42,711
-78.68830871582031,-2.248237371444702,35,-106.96488189697266,-3.0561394691467285,35,-83.11458587646484,-2.3747024536132812,35,-76.38871765136719,-2.0645599365234375,37,-84.79530334472656,-2.4227230548858643,35,-69.23213195800781,-1.9780609607696533,35,712
-51.07269287109375,-1.13494873046875,45,-110.6702651977539,-2.459339141845703,45,-114.90141296386719,-2.5533647537231445,45,-39.67108154296875,-1.5258108377456665,26,-113.17383575439453,-2.5149741172790527,45,-105.12972259521484,-2.3362159729003906,45,713
-59.65950012207031,-1.8078635931015015,33,-98.11381530761719,-2.9731459617614746,33,-90.80113220214844,-2.751549482345581,33,-77.35261535644531,-3.094104528427124,25,-100.91506958007812,-3.058032512664795,33,-99.21028900146484,-3.0063724517822266,33,714
-87.81340026855469,-1.995759129524231,44,-135.4573974609375,-3.0785772800445557,44,-136.860595703125,-3.1104681491851807,44,-104.55388641357422,-2.9042747020721436,36,-139.2357177734375,-3.1644480228424072,44,-144.41629028320312,-3.2821884155273438,44,715
-89.93791961669922,-2.645232915878296,34,-103.87184143066406,-3.055054187774658,34,-65.75765991210938,-1.9340487718582153,34,-83.17185974121094,-1.2601796388626099,66,-87.9667739868164,-2.5872581005096436,34,-62.82438278198242,-1.847775936126709,34,716
-97.19229125976562,-3.13523530960083,31,-87.16102600097656,-2.811645984649658,31,-91.188232421875,-2.941555976867676,31,-83.84640502929688,-2.7948801517486572,30,-86.5658950805664,-2.7924482822418213,31,-69.77490234375,-2.250803232192993,31,717
-70.73171997070312,-2.0803446769714355,34,-86.7144775390625,-2.5504257678985596,34,-85.9962158203125,-2.5293004512786865,34,-84.08110046386719,-2.102027416229248,40,-93.57237243652344,-2.7521286010742188,34,-71.42494201660156,-2.100733518600464,34,718
-103.69054412841797,-2.6587319374084473,39,-117.98838806152344,-3.025343179702759,39,-122.52731323242188,-3.141726016998291,39,-90.61956787109375,-2.7460474967956543,33,-100.85530853271484,-2.586033582687378,39,-109.24386596679688,-2.8011248111724854,39,719
-53.74028396606445,-1.9192959070205688,28,-60.65888977050781,-2.166388988494873,28,-53.88442611694336,-1.9244438409805298,28,-67.09414672851562,-2.033155918121338,33,-71.56736755371094,-2.5559773445129395,28,-52.38126754760742,-1.8707596063613892,28,720
-72.22917938232422,-2.188762903213501,33,-130.45608520507812,-3.953214645385742,33,-139.67288208007812,-4.232511520385742,33,-166.80673217773438,-3.7068161964416504,45,-137.93089294433594,-4.179724216461182,33,-137.9573211669922,-4.180524826049805,33,721
-120.24909973144531,-2.6722021102905273,45,-155.29971313476562,-3.4511046409606934,45,-139.19935607910156,-3.0933189392089844,45,-127.60337829589844,-3.3579835891723633,38,-157.39309692382812,-3.497624397277832,45,-139.49610900878906,-3.0999135971069336,45,722
-56.86772155761719,-1.3870176076889038,41,-91.94487762451172,-2.242558002471924,41,-85.71853637695312,-2.090696096420288,41,-62.65184020996094,-1.7900525331497192,35,-81.69796752929688,-1.99263334274292,41,-72.6502456665039,-1.7719571590423584,41,723
-61.8206787109375,-1.5455169677734375,40,-77.6097640991211,-1.9402440786361694,40,-88.92375183105469,-2.2230937480926514,40,-70.52376556396484,-1.9589934349060059,36,-87.59069061279297,-2.189767360687256,40,-98.68907928466797,-2.467226982116699,40,724
-52.34114074707031,-1.6356606483459473,32,-47.83927536010742,-1.494977355003357,32,-42.157135009765625,-1.3174104690551758,32,-33.86009216308594,-1.1675894260406494,29,-56.6676139831543,-1.7708629369735718,32,-46.01117706298828,-1.4378492832183838,32,725
-78.63716125488281,-2.382944345474243,33,-88.06874084472656,-2.6687498092651367,33,-78.14021301269531,-2.3678853511810303,33,-86.12091064453125,-2.6912784576416016,32,-106.5550765991211,-3.2289416790008545,33,-91.1311264038086,-2.761549234390259,33,726
-115.4321517944336,-2.404836416244507,48,-111.03560638427734,-2.313241720199585,48,-114.37738037109375,-2.382862091064453,48,-73.761474609375,-2.235196113586426,33,-120.85736083984375,-2.5178616046905518,48,-112.17525482177734,-2.336984395980835,48,727
-66.46583557128906,-1.3847049474716187,48,-131.26400756835938,-2.7346668243408203,48,-127.50289916992188,-2.6563103199005127,48,-68.48045349121094,-2.2090468406677246,31,-143.18418884277344,-2.983003854751587,48,-139.36337280273438,-2.9034035205841064,48,728
-71.23762512207031,-1.6190369129180908,44,-63.287940979003906,-1.4383622407913208,44,-75.23989868164062,-1.7099976539611816,44,-63.31852722167969,-1.5075839757919312,42,-81.29293823242188,-1.8475667238235474,44,-75.26626586914062,-1.7105969190597534,44,729
-58.896217346191406,-1.6360059976577759,36,-107.42893981933594,-2.9841372966766357,36,-102.36477661132812,-2.84346604347229,36,-67.68468475341797,-2.506840229034424,27,-97.96005249023438,-2.7211124897003174,36,-98.29591369628906,-2.7304420471191406,36,730
-87.52400207519531,-1.8234167098999023,48,-105.89624786376953,-2.206171751022339,48,-96.83912658691406,-2.017481803894043,48,-64.49569702148438,-1.791547179222107,36,-137.87088012695312,-2.872309923171997,48,-113.10615539550781,-2.3563783168792725,48,731
-52.85364532470703,-1.4284769296646118,37,-60.65929412841797,-1.6394404172897339,37,-75.80855560302734,-2.048879861831665,37,-79.9981689453125,-1.8604224920272827,43,-76.43789672851562,-2.0658891201019287,37,-83.1784896850586,-2.2480673789978027,37,732
-73.63710021972656,-1.8409274816513062,40,-119.28865051269531,-2.9822163581848145,40,-129.59283447265625,-3.239820957183838,40,-122.78701782226562,-3.410750389099121,36,-125.84001159667969,-3.146000385284424,40,-129.0803985595703,-3.2270100116729736,40,733
-68.45230865478516,-1.4564321041107178,47,-93.61149597167969,-1.9917339086532593,47,-85.21308898925781,-1.8130444288253784,47,-57.215667724609375,-1.2714593410491943,45,-94.72897338867188,-2.015510082244873,47,-89.8929672241211,-1.9126163721084595,47,734
-73.78196716308594,-2.1080563068389893,35,-99.61679077148438,-2.84619402885437,35,-97.85560607910156,-2.7958743572235107,35,-49.71599578857422,-2.616631269454956,19,-106.84246826171875,-3.0526418685913086,35,-86.0138931274414,-2.4575397968292236,35,735
-67.65938568115234,-2.6022839546203613,26,-76.07353973388672,-2.925905466079712,26,-57.05411148071289,-2.1943888664245605,26,-61.307891845703125,-2.0435965061187744,30,-78.83615112304688,-3.0321595668792725,26,-63.03584671020508,-2.4244556427001953,26,736
-71.6952133178711,-2.6553783416748047,27,-77.08541107177734,-2.855015277862549,27,-74.61058807373047,-2.763355016708374,27,-68.07086181640625,-2.4311022758483887,28,-81.25082397460938,-3.0092897415161133,27,-77.31396484375,-2.8634800910949707,27,737
-60.33000946044922,-2.1546432971954346,28,-59.76878356933594,-2.134599447250366,28,-53.61277770996094,-1.914742112159729,28,-47.79541778564453,-1.8382853269577026,26,-71.91896057128906,-2.5685343742370605,28,-63.11083221435547,-2.253958225250244,28,738
-99.02227783203125,-2.152658224105835,46,-117.76555633544922,-2.5601208209991455,46,-113.12519836425781,-2.4592435359954834,46,-61.886619567871094,-1.6726113557815552,37,-128.74639892578125,-2.798834800720215,46,-120.1324462890625,-2.61157488822937,46,739
-104.87415313720703,-3.2773172855377197,32,-76.87655639648438,-2.4023923873901367,32,-75.68034362792969,-2.3650107383728027,32,-58.801876068115234,-1.9600625038146973,30,-81.89241790771484,-2.559138059616089,32,-73.24856567382812,-2.289017677307129,32,740
-53.00105285644531,-1.7667018175125122,30,-60.667171478271484,-2.0222389698028564,30,-59.98633575439453,-1.9995445013046265,30,-51.25715637207031,-1.653456687927246,31,-56.923805236816406,-1.8974602222442627,30,-56.10645294189453,-1.8702150583267212,30,741
-125.00343322753906,-2.451047658920288,51,-161.72958374023438,-3.171168327331543,51,-139.88882446289062,-2.742918014526367,51,-55.070709228515625,-2.1181042194366455,26,-144.95761108398438,-2.842306137084961,51,-108.96339416503906,-2.1365370750427246,51,742
-52.692649841308594,-1.6997629404067993,31,-84.3714599609375,-2.7216598987579346,31,-80.17139434814453,-2.5861740112304688,31,-73.1158218383789,-2.521235227584839,29,-88.65621948242188,-2.8598780632019043,31,-79.9931869506836,-2.580425500869751,31,743
-67.30514526367188,-1.6025034189224243,42,-110.93341064453125,-2.6412715911865234,42,-114.79945373535156,-2.7333202362060547,42,-65.71026611328125,-2.1903421878814697,30,-112.7673110961914,-2.684936046600342,42,-118.57648468017578,-2.823249578475952,42,744
-74.57354736328125,-1.657189965248108,45,-130.0294189453125,-2.889542579650879,45,-123.43940734863281,-2.743098020553589,45,-62.60494613647461,-2.31870174407959,27,-153.57977294921875,-3.412883758544922,45,-150.24649047851562,-3.338810920715332,45,745
-141.14761352539062,-3.3606574535369873,42,-129.31484985351562,-3.0789248943328857,42,-103.60247802734375,-2.4667255878448486,42,-80.29901885986328,-2.294257640838623,35,-150.20944213867188,-3.5764153003692627,42,-113.216552734375,-2.695632219314575,42,746
-46.61045455932617,-1.7263131141662598,27,-67.00117492675781,-2.48152494430542,27,-65.62692260742188,-2.43062686920166,27,-48.75304412841797,-1.8751170635223389,26,-73.20785522460938,-2.71140193939209,27,-74.0237045288086,-2.7416186332702637,27,747
-94.62545776367188,-2.102787971496582,45,-117.21359252929688,-2.6047465801239014,45,-101.38890075683594,-2.253086566925049,45,-83.0552749633789,-2.244737148284912,37,-110.61784362792969,-2.458174228668213,45,-115.47067260742188,-2.5660150051116943,45,748
-40.0195198059082,-0.8699895739555359,46,-77.99609375,-1.69556725025177,46,-60.56477355957031,-1.3166254758834839,46,-67.30223083496094,-1.3735148906707764,49,-83.37411499023438,-1.8124808073043823,46,-64.04937744140625,-1.3923777341842651,46,749
-95.01286315917969,-2.2622110843658447,42,-137.16917419433594,-3.26593279838562,42,-112.98863220214844,-2.6902055740356445,42,-86.3570556640625,-2.5399134159088135,34,-118.99029541015625,-2.833102226257324,42,-107.61317443847656,-2.562218427658081,42,750
-25.48771095275879,-0.5792661309242249,44,-108.78129577636719,-2.472302198410034,44,-111.67898559570312,-2.538158655166626,44,-118.24810028076172,-2.570610761642456,46,-119.33418273925781,-2.7121405601501465,44,-117.05889129638672,-2.6604292392730713,44,751
-67.37281036376953,-1.4646263122558594,46,-110.71487426757812,-2.4068450927734375,46,-130.55679321289062,-2.838191270828247,46,-90.95635986328125,-3.3687541484832764,27,-121.61433410644531,-2.643789768218994,46,-130.62496948242188,-2.8396732807159424,46,752
-54.60509490966797,-1.4001306295394897,39,-92.07041931152344,-2.3607800006866455,39,-87.4347915649414,-2.241917848587036,39,-93.41419982910156,-2.030743360519409,46,-95.09260559082031,-2.438271999359131,39,-93.17154693603516,-2.3890140056610107,39,753
-81.73411560058594,-2.0957465171813965,39,-110.53428649902344,-2.8342125415802,39,-109.0036392211914,-2.7949650287628174,39,-117.52880096435547,-2.9382200241088867,40,-133.19662475585938,-3.4152979850769043,39,-121.165771484375,-3.1068146228790283,39,754
-124.0143814086914,-2.695964813232422,46,-109.71085357666016,-2.3850185871124268,46,-127.50892639160156,-2.771933078765869,46,-63.570735931396484,-2.1190245151519775,30,-112.14518737792969,-2.437938928604126,46,-132.589111328125,-2.8823719024658203,46,755
-80.22508239746094,-1.956709384918213,41,-103.88587951660156,-2.533802032470703,41,-92.0323257446289,-2.2446908950805664,41,-101.49172973632812,-2.6023521423339844,39,-98.78431701660156,-2.4093735218048096,41,-97.71781921386719,-2.383361339569092,41,756
-62.72919464111328,-2.8513269424438477,22,-84.28553771972656,-3.8311607837677,22,-73.68915557861328,-3.3495070934295654,22,-73.19792175292969,-3.0499134063720703,24,-74.75821685791016,-3.3981008529663086,22,-76.11756896972656,-3.4598894119262695,22,757
-48.22918701171875,-1.507162094116211,32,-71.97101593017578,-2.249094247817993,32,-70.2274398803711,-2.1946074962615967,32,-42.780357360839844,-1.8600155115127563,23,-80.31170654296875,-2.5097408294677734,32,-64.7255859375,-2.022674560546875,32,758
-60.06477355957031,-1.6233723163604736,37,-77.75657653808594,-2.101529121398926,37,-91.70912170410156,-2.4786248207092285,37,-57.16205596923828,-1.9711053371429443,29,-87.96235656738281,-2.3773610591888428,37,-90.23931884765625,-2.4389004707336426,37,759
-44.33380126953125,-1.6419926881790161,27,-79.96046447753906,-2.961498737335205,27,-79.01329040527344,-2.9264180660247803,27,-69.94768524169922,-1.8904780149459839,37,-72.18318176269531,-2.6734511852264404,27,-79.24845123291016,-2.9351277351379395,27,760
-62.85931396484375,-1.8488034009933472,34,-188.97964477539062,-5.558224678039551,34,-212.70364379882812,-6.2559895515441895,34,-274.82623291015625,-5.725546360015869,48,-178.15435791015625,-5.239833831787109,34,-205.66683959960938,-6.04902458190918,34,761
-109.00920104980469,-3.0280332565307617,36,-112.65345764160156,-3.129262685775757,36,-87.48970031738281,-2.430269479751587,36,-48.92539978027344,-1.8120518922805786,27,-120.07102966308594,-3.335306406021118,36,-79.79214477539062,-2.2164485454559326,36,762
-77.86734008789062,-2.8839755058288574,27,-85.9918441772461,-3.1848831176757812,27,-67.8250732421875,-2.5120396614074707,27,-70.58895111083984,-1.809973120689392,39,-81.20729064941406,-3.0076773166656494,27,-76.55381774902344,-2.835326671600342,27,763
-52.794273376464844,-1.2570065259933472,42,-40.7432861328125,-0.9700782299041748,42,-44.045616149902344,-1.0487051010131836,42,-18.025625228881836,-0.4621955156326294,39,-58.69349670410156,-1.3974641561508179,42,-49.24293899536133,-1.1724509000778198,42,764
-95.2031021118164,-3.282865524291992,29,-166.91812133789062,-5.755797386169434,29,-213.94451904296875,-7.377397060394287,29,-288.541748046875,-6.412038803100586,45,-193.3350067138672,-6.66672420501709,29,-203.19366455078125,-7.006678104400635,29,765
-66.51348876953125,-1.4151805639266968,47,-106.82688903808594,-2.2729125022888184,47,-131.08578491210938,-2.7890591621398926,47,-81.91093444824219,-2.5597167015075684,32,-130.69863891601562,-2.7808220386505127,47,-145.9622802734375,-3.1055803298950195,47,766
-43.03841018676758,-0.9157108664512634,47,-77.9033203125,-1.657517433166504,47,-70.59419250488281,-1.5020041465759277,47,-64.20307922363281,-1.3375641107559204,48,-89.87078094482422,-1.9121443033218384,47,-104.81712341308594,-2.230151653289795,47,767
-42.644248962402344,-1.0934423208236694,39,-86.30731201171875,-2.213007926940918,39,-86.02340698242188,-2.20572829246521,39,-54.309471130371094,-2.262894630432129,24,-83.21208953857422,-2.133643388748169,39,-87.41126251220703,-2.24131441116333,39,768
-88.8509521484375,-2.961698293685913,30,-71.49590301513672,-2.3831968307495117,30,-59.76337432861328,-1.9921125173568726,30,-63.20692825317383,-2.038933277130127,31,-69.72309875488281,-2.324103355407715,30,-58.44755554199219,-1.9482518434524536,30,769
-86.11271667480469,-1.9136159420013428,45,-101.17063903808594,-2.2482364177703857,45,-79.47705078125,-1.7661566734313965,45,-59.67039489746094,-1.5300101041793823,39,-114.1965560913086,-2.53770112991333,45,-92.71713256835938,-2.060380697250366,45,770
-63.3292350769043,-1.9790385961532593,32,-98.49176788330078,-3.0778677463531494,32,-91.13764953613281,-2.8480515480041504,32,-83.36543273925781,-2.977336883544922,28,-87.85618591308594,-2.7455058097839355,32,-96.59123992919922,-3.0184762477874756,32,771
-127.32493591308594,-2.961045026779175,43,-158.72781372070312,-3.6913444995880127,43,-133.18081665039062,-3.0972282886505127,43,-128.39859008789062,-3.7764291763305664,34,-150.19686889648438,-3.492950439453125,43,-132.2266845703125,-3.0750391483306885,43,772
-93.46170043945312,-2.6703343391418457,35,-111.4266586303711,-3.1836187839508057,35,-111.39613342285156,-3.182746648788452,35,-93.0051040649414,-3.100170135498047,30,-122.15286254882812,-3.490081787109375,35,-120.5526123046875,-3.4443602561950684,35,773
-92.2286605834961,-3.6891465187072754,25,-76.11540222167969,-3.0446159839630127,25,-79.919189453125,-3.196767568588257,25,-109.52700805664062,-2.607785940170288,42,-87.8171615600586,-3.5126864910125732,25,-89.57874298095703,-3.5831496715545654,25,774
-82.77762603759766,-1.7245339155197144,48,-109.6424560546875,-2.2842178344726562,48,-106.77037048339844,-2.2243826389312744,48,-82.49354553222656,-2.4998044967651367,33,-105.6076889038086,-2.200160264968872,48,-109.34859466552734,-2.2780957221984863,48,775
-98.19754028320312,-3.1676626205444336,31,-74.33270263671875,-2.397829055786133,31,-46.53148651123047,-1.5010156631469727,31,-40.9571647644043,-1.3652387857437134,30,-95.3626708984375,-3.0762152671813965,31,-51.01298904418945,-1.6455802917480469,31,776
-94.47636413574219,-3.257805585861206,29,-95.94784545898438,-3.308546304702759,29,-65.54296875,-2.2601022720336914,29,-75.29618072509766,-2.2145936489105225,34,-86.7799301147461,-2.9924113750457764,29,-70.58065795898438,-2.4338157176971436,29,777
-71.77631378173828,-1.5950292348861694,45,-110.65912628173828,-2.4590916633605957,45,-106.24040222167969,-2.3608977794647217,45,-111.73626708984375,-2.598517894744873,43,-128.16473388671875,-2.8481051921844482,45,-112.00222778320312,-2.488938331604004,45,778
-60.90428161621094,-1.602744221687317,38,-73.97993469238281,-1.9468404054641724,38,-88.31005859375,-2.323948860168457,38,-74.2781982421875,-1.6506266593933105,45,-86.05584716796875,-2.264627456665039,38,-97.10171508789062,-2.5553083419799805,38,779
-82.93846130371094,-2.182591199874878,38,-85.75247192382812,-2.2566440105438232,38,-85.3831787109375,-2.2469258308410645,38,-107.4937744140625,-2.3887505531311035,45,-88.83905792236328,-2.337869882583618,38,-88.6993179321289,-2.3341925144195557,38,780
-67.43954467773438,-2.408555269241333,28,-62.81914520263672,-2.2435410022735596,28,-58.49589538574219,-2.089139223098755,28,-40.86388397216797,-1.7766906023025513,23,-78.224609375,-2.793735980987549,28,-54.03398132324219,-1.9297850131988525,28,781
-93.8285140991211,-2.1324663162231445,44,-284.31475830078125,-6.46169900894165,44,-281.4041748046875,-6.395549297332764,44,-292.0095520019531,-6.489100933074951,45,-265.92340087890625,-6.043713569641113,44,-284.9884033203125,-6.477009296417236,44,782
-104.70187377929688,-2.6846635341644287,39,-115.49596405029297,-2.961435079574585,39,-83.19164276123047,-2.1331191062927246,39,-68.99237060546875,-2.299745798110962,30,-114.48710632324219,-2.9355669021606445,39,-94.11268615722656,-2.4131457805633545,39,783
-83.00245666503906,-2.6774985790252686,31,-85.4974136352539,-2.757981061935425,31,-76.73123168945312,-2.47520112991333,31,-33.43919372558594,-1.7599575519561768,19,-72.03468322753906,-2.323699474334717,31,-72.93383026123047,-2.3527042865753174,31,784
-89.19236755371094,-2.229809284210205,40,-199.89971923828125,-4.997492790222168,40,-242.3970947265625,-6.059927463531494,40,-260.638671875,-5.9236063957214355,44,-191.73797607421875,-4.793449401855469,40,-235.36766052246094,-5.884191513061523,40,785
-56.677406311035156,-2.099163293838501,27,-81.79721069335938,-3.0295262336730957,27,-72.68569946289062,-2.6920628547668457,27,-77.82889556884766,-1.8982657194137573,41,-76.37975311279297,-2.8288798332214355,27,-70.64762115478516,-2.6165785789489746,27,786
-70.42472076416016,-1.9562422037124634,36,-91.58927917480469,-2.5441465377807617,36,-73.59051513671875,-2.0441808700561523,36,-71.6744384765625,-1.88616943359375,38,-94.17713928222656,-2.6160316467285156,36,-66.81684875488281,-1.8560235500335693,36,787
-49.563812255859375,-1.598832607269287,31,-83.69985961914062,-2.699995517730713,31,-75.53073120117188,-2.4364752769470215,31,-130.93203735351562,-2.014338970184326,65,-74.80889892578125,-2.4131903648376465,31,-73.39370727539062,-2.3675389289855957,31,788
-83.06132507324219,-2.373180627822876,35,-97.38468933105469,-2.7824196815490723,35,-81.92649841308594,-2.340757131576538,35,-76.87153625488281,-2.3294405937194824,33,-79.23165893554688,-2.2637617588043213,35,-78.98934936523438,-2.25683856010437,35,789
-68.5914535522461,-2.449694871902466,28,-65.64443969726562,-2.3444442749023438,28,-62.54039764404297,-2.2335855960845947,28,-60.36973190307617,-1.7248494625091553,35,-80.69921112060547,-2.8821146488189697,28,-66.2162094116211,-2.3648645877838135,28,790
-33.575016021728516,-1.0830650329589844,31,-55.61968231201172,-1.7941832542419434,31,-35.435523986816406,-1.1430814266204834,31,-30.000865936279297,-0.9677698612213135,31,-59.2918701171875,-1.912640929222107,31,-43.48384094238281,-1.4027045965194702,31,791
-105.81514739990234,-2.2513861656188965,47,-130.107666015625,-2.7682483196258545,47,-127.61993408203125,-2.715317726135254,47,-75.37692260742188,-2.5992043018341064,29,-134.29115295410156,-2.8572585582733154,47,-146.55027770996094,-3.118091106414795,47,792
-98.805419921875,-2.3525099754333496,42,-135.156005859375,-3.2180001735687256,42,-121.01896667480469,-2.881403923034668,42,-75.65873718261719,-2.5219578742980957,30,-142.8001708984375,-3.4000041484832764,42,-110.78917694091797,-2.6378376483917236,42,793
-49.12320327758789,-1.7544001340866089,28,-73.89454650878906,-2.6390910148620605,28,-53.449092864990234,-1.9088962078094482,28,-53.49237823486328,-1.5283536911010742,35,-85.955322265625,-3.0698330402374268,28,-56.142112731933594,-2.005075454711914,28,794
-54.691673278808594,-1.6573234796524048,33,-123.40656280517578,-3.7395927906036377,33,-129.96337890625,-3.938284158706665,33,-137.50315856933594,-2.9255990982055664,47,-112.01875305175781,-3.394507646560669,33,-123.06130981445312,-3.729130506515503,33,795
-115.6137924194336,-3.042468309402466,38,-92.5173110961914,-2.434666156768799,38,-95.39566040039062,-2.5104122161865234,38,-93.53286743164062,-2.125746965408325,44,-104.60062408447266,-2.752648115158081,38,-102.96511840820312,-2.709608316421509,38,796
-67.95873260498047,-2.5169901847839355,27,-77.8207015991211,-2.8822481632232666,27,-87.34359741210938,-3.23494815826416,27,-102.04259490966797,-2.685331344604492,38,-84.74271392822266,-3.1386189460754395,27,-93.4707260131836,-3.461878776550293,27,797
-89.32303619384766,-2.077279806137085,43,-101.93346405029297,-2.3705456256866455,43,-73.64790344238281,-1.7127419710159302,43,-62.508750915527344,-1.3299734592437744,47,-106.1948013305664,-2.469646453857422,43,-85.98043823242188,-1.9995450973510742,43,798
-70.54853820800781,-1.3833047151565552,51,-108.70964050292969,-2.131561517715454,51,-127.8293685913086,-2.506458282470703,51,-53.202056884765625,-2.6601028442382812,20,-128.39910888671875,-2.517629623413086,51,-145.76083374023438,-2.858055591583252,51,799
-97.83283996582031,-2.174063205718994,45,-120.1617202758789,-2.670260429382324,45,-130.92733764648438,-2.909496307373047,45,-99.84550476074219,-2.8527286052703857,35,-124.07331848144531,-2.7571847438812256,45,-138.51461791992188,-3.0781025886535645,45,800
-65.45731353759766,-1.6783926486968994,39,-137.03274536132812,-3.513660192489624,39,-138.3055419921875,-3.5462958812713623,39,-113.28582763671875,-3.654381513595581,31,-150.08189392089844,-3.8482537269592285,39,-141.62103271484375,-3.6313085556030273,39,801
-76.74786376953125,-2.951840877532959,26,-68.71409606933594,-2.642849922180176,26,-57.87379837036133,-2.2259154319763184,26,-47.665035247802734,-1.4895323514938354,32,-66.91077423095703,-2.573491334915161,26,-57.60176467895508,-2.2154524326324463,26,802
-82.53700256347656,-1.6844285726547241,49,-165.9579315185547,-3.3868966102600098,49,-135.08375549316406,-2.7568113803863525,49,-83.72149658203125,-2.392042875289917,35,-154.15838623046875,-3.146089553833008,49,-115.81253814697266,-2.363521099090576,49,803
-41.922882080078125,-1.0225093364715576,41,-89.74039459228516,-2.1887900829315186,41,-97.721923828125,-2.3834614753723145,41,-15.51746654510498,-0.8167087435722351,19,-119.272216796875,-2.909078359603882,41,-111.81514739990234,-2.727198600769043,41,804
-27.111764907836914,-0.9037255048751831,30,-48.13376235961914,-1.6044586896896362,30,-59.07244873046875,-1.9690816402435303,30,-49.19430923461914,-1.3295758962631226,37,-62.67345428466797,-2.0891151428222656,30,-66.25248718261719,-2.208416223526001,30,805
-41.4326057434082,-1.5345410108566284,27,-143.38153076171875,-5.310427188873291,27,-180.84109497070312,-6.697818279266357,27,-267.8264465332031,-5.822314262390137,46,-157.40496826171875,-5.829813480377197,27,-170.00958251953125,-6.296651363372803,27,806
-56.44432830810547,-1.946356177330017,29,-80.26913452148438,-2.7679011821746826,29,-70.95782470703125,-2.446821451187134,29,-43.432167053222656,-2.1716084480285645,20,-75.24253845214844,-2.5945703983306885,29,-84.57035827636719,-2.9162192344665527,29,807
-92.81058502197266,-1.9746932983398438,47,-133.05255126953125,-2.8309054374694824,47,-103.3841552734375,-2.199662923812866,47,-56.282283782958984,-1.7588213682174683,32,-134.733642578125,-2.866673231124878,47,-110.37177276611328,-2.3483355045318604,47,808
-73.95279693603516,-1.760780930519104,42,-79.62710571289062,-1.8958834409713745,42,-64.282470703125,-1.5305349826812744,42,-76.20414733886719,-1.8143844604492188,42,-95.24232482910156,-2.267674446105957,42,-75.18220520019531,-1.7900525331497192,42,809
-75.45894622802734,-1.5399785041809082,49,-161.54315185546875,-3.2967989444732666,49,-176.2908172607422,-3.5977718830108643,49,-108.21090698242188,-3.279118299484253,33,-173.2947998046875,-3.536628484725952,49,-181.88914489746094,-3.7120232582092285,49,810
-62.56172180175781,-2.08539080619812,30,-114.40156555175781,-3.813385486602783,30,-89.27406311035156,-2.975802183151245,30,-87.61219787597656,-3.244896173477173,27,-106.70831298828125,-3.556943655014038,30,-103.98191833496094,-3.466063976287842,30,811
-77.6204833984375,-1.8481067419052124,42,-91.5849609375,-2.1805942058563232,42,-87.74369812011719,-2.0891356468200684,42,-74.26776123046875,-2.1843459606170654,34,-106.20225524902344,-2.528625011444092,42,-99.99801635742188,-2.3809051513671875,42,812
-56.867431640625,-2.584883213043213,22,-82.71907806396484,-3.759958028793335,22,-62.08991241455078,-2.8222687244415283,22,-56.755279541015625,-2.5797853469848633,22,-86.55409240722656,-3.934276819229126,22,-63.330657958984375,-2.8786661624908447,22,813
-123.92232513427734,-2.429849624633789,51,-109.28228759765625,-2.142789840698242,51,-129.2227020263672,-2.533778429031372,51,-40.575504302978516,-1.352516770362854,30,-114.95069122314453,-2.2539350986480713,51,-111.43001556396484,-2.1849021911621094,51,814
-70.70219421386719,-1.606868028640747,44,-103.92574310302734,-2.3619487285614014,44,-88.77357482910156,-2.0175812244415283,44,-69.45442962646484,-1.9844123125076294,35,-112.89818572998047,-2.5658679008483887,44,-98.56189727783203,-2.2400431632995605,44,815
-75.37983703613281,-2.3556199073791504,32,-92.36334991455078,-2.886354684829712,32,-103.91473388671875,-3.247335433959961,32,-82.70455932617188,-1.879649043083191,44,-98.97240447998047,-3.0928876399993896,32,-108.61760711669922,-3.3943002223968506,32,816
-94.97322082519531,-3.2749385833740234,29,-98.88591003417969,-3.4098589420318604,29,-96.21516418457031,-3.3177642822265625,29,-101.79602813720703,-3.084728240966797,33,-99.29055786132812,-3.4238123893737793,29,-102.71509552001953,-3.5418999195098877,29,817
-47.049503326416016,-1.517725944519043,31,-76.7839584350586,-2.4769017696380615,31,-82.3814697265625,-2.6574666500091553,31,-70.6816635131836,-2.7185254096984863,26,-78.14239501953125,-2.5207223892211914,31,-81.96699523925781,-2.644096612930298,31,818
-37.092960357666016,-1.3247486352920532,28,-68.8510513305664,-2.458966016769409,28,-59.53205871582031,-2.1261448860168457,28,-62.567466735839844,-2.0855822563171387,30,-73.57962799072266,-2.6278438568115234,28,-70.03260803222656,-2.501164674758911,28,819
-74.90036010742188,-2.202951669692993,34,-103.98387145996094,-3.058349132537842,34,-74.27081298828125,-2.1844356060028076,34,-68.35441589355469,-2.2049810886383057,31,-101.37478637695312,-2.9816112518310547,34,-77.53068542480469,-2.2803142070770264,34,820
-71.65601348876953,-2.1713943481445312,33,-169.2088623046875,-5.1275410652160645,33,-215.22064208984375,-6.5218377113342285,33,-286.84283447265625,-6.3742852210998535,45,-178.06854248046875,-5.396016597747803,33,-215.11239624023438,-6.518557548522949,33,821
-69.65559387207031,-1.9901598691940308,35,-88.05572509765625,-2.5158779621124268,35,-81.81116485595703,-2.3374619483947754,35,-70.06077575683594,-2.2600250244140625,31,-101.23561096191406,-2.8924460411071777,35,-101.31257629394531,-2.8946449756622314,35,822
-185.9521484375,-4.5354180335998535,41,-238.91860961914062,-5.8272833824157715,41,-258.5220642089844,-6.305416107177734,41,-296.94732666015625,-6.59882926940918,45,-250.44235229492188,-6.1083502769470215,41,-260.94110107421875,-6.36441707611084,41,823
-60.20948791503906,-1.4335591793060303,42,-100.70819091796875,-2.3978140354156494,42,-88.03596496582031,-2.0960943698883057,42,-46.251338958740234,-1.491978645324707,31,-112.43397521972656,-2.67699933052063,42,-101.5114974975586,-2.416940450668335,42,824
-24.22075653076172,-1.2747766971588135,19,-86.93614196777344,-4.575586318969727,19,-75.66484069824219,-3.9823601245880127,19,-91.6640853881836,-3.055469512939453,30,-91.89555358886719,-4.836607933044434,19,-77.01411437988281,-4.053374290466309,19,825
-84.2186508178711,-2.0541133880615234,41,-140.14222717285156,-3.4181032180786133,41,-145.57960510253906,-3.550722122192383,41,-153.13284301757812,-3.402951955795288,45,-133.4482421875,-3.2548351287841797,41,-149.21083068847656,-3.6392886638641357,41,826
-110.83573913574219,-2.4630165100097656,45,-87.78067779541016,-1.9506816864013672,45,-102.20292663574219,-2.2711760997772217,45,-60.11617660522461,-1.878630518913269,32,-90.47566986083984,-2.010570526123047,45,-87.10108947753906,-1.935579776763916,45,827
-41.6852912902832,-0.7065303325653076,59,-51.54255676269531,-0.8736026287078857,59,-63.605831146240234,-1.0780649185180664,59,-39.630699157714844,-0.6717067360877991,59,-82.40571594238281,-1.3967070579528809,59,-77.66876220703125,-1.3164197206497192,59,828
-73.8249740600586,-2.0506937503814697,36,-88.58688354492188,-2.4607467651367188,36,-93.97332000732422,-2.610369920730591,36,-91.26100158691406,-2.028022289276123,45,-93.24718475341797,-2.5901994705200195,36,-94.87236785888672,-2.635343551635742,36,829
-139.73187255859375,-2.4514362812042236,57,-203.87033081054688,-3.5766725540161133,57,-186.452880859375,-3.2711031436920166,57,-74.9324951171875,-3.9438154697418213,19,-222.30992126464844,-3.900174140930176,57,-201.83294677734375,-3.540928840637207,57,830
-118.40478515625,-2.7535996437072754,43,-144.3073272705078,-3.3559844493865967,43,-128.154296875,-2.980332374572754,43,-74.36870574951172,-2.860334873199463,26,-156.57823181152344,-3.6413543224334717,43,-124.89647674560547,-2.904569149017334,43,831
-104.76795196533203,-2.328176736831665,45,-146.17225646972656,-3.24827241897583,45,-143.07623291015625,-3.179471731185913,45,-113.91751098632812,-3.0788516998291016,37,-153.0933074951172,-3.402073383331299,45,-151.25247192382812,-3.361166000366211,45,832
-128.26661682128906,-3.1284539699554443,41,-117.005126953125,-2.85378360748291,41,-101.10121154785156,-2.465883255004883,41,-56.86795425415039,-2.1872289180755615,26,-118.37957763671875,-2.8873066902160645,41,-104.130859375,-2.5397770404815674,41,833
-77.5061264038086,-1.7615028619766235,44,-78.43073272705078,-1.782516598701477,44,-71.98115539550781,-1.6359353065490723,44,-51.273109436035156,-1.1394023895263672,45,-99.41212463378906,-2.259366512298584,44,-74.14671325683594,-1.685152530670166,44,834
-106.94559478759766,-2.43058180809021,44,-125.9892578125,-2.8633921146392822,44,-140.58328247070312,-3.1950745582580566,44,-72.48902893066406,-2.5888938903808594,28,-153.0982208251953,-3.4795050621032715,44,-158.73684692382812,-3.6076555252075195,44,835
-119.39781188964844,-3.7311816215515137,32,-88.0462875366211,-2.751446485519409,32,-99.6355209350586,-3.113610029220581,32,-70.48092651367188,-2.7108049392700195,26,-91.34695434570312,-2.8545923233032227,32,-99.8056640625,-3.118927001953125,32,836
-68.84993743896484,-1.967141032218933,35,-93.90040588378906,-2.682868719100952,35,-78.06192016601562,-2.2303404808044434,35,-82.42290496826172,-2.1690237522125244,38,-84.57194519042969,-2.4163413047790527,35,-89.48072052001953,-2.5565919876098633,35,837
-68.65031433105469,-1.76026451587677,39,-99.43112182617188,-2.549515962600708,39,-108.7992935180664,-2.7897255420684814,39,-115.95081329345703,-3.312880277633667,35,-129.25225830078125,-3.3141605854034424,39,-137.78919982910156,-3.5330564975738525,39,838
-122.15763092041016,-2.5990984439849854,47,-123.10159301757812,-2.619182825088501,47,-121.52767181396484,-2.5856950283050537,47,-87.02692413330078,-3.1081044673919678,28,-142.02810668945312,-3.0218746662139893,47,-150.82583618164062,-3.2090604305267334,47,839
-89.85015106201172,-2.246253728866577,40,-90.54957580566406,-2.2637393474578857,40,-90.53564453125,-2.2633910179138184,40,-82.67880249023438,-2.29663348197937,36,-104.84796142578125,-2.621199131011963,40,-102.85234832763672,-2.5713086128234863,40,840
-97.38677215576172,-2.1171038150787354,46,-122.4251937866211,-2.661417245864868,46,-122.62257385253906,-2.665708065032959,46,-83.74085998535156,-2.3925960063934326,35,-146.64852905273438,-3.188011407852173,46,-138.1486053466797,-3.003230571746826,46,841
-112.43490600585938,-2.6770215034484863,42,-83.46382904052734,-1.9872339963912964,42,-84.19064331054688,-2.0045390129089355,42,-76.28388214111328,-1.9070971012115479,40,-103.3687515258789,-2.461160659790039,42,-115.17019653320312,-2.742147445678711,42,842
-108.9977798461914,-3.3029630184173584,33,-85.08293151855469,-2.578270673751831,33,-64.27729797363281,-1.9477969408035278,33,-68.68515014648438,-1.6752475500106812,41,-87.88960266113281,-2.6633212566375732,33,-81.16837310791016,-2.4596476554870605,33,843
-12.437104225158691,-0.3657971918582916,34,-94.14218139648438,-2.768887758255005,34,-86.9250259399414,-2.5566184520721436,34,-68.46939086914062,-2.852891206741333,24,-101.29957580566406,-2.9793992042541504,34,-94.36737060546875,-2.775510787963867,34,844
-37.957618713378906,-0.7442670464515686,51,-90.47335815429688,-1.7739874124526978,51,-67.57978820800781,-1.3250938653945923,51,-37.066993713378906,-0.8424316644668579,44,-93.74169921875,-1.8380725383758545,51,-75.74591064453125,-1.4852138757705688,51,845
-93.662841796875,-1.9114866256713867,49,-114.64120483398438,-2.339616537094116,49,-111.95769500732422,-2.284850835800171,49,-57.00270462036133,-1.9656105041503906,29,-141.96829223632812,-2.8973121643066406,49,-146.62295532226562,-2.992305278778076,49,846
-84.73136901855469,-2.567617177963257,33,-90.81654357910156,-2.752016544342041,33,-77.98087310791016,-2.3630566596984863,33,-79.96484375,-2.1612119674682617,37,-100.03565979003906,-3.031383514404297,33,-82.38771057128906,-2.4965972900390625,33,847
-72.92436981201172,-1.657371997833252,44,-81.77937316894531,-1.8586220741271973,44,-60.8463134765625,-1.3828707933425903,44,-63.52466583251953,-1.4773178100585938,43,-82.99501037597656,-1.8862502574920654,44,-86.24337768554688,-1.9600768089294434,44,848
-76.75550079345703,-1.6330957412719727,47,-118.64472961425781,-2.524355888366699,47,-122.94410705566406,-2.6158320903778076,47,-63.009544372558594,-2.2503409385681152,28,-130.53526306152344,-2.777346134185791,47,-131.1492919921875,-2.7904105186462402,47,849
-126.2405776977539,-3.411907434463501,37,-122.28540802001953,-3.305011034011841,37,-109.35299682617188,-2.955486297607422,37,-112.36582946777344,-2.9569954872131348,38,-148.63836669921875,-4.0172529220581055,37,-134.00872802734375,-3.6218574047088623,37,850
-71.25926208496094,-1.454270601272583,49,-83.91249084472656,-1.7124998569488525,49,-70.89100646972656,-1.446755290031433,49,-73.08930206298828,-1.4331235885620117,51,-100.49942016601562,-2.051008462905884,49,-93.94891357421875,-1.9173247814178467,49,851
-109.94981384277344,-2.5569725036621094,43,-124.56266784667969,-2.896806240081787,43,-115.15548706054688,-2.678034543991089,43,-77.02101135253906,-2.484548807144165,31,-118.3489990234375,-2.752302408218384,43,-112.48936462402344,-2.6160316467285156,43,852
-97.24858093261719,-2.3719165325164795,41,-68.90573120117188,-1.6806275844573975,41,-74.82180786132812,-1.8249220848083496,41,-54.54322814941406,-1.2396187782287598,44,-94.84992218017578,-2.313412666320801,41,-98.8685531616211,-2.411428213119507,41,853
-88.00326538085938,-2.315875291824341,38,-97.63260650634766,-2.569279193878174,38,-65.90677642822266,-1.734388828277588,38,-93.49522399902344,-2.077671527862549,45,-99.1639404296875,-2.6095774173736572,38,-78.6894302368164,-2.070774555206299,38,854
-115.35516357421875,-2.813540458679199,41,-154.84547424316406,-3.776718854904175,41,-148.5426788330078,-3.6229922771453857,41,-129.89114379882812,-3.5105714797973633,37,-156.4799041748047,-3.8165829181671143,41,-119.5489501953125,-2.915827989578247,41,855
-115.24177551269531,-2.619131326675415,44,-112.79257202148438,-2.563467502593994,44,-94.45652770996094,-2.1467392444610596,44,-96.90408325195312,-2.0188350677490234,48,-131.49354553222656,-2.9884896278381348,44,-108.95446014404297,-2.4762377738952637,44,856
-86.35105895996094,-2.4671730995178223,35,-93.94416809082031,-2.6841189861297607,35,-87.465087890625,-2.499002456665039,35,-47.76705551147461,-1.910682201385498,25,-123.65621948242188,-3.5330348014831543,35,-110.73562622070312,-3.163875102996826,35,857
-57.59538269042969,-1.8579155206680298,31,-85.22510528564453,-2.749197006225586,31,-87.15727233886719,-2.8115248680114746,31,-58.34849548339844,-2.0838749408721924,28,-109.94038391113281,-3.546463966369629,31,-88.49311065673828,-2.854616403579712,31,858
-80.01994323730469,-2.0004985332489014,40,-107.1947021484375,-2.6798675060272217,40,-92.58535766601562,-2.314633846282959,40,-92.9522933959961,-2.0656065940856934,45,-89.59142303466797,-2.239785671234131,40,-100.17805480957031,-2.504451274871826,40,859
-44.599056243896484,-1.0371873378753662,43,-87.43756866455078,-2.0334317684173584,43,-100.59488677978516,-2.339416027069092,43,-77.82589721679688,-2.358360528945923,33,-95.49348449707031,-2.220778703689575,43,-116.60417175292969,-2.7117249965667725,43,860
-72.35232543945312,-1.6443710327148438,44,-97.84686279296875,-2.223792314529419,44,-97.02133178710938,-2.2050302028656006,44,-53.9095458984375,-1.4974874258041382,36,-116.28468322753906,-2.642833709716797,44,-114.21261596679688,-2.5957412719726562,44,861
-104.96702575683594,-2.018596649169922,52,-126.09414672851562,-2.4248874187469482,52,-129.26206970214844,-2.485809087753296,52,-81.83489990234375,-2.211754083633423,37,-134.56494140625,-2.587787389755249,52,-129.0438232421875,-2.481611967086792,52,862
-147.52713012695312,-3.073481798171997,48,-139.98196411132812,-2.9162909984588623,48,-109.9093017578125,-2.2897770404815674,48,-83.63086700439453,-2.389453411102295,35,-176.03900146484375,-3.6674792766571045,48,-166.64573669433594,-3.4717862606048584,48,863
-58.42198181152344,-2.1637771129608154,27,-167.57351684570312,-6.206426620483398,27,-192.46292114257812,-7.128256320953369,27,-321.07763671875,-6.831439018249512,47,-159.9759979248047,-5.925036907196045,27,-180.4910888671875,-6.684854984283447,27,864
-88.57723999023438,-1.8076987266540527,49,-105.24951171875,-2.14794921875,49,-108.81234741210938,-2.2206602096557617,49,-50.316078186035156,-1.524729609489441,33,-140.58895874023438,-2.8691623210906982,49,-126.0975341796875,-2.5734190940856934,49,865
-46.823387145996094,-1.3378111124038696,35,-100.22915649414062,-2.863690137863159,35,-114.8778076171875,-3.2822229862213135,35,-145.02191162109375,-3.1526503562927246,46,-118.68307495117188,-3.3909449577331543,35,-121.09478759765625,-3.459851026535034,35,866
-85.2978744506836,-2.8432624340057373,30,-101.69564819335938,-3.389854907989502,30,-87.24696350097656,-2.9082322120666504,30,-72.1279067993164,-3.278541326522827,22,-100.5007553100586,-3.350025177001953,30,-81.99302673339844,-2.7331008911132812,30,867
-59.00296401977539,-1.7353812456130981,34,-77.03314208984375,-2.2656805515289307,34,-78.99394226074219,-2.3233511447906494,34,-69.91775512695312,-1.7053110599517822,41,-97.69607543945312,-2.8734140396118164,34,-104.54402160644531,-3.074824094772339,34,868
-82.02896118164062,-2.929605722427368,28,-85.91177368164062,-3.068277597427368,28,-74.69619750976562,-2.6677212715148926,28,-86.04899597167969,-2.1512248516082764,40,-99.91739654541016,-3.5684783458709717,28,-88.20003509521484,-3.150001287460327,28,869
-146.94882202148438,-2.4906580448150635,59,-148.0872802734375,-2.5099539756774902,59,-135.69699096679688,-2.2999489307403564,59,-92.15242767333984,-2.247620105743408,41,-130.08969116210938,-2.2049100399017334,59,-126.1103744506836,-2.1374640464782715,59,870
-54.267059326171875,-1.0640599727630615,51,-92.94312286376953,-1.8224141597747803,51,-119.47635650634766,-2.3426735401153564,51,-89.74365997314453,-1.994303584098816,45,-106.5505142211914,-2.0892257690429688,51,-114.1210708618164,-2.237668037414551,51,871
-90.54329681396484,-2.263582468032837,40,-89.78206634521484,-2.244551658630371,40,-102.85323333740234,-2.5713307857513428,40,-97.54737854003906,-2.379204273223877,41,-94.29672241210938,-2.3574180603027344,40,-106.44585418701172,-2.661146402359009,40,872
-90.60395812988281,-2.6648223400115967,34,-97.65419006347656,-2.8721821308135986,34,-91.86029052734375,-2.701773166656494,34,-142.82763671875,-3.1049485206604004,46,-106.08894348144531,-3.12026309967041,34,-101.48297119140625,-2.984793186187744,34,873
-69.2043685913086,-1.9772676229476929,35,-73.87207794189453,-2.110630750656128,35,-75.64068603515625,-2.1611623764038086,35,-84.19486999511719,-2.0535333156585693,41,-85.23133850097656,-2.435181140899658,35,-78.47335815429688,-2.242095947265625,35,874
-95.69998168945312,-2.2785708904266357,42,-249.12205505371094,-5.9314775466918945,42,-284.22467041015625,-6.767253875732422,42,-303.219970703125,-6.591738700866699,46,-252.85040283203125,-6.020247459411621,42,-288.1210021972656,-6.8600239753723145,42,875
-110.34806823730469,-2.2520012855529785,49,-134.1133270263672,-2.737006664276123,49,-143.0692596435547,-2.919780731201172,49,-101.43780517578125,-2.8982229232788086,35,-150.20440673828125,-3.0653960704803467,49,-158.37721252441406,-3.2321879863739014,49,876
-173.8633575439453,-3.95143985748291,44,-296.01971435546875,-6.727720737457275,44,-290.1343994140625,-6.593963623046875,44,-301.3369445800781,-6.411424160003662,47,-293.83111572265625,-6.677979946136475,44,-298.7174987792969,-6.789033889770508,44,877
-47.801429748535156,-1.4485281705856323,33,-47.69413375854492,-1.4452767372131348,33,-62.31718444824219,-1.8883994817733765,33,-47.626991271972656,-1.5363545417785645,31,-54.68151092529297,-1.6570154428482056,33,-65.75916290283203,-1.9927018880844116,33,878
-95.22796630859375,-1.5359349250793457,62,-150.7911376953125,-2.432115077972412,62,-140.67880249023438,-2.269012928009033,62,-28.868886947631836,-1.4434443712234497,20,-163.4524383544922,-2.6363296508789062,62,-146.42149353027344,-2.3616368770599365,62,879
-68.96006774902344,-1.6037224531173706,43,-109.85321044921875,-2.5547258853912354,43,-115.0109634399414,-2.674673557281494,43,-109.06344604492188,-2.3204989433288574,47,-111.91373443603516,-2.602644920349121,43,-116.70718383789062,-2.714120626449585,43,880
-103.44093322753906,-2.0688185691833496,50,-113.71875,-2.2743749618530273,50,-96.16865539550781,-1.9233731031417847,50,-57.54730987548828,-1.3078933954238892,44,-118.08854675292969,-2.3617708683013916,50,-107.62135314941406,-2.1524269580841064,50,881
-128.82781982421875,-3.067328929901123,42,-141.88003540039062,-3.378096103668213,42,-130.18875122070312,-3.0997321605682373,42,-125.79969024658203,-3.0682852268218994,41,-141.1140899658203,-3.3598592281341553,42,-124.5269546508789,-2.9649274349212646,42,882
-44.9090461730957,-1.4486788511276245,31,-99.07139587402344,-3.1958515644073486,31,-100.28242492675781,-3.234916925430298,31,-51.000396728515625,-2.318199872970581,22,-97.34371185302734,-3.140119791030884,31,-99.16368103027344,-3.1988284587860107,31,883
-62.33599853515625,-2.149517297744751,29,-104.81314086914062,-3.614246129989624,29,-100.40840148925781,-3.4623587131500244,29,-111.68319702148438,-2.326733350753784,48,-101.58203125,-3.502828598022461,29,-100.6787338256836,-3.4716804027557373,29,884
-53.68678665161133,-2.1474714279174805,25,-78.1416015625,-3.125663995742798,25,-90.07549285888672,-3.6030197143554688,25,-86.29084777832031,-2.876361608505249,30,-75.37408447265625,-3.014963388442993,25,-91.4570083618164,-3.658280372619629,25,885
-89.78799438476562,-2.4941110610961914,36,-85.1103286743164,-2.364175796508789,36,-77.00645446777344,-2.139068126678467,36,-62.240074157714844,-2.146209478378296,29,-93.20838165283203,-2.5891218185424805,36,-90.10202026367188,-2.502833843231201,36,886
-55.868560791015625,-1.5519044399261475,36,-67.10517120361328,-1.864032506942749,36,-67.4642333984375,-1.8740065097808838,36,-65.16260528564453,-1.670836091041565,39,-119.27989196777344,-3.3133304119110107,36,-116.49998474121094,-3.2361106872558594,36,887
-112.38419342041016,-2.7410778999328613,41,-85.16084289550781,-2.0770938396453857,41,-59.159019470214844,-1.44290292263031,41,-37.96397399902344,-0.9990519285202026,38,-115.14601135253906,-2.808439254760742,41,-101.09574127197266,-2.465749740600586,41,888
-52.884925842285156,-2.0340356826782227,26,-66.28997802734375,-2.549614429473877,26,-73.96893310546875,-2.844959020614624,26,-75.9338150024414,-1.5819544792175293,48,-77.0588150024414,-2.9638006687164307,26,-90.71308135986328,-3.488964557647705,26,889
-71.67921447753906,-2.559972047805786,28,-123.97801208496094,-4.427786350250244,28,-124.23869323730469,-4.437096118927002,28,-164.625244140625,-3.658338785171509,45,-105.68856811523438,-3.7745916843414307,28,-91.56394958496094,-3.270141124725342,28,890
-116.82123565673828,-2.596027374267578,45,-106.73236083984375,-2.3718302249908447,45,-113.38428497314453,-2.51965069770813,45,-81.76704406738281,-2.4049129486083984,34,-121.18441009521484,-2.6929869651794434,45,-120.23217010498047,-2.671825885772705,45,891
-86.10931396484375,-3.4443726539611816,25,-74.784912109375,-2.991396427154541,25,-62.96348190307617,-2.5185391902923584,25,-67.40989685058594,-1.64414381980896,41,-80.47587585449219,-3.2190351486206055,25,-83.71762084960938,-3.3487048149108887,25,892
-95.11747741699219,-1.9411729574203491,49,-99.3572006225586,-2.027698040008545,49,-116.19859313964844,-2.3713998794555664,49,-92.51612854003906,-2.1026391983032227,44,-115.13677978515625,-2.3497302532196045,49,-126.1324462890625,-2.574131488800049,49,893
-115.15885925292969,-2.5590858459472656,45,-151.89894104003906,-3.3755319118499756,45,-124.03492736816406,-2.7563316822052,45,-68.23544311523438,-2.527238607406616,27,-145.0504913330078,-3.223344326019287,45,-134.2384033203125,-2.9830756187438965,45,894
-78.15336608886719,-1.7762128114700317,44,-129.2834014892578,-2.9382591247558594,44,-160.44793701171875,-3.6465439796447754,44,-102.83248901367188,-3.545947790145874,29,-150.74388122558594,-3.425997257232666,44,-160.6415252685547,-3.6509437561035156,44,895
-88.67953491210938,-2.8606302738189697,31,-78.35499572753906,-2.527580499649048,31,-63.880855560302734,-2.0606727600097656,31,-62.56067657470703,-1.8957780599594116,33,-106.43313598632812,-3.4333269596099854,31,-85.33828735351562,-2.752847909927368,31,896
-82.57760620117188,-2.752586841583252,30,-90.65376281738281,-3.02179217338562,30,-88.81541442871094,-2.9605138301849365,30,-79.61286163330078,-2.7452712059020996,29,-105.18766021728516,-3.5062553882598877,30,-98.29362487792969,-3.276454210281372,30,897
-69.05635070800781,-2.557642698287964,27,-65.33141326904297,-2.419682025909424,27,-57.446048736572266,-2.127631425857544,27,-69.45777893066406,-1.6537566184997559,42,-78.74079895019531,-2.916325807571411,27,-71.96781158447266,-2.6654744148254395,27,898
-111.57875061035156,-2.789468765258789,40,-176.9401092529297,-4.4235029220581055,40,-220.91702270507812,-5.52292537689209,40,-272.2962646484375,-5.9194841384887695,46,-185.8485107421875,-4.646212577819824,40,-213.78240966796875,-5.344560146331787,40,899
-75.67158508300781,-2.1620452404022217,35,-75.96637725830078,-2.1704678535461426,35,-37.42279052734375,-1.0692225694656372,35,-25.98245620727539,-0.7641898989677429,34,-85.164306640625,-2.4332659244537354,35,-46.13505554199219,-1.31814444065094,35,900
-86.51638793945312,-2.621708631515503,33,-80.84085083007812,-2.4497227668762207,33,-74.26689147949219,-2.250511884689331,33,-71.9736557006836,-1.9992681741714478,36,-100.48463439941406,-3.0449888706207275,33,-93.30966186523438,-2.8275654315948486,33,901
-68.3885269165039,-2.7355411052703857,25,-68.3633041381836,-2.734532117843628,25,-65.12593078613281,-2.605037212371826,25,-42.58792495727539,-1.4195975065231323,30,-72.82383728027344,-2.9129533767700195,25,-60.43528747558594,-2.4174115657806396,25,902
-58.081077575683594,-2.151150941848755,27,-82.0149917602539,-3.0375921726226807,27,-61.89562225341797,-2.2924304008483887,27,-62.56806564331055,-1.9552520513534546,32,-79.49185180664062,-2.9441425800323486,27,-67.9913558959961,-2.518198251724243,27,903
-100.83055114746094,-2.520763874053955,40,-150.5789031982422,-3.764472484588623,40,-124.0197525024414,-3.100493907928467,40,-126.33885192871094,-3.081435441970825,41,-137.60983276367188,-3.4402458667755127,40,-125.47610473632812,-3.1369025707244873,40,904
-67.87250518798828,-1.6554269790649414,41,-140.234375,-3.4203505516052246,41,-146.54025268554688,-3.5741524696350098,41,-77.27212524414062,-3.0908849239349365,25,-139.7170867919922,-3.407733917236328,41,-124.32180786132812,-3.0322391986846924,41,905
-94.14814758300781,-2.942129611968994,32,-102.91317749023438,-3.216036796569824,32,-97.80442810058594,-3.0563883781433105,32,-73.83087921142578,-1.538143277168274,48,-98.8247299194336,-3.0882728099823,32,-102.72679138183594,-3.210212230682373,32,906
-97.15472412109375,-2.067121744155884,47,-136.51792907714844,-2.904636859893799,47,-137.25607299804688,-2.920341968536377,47,-88.40906524658203,-3.048588514328003,29,-141.23643493652344,-3.005030632019043,47,-147.26358032226562,-3.133267641067505,47,907
-59.47404479980469,-2.0508291721343994,29,-94.95713806152344,-3.274384021759033,29,-85.01677703857422,-2.931612968444824,29,-59.04176712036133,-2.9520883560180664,20,-95.59711456298828,-3.296452283859253,29,-89.5635757446289,-3.0883991718292236,29,908
-79.82296752929688,-1.9005467891693115,42,-106.68846130371094,-2.540201425552368,42,-125.11417388916016,-2.9789090156555176,42,-65.65016174316406,-2.6260063648223877,25,-116.48309326171875,-2.773406982421875,42,-131.18446350097656,-3.1234395503997803,42,909
-91.06732177734375,-5.059295654296875,18,-82.95403289794922,-4.608557224273682,18,-74.28495025634766,-4.126941680908203,18,-85.49009704589844,-3.166299819946289,27,-93.560302734375,-5.197794437408447,18,-87.77803039550781,-4.876557350158691,18,910
-30.77120590209961,-1.3378784656524658,23,-59.026344299316406,-2.5663628578186035,23,-72.98831176757812,-3.1734049320220947,23,-80.12734985351562,-2.8616909980773926,28,-72.62995910644531,-3.1578242778778076,23,-68.00599670410156,-2.956782579421997,23,911
-40.57270050048828,-1.3524233102798462,30,-85.95069122314453,-2.865023136138916,30,-75.73542785644531,-2.5245141983032227,30,-78.21131896972656,-2.5229458808898926,31,-88.93348693847656,-2.964449644088745,30,-89.11245727539062,-2.9704153537750244,30,912
-46.518402099609375,-1.4096485376358032,33,-79.50030517578125,-2.40910005569458,33,-65.55343627929688,-1.986467719078064,33,-20.070823669433594,-1.0563591718673706,19,-71.99983215332031,-2.1818130016326904,33,-58.40517807006836,-1.7698538303375244,33,913
-77.87776184082031,-2.6854400634765625,29,-72.74089050292969,-2.5083065032958984,29,-69.94981384277344,-2.412062644958496,29,-78.8701171875,-2.3900034427642822,33,-76.42881774902344,-2.635476589202881,29,-76.31006622314453,-2.6313815116882324,29,914
-112.05096435546875,-2.801274061203003,40,-75.92203521728516,-1.8980509042739868,40,-84.36235046386719,-2.1090588569641113,40,-30.696697235107422,-1.3346389532089233,23,-99.20271301269531,-2.480067729949951,40,-80.62619018554688,-2.0156548023223877,40,915
-90.21176147460938,-3.3411762714385986,27,-94.71420288085938,-3.5079333782196045,27,-89.63333129882812,-3.3197529315948486,27,-86.30229187011719,-2.8767430782318115,30,-83.1031723022461,-3.077895164489746,27,-93.97540283203125,-3.4805705547332764,27,916
-157.95492553710938,-3.760831594467163,42,-97.61090087890625,-2.324069023132324,42,-93.08293151855469,-2.2162601947784424,42,-94.9729995727539,-2.110511064529419,45,-93.40038299560547,-2.22381854057312,42,-104.13294982910156,-2.479356050491333,42,917
-98.39436340332031,-3.0748238563537598,32,-53.664825439453125,-1.6770257949829102,32,-50.542701721191406,-1.5794594287872314,32,-49.756629943847656,-1.7770224809646606,28,-64.45613861083984,-2.014254331588745,32,-55.15270233154297,-1.7235219478607178,32,918
-77.14591979980469,-2.57153058052063,30,-59.775474548339844,-1.9925158023834229,30,-64.71336364746094,-2.1571121215820312,30,-53.99967956542969,-1.7419251203536987,31,-52.36696243286133,-1.745565414428711,30,-60.143531799316406,-2.004784345626831,30,919
-120.80069732666016,-2.465320348739624,49,-116.15337371826172,-2.3704769611358643,49,-83.95321655273438,-1.7133309841156006,49,-85.26824951171875,-1.671926498413086,51,-113.64295196533203,-2.319243907928467,49,-87.35472106933594,-1.7827494144439697,49,920
-130.35379028320312,-3.2588448524475098,40,-104.23297119140625,-2.6058242321014404,40,-93.09138488769531,-2.327284574508667,40,-74.2713394165039,-2.320979356765747,32,-96.77651977539062,-2.4194130897521973,40,-85.76847839355469,-2.144212007522583,40,921
-92.74346160888672,-2.810407876968384,33,-43.69948196411133,-1.3242267370224,33,-38.569725036621094,-1.1687794923782349,33,-21.259288787841797,-0.6252732276916504,34,-54.307769775390625,-1.6456899642944336,33,-34.98448181152344,-1.060135841369629,33,922
-29.795852661132812,-0.7448962926864624,40,-105.28643798828125,-2.6321609020233154,40,-114.70858764648438,-2.8677146434783936,40,-91.76026153564453,-2.548896074295044,36,-109.134033203125,-2.728350877761841,40,-117.90692138671875,-2.9476730823516846,40,923
-75.48265838623047,-2.1566474437713623,35,-111.73245239257812,-3.1923558712005615,35,-77.24799346923828,-2.207085609436035,35,-52.34040069580078,-1.8693000078201294,28,-92.04086303710938,-2.6297390460968018,35,-73.88580322265625,-2.11102294921875,35,924
-66.03973388671875,-2.063741683959961,32,-101.54554748535156,-3.1732983589172363,32,-81.76861572265625,-2.555269241333008,32,-70.0033187866211,-2.413907527923584,29,-106.1322021484375,-3.316631317138672,32,-81.749267578125,-2.5546646118164062,32,925
-147.40469360351562,-2.5414602756500244,58,-128.3734130859375,-2.213334798812866,58,-126.48681640625,-2.180807113647461,58,-62.9361572265625,-1.5350282192230225,41,-146.67495727539062,-2.528878688812256,58,-136.493896484375,-2.3533430099487305,58,926
-64.884033203125,-1.9083539247512817,34,-131.1945343017578,-3.8586628437042236,34,-130.6565399169922,-3.842839479446411,34,-140.47052001953125,-3.1215670108795166,45,-127.31739807128906,-3.744629383087158,34,-125.20947265625,-3.682631492614746,34,927
-123.99311828613281,-3.4442532062530518,36,-134.47396850585938,-3.7353880405426025,36,-112.40245819091797,-3.12229061126709,36,-80.57723999023438,-3.0991246700286865,26,-133.64817810058594,-3.712449312210083,36,-114.15687561035156,-3.1710243225097656,36,928
-55.52690505981445,-1.7352157831192017,32,-84.36295318603516,-2.6363422870635986,32,-101.57118225097656,-3.1740994453430176,32,-133.04652404785156,-3.245037078857422,41,-74.25345611572266,-2.320420503616333,32,-96.01612091064453,-3.0005037784576416,32,929
-133.29135131835938,-1.9601669311523438,68,-165.96649169921875,-2.440683603286743,68,-163.23904418945312,-2.400574207305908,68,-72.28575897216797,-2.126051664352417,34,-161.05227661132812,-2.3684158325195312,68,-174.17596435546875,-2.561411142349243,68,930
-80.66130828857422,-2.2405920028686523,36,-105.36441040039062,-2.9267892837524414,36,-106.71971130371094,-2.9644365310668945,36,-75.88139343261719,-2.810421943664551,27,-106.31948852539062,-2.9533190727233887,36,-113.1520004272461,-3.143111228942871,36,931
-50.57266616821289,-1.4047962427139282,36,-81.68656921386719,-2.269071340560913,36,-82.47866821289062,-2.29107403755188,36,-63.64063262939453,-2.357060432434082,27,-97.07643127441406,-2.6965675354003906,36,-107.736328125,-2.99267578125,36,932
-43.63380432128906,-1.4544601440429688,30,-72.31393432617188,-2.4104645252227783,30,-101.51625061035156,-3.3838751316070557,30,-90.7977294921875,-3.2427761554718018,28,-81.09699249267578,-2.703233003616333,30,-102.79966735839844,-3.4266555309295654,30,933
-91.56973266601562,-1.9906463623046875,46,-126.61933898925781,-2.752594232559204,46,-123.57499694824219,-2.686413049697876,46,-79.51148223876953,-2.4094388484954834,33,-130.5040283203125,-2.8370440006256104,46,-124.91948699951172,-2.7156410217285156,46,934
-75.94939422607422,-2.0526862144470215,37,-107.47901153564453,-2.9048380851745605,37,-101.20291137695312,-2.7352137565612793,37,-137.6224365234375,-2.9917922019958496,46,-108.61941528320312,-2.935659885406494,37,-112.62841033935547,-3.044011116027832,37,935
-35.02864074707031,-1.5922108888626099,22,-71.47562408447266,-3.248892068862915,22,-67.90387725830078,-3.0865399837493896,22,-64.23944091796875,-1.8893953561782837,34,-65.15034484863281,-2.961379289627075,22,-60.8840446472168,-2.767456531524658,22,936
-60.80950164794922,-1.7885147333145142,34,-60.18549346923828,-1.7701616287231445,34,-68.9688720703125,-2.028496265411377,34,-81.28111267089844,-1.766980767250061,46,-70.63948059082031,-2.077631711959839,34,-67.12104797363281,-1.9741485118865967,34,937
-96.08304595947266,-2.402076244354248,40,-126.8038101196289,-3.170095205307007,40,-109.86131286621094,-2.746532917022705,40,-110.59243774414062,-3.1597838401794434,35,-122.64816284179688,-3.066204071044922,40,-108.75502014160156,-2.7188754081726074,40,938
-58.091583251953125,-1.708575963973999,34,-86.58274841308594,-2.546551465988159,34,-79.2183837890625,-2.3299524784088135,34,-63.45391082763672,-2.350144863128662,27,-92.651611328125,-2.7250473499298096,34,-82.95855712890625,-2.439957618713379,34,939
-85.14967346191406,-1.9802249670028687,43,-82.47477722167969,-1.918018102645874,43,-76.39112854003906,-1.7765378952026367,43,-52.67424392700195,-1.596189260482788,33,-86.93010711669922,-2.02163028717041,43,-85.23815155029297,-1.9822826385498047,43,940
-91.51829528808594,-2.6148083209991455,35,-89.46078491210938,-2.5560224056243896,35,-65.53919982910156,-1.8725485801696777,35,-68.40262603759766,-1.9000729322433472,36,-93.84955596923828,-2.6814157962799072,35,-76.84837341308594,-2.1956677436828613,35,941
-49.55339813232422,-1.7697641849517822,28,-68.35916137695312,-2.4413986206054688,28,-70.97476196289062,-2.5348129272460938,28,-71.04060363769531,-2.3680200576782227,30,-75.37849426269531,-2.692089080810547,28,-72.40074920654297,-2.5857410430908203,28,942
-77.95909118652344,-1.901441216468811,41,-60.256080627441406,-1.4696605205535889,41,-76.9426498413086,-1.8766499757766724,41,-44.560482025146484,-1.3106024265289307,34,-65.54119873046875,-1.5985658168792725,41,-75.03024291992188,-1.8300058841705322,41,943
-117.67550659179688,-2.451573133468628,48,-117.80504608154297,-2.4542717933654785,48,-105.24534606933594,-2.1926114559173584,48,-82.54338073730469,-2.063584566116333,40,-108.9342269897461,-2.269463062286377,48,-110.66888427734375,-2.3056018352508545,48,944
-51.26465606689453,-1.0680136680603027,48,-118.13345336914062,-2.461113691329956,48,-118.989990234375,-2.4789581298828125,48,-60.60403060913086,-2.089794158935547,29,-128.63180541992188,-2.6798293590545654,48,-112.43064880371094,-2.3423051834106445,48,945
-108.299072265625,-2.6414408683776855,41,-124.88896942138672,-3.046072483062744,41,-122.96482849121094,-2.9991421699523926,41,-149.10128784179688,-3.2413322925567627,46,-138.5123291015625,-3.378349542617798,41,-132.67156982421875,-3.2358920574188232,41,946
-73.34266662597656,-2.716395139694214,27,-76.19334411621094,-2.8219757080078125,27,-67.52788543701172,-2.501032829284668,27,-64.38236236572266,-2.2200815677642822,29,-80.04045104980469,-2.964461088180542,27,-75.32675170898438,-2.78987979888916,27,947
-120.83505249023438,-2.810117483139038,43,-138.17935180664062,-3.213473320007324,43,-140.8787841796875,-3.2762508392333984,43,-138.61692810058594,-3.3809006214141846,41,-142.1479949951172,-3.305767297744751,43,-143.9772491455078,-3.3483080863952637,43,948
-54.61528015136719,-1.4760886430740356,37,-96.82766723632812,-2.6169638633728027,37,-93.860107421875,-2.536759614944458,37,-84.20049285888672,-2.551530122756958,33,-86.43756103515625,-2.3361504077911377,37,-98.05796813964844,-2.6502153873443604,37,949
-116.36295318603516,-4.475498199462891,26,-112.58369445800781,-4.330142021179199,26,-75.75381469726562,-2.9136083126068115,26,-20.0567626953125,-1.1798095703125,17,-112.28187561035156,-4.318533897399902,26,-78.67408752441406,-3.025926351547241,26,950
-43.34486770629883,-1.3545271158218384,32,-67.103759765625,-2.0969924926757812,32,-68.43819427490234,-2.1386935710906982,32,-72.74930572509766,-1.9661974906921387,37,-83.79509735107422,-2.6185967922210693,32,-85.70576477050781,-2.678305149078369,32,951
-57.92290496826172,-2.413454294204712,24,-66.35794830322266,-2.7649145126342773,24,-66.34469604492188,-2.764362335205078,24,-67.45576477050781,-3.066171169281006,22,-68.52609252929688,-2.8552539348602295,24,-70.7023696899414,-2.945932149887085,24,952
-102.8612289428711,-2.3921215534210205,43,-97.27578735351562,-2.2622275352478027,43,-91.3131332397461,-2.123561143875122,43,-73.89910888671875,-2.05275297164917,36,-108.84628295898438,-2.531308889389038,43,-100.83573150634766,-2.3450169563293457,43,953
-49.8984489440918,-2.7721359729766846,18,-57.13044357299805,-3.1739134788513184,18,-54.019073486328125,-3.0010595321655273,18,-57.4945068359375,-1.6910148859024048,34,-66.66871643066406,-3.70381760597229,18,-62.23259735107422,-3.457366466522217,18,954
-58.90400314331055,-1.4366830587387085,41,-103.57276916503906,-2.526165008544922,41,-96.69093322753906,-2.3583154678344727,41,-95.56987762451172,-2.330972671508789,41,-94.3172378540039,-2.3004205226898193,41,-92.6719970703125,-2.2602925300598145,41,955
-125.36250305175781,-2.8491477966308594,44,-91.629638671875,-2.082491874694824,44,-89.0740966796875,-2.024411201477051,44,-16.410594940185547,-0.5860926508903503,28,-92.16605377197266,-2.0946829319000244,44,-88.51840209960938,-2.011781930923462,44,956
-77.51924896240234,-2.0951149463653564,37,-100.88450622558594,-2.7266082763671875,37,-81.86599731445312,-2.212594509124756,37,-84.34344482421875,-2.108586072921753,40,-97.82965850830078,-2.644044876098633,37,-79.9697494506836,-2.161344528198242,37,957
-42.21192932128906,-0.8276848793029785,51,-147.46115112304688,-2.891395092010498,51,-141.64956665039062,-2.777442455291748,51,-83.79678344726562,-2.7932260036468506,30,-146.31378173828125,-2.8688976764678955,51,-141.50650024414062,-2.774637222290039,51,958
-83.70857238769531,-1.7810333967208862,47,-67.44422149658203,-1.434983491897583,47,-67.2023696899414,-1.429837703704834,47,-60.49434280395508,-1.2871136665344238,47,-87.812255859375,-1.868345856666565,47,-66.97175598144531,-1.4249309301376343,47,959
-75.12986755371094,-2.6832096576690674,28,-70.89535522460938,-2.5319769382476807,28,-54.885440826416016,-1.9601943492889404,28,-56.88671112060547,-1.8350552320480347,31,-79.41716766357422,-2.836327314376831,28,-61.11382293701172,-2.1826364994049072,28,960
-110.20022583007812,-3.5548460483551025,31,-106.19454956054688,-3.425630569458008,31,-97.32416534423828,-3.13948917388916,31,-19.99102020263672,-1.0521589517593384,19,-106.22797393798828,-3.426708936691284,31,-98.82635498046875,-3.1879470348358154,31,961
-172.6736602783203,-4.3168416023254395,40,-250.98654174804688,-6.27466344833374,40,-284.78271484375,-7.11956787109375,40,-326.7085266113281,-7.102359294891357,46,-260.6883544921875,-6.517209053039551,40,-286.114990234375,-7.152874946594238,40,962
-69.37574768066406,-2.2379274368286133,31,-57.21337890625,-1.8455928564071655,31,-63.6334228515625,-2.0526909828186035,31,-56.83973693847656,-1.9599909782409668,29,-66.23955535888672,-2.1367597579956055,31,-62.7655029296875,-2.024693727493286,31,963
-86.69249725341797,-2.0641071796417236,42,-97.32379913330078,-2.3172333240509033,42,-94.328857421875,-2.245925188064575,42,-88.32154846191406,-2.453376293182373,36,-91.24722290039062,-2.1725528240203857,42,-91.27713775634766,-2.173265218734741,42,964
-79.91264343261719,-1.7372313737869263,46,-103.97798156738281,-2.2603909969329834,46,-119.13617706298828,-2.589916944503784,46,-64.6320571899414,-2.019751787185669,32,-125.23703002929688,-2.7225441932678223,46,-130.1859588623047,-2.830129623413086,46,965
-119.57942199707031,-2.4912378787994385,48,-139.48252868652344,-2.905885934829712,48,-111.10411071777344,-2.314668893814087,48,-40.65174865722656,-1.5635287761688232,26,-133.81637573242188,-2.7878410816192627,48,-105.23770141601562,-2.1924521923065186,48,966
-79.69612121582031,-2.4905037879943848,32,-72.110595703125,-2.2534561157226562,32,-58.072120666503906,-1.814753770828247,32,-78.671142578125,-2.4584732055664062,32,-73.3765869140625,-2.293018341064453,32,-59.30326461791992,-1.8532270193099976,32,967
-86.54985046386719,-2.545583724975586,34,-80.25996398925781,-2.3605871200561523,34,-70.19552612304688,-2.0645742416381836,34,-80.538330078125,-1.9643495082855225,41,-97.78045654296875,-2.8758957386016846,34,-79.56614685058594,-2.3401808738708496,34,968
-87.47293853759766,-2.301919460296631,38,-75.16461944580078,-1.9780162572860718,38,-70.07536315917969,-1.8440885543823242,38,-69.25006103515625,-2.233872890472412,31,-80.97132873535156,-2.130824327468872,38,-80.56472778320312,-2.120124340057373,38,969
-59.54951477050781,-1.526910662651062,39,-71.79563903808594,-1.8409137725830078,39,-71.20658874511719,-1.8258099555969238,39,-54.8622932434082,-1.5674940347671509,35,-72.59945678710938,-1.8615245819091797,39,-71.54883575439453,-1.8345855474472046,39,970
-57.54323196411133,-1.5984231233596802,36,-130.43832397460938,-3.623286724090576,36,-119.06684112548828,-3.3074121475219727,36,-107.53726196289062,-3.4689438343048096,31,-136.37393188476562,-3.7881648540496826,36,-122.75761413574219,-3.4099338054656982,36,971
-72.01553344726562,-1.6003451347351074,45,-81.77301788330078,-1.8171781301498413,45,-79.89955139160156,-1.775545597076416,45,-65.29257202148438,-1.5545850992202759,42,-87.45565032958984,-1.943458914756775,45,-91.1251220703125,-2.0250027179718018,45,972
-67.09274291992188,-1.7655985355377197,38,-91.34426879882812,-2.403796434402466,38,-90.13937377929688,-2.372088670730591,38,-40.22743606567383,-1.2571073770523071,32,-87.1787109375,-2.2941765785217285,38,-76.99652099609375,-2.026224136352539,38,973
-44.36912155151367,-1.5299696922302246,29,-82.41024780273438,-2.8417327404022217,29,-99.8662338256836,-3.4436631202697754,29,-87.0395736694336,-2.9013190269470215,30,-83.81312561035156,-2.8901078701019287,29,-93.76730346679688,-3.2333552837371826,29,974
-43.36992645263672,-1.4456641674041748,30,-64.30068969726562,-2.1433563232421875,30,-52.81535339355469,-1.7605117559432983,30,-46.16233825683594,-1.4891077280044556,31,-52.27008056640625,-1.7423360347747803,30,-47.15458679199219,-1.571819543838501,30,975
-78.16624450683594,-2.1126012802124023,37,-98.78680419921875,-2.6699135303497314,37,-105.33470916748047,-2.84688401222229,37,-70.91758728027344,-2.2876641750335693,31,-97.0746841430664,-2.6236400604248047,37,-105.37897491455078,-2.8480803966522217,37,976
-75.34475708007812,-1.7522037029266357,43,-85.87217712402344,-1.9970273971557617,43,-62.15534591674805,-1.4454731941223145,43,-45.74341583251953,-1.2363085746765137,37,-103.79800415039062,-2.413907051086426,43,-80.22341918945312,-1.8656609058380127,43,977
-82.55469512939453,-2.6630547046661377,31,-205.07162475585938,-6.615213871002197,31,-183.89602661132812,-5.932129859924316,31,-274.38800048828125,-5.838042736053467,47,-184.5201873779297,-5.952264308929443,31,-177.9269561767578,-5.739579200744629,31,978
-143.5299072265625,-3.4173786640167236,42,-128.15664672851562,-3.0513486862182617,42,-107.34866333007812,-2.5559206008911133,42,-114.60177612304688,-2.7286136150360107,42,-133.49444580078125,-3.178439140319824,42,-120.11743927001953,-2.8599390983581543,42,979
-89.05520629882812,-2.3435580730438232,38,-73.90934753417969,-1.944982886314392,38,-76.8343734741211,-2.0219571590423584,38,-114.17291259765625,-2.5371758937835693,45,-74.75902557373047,-1.967342734336853,38,-78.4923095703125,-2.065587043762207,38,980
-100.01428985595703,-2.2730519771575928,44,-130.7322540283203,-2.9711875915527344,44,-123.57225036621094,-2.808460235595703,44,-90.35844421386719,-3.1158084869384766,29,-138.96432495117188,-3.15828013420105,44,-129.56332397460938,-2.9446210861206055,44,981
-80.65882873535156,-2.0681750774383545,39,-83.22166442871094,-2.1338887214660645,39,-92.17340087890625,-2.3634204864501953,39,-96.56730651855469,-2.2992215156555176,42,-103.60749816894531,-2.656602621078491,39,-115.4537582397461,-2.960352659225464,39,982
-47.961063385009766,-1.598702073097229,30,-59.332191467285156,-1.977739691734314,30,-57.053794860839844,-1.901793122291565,30,-99.26649475097656,-2.363487958908081,42,-61.09400939941406,-2.0364670753479004,30,-72.80197143554688,-2.426732301712036,30,983
-45.28366470336914,-1.4151145219802856,32,-71.89480590820312,-2.2467126846313477,32,-67.26174926757812,-2.1019296646118164,32,-93.34010314941406,-2.029132604598999,46,-91.46479034423828,-2.8582746982574463,32,-85.28334045410156,-2.665104389190674,32,984
-100.45233154296875,-3.0440101623535156,33,-120.45960998535156,-3.6502912044525146,33,-110.71861267089844,-3.355109453201294,33,-112.84510803222656,-2.8934643268585205,39,-115.79727172851562,-3.5090081691741943,33,-108.14761352539062,-3.27720046043396,33,985
-80.63896179199219,-1.832703709602356,44,-115.93214416503906,-2.6348214149475098,44,-89.66215515136719,-2.037776231765747,44,-86.16959381103516,-2.3289079666137695,37,-122.28147888183594,-2.7791244983673096,44,-100.1952133178711,-2.2771639823913574,44,986
-49.53263473510742,-1.4568421840667725,34,-71.47433471679688,-2.1021862030029297,34,-59.0916748046875,-1.737990379333496,34,-52.75777053833008,-1.0766892433166504,49,-73.70755767822266,-2.1678693294525146,34,-70.79285430908203,-2.0821428298950195,34,987
-50.04450225830078,-1.7873036861419678,28,-69.77937316894531,-2.4921205043792725,28,-58.588993072509766,-2.092463970184326,28,-53.35418701171875,-1.9055067300796509,28,-87.24290466308594,-3.1158180236816406,28,-79.11516571044922,-2.8255417346954346,28,988
-82.29637145996094,-1.828808307647705,45,-128.8600311279297,-2.863556146621704,45,-104.32661437988281,-2.318369150161743,45,-89.36016845703125,-2.234004259109497,40,-135.89129638671875,-3.0198066234588623,45,-111.12222290039062,-2.4693827629089355,45,989
-93.0885238647461,-3.1029508113861084,30,-99.7364501953125,-3.3245482444763184,30,-82.83950805664062,-2.761317014694214,30,-82.07172393798828,-2.4870219230651855,33,-99.25393676757812,-3.308464527130127,30,-92.79295349121094,-3.0930984020233154,30,990
-40.26301956176758,-0.856660008430481,47,-108.83415222167969,-2.315620183944702,47,-105.44804382324219,-2.24357533454895,47,-63.9073486328125,-1.825924277305603,35,-133.62271118164062,-2.843036413192749,47,-133.63409423828125,-2.843278646469116,47,991
-91.79147338867188,-2.5497632026672363,36,-89.41679382324219,-2.483799934387207,36,-92.64327239990234,-2.5734243392944336,36,-111.49847412109375,-2.9341704845428467,38,-100.95450592041016,-2.8042917251586914,36,-101.67035675048828,-2.824176549911499,36,992
-69.16344451904297,-1.646748661994934,42,-111.14013671875,-2.646193742752075,42,-133.95379638671875,-3.18937611579895,42,-105.58006286621094,-3.1993958950042725,33,-135.4536590576172,-3.2250871658325195,42,-153.79141235351562,-3.6617002487182617,42,993
-73.90345001220703,-1.802523136138916,41,-96.20510864257812,-2.346466064453125,41,-103.04032135009766,-2.513178586959839,41,-108.76046752929688,-3.0211241245269775,36,-102.61077880859375,-2.502701997756958,41,-112.3250503540039,-2.739635467529297,41,994
-57.41159439086914,-1.4352898597717285,40,-113.78556060791016,-2.8446390628814697,40,-94.4769515991211,-2.3619236946105957,40,-83.74071502685547,-2.203702926635742,38,-107.28092193603516,-2.682023048400879,40,-102.73274993896484,-2.5683188438415527,40,995
-69.20848083496094,-1.7302119731903076,40,-98.14788818359375,-2.4536972045898438,40,-117.35786437988281,-2.9339466094970703,40,-75.5089340209961,-2.5169644355773926,30,-98.68951416015625,-2.467237949371338,40,-117.48535919189453,-2.937134027481079,40,996
-49.67633819580078,-1.7741549015045166,28,-79.59364318847656,-2.84263014793396,28,-75.56802368164062,-2.6988580226898193,28,-70.81784057617188,-2.3605947494506836,30,-78.15133666992188,-2.79111909866333,28,-85.49457550048828,-3.053377628326416,28,997
-74.3767318725586,-2.975069284439087,25,-98.32935333251953,-3.9331741333007812,25,-77.21337127685547,-3.0885348320007324,25,-85.90478515625,-3.068027973175049,28,-94.6203384399414,-3.784813642501831,25,-72.39100646972656,-2.8956403732299805,25,998
-57.8942756652832,-2.412261486053467,24,-67.60626220703125,-2.816927671432495,24,-66.13755798339844,-2.7557315826416016,24,-85.6287841796875,-2.1956098079681396,39,-68.358154296875,-2.8482563495635986,24,-63.361045837402344,-2.6400434970855713,24,999
-70.13717651367188,-1.6310970783233643,43,-85.82125091552734,-1.9958430528640747,43,-68.74945068359375,-1.598824381828308,43,-72.2421646118164,-1.3630597591400146,53,-93.0030746459961,-2.1628623008728027,43,-65.23271179199219,-1.5170397758483887,43,1000
-74.13580322265625,-2.316743850708008,32,-96.43821716308594,-3.0136942863464355,32,-81.0052261352539,-2.5314133167266846,32,-77.99991607666016,-2.5161263942718506,31,-110.33148193359375,-3.4478588104248047,32,-72.894287109375,-2.2779464721679688,32,1001
-66.92636108398438,-1.8088206052780151,37,-148.10777282714844,-4.002912998199463,37,-145.09024047851562,-3.9213578701019287,37,-150.76983642578125,-3.6773130893707275,41,-143.00828552246094,-3.865088701248169,37,-137.84347534179688,-3.725499391555786,37,1002
-81.77410125732422,-1.6354820728302002,50,-110.03241729736328,-2.200648307800293,50,-87.91148376464844,-1.7582297325134277,50,-81.42534637451172,-1.8094521760940552,45,-113.25421142578125,-2.2650842666625977,50,-92.8880615234375,-1.857761263847351,50,1003
-136.86154174804688,-3.041367530822754,45,-144.6059112548828,-3.2134647369384766,45,-138.10232543945312,-3.0689406394958496,45,-138.39199829101562,-2.824326515197754,49,-167.64773559570312,-3.7255053520202637,45,-136.68353271484375,-3.03741192817688,45,1004
-88.06079864501953,-2.317389488220215,38,-134.15557861328125,-3.530410051345825,38,-78.75627136230469,-2.072533369064331,38,-79.37669372558594,-1.9844173192977905,40,-137.33412170410156,-3.614055871963501,38,-84.5963134765625,-2.2262187004089355,38,1005
-39.84217834472656,-1.422934889793396,28,-59.47975540161133,-2.124276876449585,28,-49.146644592285156,-1.755237340927124,28,-36.399070739746094,-1.0110852718353271,36,-54.81031036376953,-1.957511067390442,28,-49.51854705810547,-1.7685195207595825,28,1006
-107.93234252929688,-3.174480676651001,34,-203.6081085205078,-5.988473892211914,34,-233.17835998535156,-6.858187198638916,34,-293.9784240722656,-6.1245503425598145,48,-191.56405639648438,-5.634236812591553,34,-230.57046508789062,-6.781484127044678,34,1007
-84.79851531982422,-2.019012212753296,42,-169.12782287597656,-4.026853084564209,42,-178.07025146484375,-4.239768028259277,42,-172.90029907226562,-4.217080593109131,41,-163.0235595703125,-3.8815133571624756,42,-182.62777709960938,-4.348280429840088,42,1008
-62.56992721557617,-1.5260957479476929,41,-98.51036071777344,-2.4026918411254883,41,-95.20987701416016,-2.3221921920776367,41,-95.53617858886719,-2.2746708393096924,42,-90.54499816894531,-2.2084145545959473,41,-86.48818969726562,-2.1094679832458496,41,1009
-45.628334045410156,-1.140708327293396,40,-127.2095718383789,-3.180239200592041,40,-96.22354125976562,-2.4055886268615723,40,-73.29951477050781,-2.617839813232422,28,-121.47761535644531,-3.036940336227417,40,-93.20930480957031,-2.330232620239258,40,1010
-62.4873046875,-1.48779296875,42,-51.597415924072266,-1.2285099029541016,42,-47.494140625,-1.1308128833770752,42,-48.34532165527344,-1.1791541576385498,41,-68.61527252197266,-1.6336969137191772,42,-59.17439270019531,-1.4089140892028809,42,1011
-114.2532958984375,-2.6570534706115723,43,-137.7410888671875,-3.2032811641693115,43,-121.387451171875,-2.8229639530181885,43,-113.03010559082031,-2.8257527351379395,40,-133.38699340820312,-3.102023124694824,43,-120.42839813232422,-2.8006603717803955,43,1012
-60.42300796508789,-3.5542945861816406,17,-83.77619171142578,-4.928011417388916,17,-69.939453125,-4.114085674285889,17,-67.62947082519531,-2.3320508003234863,29,-77.10429382324219,-4.535546779632568,17,-67.87403106689453,-3.9925899505615234,17,1013
-86.78202819824219,-2.7994203567504883,31,-77.55517578125,-2.501779794692993,31,-75.34195709228516,-2.4303858280181885,31,-76.47107696533203,-2.2491493225097656,34,-76.30497741699219,-2.4614508152008057,31,-76.8052978515625,-2.477590322494507,31,1014
-78.68264770507812,-2.7131948471069336,29,-63.23260498046875,-2.1804347038269043,29,-48.05409240722656,-1.657037615776062,29,-49.54204177856445,-1.651401400566101,30,-74.39842224121094,-2.565462827682495,29,-61.76420593261719,-2.129800319671631,29,1015
-64.6867446899414,-1.9602043628692627,33,-98.13291931152344,-2.973724842071533,33,-86.77481079101562,-2.629539728164673,33,-81.45257568359375,-2.2625715732574463,36,-99.80814361572266,-3.024489164352417,33,-92.54023742675781,-2.8042495250701904,33,1016
-68.0506591796875,-1.582573413848877,43,-97.79655456542969,-2.274338483810425,43,-93.25640869140625,-2.1687536239624023,43,-60.696800231933594,-2.0929930210113525,29,-99.77557373046875,-2.320362091064453,43,-85.5082778930664,-1.9885646104812622,43,1017
-128.9913787841797,-2.529242753982544,51,-137.7579345703125,-2.7011358737945557,51,-136.00706481933594,-2.6668052673339844,51,-79.67680358886719,-2.042994976043701,39,-156.65557861328125,-3.0716779232025146,51,-151.67041015625,-2.9739296436309814,51,1018
-44.395118713378906,-0.906022846698761,49,-101.5711441040039,-2.072880506515503,49,-91.31510162353516,-1.8635735511779785,49,-85.31401824951172,-1.8546525239944458,46,-108.11307525634766,-2.2063891887664795,49,-101.03077697753906,-2.0618526935577393,49,1019
-33.68302917480469,-1.2955011129379272,26,-118.80253601074219,-4.569328308105469,26,-112.19793701171875,-4.315305233001709,26,-103.93045043945312,-3.711801767349243,28,-108.96177673339844,-4.190837383270264,26,-105.7063980102539,-4.065630912780762,26,1020
-77.18875122070312,-2.572958469390869,30,-88.27745056152344,-2.9425816535949707,30,-84.83394622802734,-2.8277981281280518,30,-89.00813293457031,-2.7815041542053223,32,-78.9239501953125,-2.63079833984375,30,-78.81564331054688,-2.627188205718994,30,1021
-94.90079498291016,-2.063060760498047,46,-220.25228881835938,-4.788093090057373,46,-235.02294921875,-5.109194755554199,46,-232.35586547851562,-5.403625011444092,43,-224.62168884277344,-4.883080005645752,46,-244.29852294921875,-5.310837268829346,46,1022
-82.98007202148438,-2.370859146118164,35,-88.9959487915039,-2.542741298675537,35,-91.32696533203125,-2.609341859817505,35,-73.27188110351562,-2.5266165733337402,29,-100.11673736572266,-2.860478162765503,35,-91.002685546875,-2.600076675415039,35,1023
-84.07257080078125,-1.8276646137237549,46,-131.01235961914062,-2.8480947017669678,46,-132.84893798828125,-2.8880202770233154,46,-94.6390151977539,-2.8678488731384277,33,-138.13519287109375,-3.002938985824585,46,-139.48033142089844,-3.0321810245513916,46,1024
-111.72566223144531,-2.864760637283325,39,-209.04075622558594,-5.360019207000732,39,-245.8226776123047,-6.303145408630371,39,-286.266357421875,-5.842170715332031,49,-204.63287353515625,-5.246996879577637,39,-239.6134796142578,-6.143935203552246,39,1025
-138.73574829101562,-2.8903281688690186,48,-115.6728286743164,-2.409850597381592,48,-103.224365234375,-2.150507688522339,48,-89.93354797363281,-1.998523235321045,45,-123.10063171386719,-2.56459641456604,48,-107.32017517089844,-2.235836982727051,48,1026
-112.611572265625,-2.3959908485412598,47,-128.74728393554688,-2.7393038272857666,47,-118.30570983886719,-2.5171427726745605,47,-84.73246002197266,-2.921808958053589,29,-144.64122009277344,-3.077472686767578,47,-113.3636703491211,-2.4119930267333984,47,1027
-43.780357360839844,-1.4593452215194702,30,-81.77916717529297,-2.7259721755981445,30,-86.56053161621094,-2.8853509426116943,30,-99.5234375,-2.9271600246429443,34,-93.0528793334961,-3.101762533187866,30,-92.2591552734375,-3.075305223464966,30,1028
-86.88800048828125,-1.7732244729995728,49,-138.18341064453125,-2.8200695514678955,49,-111.2326889038086,-2.270054817199707,49,-58.25984191894531,-1.7654497623443604,33,-139.82577514648438,-2.8535871505737305,49,-127.60067749023438,-2.604095458984375,49,1029
-164.59152221679688,-2.25467848777771,73,-166.194091796875,-2.2766313552856445,73,-136.38893127441406,-1.8683415651321411,73,-136.27761840820312,-1.8668166399002075,73,-211.840576171875,-2.901925802230835,73,-185.66778564453125,-2.5433943271636963,73,1030
-80.61163330078125,-2.8789868354797363,28,-72.76349639892578,-2.598696231842041,28,-71.18254089355469,-2.54223370552063,28,-63.8555908203125,-2.1285197734832764,30,-88.11447143554688,-3.1469454765319824,28,-84.24810791015625,-3.0088610649108887,28,1031
-65.85582733154297,-2.4391047954559326,27,-90.76618957519531,-3.361710786819458,27,-72.20655822753906,-2.674316883087158,27,-81.037841796875,-2.614123821258545,31,-83.34062957763672,-3.0866899490356445,27,-99.74551391601562,-3.6942782402038574,27,1032
-50.881404876708984,-1.8171930313110352,28,-78.76077270507812,-2.81288480758667,28,-68.52024841308594,-2.4471516609191895,28,-51.025634765625,-1.5007539987564087,34,-86.24180603027344,-3.080064535140991,28,-79.49043273925781,-2.8389439582824707,28,1033
-111.11405181884766,-3.174687147140503,35,-61.692108154296875,-1.7626316547393799,35,-48.238929748535156,-1.3782551288604736,35,-17.147560119628906,-0.6595215201377869,26,-75.8489990234375,-2.1671142578125,35,-46.433658599853516,-1.3266760110855103,35,1034
-101.86578369140625,-2.4253756999969482,42,-122.42364501953125,-2.914848804473877,42,-125.81636810302734,-2.9956278800964355,42,-94.83546447753906,-2.6343183517456055,36,-135.00424194335938,-3.2143867015838623,42,-127.84986114501953,-3.044044256210327,42,1035
-59.72499084472656,-1.6590275764465332,36,-102.43057250976562,-2.8452937602996826,36,-95.66551208496094,-2.6573753356933594,36,-78.8861312866211,-2.7202115058898926,29,-100.706787109375,-2.797410726547241,36,-106.25740814208984,-2.951594591140747,36,1036
-79.83267211914062,-1.9471383094787598,41,-118.52973937988281,-2.8909692764282227,41,-117.56792449951172,-2.8675103187561035,41,-109.22103881835938,-2.6639277935028076,41,-142.43212890625,-3.473954439163208,41,-132.80593872070312,-3.239169120788574,41,1037
-41.59010314941406,-1.0664129257202148,39,-83.57276916503906,-2.1428914070129395,39,-63.877784729003906,-1.6378918886184692,39,-67.815673828125,-1.5771087408065796,43,-112.50479125976562,-2.8847382068634033,39,-97.00563049316406,-2.487323760986328,39,1038
-76.71881866455078,-1.9179704189300537,40,-141.2049560546875,-3.5301239490509033,40,-121.3609619140625,-3.0340240001678467,40,-122.77836608886719,-2.8553109169006348,43,-125.42327880859375,-3.1355819702148438,40,-125.32940673828125,-3.133235216140747,40,1039
-76.27188873291016,-1.9556894302368164,39,-109.37433624267578,-2.8044700622558594,39,-101.89173126220703,-2.6126084327697754,39,-84.73411560058594,-3.138300657272339,27,-118.62652587890625,-3.041705846786499,39,-108.79364776611328,-2.789580821990967,39,1040
-33.630889892578125,-1.4012870788574219,24,-59.957374572753906,-2.4982240200042725,24,-60.20756912231445,-2.508648633956909,24,-51.587886810302734,-1.7788926362991333,29,-60.330413818359375,-2.5137672424316406,24,-67.25160217285156,-2.802150011062622,24,1041
-48.287109375,-1.270713448524475,38,-87.1346435546875,-2.2930169105529785,38,-67.34176635742188,-1.7721517086029053,38,-60.835845947265625,-1.7892895936965942,34,-80.09347534179688,-2.1077229976654053,38,-63.73573303222656,-1.6772561073303223,38,1042
-78.15162658691406,-1.736702799797058,45,-116.90115356445312,-2.5978033542633057,45,-101.61453247070312,-2.258100748062134,45,-47.715576171875,-1.767243504524231,27,-109.01287841796875,-2.422508478164673,45,-95.03579711914062,-2.1119065284729004,45,1043
-94.23193359375,-2.29833984375,41,-127.34811401367188,-3.106051445007324,41,-129.83950805664062,-3.1668171882629395,41,-91.4216079711914,-3.047386884689331,30,-135.8947296142578,-3.3145055770874023,41,-128.69268798828125,-3.1388461589813232,41,1044
-66.48471069335938,-2.01468825340271,33,-115.94772338867188,-3.5135674476623535,33,-82.69561767578125,-2.505927801132202,33,-54.211708068847656,-2.1684682369232178,25,-117.7322006225586,-3.5676424503326416,33,-89.80487823486328,-2.721359968185425,33,1045
-63.13187789916992,-1.97287118434906,32,-86.95355987548828,-2.717298746109009,32,-73.599853515625,-2.2999954223632812,32,-72.02237701416016,-2.1824963092803955,33,-85.74368286132812,-2.679490089416504,32,-83.74949645996094,-2.6171717643737793,32,1046
-57.49687957763672,-1.6910847425460815,34,-90.28101348876953,-2.6553239822387695,34,-103.9754867553711,-3.058102607727051,34,-105.78802490234375,-2.2508089542388916,47,-90.21510314941406,-2.6533854007720947,34,-123.78752136230469,-3.6408095359802246,34,1047
-68.53068542480469,-1.7571970224380493,39,-66.50874328613281,-1.7053524255752563,39,-56.2924919128418,-1.4433972835540771,39,-55.32313919067383,-1.257344126701355,44,-82.3465576171875,-2.1114501953125,39,-67.31742858886719,-1.7260879278182983,39,1048
-86.83223724365234,-2.7135074138641357,32,-106.93832397460938,-3.341822624206543,32,-92.53031158447266,-2.8915722370147705,32,-96.01007080078125,-2.285953998565674,42,-119.5428466796875,-3.7357139587402344,32,-100.422607421875,-3.1382064819335938,32,1049
-35.01182174682617,-1.1294136047363281,31,-37.88752746582031,-1.222178339958191,31,-43.077659606933594,-1.3896019458770752,31,-42.64374542236328,-1.3756047487258911,31,-48.799583435058594,-1.5741801261901855,31,-52.87486267089844,-1.7056406736373901,31,1050
-87.71260070800781,-2.741018772125244,32,-186.5545654296875,-5.829830169677734,32,-197.56674194335938,-6.1739606857299805,32,-292.97119140625,-6.233429431915283,47,-194.0111846923828,-6.062849521636963,32,-190.54867553710938,-5.954646110534668,32,1051
-100.46864318847656,-2.184100866317749,46,-165.06326293945312,-3.588331699371338,46,-154.50173950195312,-3.3587334156036377,46,-106.5662841796875,-3.4376220703125,31,-179.90585327148438,-3.910996913909912,46,-153.5333709716797,-3.337682008743286,46,1052
-80.31937408447266,-2.6773123741149902,30,-89.56957244873047,-2.985652446746826,30,-97.4005126953125,-3.2466838359832764,30,-71.27876281738281,-3.751513719558716,19,-89.03108215332031,-2.967702627182007,30,-99.37124633789062,-3.3123748302459717,30,1053
-72.31163024902344,-2.4103877544403076,30,-72.34959411621094,-2.4116530418395996,30,-84.56095123291016,-2.8186984062194824,30,-83.11329650878906,-2.4445087909698486,34,-91.34003448486328,-3.0446677207946777,30,-93.56666564941406,-3.1188888549804688,30,1054
-64.8460464477539,-2.1615347862243652,30,-72.29113006591797,-2.4097044467926025,30,-100.03990936279297,-3.3346636295318604,30,-63.52558517456055,-1.2964404821395874,49,-73.14593505859375,-2.4381978511810303,30,-102.01564025878906,-3.4005212783813477,30,1055
-96.02334594726562,-2.000486373901367,48,-144.4920654296875,-3.01025128364563,48,-163.88665771484375,-3.4143054485321045,48,-159.53109741210938,-3.3235645294189453,48,-158.25369262695312,-3.29695200920105,48,-165.10935974121094,-3.4397783279418945,48,1056
-64.69876098632812,-1.5780185461044312,41,-135.32711791992188,-3.300661325454712,41,-137.40370178222656,-3.3513097763061523,41,-124.53604125976562,-3.7738194465637207,33,-142.20465087890625,-3.4684062004089355,41,-136.560302734375,-3.3307390213012695,41,1057
-92.92454528808594,-2.9038920402526855,32,-77.51805114746094,-2.4224390983581543,32,-75.7166748046875,-2.3661460876464844,32,-70.34402465820312,-2.51228666305542,28,-97.68095397949219,-3.052529811859131,32,-98.02318572998047,-3.0632245540618896,32,1058
-62.30848693847656,-2.2253031730651855,28,-109.20925903320312,-3.9003307819366455,28,-119.29743194580078,-4.260622501373291,28,-117.90409851074219,-4.534772872924805,26,-110.16150665283203,-3.9343395233154297,28,-125.36871337890625,-4.47745418548584,28,1059
-71.1799087524414,-1.7360953092575073,41,-69.4357681274414,-1.6935553550720215,41,-74.29493713378906,-1.812071681022644,41,-65.8515625,-1.5678943395614624,42,-85.16633605957031,-2.0772275924682617,41,-85.05278015136719,-2.074458122253418,41,1060
-171.3319549560547,-4.895198822021484,35,-100.89988708496094,-2.8828539848327637,35,-94.32656860351562,-2.695044755935669,35,-106.66474151611328,-2.2694625854492188,47,-115.81956481933594,-3.3091304302215576,35,-110.57208251953125,-3.1592023372650146,35,1061
-62.65432357788086,-2.0211071968078613,31,-66.94793701171875,-2.1596109867095947,31,-56.41029357910156,-1.8196868896484375,31,-68.79285430908203,-1.5634739398956299,44,-59.48693084716797,-1.9189332723617554,31,-69.86869812011719,-2.253829002380371,31,1062
-84.0849380493164,-2.8994805812835693,29,-87.2598876953125,-3.0089616775512695,29,-74.2567367553711,-2.560577154159546,29,-55.913475036621094,-1.2425216436386108,45,-99.72245788574219,-3.4387054443359375,29,-80.12022399902344,-2.7627663612365723,29,1063
-56.35992431640625,-1.8180620670318604,31,-94.97145080566406,-3.0635952949523926,31,-99.89171600341797,-3.222313404083252,31,-99.42669677734375,-2.259697675704956,44,-108.90885925292969,-3.5131890773773193,31,-106.79999542236328,-3.4451611042022705,31,1064
-72.63396453857422,-1.482325792312622,49,-77.72318267822266,-1.5861873626708984,49,-63.21179962158203,-1.290036678314209,49,-65.10327911376953,-1.385176181793213,47,-94.98103332519531,-1.938388466835022,49,-94.40666961669922,-1.9266667366027832,49,1065
-74.96205139160156,-2.204766273498535,34,-84.27194213867188,-2.478586435317993,34,-79.99366760253906,-2.352754831314087,34,-31.097047805786133,-1.2438819408416748,25,-101.15943145751953,-2.9752774238586426,34,-89.9502944946289,-2.645596981048584,34,1066
-76.27682495117188,-2.179337739944458,35,-106.97534942626953,-3.056438446044922,35,-89.0068359375,-2.5430524349212646,35,-75.01203918457031,-2.778223752975464,27,-116.60186767578125,-3.33148193359375,35,-89.28317260742188,-2.550947904586792,35,1067
-99.65989685058594,-2.31767201423645,43,-87.38056182861328,-2.0321061611175537,43,-114.07626342773438,-2.6529364585876465,43,-75.63066101074219,-2.224431276321411,34,-106.989013671875,-2.488116502761841,43,-121.0946044921875,-2.8161535263061523,43,1068
-100.82718658447266,-2.291527032852173,44,-106.66304779052734,-2.4241602420806885,44,-100.66825866699219,-2.287914991378784,44,-93.25553894042969,-2.5204200744628906,37,-113.5042495727539,-2.5796420574188232,44,-100.39073944091797,-2.2816076278686523,44,1069
-160.59666442871094,-4.2262282371521,38,-153.26022338867188,-4.033163547515869,38,-126.6387939453125,-3.3325998783111572,38,-108.67040252685547,-3.747255325317383,29,-165.8799285888672,-4.365261077880859,38,-131.89639282226562,-3.4709577560424805,38,1070
-49.68097686767578,-2.3657608032226562,21,-55.584861755371094,-2.6468982696533203,21,-70.82830810546875,-3.372776508331299,21,-61.77515411376953,-1.9927469491958618,31,-72.03187561035156,-3.430089235305786,21,-69.22303771972656,-3.296335220336914,21,1071
-75.05806732177734,-2.5882091522216797,29,-75.29194641113281,-2.596273899078369,29,-81.4068832397461,-2.807133913040161,29,-83.87355041503906,-2.8921914100646973,29,-92.13165283203125,-3.1769535541534424,29,-97.50796508789062,-3.3623435497283936,29,1072
-98.70500183105469,-1.862358570098877,53,-164.51968383789062,-3.104145050048828,53,-139.79925537109375,-2.6377217769622803,53,-92.98273468017578,-3.443804979324341,27,-151.12416076660156,-2.8513991832733154,53,-137.9683074951172,-2.603175640106201,53,1073
-105.06758880615234,-2.8396644592285156,37,-126.66065216064453,-3.4232609272003174,37,-115.93516540527344,-3.133382797241211,37,-124.60120391845703,-2.83184552192688,44,-125.76951599121094,-3.3991761207580566,37,-104.03465270996094,-2.8117473125457764,37,1074
-79.18080139160156,-1.6846978664398193,47,-113.19918060302734,-2.4084932804107666,47,-77.18364715576172,-1.6422052383422852,47,-47.5648193359375,-1.2517057657241821,38,-123.39933013916016,-2.6255176067352295,47,-83.80294036865234,-1.78304123878479,47,1075
-53.240631103515625,-1.8358838558197021,29,-77.28372955322266,-2.6649560928344727,29,-59.825313568115234,-2.062941789627075,29,-55.013023376464844,-1.96475088596344,28,-93.90721893310547,-3.238179922103882,29,-70.87293243408203,-2.443894147872925,29,1076
-88.38192749023438,-3.5352771282196045,25,-81.54542541503906,-3.26181697845459,25,-76.63468933105469,-3.065387487411499,25,-43.46237564086914,-2.173118829727173,20,-81.38522338867188,-3.255409002304077,25,-69.20063018798828,-2.7680251598358154,25,1077
-29.694734573364258,-0.9279604554176331,32,-54.042503356933594,-1.6888282299041748,32,-56.33926773071289,-1.7606021165847778,32,-57.64275360107422,-1.6469358205795288,35,-65.99723815917969,-2.0624136924743652,32,-69.50203704833984,-2.17193865776062,32,1078
-77.8427734375,-2.2894933223724365,34,-76.08275604248047,-2.2377281188964844,34,-84.35152435302734,-2.4809272289276123,34,-127.82697296142578,-2.9727203845977783,43,-75.52449798583984,-2.221308708190918,34,-97.71481323242188,-2.87396502494812,34,1079
-63.477622985839844,-1.5869405269622803,40,-207.3739776611328,-5.184349536895752,40,-236.21197509765625,-5.905299186706543,40,-304.8344421386719,-6.774098873138428,45,-201.705810546875,-5.042645454406738,40,-235.51943969726562,-5.887986183166504,40,1080
-43.94356918334961,-1.292457938194275,34,-58.7553825378418,-1.7280994653701782,34,-61.06312942504883,-1.7959743738174438,34,-46.22254943847656,-1.127379298210144,41,-74.15234375,-2.1809513568878174,34,-70.701171875,-2.079446315765381,34,1081
-128.74014282226562,-3.218503475189209,40,-92.9810562133789,-2.324526309967041,40,-74.57780456542969,-1.8644450902938843,40,-21.031024932861328,-1.0014773607254028,21,-121.10191345214844,-3.027547836303711,40,-73.84705352783203,-1.8461763858795166,40,1082
-53.02129364013672,-1.3595203161239624,39,-77.100341796875,-1.9769318103790283,39,-104.70808410644531,-2.6848225593566895,39,-67.03425598144531,-2.2344751358032227,30,-77.3389892578125,-1.983051061630249,39,-105.06421661376953,-2.6939542293548584,39,1083
-100.83799743652344,-3.878384590148926,26,-81.74559783935547,-3.14406156539917,26,-75.91642761230469,-2.9198625087738037,26,-65.66963958740234,-1.4593253135681152,45,-79.64005279541016,-3.0630788803100586,26,-75.09564971923828,-2.888294219970703,26,1084
-160.77423095703125,-3.3494632244110107,48,-140.33743286132812,-2.923696517944336,48,-122.87112426757812,-2.5598151683807373,48,-103.33931732177734,-2.649726152420044,39,-137.44773864746094,-2.863494634628296,48,-126.92816162109375,-2.644336700439453,48,1085
-91.60045623779297,-2.9548535346984863,31,-96.01213073730469,-3.097165584564209,31,-89.00872802734375,-2.871249198913574,31,-98.16251373291016,-2.337202787399292,42,-85.24613952636719,-2.749875545501709,31,-93.3570785522461,-3.011518716812134,31,1086
-86.16203308105469,-2.3287036418914795,37,-89.16783142089844,-2.4099414348602295,37,-86.66708374023438,-2.342353582382202,37,-95.43440246582031,-2.385859966278076,40,-101.82951354980469,-2.7521491050720215,37,-102.7911376953125,-2.7781388759613037,37,1087
-17.359251022338867,-0.9644028544425964,18,-57.80948257446289,-3.2116379737854004,18,-74.11137390136719,-4.117298603057861,18,-132.64352416992188,-3.084733009338379,43,-63.76369094848633,-3.5424273014068604,18,-73.4749755859375,-4.081943035125732,18,1088
-82.49365234375,-2.356961488723755,35,-91.52093505859375,-2.6148838996887207,35,-72.87873077392578,-2.082249402999878,35,-73.7677230834961,-1.603646159172058,46,-97.57868194580078,-2.7879624366760254,35,-86.60455322265625,-2.4744157791137695,35,1089
-53.19877624511719,-1.5199650526046753,35,-67.10637664794922,-1.9173250198364258,35,-59.58369445800781,-1.702391266822815,35,-57.14041519165039,-1.32884681224823,43,-70.89705657958984,-2.025630235671997,35,-62.81922149658203,-1.794834852218628,35,1090
-64.31529998779297,-2.143843412399292,30,-102.74273681640625,-3.424757957458496,30,-86.67495727539062,-2.889165163040161,30,-86.8875732421875,-2.9961233139038086,29,-111.09327697753906,-3.7031092643737793,30,-86.9176254272461,-2.897254228591919,30,1091
-121.92811584472656,-2.7710936069488525,44,-137.50169372558594,-3.1250383853912354,44,-115.51301574707031,-2.625295877456665,44,-80.5875473022461,-2.5183608531951904,32,-126.72058868408203,-2.8800134658813477,44,-140.1368865966797,-3.184929132461548,44,1092
-63.20608139038086,-1.8590023517608643,34,-94.32164001464844,-2.7741658687591553,34,-79.52550506591797,-2.3389854431152344,34,-69.76591491699219,-2.180184841156006,32,-108.35111999511719,-3.186797618865967,34,-90.06024169921875,-2.6488306522369385,34,1093
-101.4075698852539,-3.1689865589141846,32,-95.93570709228516,-2.997990846633911,32,-97.4861068725586,-3.046440839767456,32,-44.34949493408203,-2.015886068344116,22,-102.29727172851562,-3.1967897415161133,32,-103.15308380126953,-3.223533868789673,32,1094
-97.07490539550781,-2.8551442623138428,34,-90.78280639648438,-2.6700825691223145,34,-98.08531188964844,-2.884862184524536,34,-128.41006469726562,-2.6206135749816895,49,-92.91720581054688,-2.732858896255493,34,-97.57183837890625,-2.869760036468506,34,1095
-139.03350830078125,-3.972385883331299,35,-104.48303985595703,-2.985229730606079,35,-96.09681701660156,-2.7456233501434326,35,-83.03246307373047,-2.594764471054077,32,-115.25505828857422,-3.293001651763916,35,-110.18183898925781,-3.148052453994751,35,1096
-83.88760375976562,-2.995985746383667,28,-72.60577392578125,-2.5930633544921875,28,-66.17799377441406,-2.363499879837036,28,-61.63493728637695,-2.282775402069092,27,-79.19947814941406,-2.828552722930908,28,-80.42926025390625,-2.8724734783172607,28,1097
-42.56928253173828,-2.364960193634033,18,-44.594017028808594,-2.477445363998413,18,-28.32250213623047,-1.5734723806381226,18,-30.568105697631836,-1.27367103099823,24,-52.22888946533203,-2.9016048908233643,18,-24.588756561279297,-1.3660420179367065,18,1098
-54.11482620239258,-1.424074411392212,38,-133.09164428710938,-3.5024116039276123,38,-113.22499084472656,-2.979604959487915,38,-104.53032684326172,-3.7332260608673096,28,-156.74166870117188,-4.124780654907227,38,-142.52392578125,-3.7506296634674072,38,1099
-70.86125183105469,-1.5746945142745972,45,-82.55866241455078,-1.834636926651001,45,-82.67857360839844,-1.8373016119003296,45,-79.39155578613281,-1.7642568349838257,45,-90.73133850097656,-2.016252040863037,45,-91.8329849243164,-2.0407330989837646,45,1100
-88.30938720703125,-2.102604389190674,42,-90.99264526367188,-2.1664915084838867,42,-83.98890686035156,-1.9997358322143555,42,-82.79862213134766,-1.881786823272705,44,-100.03678131103516,-2.3818280696868896,42,-91.67161560058594,-2.182657480239868,42,1101
-123.68623352050781,-3.4357287883758545,36,-105.29290008544922,-2.924802780151367,36,-94.57412719726562,-2.627058982849121,36,-89.23532104492188,-2.2308831214904785,40,-106.90852355957031,-2.9696812629699707,36,-96.57412719726562,-2.68261456489563,36,1102
-43.55201721191406,-1.555429220199585,28,-84.36300659179688,-3.0129644870758057,28,-79.90767669677734,-2.8538455963134766,28,-67.34153747558594,-1.7721457481384277,38,-86.13870239257812,-3.0763821601867676,28,-83.07392883300781,-2.966926097869873,28,1103
-85.99420166015625,-2.3241677284240723,37,-77.1943359375,-2.0863335132598877,37,-57.82746124267578,-1.5629043579101562,37,-50.48637390136719,-1.4848933219909668,34,-98.49263763427734,-2.6619632244110107,37,-85.52494049072266,-2.3114848136901855,37,1104
-35.18478012084961,-0.8377328515052795,42,-97.05177307128906,-2.3107564449310303,42,-102.45886993408203,-2.4394969940185547,42,-52.619468688964844,-1.503413438796997,35,-105.39852905273438,-2.509488821029663,42,-117.49162292480469,-2.797419548034668,42,1105
-68.98643493652344,-1.6425341367721558,42,-84.52632904052734,-2.0125317573547363,42,-71.50818634033203,-1.702575922012329,42,-64.10140991210938,-1.6436258554458618,39,-80.83346557617188,-1.9246063232421875,42,-75.20304107666016,-1.79054856300354,42,1106
-157.3264617919922,-3.3473715782165527,47,-167.14559936523438,-3.5562894344329834,47,-133.4996337890625,-2.8404176235198975,47,-126.83146667480469,-4.373498916625977,29,-178.46058654785156,-3.7970337867736816,47,-134.15951538085938,-2.8544578552246094,47,1107
-22.241361618041992,-0.6950425505638123,32,-94.29940795898438,-2.9468564987182617,32,-90.7975845336914,-2.8374245166778564,32,-108.99513244628906,-2.868293046951294,38,-91.08890533447266,-2.8465282917022705,32,-90.99164581298828,-2.843488931655884,32,1108
-69.75346374511719,-2.6828255653381348,26,-80.57794952392578,-3.099151849746704,26,-66.88825225830078,-2.572625160217285,26,-68.35508728027344,-2.278502941131592,30,-69.9269790649414,-2.6894991397857666,26,-78.59290313720703,-3.022804021835327,26,1109
-119.42967224121094,-3.317490816116333,36,-112.22216796875,-3.1172823905944824,36,-96.45960235595703,-2.6794333457946777,36,-80.21128845214844,-2.5066027641296387,32,-108.76647186279297,-3.0212907791137695,36,-92.49044799804688,-2.569179058074951,36,1110
-56.139434814453125,-1.1695715188980103,48,-94.84756469726562,-1.975990891456604,48,-173.0839385986328,-3.6059153079986572,48,-77.6869125366211,-2.9879581928253174,26,-98.17964172363281,-2.0454092025756836,48,-169.62208557128906,-3.5337934494018555,48,1111
-60.720489501953125,-1.4121043682098389,43,-80.88414764404297,-1.8810267448425293,43,-100.1171646118164,-2.328306198120117,43,-84.8578109741211,-1.8857290744781494,45,-84.42434692382812,-1.963356852531433,43,-97.93675231933594,-2.2775988578796387,43,1112
-88.73088073730469,-2.535167932510376,35,-127.90202331542969,-3.654343605041504,35,-147.10446166992188,-4.202984809875488,35,-134.58509826660156,-4.640865325927734,29,-124.16630554199219,-3.5476086139678955,35,-141.27432250976562,-4.036409378051758,35,1113
-111.70941162109375,-2.376796007156372,47,-127.97474670410156,-2.722867012023926,47,-117.83062744140625,-2.5070345401763916,47,-110.79020690917969,-2.7697551250457764,40,-132.49703979492188,-2.8190858364105225,47,-122.57208251953125,-2.6079165935516357,47,1114
-91.98554992675781,-2.2996387481689453,40,-131.85537719726562,-3.296384334564209,40,-97.60826110839844,-2.440206527709961,40,-66.23881530761719,-2.284097194671631,29,-131.3147430419922,-3.2828686237335205,40,-104.24677276611328,-2.6061692237854004,40,1115
-82.78840637207031,-1.6895593404769897,49,-182.18264770507812,-3.718013286590576,49,-166.87876892089844,-3.405689239501953,49,-89.46958923339844,-3.085158348083496,29,-180.26962280273438,-3.678972005844116,49,-162.44638061523438,-3.315232276916504,49,1116
-67.8897933959961,-1.5788323879241943,43,-110.28500366210938,-2.564767599105835,43,-102.51432800292969,-2.384054183959961,43,-82.37892150878906,-2.3536834716796875,35,-101.25032806396484,-2.354658842086792,43,-100.66157531738281,-2.3409669399261475,43,1117
-44.1371955871582,-1.0765169858932495,41,-78.87641143798828,-1.9238148927688599,41,-87.74241638183594,-2.140058994293213,41,-44.8822135925293,-1.1508259773254395,39,-86.7969741821289,-2.116999387741089,41,-80.46183776855469,-1.9624838829040527,41,1118
-147.09075927734375,-2.941815137863159,50,-120.54411315917969,-2.4108822345733643,50,-107.85006713867188,-2.157001256942749,50,-58.556270599365234,-1.8889119625091553,31,-129.38546752929688,-2.587709426879883,50,-120.33928680419922,-2.406785726547241,50,1119
-80.1264877319336,-2.1655807495117188,37,-88.55418395996094,-2.3933563232421875,37,-67.5597152709961,-1.8259382247924805,37,-62.66486358642578,-1.6936450004577637,37,-83.35002136230469,-2.2527031898498535,37,-65.1682357788086,-1.7613036632537842,37,1120
-89.35955810546875,-3.081364154815674,29,-70.7365493774414,-2.4391913414001465,29,-74.38350677490234,-2.564948558807373,29,-75.23513793945312,-2.5943150520324707,29,-71.48556518554688,-2.465019464492798,29,-83.80291748046875,-2.8897557258605957,29,1121
-80.01251220703125,-2.0003128051757812,40,-99.80934143066406,-2.4952335357666016,40,-106.81414794921875,-2.670353651046753,40,-84.84063720703125,-2.356684446334839,36,-99.29672241210938,-2.4824180603027344,40,-106.61007690429688,-2.6652519702911377,40,1122
-123.91466522216797,-3.9972472190856934,31,-111.84065246582031,-3.6077630519866943,31,-80.61485290527344,-2.6004791259765625,31,-108.93701171875,-4.034704208374023,27,-103.98048400878906,-3.3542091846466064,31,-85.99818420410156,-2.774134874343872,31,1123
-65.08898162841797,-1.7591617107391357,37,-76.69652557373047,-2.0728790760040283,37,-79.86608123779297,-2.1585426330566406,37,-77.3101806640625,-1.9823123216629028,39,-89.20503234863281,-2.410946846008301,37,-106.30198669433594,-2.8730266094207764,37,1124
-122.0931396484375,-1.9692442417144775,62,-200.72369384765625,-3.2374789714813232,62,-169.11416625976562,-2.7276477813720703,62,-173.42083740234375,-2.6275885105133057,66,-193.15121459960938,-3.115342140197754,62,-169.678955078125,-2.736757278442383,62,1125
-78.7199935913086,-2.0715787410736084,38,-98.00515747070312,-2.579083204269409,38,-134.31463623046875,-3.5345957279205322,38,-163.1903076171875,-3.263806104660034,50,-111.23555755615234,-2.9272515773773193,38,-126.387451171875,-3.3259856700897217,38,1126
-92.95623016357422,-2.6558923721313477,35,-151.99562072753906,-4.342731952667236,35,-209.7394256591797,-5.992555141448975,35,-294.4649353027344,-6.13468599319458,48,-134.9666748046875,-3.8561906814575195,35,-206.0313720703125,-5.886610507965088,35,1127
-59.725955963134766,-1.4220465421676636,42,-75.09522247314453,-1.7879815101623535,42,-87.75928497314453,-2.0895068645477295,42,-74.99774169921875,-1.744133472442627,43,-93.31693267822266,-2.221831798553467,42,-95.79248046875,-2.280773401260376,42,1128
-78.05889892578125,-2.439340591430664,32,-85.9966049194336,-2.6873939037323,32,-62.3177490234375,-1.9474296569824219,32,-55.28611755371094,-1.535725474357605,36,-91.53317260742188,-2.8604116439819336,32,-80.29212951660156,-2.509129047393799,32,1129
-47.78494644165039,-1.1377367973327637,42,-81.41806030273438,-1.9385251998901367,42,-82.08029174804688,-1.95429265499115,42,-64.49256134033203,-1.743042230606079,37,-98.5886001586914,-2.3473477363586426,42,-101.71479034423828,-2.421780824661255,42,1130
-94.17101287841797,-2.4146413803100586,39,-116.60079956054688,-2.9897639751434326,39,-105.22210693359375,-2.698002815246582,39,-63.32658386230469,-2.435637950897217,26,-121.58196258544922,-3.1174862384796143,39,-108.80552673339844,-2.7898852825164795,39,1131
-70.27696228027344,-1.5277600288391113,46,-69.71611785888672,-1.5155677795410156,46,-67.11766052246094,-1.459079623222351,46,-59.504573822021484,-1.1900914907455444,50,-88.13468170166016,-1.9159713983535767,46,-68.45125579833984,-1.4880707263946533,46,1132
-59.40145492553711,-3.3000807762145996,18,-80.36869049072266,-4.4649271965026855,18,-66.68756866455078,-3.704864978790283,18,-67.91401672363281,-2.0580005645751953,33,-80.52976989746094,-4.473875999450684,18,-72.3741455078125,-4.020785808563232,18,1133
-123.59712219238281,-3.635209560394287,34,-132.08285522460938,-3.8847899436950684,34,-117.69778442382812,-3.4616994857788086,34,-68.98870849609375,-3.2851765155792236,21,-144.82125854492188,-4.259449005126953,34,-135.66537475585938,-3.9901580810546875,34,1134
-91.78646850585938,-2.2946617603302,40,-99.6205062866211,-2.4905126094818115,40,-97.7164535522461,-2.442911386489868,40,-90.78929901123047,-2.670273542404175,34,-97.46211242675781,-2.4365527629852295,40,-99.6539077758789,-2.4913477897644043,40,1135
-140.8687744140625,-3.2015631198883057,44,-120.31346893310547,-2.7343969345092773,44,-107.8192138671875,-2.450436592102051,44,-69.95203399658203,-2.3317344188690186,30,-152.49847412109375,-3.465874433517456,44,-119.40061950683594,-2.7136504650115967,44,1136
-66.790283203125,-2.3031132221221924,29,-48.023406982421875,-1.6559795141220093,29,-48.57098388671875,-1.6748615503311157,29,-45.1339225769043,-1.5563421249389648,29,-57.164947509765625,-1.9712051153182983,29,-55.93108367919922,-1.9286580085754395,29,1137
-75.48628997802734,-1.8411290645599365,41,-121.88412475585938,-2.9727835655212402,41,-130.26287841796875,-3.1771433353424072,41,-86.24513244628906,-3.3171205520629883,26,-114.6757583618164,-2.7969696521759033,41,-120.43206787109375,-2.9373674392700195,41,1138
-44.23158645629883,-1.4268254041671753,31,-83.38804626464844,-2.689936876296997,31,-130.533203125,-4.210748672485352,31,-136.82333374023438,-3.109621286392212,44,-96.18599700927734,-3.102774143218994,31,-143.2103271484375,-4.619688034057617,31,1139
-69.08041381835938,-2.228400468826294,31,-89.13325500488281,-2.8752663135528564,31,-99.75979614257812,-3.218057870864868,31,-81.1463623046875,-3.381098508834839,24,-112.65581512451172,-3.6340584754943848,31,-109.93673706054688,-3.546346426010132,31,1140
-26.838455200195312,-1.219929814338684,22,-44.162017822265625,-2.007364511489868,22,-33.92412185668945,-1.5420055389404297,22,-32.077362060546875,-1.5274934768676758,21,-61.169677734375,-2.780439853668213,22,-50.991920471191406,-2.317814588546753,22,1141
-81.51716613769531,-2.090183734893799,39,-106.2668685913086,-2.7247915267944336,39,-106.31968688964844,-2.7261457443237305,39,-67.65829467773438,-2.3330445289611816,29,-121.6849365234375,-3.120126485824585,39,-108.90007781982422,-2.7923097610473633,39,1142
-84.96881866455078,-2.296454668045044,37,-119.83885955810547,-3.2388880252838135,37,-96.19856262207031,-2.599961042404175,37,-81.6997299194336,-2.4757494926452637,33,-125.14028930664062,-3.3821699619293213,37,-102.52268981933594,-2.770883560180664,37,1143
-53.07086944580078,-1.6584646701812744,32,-96.39768981933594,-3.012427806854248,32,-100.09649658203125,-3.1280155181884766,32,-122.94239044189453,-3.4150664806365967,36,-99.74238586425781,-3.1169495582580566,32,-101.30020141601562,-3.1656312942504883,32,1144
-60.63280487060547,-1.894775152206421,32,-65.95777130126953,-2.061180353164673,32,-69.02039337158203,-2.1568872928619385,32,-55.61743927001953,-1.503174066543579,37,-70.95555877685547,-2.2173612117767334,32,-75.49533081054688,-2.35922908782959,32,1145
-34.180843353271484,-0.5893248915672302,58,-89.74755859375,-1.547371745109558,58,-98.33512878417969,-1.695433259010315,58,-36.532501220703125,-0.7772872447967529,47,-100.45989990234375,-1.7320672273635864,58,-116.85276794433594,-2.014702796936035,58,1146
-76.65186309814453,-1.6663448810577393,46,-232.09896850585938,-5.045629978179932,46,-270.2901306152344,-5.875872611999512,46,-263.4004821777344,-5.853343963623047,45,-220.7174072265625,-4.79820442199707,46,-260.5965270996094,-5.665142059326172,46,1147
-13.676427841186523,-0.7198119759559631,19,-49.27876281738281,-2.5936191082000732,19,-67.54139709472656,-3.5548102855682373,19,-106.85974884033203,-3.339367151260376,32,-69.89042663574219,-3.678443431854248,19,-69.3575668334961,-3.6503982543945312,19,1148
-73.83746337890625,-1.9956071376800537,37,-142.43875122070312,-3.849695920944214,37,-136.45704650878906,-3.688028335571289,37,-82.6468505859375,-4.349834442138672,19,-125.95569610595703,-3.404207944869995,37,-134.96673583984375,-3.647749662399292,37,1149
-121.63607788085938,-4.505039691925049,27,-82.96014404296875,-3.0725979804992676,27,-47.083518981933594,-1.7438340187072754,27,-71.798583984375,-1.6317859888076782,44,-80.8646240234375,-2.994986057281494,27,-56.34759521484375,-2.0869479179382324,27,1150
-95.46208953857422,-2.220048666000366,43,-110.31275939941406,-2.565412998199463,43,-87.43827056884766,-2.0334482192993164,43,-84.52542877197266,-1.837509274482727,46,-114.02398681640625,-2.6517205238342285,43,-88.30644226074219,-2.053638219833374,43,1151
-63.83820724487305,-2.2799360752105713,28,-81.56278991699219,-2.912956714630127,28,-75.95024871826172,-2.7125089168548584,28,-93.89840698242188,-2.537794828414917,37,-98.87443542480469,-3.5312297344207764,28,-84.96676635742188,-3.03452730178833,28,1152
-81.12681579589844,-1.622536301612854,50,-114.67182922363281,-2.2934365272521973,50,-104.97158813476562,-2.0994317531585693,50,-65.08101654052734,-2.4104080200195312,27,-142.45455932617188,-2.8490912914276123,50,-131.912353515625,-2.638247013092041,50,1153
-100.0010757446289,-2.9412081241607666,34,-154.26158142089844,-4.537105560302734,34,-216.11456298828125,-6.356310844421387,34,-299.3006286621094,-6.108176231384277,49,-166.16522216796875,-4.88721227645874,34,-222.86016845703125,-6.554710865020752,34,1154
-91.60716247558594,-2.410714864730835,38,-138.1771697998047,-3.6362411975860596,38,-141.480224609375,-3.7231638431549072,38,-142.4818115234375,-3.749521255493164,38,-154.02642822265625,-4.0533270835876465,38,-171.9608917236328,-4.525286674499512,38,1155
-68.31716918945312,-1.9519190788269043,35,-106.35979461669922,-3.038851261138916,35,-93.855224609375,-2.6815779209136963,35,-93.3568115234375,-2.74578857421875,34,-112.36662292480469,-3.210474967956543,35,-101.4032974243164,-2.8972370624542236,35,1156
-93.21424102783203,-3.329080104827881,28,-123.51898193359375,-4.4113922119140625,28,-120.9278335571289,-4.318850994110107,28,-119.75708770751953,-3.236678123474121,37,-120.39383697509766,-4.299779891967773,28,-112.76953125,-4.0274834632873535,28,1157
-97.19947814941406,-1.4507384300231934,67,-141.65487670898438,-2.1142518520355225,67,-150.5654296875,-2.2472453117370605,67,-44.79315185546875,-1.7917261123657227,25,-149.79623413085938,-2.235764741897583,67,-165.59010314941406,-2.47149395942688,67,1158
-74.70209503173828,-1.5245325565338135,49,-120.4092788696289,-2.457332134246826,49,-112.63414001464844,-2.2986559867858887,49,-59.16590881347656,-2.040203809738159,29,-105.13836669921875,-2.1456809043884277,49,-102.40121459960938,-2.089820623397827,49,1159
-72.52771759033203,-2.07222056388855,35,-100.24689483642578,-2.864197015762329,35,-87.18091583251953,-2.4908833503723145,35,-93.9167251586914,-2.408121109008789,39,-113.26116943359375,-3.2360334396362305,35,-103.2315673828125,-2.9494733810424805,35,1160
-104.57267761230469,-2.5505530834198,41,-118.2092056274414,-2.8831512928009033,41,-106.09609985351562,-2.587709665298462,41,-84.1225814819336,-2.5491690635681152,33,-121.00994873046875,-2.9514622688293457,41,-117.03148651123047,-2.854426383972168,41,1161
-62.938934326171875,-1.966841697692871,32,-76.52806854248047,-2.3915021419525146,32,-83.42230987548828,-2.606947183609009,32,-82.73493957519531,-2.2981927394866943,36,-77.26600646972656,-2.414562702178955,32,-79.12841796875,-2.4727630615234375,32,1162
-89.09918212890625,-2.2845942974090576,39,-111.54761505126953,-2.8601951599121094,39,-102.34272766113281,-2.6241724491119385,39,-73.11490631103516,-2.5212037563323975,29,-123.7664794921875,-3.173499584197998,39,-113.02376556396484,-2.898045301437378,39,1163
-104.71308898925781,-2.6178271770477295,40,-106.14558410644531,-2.653639554977417,40,-126.83416748046875,-3.170854091644287,40,-122.2771224975586,-2.9823689460754395,41,-105.2110595703125,-2.6302764415740967,40,-129.77987670898438,-3.2444968223571777,40,1164
-88.84061431884766,-2.0191049575805664,44,-190.8546905517578,-4.337606430053711,44,-192.624267578125,-4.377824306488037,44,-175.80567932128906,-4.751504898071289,37,-186.96560668945312,-4.249218463897705,44,-195.63833618164062,-4.446325778961182,44,1165
-56.6163444519043,-2.022012233734131,28,-70.08473205566406,-2.503026247024536,28,-40.14076232910156,-1.4335986375808716,28,-31.146480560302734,-1.1535733938217163,27,-52.350318908691406,-1.8696542978286743,28,-43.05072021484375,-1.5375257730484009,28,1166
-87.24586486816406,-2.2959437370300293,38,-169.6190185546875,-4.463658332824707,38,-204.69723510742188,-5.3867692947387695,38,-264.0531005859375,-5.501106262207031,48,-180.75865173339844,-4.75680685043335,38,-208.86294555664062,-5.496393203735352,38,1167
-75.9412612915039,-1.998454213142395,38,-120.80912017822266,-3.179187297821045,38,-92.982177734375,-2.4468994140625,38,-107.97030639648438,-2.3993401527404785,45,-118.8045883178711,-3.126436471939087,38,-84.87492370605469,-2.233550548553467,38,1168
-101.47915649414062,-2.8188655376434326,36,-113.43801879882812,-3.1510560512542725,36,-94.541015625,-2.6261394023895264,36,-77.29287719726562,-3.091715097427368,25,-112.90046691894531,-3.1361241340637207,36,-122.06876373291016,-3.390799045562744,36,1169
-140.03860473632812,-3.3342525959014893,42,-184.97454833984375,-4.404155731201172,42,-189.62759399414062,-4.514942646026611,42,-213.48851013183594,-4.744189262390137,45,-174.37307739257812,-4.151740074157715,42,-175.4338836669922,-4.176997184753418,42,1170
-81.29415130615234,-2.463459014892578,33,-98.20925903320312,-2.9760382175445557,33,-97.70713806152344,-2.960822343826294,33,-80.234619140625,-2.9716525077819824,27,-92.87828063964844,-2.814493417739868,33,-93.02999877929688,-2.8190908432006836,33,1171
-88.34278869628906,-2.3876428604125977,37,-165.59942626953125,-4.47566032409668,37,-156.00088500976562,-4.216239929199219,37,-149.23756408691406,-4.1454877853393555,36,-161.86322021484375,-4.37468147277832,37,-150.12982177734375,-4.057562828063965,37,1172
-130.8603057861328,-3.3553924560546875,39,-138.37525939941406,-3.548083543777466,39,-123.16692352294922,-3.1581263542175293,39,-174.66586303710938,-3.6388721466064453,48,-137.5274658203125,-3.5263452529907227,39,-132.12818908691406,-3.38790225982666,39,1173
-47.546958923339844,-1.5337728261947632,31,-70.54227447509766,-2.275557279586792,31,-75.31594848632812,-2.42954683303833,31,-77.50035095214844,-2.2142956256866455,35,-70.76302337646484,-2.2826781272888184,31,-80.02172088623047,-2.581345796585083,31,1174
-54.87268829345703,-1.7700867652893066,31,-82.80232238769531,-2.6710426807403564,31,-79.48812866210938,-2.5641331672668457,31,-42.335121154785156,-1.7639633417129517,24,-83.90480041503906,-2.706606388092041,31,-73.46734619140625,-2.3699142932891846,31,1175
-54.319244384765625,-1.508867859840393,36,-77.85761260986328,-2.1627113819122314,36,-82.22200012207031,-2.2839443683624268,36,-92.6895751953125,-2.317239284515381,40,-74.38247680664062,-2.0661799907684326,36,-86.27681732177734,-2.396578311920166,36,1176
-74.35414123535156,-1.9566879272460938,38,-81.81739807128906,-2.1530895233154297,38,-104.0185546875,-2.737330436706543,38,-70.12438201904297,-2.5044422149658203,28,-77.58587646484375,-2.041733503341675,38,-92.15017700195312,-2.425004720687866,38,1177
-77.31211853027344,-2.7611470222473145,28,-67.32267761230469,-2.404381275177002,28,-77.49479675292969,-2.7676713466644287,28,-134.91793823242188,-2.753427267074585,49,-74.6833267211914,-2.6672616004943848,28,-85.61526489257812,-3.057687997817993,28,1178
-102.99984741210938,-2.7837796211242676,37,-141.8822479248047,-3.834655284881592,37,-138.54702758789062,-3.744514226913452,37,-147.7841339111328,-4.2224040031433105,35,-137.11819458007812,-3.705897092819214,37,-143.86386108398438,-3.8882124423980713,37,1179
-92.80697631835938,-3.0935659408569336,30,-95.15928649902344,-3.171976327896118,30,-80.41030883789062,-2.6803436279296875,30,-33.896907806396484,-1.5407685041427612,22,-77.3127212524414,-2.5770907402038574,30,-75.93822479248047,-2.5312740802764893,30,1180
-78.66017150878906,-1.9185407161712646,41,-119.71937561035156,-2.919984817504883,41,-133.4697265625,-3.255359172821045,41,-83.06385803222656,-3.076439142227173,27,-113.68159484863281,-2.772721767425537,41,-118.74149322509766,-2.8961338996887207,41,1181
-62.43450164794922,-2.401326894760132,26,-48.39069366455078,-1.8611805438995361,26,-48.371726989746094,-1.8604509830474854,26,-47.339664459228516,-1.6324021816253662,29,-58.409934997558594,-2.2465360164642334,26,-60.38053512573242,-2.3223283290863037,26,1182
-70.1094741821289,-2.1909210681915283,32,-71.64341735839844,-2.238856792449951,32,-71.57804107666016,-2.23681378364563,32,-88.64872741699219,-2.1621639728546143,41,-67.49728393554688,-2.10929012298584,32,-84.98941040039062,-2.655919075012207,32,1183
-61.18379211425781,-1.7481083869934082,35,-65.8543472290039,-1.881552815437317,35,-62.49868392944336,-1.7856767177581787,35,-59.22958755493164,-1.6922739744186401,35,-60.03691864013672,-1.715340495109558,35,-61.3758544921875,-1.7535958290100098,35,1184
-59.56279754638672,-3.5036940574645996,17,-109.67591857910156,-6.45152473449707,17,-98.51448059082031,-5.79496955871582,17,-130.058349609375,-3.61273193359375,36,-100.14649963378906,-5.890970706939697,17,-88.73895263671875,-5.219938278198242,17,1185
-62.34913635253906,-2.710832118988037,23,-54.9583740234375,-2.3894944190979004,23,-52.0447883605957,-2.262816905975342,23,-45.905029296875,-1.99587082862854,23,-63.03009796142578,-2.740438938140869,23,-52.80424499511719,-2.2958366870880127,23,1186
-61.982086181640625,-1.823002576828003,34,-100.12338256835938,-2.944805383682251,34,-55.69818115234375,-1.6381818056106567,34,-40.388427734375,-1.6828511953353882,24,-110.7867660522461,-3.258434295654297,34,-67.13752746582031,-1.9746332168579102,34,1187
-86.50914001464844,-2.8836379051208496,30,-87.38175964355469,-2.9127252101898193,30,-61.90266418457031,-2.063422203063965,30,-19.896442413330078,-0.6217638254165649,32,-94.05113220214844,-3.135037660598755,30,-57.260459899902344,-1.9086819887161255,30,1188
-87.69100952148438,-1.992977499961853,44,-81.52725219726562,-1.8528920412063599,44,-78.59709930419922,-1.7862976789474487,44,-59.87933349609375,-1.535367488861084,39,-107.09970092773438,-2.434084177017212,44,-82.61077880859375,-1.8775177001953125,44,1189
-86.89781188964844,-2.413828134536743,36,-103.96273803710938,-2.8878538608551025,36,-98.56504821777344,-2.737917900085449,36,-74.67993927001953,-2.5751702785491943,29,-102.74810028076172,-2.854113817214966,36,-95.99174499511719,-2.6664373874664307,36,1190
-90.77198028564453,-2.327486753463745,39,-88.39482879638672,-2.2665340900421143,39,-89.57168579101562,-2.2967097759246826,39,-82.27113342285156,-2.223544120788574,37,-100.76129150390625,-2.583622932434082,39,-95.54217529296875,-2.4497992992401123,39,1191
-86.27850341796875,-2.104353666305542,41,-77.81541442871094,-1.8979369401931763,41,-66.08147430419922,-1.6117433309555054,41,-67.89915466308594,-1.5088701248168945,45,-101.77239990234375,-2.4822535514831543,41,-79.13627624511719,-1.9301531314849854,41,1192
-80.68392944335938,-1.9210458993911743,42,-79.4844970703125,-1.8924880027770996,42,-73.16609191894531,-1.7420498132705688,42,-53.6700325012207,-1.6263645887374878,33,-94.63336181640625,-2.2531752586364746,42,-84.15617370605469,-2.003718376159668,42,1193
-128.5383758544922,-2.6778829097747803,48,-157.6103057861328,-3.28354811668396,48,-127.12800598144531,-2.6485002040863037,48,-100.65017700195312,-2.7202751636505127,37,-154.63027954101562,-3.221464157104492,48,-129.03627014160156,-2.688255548477173,48,1194
-128.72274780273438,-2.8605055809020996,45,-112.8416519165039,-2.50759220123291,45,-101.21239471435547,-2.249164342880249,45,-70.69911193847656,-2.142397403717041,33,-103.88932800292969,-2.3086516857147217,45,-98.83981323242188,-2.1964402198791504,45,1195
-76.76587677001953,-2.8431806564331055,27,-69.77117156982422,-2.5841174125671387,27,-66.21369171142578,-2.4523589611053467,27,-79.68074035644531,-1.9434326887130737,41,-60.878448486328125,-2.2547574043273926,27,-56.82886505126953,-2.1047728061676025,27,1196
-71.87644958496094,-2.114013195037842,34,-84.03413391113281,-2.4715921878814697,34,-78.84504699707031,-2.318971872329712,34,-54.6049919128418,-2.6002376079559326,21,-73.57852172851562,-2.164074182510376,34,-89.41827392578125,-2.6299493312835693,34,1197
-131.94732666015625,-2.489572286605835,53,-134.49371337890625,-2.5376172065734863,53,-120.55985260009766,-2.274714231491089,53,-64.739501953125,-1.9041030406951904,34,-132.39410400390625,-2.498002052307129,53,-126.16534423828125,-2.3804781436920166,53,1198
-72.84963989257812,-2.6981348991394043,27,-71.3699722290039,-2.6433322429656982,27,-96.90679931640625,-3.5891406536102295,27,-76.82372283935547,-2.560790777206421,30,-85.74747467041016,-3.175832509994507,27,-100.70758819580078,-3.7299106121063232,27,1199
-95.69596099853516,-2.334047794342041,41,-110.45526123046875,-2.69403076171875,41,-102.61499786376953,-2.502804756164551,41,-99.14356231689453,-2.4785890579223633,40,-118.52983093261719,-2.8909714221954346,41,-113.211181640625,-2.7612483501434326,41,1200
-58.28068542480469,-1.8800221681594849,31,-86.74007415771484,-2.7980668544769287,31,-101.0984878540039,-3.2612414360046387,31,-97.5381088256836,-3.0480659008026123,32,-102.64065551757812,-3.3109889030456543,31,-103.68511962890625,-3.3446812629699707,31,1201
-39.71158981323242,-1.0182459354400635,39,-94.33201599121094,-2.418769598007202,39,-90.76997375488281,-2.327435255050659,39,-72.11406707763672,-2.185274839401245,33,-101.00924682617188,-2.5899806022644043,39,-88.28778839111328,-2.263789415359497,39,1202
-147.84451293945312,-3.360102653503418,44,-127.66075134277344,-2.901380777359009,44,-118.669921875,-2.6970436573028564,44,-52.15355682373047,-2.173064947128296,24,-123.36465454101562,-2.8037421703338623,44,-110.73281860351562,-2.5166549682617188,44,1203
-104.95880126953125,-3.180569648742676,33,-89.09437561035156,-2.699829578399658,33,-93.38072204589844,-2.829718828201294,33,-71.80155181884766,-1.7512574195861816,41,-95.1444091796875,-2.8831639289855957,33,-91.58207702636719,-2.775214433670044,33,1204
-66.23590850830078,-1.8924545049667358,35,-120.41736602783203,-3.4404962062835693,35,-108.85477447509766,-3.1101365089416504,35,-168.880126953125,-3.67130708694458,46,-120.45185852050781,-3.441481590270996,35,-113.13158416748047,-3.2323310375213623,35,1205
-136.95285034179688,-2.075043201446533,66,-191.05068969726562,-2.894707441329956,66,-190.13690185546875,-2.880862236022949,66,-76.68142700195312,-2.396294593811035,32,-178.41915893554688,-2.7033205032348633,66,-186.78759765625,-2.8301150798797607,66,1206
-109.0390625,-2.7259764671325684,40,-123.48535919189453,-3.0871338844299316,40,-108.80876159667969,-2.720219135284424,40,-93.0997314453125,-3.1033244132995605,30,-124.22012329101562,-3.1055030822753906,40,-118.88748168945312,-2.972187042236328,40,1207
-53.9494743347168,-1.3487368822097778,40,-150.878173828125,-3.771954298019409,40,-122.75292205810547,-3.0688230991363525,40,-73.07563781738281,-2.706505060195923,27,-143.56100463867188,-3.5890250205993652,40,-121.41786193847656,-3.0354466438293457,40,1208
-85.6417236328125,-2.141043186187744,40,-99.15904235839844,-2.478976011276245,40,-98.34841918945312,-2.4587104320526123,40,-93.65232849121094,-2.675780773162842,35,-101.5582275390625,-2.5389556884765625,40,-119.01148986816406,-2.9752871990203857,40,1209
-80.96903991699219,-2.313401222229004,35,-181.68887329101562,-5.191110610961914,35,-215.97854614257812,-6.170815467834473,35,-278.97528076171875,-5.811985015869141,48,-178.93161010742188,-5.112331867218018,35,-230.60049438476562,-6.588585376739502,35,1210
-63.18446731567383,-1.316343069076538,48,-63.91077423095703,-1.3314744234085083,48,-64.18705749511719,-1.3372303247451782,48,-55.88812255859375,-1.1405739784240723,49,-69.69398498535156,-1.4519580602645874,48,-68.1349868774414,-1.4194788932800293,48,1211
-94.83468627929688,-3.2701616287231445,29,-113.91935729980469,-3.928253650665283,29,-114.96302795410156,-3.964242458343506,29,-115.04197692871094,-3.9669647216796875,29,-107.65072631835938,-3.7120940685272217,29,-116.29647827148438,-4.010223388671875,29,1212
-74.18880462646484,-2.8534154891967773,26,-179.09603881835938,-6.888309001922607,26,-183.0738525390625,-7.04130220413208,26,-260.0242004394531,-6.191052436828613,42,-183.25978088378906,-7.048453330993652,26,-201.30075073242188,-7.742336750030518,26,1213
-108.23014831542969,-3.491295099258423,31,-120.52984619140625,-3.888059616088867,31,-87.90979766845703,-2.8357999324798584,31,-88.44049072265625,-2.267704963684082,39,-129.30685424804688,-4.171188831329346,31,-99.7020263671875,-3.2161943912506104,31,1214
-85.55889129638672,-3.290726661682129,26,-98.9739990234375,-3.806692361831665,26,-92.61872100830078,-3.56225848197937,26,-78.42403411865234,-2.376485824584961,33,-100.2142562866211,-3.8543944358825684,26,-97.05929565429688,-3.7330498695373535,26,1215
-53.456138610839844,-1.1620899438858032,46,-112.08129119873047,-2.4365499019622803,46,-123.89061737060547,-2.6932742595672607,46,-94.99408721923828,-2.7939436435699463,34,-118.33642578125,-2.57253098487854,46,-126.51004028320312,-2.750218152999878,46,1216
-117.06182861328125,-3.0015852451324463,39,-124.77212524414062,-3.1992852687835693,39,-108.50175476074219,-2.7820963859558105,39,-57.25982666015625,-2.290393114089966,25,-132.38916015625,-3.3945939540863037,39,-123.82359313964844,-3.17496395111084,39,1217
-73.9637451171875,-1.9464143514633179,38,-83.56169128417969,-2.1989917755126953,38,-89.56936645507812,-2.357088565826416,38,-110.36662292480469,-2.627776622772217,42,-89.21380615234375,-2.347731828689575,38,-84.9298324584961,-2.2349956035614014,38,1218
-91.09202575683594,-2.1184191703796387,43,-135.19003295898438,-3.143954277038574,43,-139.54421997070312,-3.2452144622802734,43,-90.42829132080078,-3.349195957183838,27,-134.90408325195312,-3.1373043060302734,43,-143.90704345703125,-3.346675395965576,43,1219
-59.907371520996094,-1.6640936136245728,36,-75.03623962402344,-2.0843400955200195,36,-61.3114013671875,-1.703094482421875,36,-33.37327194213867,-1.1919025182724,28,-86.69537353515625,-2.4082047939300537,36,-77.99980163574219,-2.166661262512207,36,1220
-65.60154724121094,-1.490944266319275,44,-93.24798583984375,-2.119272470474243,44,-94.86257934570312,-2.1559677124023438,44,-60.213748931884766,-1.881679654121399,32,-112.46729278564453,-2.556074857711792,44,-97.53671264648438,-2.2167434692382812,44,1221
-86.24199676513672,-3.316999912261963,26,-53.53654479980469,-2.0590977668762207,26,-47.48139190673828,-1.8262073993682861,26,-47.231529235839844,-1.3891626596450806,34,-76.98728942871094,-2.9610495567321777,26,-57.96405029296875,-2.229386568069458,26,1222
-95.722412109375,-2.036647081375122,47,-105.47498321533203,-2.2441484928131104,47,-76.556396484375,-1.628859519958496,47,-90.81507110595703,-1.8919806480407715,48,-107.87089538574219,-2.2951254844665527,47,-95.24885559082031,-2.02657151222229,47,1223
-53.14852523803711,-2.0441739559173584,26,-94.44656372070312,-3.6325602531433105,26,-91.16548919677734,-3.5063650608062744,26,-108.48128509521484,-2.582887649536133,42,-100.136962890625,-3.851421594619751,26,-100.21764373779297,-3.854524850845337,26,1224
-31.51412010192871,-0.7162299752235413,44,-41.35177993774414,-0.9398131966590881,44,-37.224300384521484,-0.8460068106651306,44,-26.43939208984375,-0.5875420570373535,45,-65.03883361816406,-1.478155255317688,44,-61.969573974609375,-1.4083994626998901,44,1225
-75.87618255615234,-2.1076717376708984,36,-188.078369140625,-5.224399089813232,36,-214.9803924560547,-5.971677780151367,36,-267.3172607421875,-5.940383434295654,45,-172.267822265625,-4.78521728515625,36,-205.912109375,-5.719780921936035,36,1226
-71.16880798339844,-2.093200206756592,34,-87.53768920898438,-2.5746378898620605,34,-86.01495361328125,-2.5298516750335693,34,-83.67063903808594,-2.5354738235473633,33,-93.9686050415039,-2.763782501220703,34,-95.57081604003906,-2.810906410217285,34,1227
-83.9266128540039,-2.797553777694702,30,-90.1363525390625,-3.004544973373413,30,-92.900146484375,-3.0966715812683105,30,-87.08447265625,-3.1101596355438232,28,-95.70069885253906,-3.190023183822632,30,-98.04107666015625,-3.268035888671875,30,1228
-83.73680114746094,-2.990600109100342,28,-163.9298553466797,-5.854637622833252,28,-183.6513214111328,-6.558975696563721,28,-290.3048095703125,-6.31097412109375,46,-169.6488494873047,-6.058887481689453,28,-189.89578247070312,-6.781992435455322,28,1229
-89.22901916503906,-2.2307255268096924,40,-118.96662139892578,-2.974165439605713,40,-79.60797882080078,-1.9901994466781616,40,-47.75148391723633,-1.9896451234817505,24,-128.0134735107422,-3.2003369331359863,40,-101.43345642089844,-2.5358364582061768,40,1230
-77.54188537597656,-1.7623156309127808,44,-141.74069213867188,-3.221379280090332,44,-162.42340087890625,-3.6914408206939697,44,-87.99722290039062,-3.8259661197662354,23,-146.2935791015625,-3.3248541355133057,44,-164.23361206054688,-3.7325820922851562,44,1231
-72.79727172851562,-1.9157177209854126,38,-86.37460327148438,-2.2730159759521484,38,-87.16992950439453,-2.293945550918579,38,-57.42919158935547,-1.8525545597076416,31,-99.63847351074219,-2.6220650672912598,38,-107.5352783203125,-2.8298757076263428,38,1232
-35.77798080444336,-0.8944495320320129,40,-55.287696838378906,-1.3821923732757568,40,-52.21635818481445,-1.3054089546203613,40,-54.23674392700195,-1.427282691001892,38,-84.32400512695312,-2.108100175857544,40,-69.11924743652344,-1.7279812097549438,40,1233
-53.39226150512695,-2.135690450668335,25,-53.45909118652344,-2.1383635997772217,25,-59.770774841308594,-2.3908309936523438,25,-53.60755157470703,-2.1443021297454834,25,-56.85924530029297,-2.274369716644287,25,-55.50822448730469,-2.2203290462493896,25,1234
-45.84069061279297,-1.0418338775634766,44,-111.94639587402344,-2.544236183166504,44,-85.94331359863281,-1.9532570838928223,44,-43.7147102355957,-1.2489917278289795,35,-113.56010437011719,-2.58091139793396,44,-104.00235748291016,-2.36368989944458,44,1235
-127.45547485351562,-2.964080810546875,43,-166.94432067871094,-3.8824260234832764,43,-152.86312866210938,-3.5549564361572266,43,-141.96884155273438,-3.9435789585113525,36,-178.17665100097656,-4.143642902374268,43,-166.59869384765625,-3.8743882179260254,43,1236
-108.49219512939453,-2.465731620788574,44,-267.22607421875,-6.073319911956787,44,-282.22918701171875,-6.414299488067627,44,-275.18377685546875,-6.254176616668701,44,-258.6175231933594,-5.877670764923096,44,-280.1763916015625,-6.367645263671875,44,1237
-80.64866638183594,-1.280137538909912,63,-68.9884262084961,-1.0950543880462646,63,-36.283607482910156,-0.5759302973747253,63,-18.34233283996582,-0.2737661600112915,67,-76.30856323242188,-1.2112470865249634,63,-44.53725814819336,-0.7069405913352966,63,1238
-113.62521362304688,-3.1562559604644775,36,-109.79236602783203,-3.049787998199463,36,-93.01409912109375,-2.5837249755859375,36,-39.093536376953125,-1.7769789695739746,22,-118.83311462402344,-3.300919771194458,36,-97.35059356689453,-2.7041831016540527,36,1239
-112.61572265625,-2.963571548461914,38,-136.73318481445312,-3.5982418060302734,38,-112.2798080444336,-2.9547317028045654,38,-107.64625549316406,-2.3401360511779785,46,-139.84799194335938,-3.6802103519439697,38,-110.78045654296875,-2.9152750968933105,38,1240
-75.94088745117188,-2.531363010406494,30,-84.99541473388672,-2.8331804275512695,30,-68.95713806152344,-2.2985713481903076,30,-65.84910583496094,-2.2706587314605713,29,-80.91511535644531,-2.6971704959869385,30,-70.63399505615234,-2.354466438293457,30,1241
-39.088600158691406,-1.0286474227905273,38,-91.65299987792969,-2.4119210243225098,38,-85.98161315917969,-2.26267409324646,38,-90.55906677246094,-2.3831334114074707,38,-99.60798645019531,-2.621262788772583,38,-108.10664367675781,-2.844911575317383,38,1242
-79.13846588134766,-2.327601909637451,34,-111.3725357055664,-3.275662899017334,34,-100.15956115722656,-2.9458694458007812,34,-89.33502197265625,-2.077558755874634,43,-106.17408752441406,-3.122767210006714,34,-94.17036437988281,-2.769716501235962,34,1243
-88.59193420410156,-1.8079986572265625,49,-105.9916763305664,-2.163095474243164,49,-103.07554626464844,-2.1035826206207275,49,-66.11629486083984,-1.50264310836792,44,-121.449462890625,-2.478560447692871,49,-102.959228515625,-2.1012086868286133,49,1244
-89.62429809570312,-2.6360087394714355,34,-101.95777893066406,-2.998758316040039,34,-103.60964965820312,-3.047342538833618,34,-97.18234252929688,-3.0369482040405273,32,-111.98793029785156,-3.293762683868408,34,-103.425537109375,-3.0419275760650635,34,1245
-89.49151611328125,-1.9454677104949951,46,-105.99959564208984,-2.3043389320373535,46,-123.84494018554688,-2.6922812461853027,46,-100.30398559570312,-2.6395785808563232,38,-116.29180145263672,-2.5280826091766357,46,-113.39779663085938,-2.4651694297790527,46,1246
-70.19579315185547,-1.7548948526382446,40,-108.25640869140625,-2.7064101696014404,40,-93.6006088256836,-2.340015172958374,40,-53.97895050048828,-1.8613431453704834,29,-110.949951171875,-2.7737488746643066,40,-98.99539184570312,-2.4748847484588623,40,1247
-77.78315734863281,-1.7677990198135376,44,-243.99417114257812,-5.545321941375732,44,-277.84857177734375,-6.314740180969238,44,-286.9034118652344,-6.375631332397461,45,-247.0400390625,-5.614546298980713,44,-297.5501708984375,-6.7625041007995605,44,1248
-93.42227172851562,-2.030918836593628,46,-104.98056030273438,-2.2821860313415527,46,-106.62187957763672,-2.3178670406341553,46,-57.14735412597656,-2.0409770011901855,28,-129.94033813476562,-2.8247900009155273,46,-132.33035278320312,-2.876746892929077,46,1249
-49.22279357910156,-2.7345995903015137,18,-62.518123626708984,-3.473229169845581,18,-62.10904312133789,-3.450502395629883,18,-50.466129302978516,-1.869115948677063,27,-60.10700225830078,-3.339277982711792,18,-58.987274169921875,-3.2770707607269287,18,1250
-99.73081970214844,-3.21712327003479,31,-76.14389038085938,-2.456254482269287,31,-64.46434020996094,-2.0794949531555176,31,-75.18985748291016,-2.2114663124084473,34,-84.04048156738281,-2.7109832763671875,31,-79.79888916015625,-2.57415771484375,31,1251
-72.235107421875,-1.8521822690963745,39,-74.39292907714844,-1.9075109958648682,39,-67.52192687988281,-1.731331467628479,39,-47.20380401611328,-1.7482889890670776,27,-104.60533905029297,-2.6821882724761963,39,-98.26014709472656,-2.519490957260132,39,1252
-45.278038024902344,-1.968610405921936,23,-48.71928787231445,-2.118229866027832,23,-49.11853790283203,-2.1355886459350586,23,-42.663848876953125,-2.2454657554626465,19,-58.24662780761719,-2.5324621200561523,23,-63.64982986450195,-2.7673838138580322,23,1253
-79.34593963623047,-2.144484758377075,37,-112.9999008178711,-3.054051399230957,37,-118.43734741210938,-3.2010092735290527,37,-108.74317932128906,-2.7185795307159424,40,-120.83058166503906,-3.2656912803649902,37,-117.80381774902344,-3.183887004852295,37,1254
-115.57616424560547,-2.3586971759796143,49,-138.99835205078125,-2.8367011547088623,49,-150.20074462890625,-3.065321207046509,49,-63.917152404785156,-2.3673019409179688,27,-146.37721252441406,-2.987290143966675,49,-153.19863891601562,-3.126502752304077,49,1255
-18.885644912719727,-0.5722922682762146,33,-93.7254638671875,-2.840165615081787,33,-95.21354675292969,-2.885258913040161,33,-92.23216247558594,-2.8822550773620605,32,-131.87982177734375,-3.9963581562042236,33,-124.10391235351562,-3.7607245445251465,33,1256
-86.9578628540039,-2.350212574005127,37,-48.66816711425781,-1.315355896949768,37,-45.68186950683594,-1.234645128250122,37,-39.52985382080078,-1.1294244527816772,35,-77.55731201171875,-2.0961434841156006,37,-62.396202087402344,-1.686383843421936,37,1257
-56.982574462890625,-1.540069580078125,37,-91.56446838378906,-2.4747154712677,37,-79.07017517089844,-2.1370317935943604,37,-75.16659545898438,-2.087960958480835,36,-109.90812683105469,-2.970489978790283,37,-98.14774322509766,-2.652641773223877,37,1258
-44.44972229003906,-1.346961259841919,33,-71.62523651123047,-2.170461654663086,33,-72.2497787475586,-2.189387321472168,33,-74.10725402832031,-1.9501909017562866,38,-94.05192565917969,-2.8500583171844482,33,-84.80349731445312,-2.56980299949646,33,1259
-39.91090774536133,-1.376238226890564,29,-75.59904479980469,-2.606863498687744,29,-100.92284393310547,-3.480098009109497,29,-42.36798095703125,-2.353776693344116,18,-86.44202423095703,-2.980759382247925,29,-99.74076843261719,-3.4393367767333984,29,1260
-58.829742431640625,-2.101062297821045,28,-78.67507934570312,-2.809824228286743,28,-63.94755172729492,-2.283841133117676,28,-67.72793579101562,-1.8813315629959106,36,-83.45845031738281,-2.980659008026123,28,-76.7140121459961,-2.739786148071289,28,1261
-79.65101623535156,-2.1527302265167236,37,-63.56597137451172,-1.7179992198944092,37,-81.04610443115234,-2.1904351711273193,37,-55.378902435302734,-1.6781485080718994,33,-70.29460144042969,-1.899854063987732,37,-90.84860229492188,-2.4553675651550293,37,1262
-79.81346130371094,-1.6627804040908813,48,-83.771484375,-1.7452392578125,48,-87.48197937011719,-1.8225412368774414,48,-46.14859390258789,-1.1832972764968872,39,-120.78631591796875,-2.5163815021514893,48,-113.47251892089844,-2.364010810852051,48,1263
-139.88560485839844,-3.1085689067840576,45,-127.24571228027344,-2.8276824951171875,45,-121.2931900024414,-2.695404291152954,45,-82.75287628173828,-2.2986910343170166,36,-152.66656494140625,-3.392590284347534,45,-146.98255920410156,-3.2662789821624756,45,1264
-84.33851623535156,-2.0080599784851074,42,-111.57587432861328,-2.6565685272216797,42,-88.13343811035156,-2.0984151363372803,42,-79.31449890136719,-2.4034695625305176,33,-106.81849670410156,-2.543297529220581,42,-89.32685089111328,-2.1268298625946045,42,1265
-110.66275024414062,-2.4057118892669678,46,-103.40086364746094,-2.247844934463501,46,-109.07896423339844,-2.371281862258911,46,-88.51446533203125,-2.058475971221924,43,-102.52702331542969,-2.2288482189178467,46,-108.96421813964844,-2.3687872886657715,46,1266
-83.41758728027344,-1.8958542346954346,44,-147.9451904296875,-3.3623907566070557,44,-138.6533660888672,-3.1512129306793213,44,-133.63458251953125,-3.930428981781006,34,-162.55697631835938,-3.694476842880249,44,-160.08236694335938,-3.638235569000244,44,1267
-88.76545715332031,-2.958848476409912,30,-103.42970275878906,-3.4476568698883057,30,-91.47022247314453,-3.0490074157714844,30,-97.55332946777344,-3.4840474128723145,28,-109.80728149414062,-3.660242795944214,30,-102.32075500488281,-3.410691738128662,30,1268
-136.7698516845703,-2.3181331157684326,59,-148.1649932861328,-2.5112709999084473,59,-134.87094116210938,-2.2859480381011963,59,-174.8768310546875,-2.649648904800415,66,-151.3002471923828,-2.564410924911499,59,-135.48129272460938,-2.296293020248413,59,1269
-69.36668395996094,-2.477381467819214,28,-65.9031982421875,-2.3536856174468994,28,-53.34870147705078,-1.9053107500076294,28,-52.075767517089844,-2.0029141902923584,26,-77.19874572753906,-2.7570979595184326,28,-66.0303955078125,-2.3582284450531006,28,1270
-63.15955352783203,-2.2556984424591064,28,-75.73827362060547,-2.7049384117126465,28,-77.90392303466797,-2.782283067703247,28,-84.10487365722656,-2.1565351486206055,39,-93.81341552734375,-3.3504791259765625,28,-81.51783752441406,-2.911351442337036,28,1271
-103.50564575195312,-2.156367540359497,48,-244.11187744140625,-5.08566427230835,48,-281.7733459472656,-5.8702778816223145,48,-285.95965576171875,-6.354659080505371,45,-242.39271545410156,-5.0498480796813965,48,-301.6289367675781,-6.283936023712158,48,1272
-85.29200744628906,-1.740653157234192,49,-182.82408142089844,-3.7311036586761475,49,-211.9110870361328,-4.324716091156006,49,-178.75357055664062,-4.831177711486816,37,-188.95143127441406,-3.856151580810547,49,-224.5855255126953,-4.583377838134766,49,1273
-67.9795913696289,-3.237123489379883,21,-54.403587341308594,-2.590646982192993,21,-62.672706604003906,-2.984414577484131,21,-72.52604675292969,-2.3395497798919678,31,-51.031517028808594,-2.43007230758667,21,-60.35185623168945,-2.8738980293273926,21,1274
-71.22854614257812,-2.1584408283233643,33,-109.95845794677734,-3.3320744037628174,33,-96.8184814453125,-2.9338934421539307,33,-102.25576782226562,-2.840437889099121,36,-100.1756820678711,-3.0356266498565674,33,-92.87505340576172,-2.8143956661224365,33,1275
-46.75489044189453,-1.1688722372055054,40,-59.36528396606445,-1.4841320514678955,40,-75.99319458007812,-1.8998298645019531,40,-76.56217956542969,-2.1267271041870117,36,-62.36210250854492,-1.559052586555481,40,-82.75846862792969,-2.0689616203308105,40,1276
-96.69476318359375,-2.6133720874786377,37,-103.38128662109375,-2.794088840484619,37,-90.19389343261719,-2.4376728534698486,37,-81.28329467773438,-2.196845769882202,37,-97.51602935791016,-2.635568380355835,37,-86.82797241210938,-2.3467018604278564,37,1277
-83.88374328613281,-2.7961246967315674,30,-124.6078872680664,-4.1535964012146,30,-172.2080078125,-5.740266799926758,30,-255.04281616210938,-5.544409275054932,46,-138.13327026367188,-4.604442119598389,30,-174.95985412597656,-5.831995010375977,30,1278
-75.32489013671875,-2.092358112335205,36,-92.5477066040039,-2.5707695484161377,36,-94.93525695800781,-2.6370904445648193,36,-91.36016845703125,-2.404214859008789,38,-87.72659301757812,-2.43684983253479,36,-94.13260650634766,-2.6147947311401367,36,1279
-43.197113037109375,-1.66142737865448,26,-43.779056549072266,-1.6838098764419556,26,-62.915130615234375,-2.4198126792907715,26,-60.25347900390625,-1.6284724473953247,37,-53.56636047363281,-2.060244560241699,26,-64.46353149414062,-2.4793665409088135,26,1280
-90.81996154785156,-2.2704989910125732,40,-86.58363342285156,-2.164590835571289,40,-60.195457458496094,-1.5048863887786865,40,-62.725914001464844,-1.3345938920974731,47,-90.17207336425781,-2.2543017864227295,40,-72.92869567871094,-1.8232173919677734,40,1281
-59.35813903808594,-1.6959468126296997,35,-86.1585922241211,-2.4616739749908447,35,-81.62608337402344,-2.3321738243103027,35,-100.58355712890625,-2.186599016189575,46,-99.06603240966797,-2.830458164215088,35,-107.89446258544922,-3.0826988220214844,35,1282
-105.36670684814453,-4.052565574645996,26,-55.03483581542969,-2.1167244911193848,26,-59.84849166870117,-2.3018651008605957,26,-78.1971435546875,-2.17214298248291,36,-73.08447265625,-2.810941219329834,26,-76.04554748535156,-2.9248287677764893,26,1283
-117.67677307128906,-2.401566743850708,49,-109.51634216308594,-2.235027313232422,49,-137.60328674316406,-2.808230400085449,49,-70.39695739746094,-2.0704987049102783,34,-131.67599487304688,-2.687265157699585,49,-137.05557250976562,-2.7970523834228516,49,1284
-80.83746337890625,-2.0727555751800537,39,-89.69810485839844,-2.2999513149261475,39,-67.22567749023438,-1.7237353324890137,39,-56.11126708984375,-1.558646321296692,36,-89.83985900878906,-2.30358624458313,39,-83.92179870605469,-2.151840925216675,39,1285
-107.54264831542969,-2.389836549758911,45,-122.25901794433594,-2.716866970062256,45,-111.96144104003906,-2.488032102584839,45,-70.75325012207031,-1.91225004196167,37,-123.60533905029297,-2.7467854022979736,45,-110.16320037841797,-2.448071002960205,45,1286
-34.985565185546875,-0.7774569988250732,45,-64.29520416259766,-1.428782343864441,45,-67.05905151367188,-1.4902011156082153,45,-54.03823471069336,-1.1257965564727783,48,-89.45579528808594,-1.987906575202942,45,-84.70588684082031,-1.8823530673980713,45,1287
-88.66312408447266,-3.4101202487945557,26,-116.20730590820312,-4.469511985778809,26,-158.6637725830078,-6.102452754974365,26,-282.75823974609375,-6.016132831573486,47,-108.9615478515625,-4.190828800201416,26,-168.13168334960938,-6.4666032791137695,26,1288
-43.6724853515625,-0.9925565123558044,44,-57.92857360839844,-1.3165584802627563,44,-49.15794372558594,-1.117226004600525,44,-39.26751708984375,-0.9131980538368225,43,-71.55116271972656,-1.6261627674102783,44,-62.20720672607422,-1.4138001203536987,44,1289
-90.50175476074219,-3.0167250633239746,30,-75.21866607666016,-2.507288932800293,30,-66.45933532714844,-2.215311288833618,30,-52.38656234741211,-2.0148677825927734,26,-79.59215545654297,-2.653071880340576,30,-64.58494567871094,-2.152831554412842,30,1290
-115.8052978515625,-3.406038284301758,34,-108.53579711914062,-3.1922292709350586,34,-103.02215576171875,-3.0300633907318115,34,-139.3272705078125,-2.9644100666046143,47,-107.32839965820312,-3.156717538833618,34,-95.39195251464844,-2.805645704269409,34,1291
-64.90670776367188,-1.9668699502944946,33,-87.39607238769531,-2.6483657360076904,33,-84.94889831542969,-2.574208974838257,33,-70.96924591064453,-2.0873308181762695,34,-75.26260375976562,-2.2806849479675293,33,-88.35301971435547,-2.6773643493652344,33,1292
-52.81707763671875,-1.7037767171859741,31,-60.75218200683594,-1.9597477912902832,31,-62.991065979003906,-2.0319697856903076,31,-31.93444061279297,-1.330601692199707,24,-51.993186950683594,-1.6771996021270752,31,-61.470645904541016,-1.9829241037368774,31,1293
-73.6241455078125,-1.60052490234375,46,-102.87252044677734,-2.236359119415283,46,-106.88925170898438,-2.3236794471740723,46,-58.48427200317383,-1.8865894079208374,31,-93.41259765625,-2.0307085514068604,46,-117.60379028320312,-2.5566041469573975,46,1294
-105.34723663330078,-2.2901573181152344,46,-100.6662826538086,-2.1883974075317383,46,-111.94007873535156,-2.4334800243377686,46,-34.1899299621582,-1.1789630651474,29,-124.00804138183594,-2.695827007293701,46,-114.11637878417969,-2.480790853500366,46,1295
-38.3037109375,-0.8705388903617859,44,-90.86641693115234,-2.06514573097229,44,-91.03053283691406,-2.068875789642334,44,-59.96791458129883,-1.9344488382339478,31,-83.53043365478516,-1.89841890335083,44,-92.89675903320312,-2.1112899780273438,44,1296
-76.22261047363281,-2.458793878555298,31,-90.62715911865234,-2.9234566688537598,31,-71.93920135498047,-2.3206193447113037,31,-75.28915405273438,-2.428682327270508,31,-87.16317749023438,-2.8117153644561768,31,-73.7689208984375,-2.3796427249908447,31,1297
-21.81580352783203,-0.6416412591934204,34,-64.20259094238281,-1.888311505317688,34,-73.40441131591797,-2.1589531898498535,34,-27.461334228515625,-1.615372657775879,17,-63.267738342285156,-1.8608158826828003,34,-77.1411361694336,-2.268857002258301,34,1298
-66.28076171875,-2.285543441772461,29,-81.7965316772461,-2.8205699920654297,29,-91.99710083007812,-3.172313928604126,29,-127.59419250488281,-2.407437562942505,53,-78.41258239746094,-2.7038822174072266,29,-84.5434341430664,-2.9152908325195312,29,1299
-93.14569091796875,-2.217754602432251,42,-80.0171127319336,-1.9051693677902222,42,-107.22491455078125,-2.552974224090576,42,-41.7114372253418,-1.6042860746383667,26,-98.32553100585938,-2.3410840034484863,42,-90.92110443115234,-2.164788246154785,42,1300
-80.0378646850586,-1.7786191701889038,45,-222.64205932617188,-4.947601318359375,45,-257.8780822753906,-5.730624198913574,45,-281.4209289550781,-5.862936019897461,48,-216.6558380126953,-4.814574241638184,45,-255.60476684570312,-5.680106163024902,45,1301
-98.47977447509766,-3.3958542346954346,29,-78.02191162109375,-2.690410852432251,29,-80.9375991821289,-2.790951728820801,29,-84.7913818359375,-2.291658878326416,37,-84.34231567382812,-2.908355712890625,29,-81.7320556640625,-2.8183467388153076,29,1302
-37.94230270385742,-0.9728795289993286,39,-68.795166015625,-1.7639786005020142,39,-56.08269500732422,-1.4380178451538086,39,-51.628135681152344,-1.2592228651046753,41,-70.88983917236328,-1.817688226699829,39,-64.47038269042969,-1.65308678150177,39,1303
-75.59264373779297,-2.0997955799102783,36,-106.02542877197266,-2.945150852203369,36,-87.96791076660156,-2.4435529708862305,36,-100.93158721923828,-2.3472461700439453,43,-103.06822204589844,-2.863006114959717,36,-99.86470794677734,-2.774019718170166,36,1304
-29.71365737915039,-0.8253793716430664,36,-78.96710205078125,-2.193530559539795,36,-61.823001861572266,-1.7173056602478027,36,-52.54195022583008,-1.1941351890563965,44,-82.23406982421875,-2.2842798233032227,36,-49.56925964355469,-1.37692391872406,36,1305
-89.11531066894531,-2.4754252433776855,36,-101.26382446289062,-2.8128840923309326,36,-104.0929946899414,-2.891472101211548,36,-61.78264236450195,-2.2065229415893555,28,-105.21378326416016,-2.922605037689209,36,-104.16748046875,-2.893541097640991,36,1306
-60.483314514160156,-1.512082815170288,40,-81.43414306640625,-2.035853624343872,40,-82.29545593261719,-2.0573863983154297,40,-77.18775177001953,-1.7950639724731445,43,-87.27456665039062,-2.1818642616271973,40,-87.38871765136719,-2.184717893600464,40,1307
-85.13579559326172,-2.027042865753174,42,-109.77424621582031,-2.6136724948883057,42,-104.70036315917969,-2.492865800857544,42,-93.92744445800781,-3.0299174785614014,31,-121.13945007324219,-2.884272575378418,42,-120.38957977294922,-2.8664186000823975,42,1308
-109.88560485839844,-3.329866886138916,33,-100.60676574707031,-3.048689842224121,33,-71.3769760131836,-2.1629385948181152,33,-61.608726501464844,-1.6212822198867798,38,-93.03365325927734,-2.819201707839966,33,-63.732765197753906,-1.9312958717346191,33,1309
-101.45541381835938,-2.8182058334350586,36,-86.71476745605469,-2.4087436199188232,36,-89.83171081542969,-2.4953253269195557,36,-64.50991821289062,-2.080965042114258,31,-85.25340270996094,-2.368149995803833,36,-85.87632751464844,-2.385453462600708,36,1310
-105.55905151367188,-3.10467791557312,34,-169.4841766357422,-4.984828948974609,34,-195.99594116210938,-5.764586448669434,34,-262.61529541015625,-5.587559700012207,47,-173.7335662841797,-5.109810829162598,34,-205.7308349609375,-6.050907135009766,34,1311
-93.119140625,-2.1655614376068115,43,-127.34750366210938,-2.9615697860717773,43,-122.66505432128906,-2.852675676345825,43,-98.42044067382812,-3.2806813716888428,30,-115.32429504394531,-2.681960344314575,43,-107.69801330566406,-2.5046050548553467,43,1312
-47.821102142333984,-1.5940366983413696,30,-78.20924377441406,-2.6069748401641846,30,-87.16447448730469,-2.905482530593872,30,-87.44673156738281,-1.8218069076538086,48,-88.41949462890625,-2.9473164081573486,30,-84.59142303466797,-2.819714069366455,30,1313
-62.8747444152832,-1.397216558456421,45,-118.11441040039062,-2.6247646808624268,45,-87.96259307861328,-1.9547243118286133,45,-63.75830078125,-1.875244140625,34,-105.05013275146484,-2.3344473838806152,45,-96.56218719482422,-2.1458263397216797,45,1314
-36.34034729003906,-0.7268069386482239,50,-69.95074462890625,-1.399014949798584,50,-52.91177749633789,-1.0582355260849,50,-43.8602294921875,-0.8600044846534729,51,-88.76432800292969,-1.7752865552902222,50,-68.1419448852539,-1.362838864326477,50,1315
-91.45028686523438,-2.286257266998291,40,-136.52200317382812,-3.4130501747131348,40,-114.62008666992188,-2.865502119064331,40,-77.49502563476562,-2.6722421646118164,29,-134.70108032226562,-3.3675270080566406,40,-120.47459411621094,-3.0118649005889893,40,1316
-84.65733337402344,-2.351592540740967,36,-83.00309753417969,-2.3056416511535645,36,-63.66215896606445,-1.7683932781219482,36,-73.27503967285156,-1.7446438074111938,42,-93.52267456054688,-2.5978519916534424,36,-71.34434509277344,-1.9817873239517212,36,1317
-54.19517517089844,-1.7482314109802246,31,-72.74411010742188,-2.3465840816497803,31,-71.06139373779297,-2.2923030853271484,31,-77.41609954833984,-1.84324049949646,42,-70.45011901855469,-2.2725844383239746,31,-68.72257995605469,-2.216857433319092,31,1318
-98.26095581054688,-3.169708251953125,31,-99.439453125,-3.2077243328094482,31,-105.78515625,-3.412424325942993,31,-77.03094482421875,-3.3491714000701904,23,-109.1038589477539,-3.519479274749756,31,-104.55499267578125,-3.37274169921875,31,1319
-58.081790924072266,-1.3507393598556519,43,-99.92623901367188,-2.323866128921509,43,-100.93936920166016,-2.3474271297454834,43,-82.77980041503906,-2.0694949626922607,40,-114.77848052978516,-2.669266939163208,43,-111.8748550415039,-2.601740837097168,43,1320
-49.96257019042969,-1.0861427783966064,46,-92.22242736816406,-2.004835367202759,46,-94.79484558105469,-2.0607573986053467,46,-36.88630676269531,-1.2295435667037964,30,-112.41554260253906,-2.4438161849975586,46,-108.47196197509766,-2.358086109161377,46,1321
-104.89335632324219,-3.3836567401885986,31,-74.318115234375,-2.3973586559295654,31,-82.19330596923828,-2.6513969898223877,31,-71.47348022460938,-2.4646027088165283,29,-83.53683471679688,-2.6947367191314697,31,-79.04496002197266,-2.549837350845337,31,1322
-104.51936340332031,-3.2662301063537598,32,-119.15776062011719,-3.723680019378662,32,-116.27892303466797,-3.633716344833374,32,-84.895751953125,-1.84555983543396,46,-113.29979705810547,-3.540618658065796,32,-116.13724517822266,-3.629288911819458,32,1323
-82.19606018066406,-2.1630542278289795,38,-94.54827880859375,-2.488112688064575,38,-99.88249206542969,-2.6284866333007812,38,-63.255863189697266,-2.432917833328247,26,-104.70707702636719,-2.7554492950439453,38,-110.996826171875,-2.920969009399414,38,1324
-49.91654586791992,-1.848760962486267,27,-57.9294548034668,-2.145535469055176,27,-59.794586181640625,-2.2146143913269043,27,-52.856197357177734,-1.6017029285430908,33,-54.803466796875,-2.0297579765319824,27,-63.93364334106445,-2.367912769317627,27,1325
-62.98904800415039,-2.1720361709594727,29,-51.30898666381836,-1.769275426864624,29,-59.64018249511719,-2.056558132171631,29,-65.29354095458984,-1.71825110912323,38,-60.02672576904297,-2.069887161254883,29,-70.54904174804688,-2.432725667953491,29,1326
-78.25271606445312,-3.0097198486328125,26,-85.15052795410156,-3.2750203609466553,26,-69.69880676269531,-2.6807234287261963,26,-58.325260162353516,-1.7674320936203003,33,-95.98211669921875,-3.691619873046875,26,-74.38191986083984,-2.8608431816101074,26,1327
-88.13722229003906,-2.3194005489349365,38,-107.21846008300781,-2.8215384483337402,38,-104.81922912597656,-2.7584006786346436,38,-109.20633697509766,-2.7301583290100098,40,-138.468505859375,-3.6439080238342285,38,-140.72958374023438,-3.7034101486206055,38,1328
-57.47126007080078,-1.8539116382598877,31,-78.68009948730469,-2.5380678176879883,31,-95.25617980957031,-3.072779893875122,31,-133.69561767578125,-3.4280927181243896,39,-86.25709533691406,-2.782486915588379,31,-96.65084838867188,-3.117769241333008,31,1329
-88.88198852539062,-2.2790253162384033,39,-121.35606384277344,-3.111693859100342,39,-117.64846801757812,-3.016627311706543,39,-111.59042358398438,-4.2919392585754395,26,-125.609130859375,-3.2207469940185547,39,-124.7540054321289,-3.1988205909729004,39,1330
-73.57920837402344,-1.9886271953582764,37,-98.62992858886719,-2.6656737327575684,37,-75.61209869384766,-2.0435702800750732,37,-79.53202056884766,-2.1495139598846436,37,-130.16812133789062,-3.518057346343994,37,-106.75013732910156,-2.885138750076294,37,1331
-77.5233154296875,-2.0400872230529785,38,-120.85008239746094,-3.180265426635742,38,-118.69322204589844,-3.1235058307647705,38,-60.19841766357422,-2.866591215133667,21,-115.78805541992188,-3.0470540523529053,38,-111.53007507324219,-2.935002088546753,38,1332
-90.20014953613281,-2.4378418922424316,37,-106.90567016601562,-2.8893425464630127,37,-81.15194702148438,-2.193295955657959,37,-106.55189514160156,-2.316345453262329,46,-110.20246887207031,-2.978445053100586,37,-85.85845184326172,-2.3204987049102783,37,1333
-45.47979736328125,-0.9886912703514099,46,-105.70585632324219,-2.2979533672332764,46,-111.83808898925781,-2.431262731552124,46,-95.01533508300781,-2.639314889907837,36,-101.95222473144531,-2.216352701187134,46,-91.8261947631836,-1.996221661567688,46,1334
-92.41751098632812,-2.432039737701416,38,-126.65184020996094,-3.3329432010650635,38,-94.00971984863281,-2.473939895629883,38,-14.624419212341309,-0.8602599501609802,17,-121.83148193359375,-3.2060916423797607,38,-113.87571716308594,-2.9967293739318848,38,1335
-33.8173828125,-0.8899311423301697,38,-105.53169250488281,-2.7771499156951904,38,-86.54723358154297,-2.2775588035583496,38,-58.30278015136719,-2.242414712905884,26,-119.21062469482422,-3.1371216773986816,38,-110.8514404296875,-2.9171431064605713,38,1336
-114.35324096679688,-2.3337395191192627,49,-148.64706420898438,-3.033613443374634,49,-171.32379150390625,-3.496403932571411,49,-150.83822631835938,-3.2790918350219727,46,-147.7782440185547,-3.0158824920654297,49,-175.7546844482422,-3.5868303775787354,49,1337
-92.7174072265625,-2.575483560562134,36,-121.86261749267578,-3.385072708129883,36,-100.13192749023438,-2.781442403793335,36,-86.50057983398438,-2.7031431198120117,32,-133.9501190185547,-3.720836639404297,36,-122.20111846923828,-3.3944754600524902,36,1338
-99.03092956542969,-2.750859260559082,36,-96.13899230957031,-2.670527458190918,36,-73.78266906738281,-2.049518585205078,36,-49.86492156982422,-1.5582787990570068,32,-97.8193359375,-2.7172038555145264,36,-84.47767639160156,-2.346602201461792,36,1339
-67.84492492675781,-2.4230329990386963,28,-77.40581512451172,-2.764493465423584,28,-66.08871459960938,-2.360311269760132,28,-64.0504150390625,-2.562016487121582,25,-87.28092956542969,-3.117176055908203,28,-85.5311279296875,-3.054683208465576,28,1340
-56.33036804199219,-1.2802356481552124,44,-118.39178466796875,-2.6907224655151367,44,-97.10908508300781,-2.207024574279785,44,-75.166015625,-2.2777581214904785,33,-138.482177734375,-3.147322177886963,44,-133.93898010253906,-3.044067621231079,44,1341
-95.78335571289062,-2.336179494857788,41,-106.97046661376953,-2.6090357303619385,41,-106.26937103271484,-2.591935873031616,41,-107.63047790527344,-2.3917884826660156,45,-130.25631713867188,-3.17698335647583,41,-120.66488647460938,-2.9430460929870605,41,1342
-87.75208282470703,-1.9076539278030396,46,-103.15805053710938,-2.2425663471221924,46,-95.66404724121094,-2.079653263092041,46,-38.32931900024414,-1.1977912187576294,32,-116.65946960449219,-2.5360753536224365,46,-115.02053833007812,-2.5004465579986572,46,1343
-62.045265197753906,-1.6327701807022095,38,-61.16840362548828,-1.6096948385238647,38,-67.30057525634766,-1.77106773853302,38,-67.59867858886719,-1.7789125442504883,38,-72.14661407470703,-1.8985950946807861,38,-73.80520629882812,-1.9422422647476196,38,1344
-122.38301086425781,-2.7814321517944336,44,-127.44538879394531,-2.8964860439300537,44,-121.97698974609375,-2.7722043991088867,44,-97.05254364013672,-2.8544864654541016,34,-116.75096130371094,-2.653430938720703,44,-115.87094116210938,-2.6334304809570312,44,1345
-63.28755187988281,-1.9178045988082886,33,-121.052001953125,-3.6682424545288086,33,-83.85718536376953,-2.5411267280578613,33,-72.27998352050781,-2.3316123485565186,31,-108.97515869140625,-3.3022775650024414,33,-80.6989974975586,-2.4454240798950195,33,1346
-90.62442016601562,-1.849478006362915,49,-105.92449951171875,-2.16172456741333,49,-110.14741516113281,-2.247906446456909,49,-92.95413970947266,-2.213193893432617,42,-108.82750701904297,-2.2209694385528564,49,-117.28985595703125,-2.3936705589294434,49,1347
-77.80667114257812,-2.288431406021118,34,-89.0150375366211,-2.618089437484741,34,-75.37892150878906,-2.217027187347412,34,-66.3426742553711,-2.3693811893463135,28,-89.96626281738281,-2.646066665649414,34,-76.86979675292969,-2.260876417160034,34,1348
-59.82850646972656,-1.869640827178955,32,-77.3748550415039,-2.417964220046997,32,-62.22450256347656,-1.9445157051086426,32,-68.54373168945312,-1.9039925336837769,36,-70.16735076904297,-2.1927297115325928,32,-63.0997200012207,-1.971866250038147,32,1349
-74.89215087890625,-2.5824880599975586,29,-105.8124771118164,-3.6487061977386475,29,-67.46971130371094,-2.3265416622161865,29,-80.93680572509766,-2.3804943561553955,34,-97.16014862060547,-3.3503499031066895,29,-68.7608413696289,-2.371063470840454,29,1350
-104.17800903320312,-2.7415266036987305,38,-108.12612915039062,-2.8454244136810303,38,-99.33277893066406,-2.614020586013794,38,-122.41249084472656,-2.846801996231079,43,-101.2005615234375,-2.663172721862793,38,-100.92982482910156,-2.656048059463501,38,1351
-68.17103576660156,-1.4819790124893188,46,-118.98181915283203,-2.5865612030029297,46,-108.66816711425781,-2.362351417541504,46,-103.15010070800781,-2.5158560276031494,41,-130.24502563476562,-2.831413507461548,46,-120.36915588378906,-2.616720676422119,46,1352
-64.80484008789062,-1.4088008403778076,46,-104.29135131835938,-2.2672033309936523,46,-110.5986557006836,-2.4043185710906982,46,-117.52873992919922,-2.8665547370910645,41,-110.48260498046875,-2.4017958641052246,46,-116.80465698242188,-2.539231777191162,46,1353
-68.05804443359375,-2.268601417541504,30,-87.99861145019531,-2.9332871437072754,30,-75.0745849609375,-2.502486228942871,30,-91.29157257080078,-2.3408095836639404,39,-112.23921203613281,-3.741307020187378,30,-89.04658508300781,-2.968219518661499,30,1354
-55.46065139770508,-1.9124362468719482,29,-95.97093200683594,-3.309342384338379,29,-68.31266784667969,-2.355609178543091,29,-66.93754577636719,-2.0917983055114746,32,-90.6758041381836,-3.1267518997192383,29,-69.6463851928711,-2.401599407196045,29,1355
-152.333984375,-3.385199546813965,45,-153.95639038085938,-3.421253204345703,45,-101.61988830566406,-2.2582197189331055,45,-88.99347686767578,-2.118892192840576,42,-137.3097381591797,-3.0513274669647217,45,-102.38542175292969,-2.2752315998077393,45,1356
-110.20123291015625,-4.081527233123779,27,-103.10026550292969,-3.818528413772583,27,-79.231201171875,-2.9344890117645264,27,-82.53182983398438,-2.5791196823120117,32,-101.79827880859375,-3.7703065872192383,27,-73.15411376953125,-2.70941162109375,27,1357
-103.53292083740234,-3.451097249984741,30,-123.29790496826172,-4.109930038452148,30,-113.37255859375,-3.779085397720337,30,-120.84812927246094,-3.554356813430786,34,-126.98448944091797,-4.232816219329834,30,-120.61206817626953,-4.020402431488037,30,1358
-77.9743423461914,-1.949358582496643,40,-107.94939422607422,-2.698734760284424,40,-107.05738830566406,-2.6764347553253174,40,-85.65641021728516,-2.676762819290161,32,-97.7213363647461,-2.443033456802368,40,-102.21747589111328,-2.555436849594116,40,1359
-94.20454406738281,-2.2429652214050293,42,-114.0143814086914,-2.714628219604492,42,-120.583984375,-2.871047258377075,42,-75.7073974609375,-2.5235798358917236,30,-120.38841247558594,-2.8663907051086426,42,-110.45877075195312,-2.6299707889556885,42,1360
-78.21272277832031,-1.6294317245483398,48,-121.024658203125,-2.5213470458984375,48,-120.20578002929688,-2.504287004470825,48,-106.5388412475586,-2.477647542953491,43,-126.92416381835938,-2.6442534923553467,48,-113.57107543945312,-2.3660640716552734,48,1361
-74.3319320678711,-1.905946969985962,39,-83.94096374511719,-2.152332305908203,39,-59.56785202026367,-1.5273808240890503,39,-47.415069580078125,-1.3547163009643555,35,-79.1107177734375,-2.028480052947998,39,-63.430030822753906,-1.6264110803604126,39,1362
-71.69725036621094,-2.048492908477783,35,-64.53404998779297,-1.8438299894332886,35,-84.3045425415039,-2.408701181411743,35,-83.13286590576172,-2.18770694732666,38,-73.32853698730469,-2.0951011180877686,35,-81.16629028320312,-2.3190369606018066,35,1363
-128.49737548828125,-2.7934212684631348,46,-138.25125122070312,-3.0054619312286377,46,-129.74842834472656,-2.820617914199829,46,-55.40391540527344,-2.051996946334839,27,-142.4341583251953,-3.0963947772979736,46,-126.65889739990234,-2.7534542083740234,46,1364
-121.20791625976562,-2.8859028816223145,42,-55.854530334472656,-1.3298697471618652,42,-42.68737030029297,-1.0163660049438477,42,-63.41709899902344,-1.2434725761413574,51,-66.76176452636719,-1.5895658731460571,42,-51.86579132080078,-1.2348997592926025,42,1365
-58.23811721801758,-1.5325820446014404,38,-62.164878845214844,-1.6359179019927979,38,-65.28282165527344,-1.7179689407348633,38,-53.51251220703125,-1.5289288759231567,35,-67.34622192382812,-1.7722690105438232,38,-70.95262145996094,-1.8671742677688599,38,1366
-73.34062194824219,-2.222443103790283,33,-93.09313201904297,-2.8210039138793945,33,-85.2702407836914,-2.583946704864502,33,-68.81953430175781,-2.4578404426574707,28,-87.79226684570312,-2.660371780395508,33,-82.64688110351562,-2.504451036453247,33,1367
-80.64279174804688,-1.7920620441436768,45,-115.53541564941406,-2.567453622817993,45,-116.74018859863281,-2.594226360321045,45,-64.6183853149414,-2.019324541091919,32,-114.42784881591797,-2.5428411960601807,45,-115.65003204345703,-2.570000648498535,45,1368
-71.58936309814453,-2.4685988426208496,29,-105.96176147460938,-3.6538538932800293,29,-99.76451110839844,-3.440155506134033,29,-100.82096862792969,-2.724890947341919,37,-97.674072265625,-3.3680715560913086,29,-86.67904663085938,-2.9889326095581055,29,1369
-60.00189208984375,-1.6667191982269287,36,-86.85637664794922,-2.412677049636841,36,-88.12904357910156,-2.448029041290283,36,-88.88838195800781,-2.067171573638916,43,-74.68309020996094,-2.0745303630828857,36,-69.55547332763672,-1.9320964813232422,36,1370
-74.76902770996094,-2.0769174098968506,36,-79.51132202148438,-2.2086477279663086,36,-79.85509490966797,-2.2181971073150635,36,-53.06581497192383,-1.711800456047058,31,-83.10543060302734,-2.3084840774536133,36,-89.6873550415039,-2.4913153648376465,36,1371
-84.31612396240234,-1.8329591751098633,46,-90.95394897460938,-1.9772597551345825,46,-80.12471008300781,-1.7418415546417236,46,-70.83908081054688,-1.8163866996765137,39,-88.99483489990234,-1.934670329093933,46,-83.59009552001953,-1.8171759843826294,46,1372
-64.17080688476562,-2.2127864360809326,29,-86.55119323730469,-2.9845240116119385,29,-84.6958236694336,-2.9205455780029297,29,-87.03514862060547,-3.2235240936279297,27,-86.64118957519531,-2.9876272678375244,29,-83.76174926757812,-2.888336181640625,29,1373
-90.78128051757812,-1.5926539897918701,57,-119.27108764648438,-2.092475175857544,57,-105.1651840209961,-1.8450032472610474,57,-47.96467590332031,-1.2298635244369507,39,-119.38324737548828,-2.094442844390869,57,-116.08500671386719,-2.036579132080078,57,1374
-93.19271850585938,-3.451582193374634,27,-77.7073974609375,-2.8780517578125,27,-51.04225158691406,-1.890453815460205,27,-54.71453857421875,-1.9540907144546509,28,-102.093505859375,-3.781240940093994,27,-59.61543273925781,-2.2079789638519287,27,1375
-69.345703125,-2.568359375,27,-82.22708129882812,-3.04544734954834,27,-86.79368591308594,-3.21458101272583,27,-48.521644592285156,-2.1096367835998535,23,-75.71675872802734,-2.8043243885040283,27,-70.6358413696289,-2.6161422729492188,27,1376
-104.17649841308594,-2.1703436374664307,48,-134.78025817871094,-2.807922124862671,48,-119.45822143554688,-2.488713026046753,48,-90.88426971435547,-3.366084098815918,27,-135.24652099609375,-2.8176357746124268,48,-115.26771545410156,-2.4014108180999756,48,1377
-66.00186920166016,-2.1290924549102783,31,-97.6572494506836,-3.150233745574951,31,-88.61609649658203,-2.858583688735962,31,-114.33478546142578,-2.5407729148864746,45,-83.37438201904297,-2.6894962787628174,31,-76.91439819335938,-2.481109619140625,31,1378
-85.58673858642578,-1.9451531171798706,44,-106.8928451538086,-2.429382801055908,44,-117.36174011230469,-2.6673123836517334,44,-110.28472137451172,-2.8278133869171143,39,-118.80392456054688,-2.7000892162323,44,-128.45921325683594,-2.919527530670166,44,1379
-63.204776763916016,-2.1794750690460205,29,-78.86772918701172,-2.719576835632324,29,-61.32268142700195,-2.114575147628784,29,-51.28459167480469,-1.5083703994750977,34,-79.3858413696289,-2.7374427318573,29,-61.68694305419922,-2.127135992050171,29,1380
-84.3770523071289,-2.812568426132202,30,-104.2847671508789,-3.476158857345581,30,-103.0727310180664,-3.435757637023926,30,-51.67124938964844,-2.8706250190734863,18,-107.79452514648438,-3.5931508541107178,30,-105.02777099609375,-3.5009257793426514,30,1381
-60.29116439819336,-1.8840988874435425,32,-62.96953201293945,-1.967797875404358,32,-62.72175216674805,-1.9600547552108765,32,-52.87879943847656,-1.88852858543396,28,-80.081298828125,-2.5025405883789062,32,-69.56124114990234,-2.1737887859344482,32,1382
-108.18130493164062,-2.3517675399780273,46,-152.0513458251953,-3.305464029312134,46,-140.31851196289062,-3.0504024028778076,46,-63.23041915893555,-2.180359363555908,29,-141.5519561767578,-3.077216386795044,46,-119.15231323242188,-2.5902676582336426,46,1383
-76.29398345947266,-1.9562560319900513,39,-98.3668441772461,-2.5222268104553223,39,-76.1185531616211,-1.951757788658142,39,-79.39370727539062,-2.035736083984375,39,-99.83699035644531,-2.559922933578491,39,-82.53562927246094,-2.116298198699951,39,1384
-146.4024658203125,-2.8706367015838623,51,-147.1186065673828,-2.884678602218628,51,-120.917724609375,-2.3709356784820557,51,-57.65637969970703,-1.9881510734558105,29,-160.0601043701172,-3.1384334564208984,51,-133.29254150390625,-2.613579273223877,51,1385
-122.35394287109375,-2.780771493911743,44,-134.5332489013672,-3.0575737953186035,44,-108.31951904296875,-2.4618072509765625,44,-50.3876953125,-1.4396483898162842,35,-132.04620361328125,-3.0010499954223633,44,-92.98761749267578,-2.1133549213409424,44,1386
-56.571014404296875,-1.663853406906128,34,-86.62440490722656,-2.547776699066162,34,-85.39014434814453,-2.511474847793579,34,-85.26074981689453,-2.304344654083252,37,-81.74234008789062,-2.404186487197876,34,-90.10418701171875,-2.650123119354248,34,1387
-119.5517578125,-3.0654296875,39,-105.62854766845703,-2.7084243297576904,39,-87.57017517089844,-2.245389223098755,39,-73.51893615722656,-2.100541114807129,35,-108.40706634521484,-2.7796683311462402,39,-89.94081115722656,-2.3061747550964355,39,1388
-112.93414306640625,-2.895747184753418,39,-125.93584442138672,-3.2291243076324463,39,-161.09475708007812,-4.130634784698486,39,-107.583251953125,-4.1378173828125,26,-146.06253051757812,-3.7451930046081543,39,-182.11224365234375,-4.669544696807861,39,1389
-78.19059753417969,-2.4434561729431152,32,-123.0648422241211,-3.845776319503784,32,-106.26407623291016,-3.3207523822784424,32,-111.31580352783203,-2.473684549331665,45,-128.12269592285156,-4.003834247589111,32,-110.04615783691406,-3.4389424324035645,32,1390
-119.62814331054688,-3.2331931591033936,37,-150.79049682617188,-4.075418949127197,37,-148.6328125,-4.01710319519043,37,-162.27447509765625,-3.957914113998413,41,-144.85049438476562,-3.9148781299591064,37,-140.83087158203125,-3.8062398433685303,37,1391
-16.485797882080078,-0.4579388201236725,36,-106.17863464355469,-2.949406623840332,36,-104.88204956054688,-2.9133901596069336,36,-68.31439971923828,-2.627476930618286,26,-113.84061431884766,-3.1622393131256104,36,-110.33270263671875,-3.0647974014282227,36,1392
-64.14286804199219,-1.6035716533660889,40,-117.11564636230469,-2.927891254425049,40,-110.39962768554688,-2.759990692138672,40,-107.22441101074219,-2.8979570865631104,37,-132.47865295410156,-3.3119664192199707,40,-132.24063110351562,-3.306015729904175,40,1393
-56.06939697265625,-1.515389084815979,37,-104.54647064208984,-2.825580358505249,37,-99.0728759765625,-2.677645206451416,37,-98.55179595947266,-1.932388186454773,51,-114.9960708618164,-3.108001947402954,37,-111.41534423828125,-3.011225461959839,37,1394
-62.49177551269531,-1.7358826398849487,36,-99.59884643554688,-2.766634702682495,36,-70.35299682617188,-1.9542498588562012,36,-61.348533630371094,-1.8043686151504517,34,-122.70620727539062,-3.40850567817688,36,-112.04071044921875,-3.1122419834136963,36,1395
-94.06900787353516,-2.687685966491699,35,-70.35302734375,-2.0100865364074707,35,-81.85604858398438,-2.3387441635131836,35,-70.27742004394531,-2.196169376373291,32,-93.40376281738281,-2.6686789989471436,35,-104.91352844238281,-2.9975292682647705,35,1396
-80.2178955078125,-2.3593499660491943,34,-97.20872497558594,-2.8590800762176514,34,-74.62774658203125,-2.1949336528778076,34,-66.20606231689453,-1.4712458848953247,45,-117.20964050292969,-3.4473423957824707,34,-95.78639221191406,-2.817246913909912,34,1397
-81.26228332519531,-2.3900671005249023,34,-82.69393920898438,-2.4321746826171875,34,-68.9991455078125,-2.029386520385742,34,-59.14986801147461,-1.8484333753585815,32,-98.71012115478516,-2.9032387733459473,34,-87.79367065429688,-2.5821666717529297,34,1398
-80.73046112060547,-2.1819043159484863,37,-78.56124114990234,-2.123276710510254,37,-77.60108184814453,-2.0973265171051025,37,-59.685054779052734,-1.4210727214813232,42,-89.10014343261719,-2.408112049102783,37,-94.90296173095703,-2.5649449825286865,37,1399
-72.8065185546875,-2.080186128616333,35,-96.07706451416016,-2.745059013366699,35,-72.50576782226562,-2.0715932846069336,35,-67.1959228515625,-2.1676104068756104,31,-134.3385772705078,-3.838245153427124,35,-122.84866333007812,-3.5099618434906006,35,1400
-27.429542541503906,-0.9143180847167969,30,-57.96350860595703,-1.932116985321045,30,-43.53430938720703,-1.4511436223983765,30,-36.3541374206543,-1.172714114189148,31,-71.50154113769531,-2.3833847045898438,30,-55.231414794921875,-1.8410471677780151,30,1401
-159.01300048828125,-2.944685220718384,54,-123.06914520263672,-2.2790582180023193,54,-115.59550476074219,-2.140657424926758,54,-26.73401641845703,-0.8911339044570923,30,-136.28826904296875,-2.5238568782806396,54,-111.12962341308594,-2.0579559803009033,54,1402
-75.70732116699219,-1.8926830291748047,40,-180.03585815429688,-4.500896453857422,40,-228.9506072998047,-5.7237653732299805,40,-260.04571533203125,-5.778793811798096,45,-174.51194763183594,-4.362798690795898,40,-233.8094482421875,-5.845236301422119,40,1403
-71.43211364746094,-1.5528720617294312,46,-103.83289337158203,-2.2572367191314697,46,-108.89958190917969,-2.367382287979126,46,-90.13526916503906,-2.0485289096832275,44,-126.85734558105469,-2.757768392562866,46,-131.4569091796875,-2.8577589988708496,46,1404
-99.17273712158203,-2.680344343185425,37,-93.93235778808594,-2.5387122631073,37,-93.44329071044922,-2.525494337081909,37,-54.85362243652344,-2.4933464527130127,22,-103.12417602539062,-2.787139892578125,37,-99.63114166259766,-2.6927335262298584,37,1405
-95.27590942382812,-2.0712153911590576,46,-112.88949584960938,-2.4541194438934326,46,-99.66927337646484,-2.1667232513427734,46,-93.861328125,-2.04046368598938,46,-141.5123748779297,-3.0763559341430664,46,-130.72222900390625,-2.841787576675415,46,1406
-92.68140411376953,-2.8085274696350098,33,-90.93856048583984,-2.755713939666748,33,-82.11821746826172,-2.4884307384490967,33,-65.487548828125,-2.1829183101654053,30,-91.45508575439453,-2.7713661193847656,33,-84.88983154296875,-2.5724191665649414,33,1407
-94.59880065917969,-2.149972677230835,44,-116.21759796142578,-2.6413090229034424,44,-105.8634033203125,-2.4059865474700928,44,-97.57803344726562,-2.439450740814209,40,-110.70768737792969,-2.5160837173461914,44,-112.04876708984375,-2.546562910079956,44,1408
-150.50941467285156,-3.762735366821289,40,-112.40221405029297,-2.8100552558898926,40,-118.00672912597656,-2.9501681327819824,40,-70.3254165649414,-2.5116219520568848,28,-132.62796020507812,-3.3156991004943848,40,-119.04020690917969,-2.9760050773620605,40,1409
-63.20005798339844,-1.9750018119812012,32,-118.11450958251953,-3.6910784244537354,32,-138.00796508789062,-4.312748908996582,32,-165.14479064941406,-3.590104103088379,46,-114.35707092285156,-3.5736584663391113,32,-129.15528869628906,-4.036102771759033,32,1410
-98.23835754394531,-2.518932342529297,39,-107.39527130126953,-2.7537248134613037,39,-96.154541015625,-2.465501070022583,39,-94.67802429199219,-2.4915268421173096,38,-107.47301483154297,-2.755718231201172,39,-100.80552673339844,-2.584757089614868,39,1411
-64.47110748291016,-1.8962090015411377,34,-198.36648559570312,-5.834308624267578,34,-223.96751403808594,-6.587279796600342,34,-284.04791259765625,-6.043572425842285,47,-203.3793487548828,-5.981745719909668,34,-213.42234802246094,-6.277127742767334,34,1412
-46.403541564941406,-1.7847516536712646,26,-84.11023712158203,-3.23500919342041,26,-88.07762145996094,-3.387600898742676,26,-98.15947723388672,-2.8045566082000732,35,-88.48431396484375,-3.403242826461792,26,-96.57862091064453,-3.71456241607666,26,1413
-112.62297821044922,-2.7469019889831543,41,-112.31196594238281,-2.73931622505188,41,-46.15184783935547,-1.1256548166275024,41,-41.30535888671875,-1.0326340198516846,40,-109.60145568847656,-2.673206329345703,41,-57.889678955078125,-1.4119434356689453,41,1414
-99.1494369506836,-2.6797144412994385,37,-75.77589416503906,-2.047997236251831,37,-89.05271911621094,-2.406830310821533,37,-75.73933410644531,-1.9931403398513794,38,-85.78543090820312,-2.3185250759124756,37,-72.75120544433594,-1.9662487506866455,37,1415
-74.56849670410156,-1.8187438249588013,41,-100.24581909179688,-2.4450199604034424,41,-106.314453125,-2.5930354595184326,41,-87.74143981933594,-2.3089852333068848,38,-108.59255981445312,-2.6485989093780518,41,-99.75440979003906,-2.4330344200134277,41,1416
-46.39042663574219,-1.0308983325958252,45,-96.67288970947266,-2.1482863426208496,45,-80.19721984863281,-1.7821604013442993,45,-60.62604522705078,-1.4786840677261353,41,-103.51213836669922,-2.300269842147827,45,-93.92399597167969,-2.0871999263763428,45,1417
-73.42538452148438,-2.0978682041168213,35,-65.9664306640625,-1.8847551345825195,35,-86.75120544433594,-2.4786059856414795,35,-100.60650634765625,-2.395392894744873,42,-78.65321350097656,-2.247234582901001,35,-91.64566040039062,-2.6184475421905518,35,1418
-86.9495849609375,-1.811449646949768,48,-134.12905883789062,-2.7943553924560547,48,-124.22908020019531,-2.5881059169769287,48,-116.93185424804688,-2.386364459991455,49,-130.2802276611328,-2.7141714096069336,48,-126.16987609863281,-2.6285390853881836,48,1419
-75.4267807006836,-2.6938135623931885,28,-97.30362701416016,-3.4751296043395996,28,-88.92475891113281,-3.175884246826172,28,-95.29857635498047,-2.887835741043091,33,-86.18515014648438,-3.0780410766601562,28,-92.61463165283203,-3.3076653480529785,28,1420
-303.01153564453125,-6.587207317352295,46,-205.15281677246094,-4.459843635559082,46,-115.8412857055664,-2.5182888507843018,46,-65.68492126464844,-1.931909441947937,34,-210.85617065429688,-4.583829879760742,46,-119.07169342041016,-2.588515043258667,46,1421
-94.37202453613281,-2.550595283508301,37,-112.18740844726562,-3.0320920944213867,37,-143.6416473388672,-3.882206678390503,37,-118.67122650146484,-3.7084758281707764,32,-123.72608184814453,-3.3439481258392334,37,-145.73411560058594,-3.9387598037719727,37,1422
-92.59521484375,-2.153377056121826,43,-137.2218017578125,-3.191204786300659,43,-145.16844177246094,-3.3760101795196533,43,-73.46388244628906,-2.825533866882324,26,-142.62893676757812,-3.3169519901275635,43,-137.42132568359375,-3.195844888687134,43,1423
-95.86116790771484,-3.0922956466674805,31,-90.66284942626953,-2.924607992172241,31,-81.61746215820312,-2.6328213214874268,31,-101.64144897460938,-2.310032844543457,44,-85.50160217285156,-2.7581162452697754,31,-91.59248352050781,-2.9545962810516357,31,1424
-66.74866485595703,-2.022686719894409,33,-66.58267211914062,-2.0176568031311035,33,-81.18265533447266,-2.46008038520813,33,-73.19012451171875,-2.4396708011627197,30,-67.7742919921875,-2.0537664890289307,33,-86.66468811035156,-2.6262025833129883,33,1425
-41.73097610473633,-1.5455917119979858,27,-53.43761444091797,-1.9791709184646606,27,-64.66668701171875,-2.3950624465942383,27,-76.26383209228516,-2.9332242012023926,26,-55.01850128173828,-2.03772234916687,27,-65.21498107910156,-2.415369749069214,27,1426
-57.68212890625,-1.696533203125,34,-52.64828109741211,-1.5484788417816162,34,-60.959407806396484,-1.7929238080978394,34,-75.58627319335938,-2.042872190475464,37,-60.56709289550781,-1.781385064125061,34,-69.77294921875,-2.052145481109619,34,1427
-30.72946548461914,-0.9602957963943481,32,-84.45263671875,-2.6391448974609375,32,-77.34121704101562,-2.4169130325317383,32,-59.037899017333984,-1.256125569343567,47,-81.90643310546875,-2.5595760345458984,32,-68.26805114746094,-2.1333765983581543,32,1428
-101.18850708007812,-2.5945770740509033,39,-89.1544418334961,-2.286011219024658,39,-79.5834732055664,-2.040601968765259,39,-70.09904479980469,-1.8945688009262085,37,-90.79106903076172,-2.3279762268066406,39,-81.30755615234375,-2.0848090648651123,39,1429
-75.52196502685547,-2.436192512512207,31,-86.80693817138672,-2.8002238273620605,31,-80.47452545166016,-2.5959525108337402,31,-88.47675323486328,-2.7648985385894775,32,-90.08557891845703,-2.9059863090515137,31,-88.34916687011719,-2.849973201751709,31,1430
-74.89614868164062,-1.9709513187408447,38,-100.36430358886719,-2.6411659717559814,38,-101.58259582519531,-2.6732261180877686,38,-83.22315216064453,-2.521913766860962,33,-91.10904693603516,-2.397606611251831,38,-91.22138977050781,-2.4005630016326904,38,1431
-70.19747924804688,-1.754936933517456,40,-98.05352020263672,-2.451338052749634,40,-91.35450744628906,-2.283862590789795,40,-81.88809204101562,-1.8610930442810059,44,-124.57940673828125,-3.114485263824463,40,-115.03277587890625,-2.875819444656372,40,1432
-55.47960662841797,-1.5851316452026367,35,-72.38758850097656,-2.0682168006896973,35,-73.97579956054688,-2.1135942935943604,35,-75.19508361816406,-1.8798770904541016,40,-86.36222839355469,-2.4674923419952393,35,-91.86874389648438,-2.624821186065674,35,1433
-57.797637939453125,-2.0642013549804688,28,-123.81846618652344,-4.422088146209717,28,-115.56990051269531,-4.127496242523193,28,-114.98811340332031,-4.10671854019165,28,-122.08726501464844,-4.360259532928467,28,-124.63694763183594,-4.451319694519043,28,1434
-67.03743743896484,-2.311635732650757,29,-82.85552978515625,-2.8570871353149414,29,-81.71952056884766,-2.8179144859313965,29,-75.66242218017578,-2.2928006649017334,33,-91.61947631835938,-3.159292221069336,29,-76.55280303955078,-2.63975191116333,29,1435
-85.74629211425781,-2.317467451095581,37,-122.89991760253906,-3.3216195106506348,37,-110.82455444335938,-2.995258331298828,37,-115.00596618652344,-3.5939364433288574,32,-119.46671295166016,-3.228830099105835,37,-109.44481658935547,-2.95796799659729,37,1436
-35.880924224853516,-0.8154755234718323,44,-64.47499084472656,-1.4653407335281372,44,-64.98654174804688,-1.4769668579101562,44,-9.077524185180664,-0.32419729232788086,28,-78.80642700195312,-1.7910552024841309,44,-72.12654876708984,-1.63923978805542,44,1437
-95.1261215209961,-2.0239601135253906,47,-173.890625,-3.699800491333008,47,-169.64967346191406,-3.609567403793335,47,-149.33326721191406,-3.8290581703186035,39,-177.93226623535156,-3.785792827606201,47,-174.19390869140625,-3.7062532901763916,47,1438
-86.25810241699219,-2.2117462158203125,39,-117.1106185913086,-3.0028364658355713,39,-127.94282531738281,-3.280585289001465,39,-117.20579528808594,-3.5516908168792725,33,-116.47564697265625,-2.9865550994873047,39,-136.88536071777344,-3.509881019592285,39,1439
-78.59831237792969,-2.3817670345306396,33,-118.50486755371094,-3.5910565853118896,33,-120.54825592041016,-3.652977466583252,33,-108.13802337646484,-3.604600667953491,30,-126.41059875488281,-3.8306241035461426,33,-124.82899475097656,-3.7826967239379883,33,1440
-34.257354736328125,-0.9258744716644287,37,-74.45310974121094,-2.0122461318969727,37,-91.78488159179688,-2.4806723594665527,37,-60.19559097290039,-1.8241088390350342,33,-73.02119445800781,-1.973545789718628,37,-89.10791778564453,-2.4083220958709717,37,1441
-74.14896392822266,-2.746258020401001,27,-79.52240753173828,-2.9452743530273438,27,-91.19929504394531,-3.377751588821411,27,-128.52810668945312,-3.2955925464630127,39,-64.06663513183594,-2.372838258743286,27,-79.83815002441406,-2.9569685459136963,27,1442
-90.08012390136719,-2.502225637435913,36,-81.47874450683594,-2.263298511505127,36,-69.24215698242188,-1.9233932495117188,36,-73.7518310546875,-1.9932926893234253,37,-83.87922668457031,-2.3299784660339355,36,-86.57878875732422,-2.404966354370117,36,1443
-60.66109085083008,-1.5165272951126099,40,-110.55055236816406,-2.763763904571533,40,-97.2374267578125,-2.4309356212615967,40,-70.89398193359375,-2.0851171016693115,34,-116.14318084716797,-2.9035794734954834,40,-96.92984008789062,-2.423245906829834,40,1444
-126.8065185546875,-2.948988914489746,43,-119.788330078125,-2.7857751846313477,43,-106.3109130859375,-2.472346782684326,43,-58.0997314453125,-1.8156166076660156,32,-115.6491470336914,-2.6895151138305664,43,-106.76449584960938,-2.4828951358795166,43,1445
-37.93806457519531,-1.3549308776855469,28,-76.10546875,-2.718052387237549,28,-56.35805892944336,-2.0127878189086914,28,-44.693359375,-1.1459835767745972,39,-68.39385986328125,-2.4426379203796387,28,-62.34478759765625,-2.2265994548797607,28,1446
-50.17620086669922,-1.6725400686264038,30,-60.395118713378906,-2.0131707191467285,30,-60.15203857421875,-2.005068063735962,30,-54.27007293701172,-1.80900239944458,30,-70.96266174316406,-2.365422010421753,30,-61.25169372558594,-2.0417230129241943,30,1447
-94.80899047851562,-3.6464996337890625,26,-76.21485137939453,-2.931340456008911,26,-75.88508605957031,-2.918657064437866,26,-70.39189147949219,-2.3463964462280273,30,-76.70684814453125,-2.950263500213623,26,-76.01370239257812,-2.9236040115356445,26,1448
-68.37493896484375,-1.9535696506500244,35,-84.59952545166016,-2.4171292781829834,35,-85.2844467163086,-2.4366984367370605,35,-86.58793640136719,-2.793159246444702,31,-95.38851165771484,-2.725386142730713,35,-101.43524169921875,-2.8981497287750244,35,1449
-66.80775451660156,-2.087742328643799,32,-81.52662658691406,-2.5477070808410645,32,-77.92630004882812,-2.435196876525879,32,-77.46421813964844,-2.347400665283203,33,-81.0126724243164,-2.5316460132598877,32,-84.08760833740234,-2.6277377605438232,32,1450
-38.82035827636719,-1.9410178661346436,20,-51.20828628540039,-2.5604143142700195,20,-64.74482727050781,-3.237241268157959,20,-87.50877380371094,-2.4307992458343506,36,-55.58887481689453,-2.7794437408447266,20,-76.25048828125,-3.8125243186950684,20,1451
-248.57232666015625,-5.780751705169678,43,-159.18106079101562,-3.701885223388672,43,-84.0743637084961,-1.955217719078064,43,-54.85835266113281,-1.4436408281326294,38,-179.00225830078125,-4.162843227386475,43,-72.63461303710938,-1.6891770362854004,43,1452
-83.91842651367188,-1.8648539781570435,45,-103.17820739746094,-2.292849063873291,45,-93.95999145507812,-2.0879998207092285,45,-51.220008850097656,-1.6006252765655518,32,-109.7311782836914,-2.4384706020355225,45,-98.48120880126953,-2.1884713172912598,45,1453
-49.608802795410156,-2.067033529281616,24,-44.29707336425781,-1.845711350440979,24,-42.125709533691406,-1.7552379369735718,24,-40.287872314453125,-1.4388525485992432,28,-56.261253356933594,-2.3442189693450928,24,-45.902435302734375,-1.9126014709472656,24,1454
-135.9559326171875,-2.719118595123291,50,-142.12680053710938,-2.842535972595215,50,-143.29063415527344,-2.8658127784729004,50,-111.56729125976562,-2.721153497695923,41,-138.04266357421875,-2.7608532905578613,50,-136.72918701171875,-2.734583854675293,50,1455
-64.82765197753906,-1.4406144618988037,45,-106.17649841308594,-2.3594777584075928,45,-89.62035369873047,-1.9915634393692017,45,-74.04402923583984,-1.7629530429840088,42,-126.01363372802734,-2.8003029823303223,45,-100.67613983154297,-2.2372474670410156,45,1456
-82.54013061523438,-1.9652411937713623,42,-113.05021667480469,-2.691671848297119,42,-95.34742736816406,-2.270176887512207,42,-127.85816192626953,-2.5571632385253906,50,-146.03945922851562,-3.4771299362182617,42,-128.36119079589844,-3.0562188625335693,42,1457
-100.16305541992188,-2.8618016242980957,35,-120.9144287109375,-3.454697847366333,35,-116.5978775024414,-3.3313679695129395,35,-88.5855484008789,-3.851545572280884,23,-119.52906036376953,-3.41511607170105,35,-122.06747436523438,-3.4876420497894287,35,1458
-26.866474151611328,-0.7070124745368958,38,-82.92218780517578,-2.1821627616882324,38,-75.02416229248047,-1.9743200540542603,38,-71.96175384521484,-1.7551647424697876,41,-106.82963562011719,-2.8113062381744385,38,-108.88459014892578,-2.8653838634490967,38,1459
-95.44505310058594,-3.408751964569092,28,-93.67078399658203,-3.3453850746154785,28,-94.20826721191406,-3.3645808696746826,28,-92.43014526367188,-2.4323723316192627,38,-119.00191497802734,-4.250068187713623,28,-100.90536499023438,-3.6037631034851074,28,1460
-107.26563262939453,-2.383680820465088,45,-120.11575317382812,-2.669239044189453,45,-91.58515930175781,-2.0352258682250977,45,-68.29782104492188,-2.3550972938537598,29,-134.77955627441406,-2.9951012134552,45,-119.33464813232422,-2.651880979537964,45,1461
-110.96449279785156,-4.267865180969238,26,-95.36956787109375,-3.668060302734375,26,-76.93180847167969,-2.9589157104492188,26,-70.348388671875,-2.705707311630249,26,-94.81112670898438,-3.6465818881988525,26,-90.8939208984375,-3.495919942855835,26,1462
-49.86559295654297,-1.5582997798919678,32,-74.44001770019531,-2.3262505531311035,32,-54.18966293334961,-1.6934269666671753,32,-55.11082458496094,-1.2525187730789185,44,-93.01348876953125,-2.9066715240478516,32,-77.83457946777344,-2.43233060836792,32,1463
-111.04763793945312,-2.582503318786621,43,-114.04598999023438,-2.6522324085235596,43,-87.2013931274414,-2.0279393196105957,43,-71.754150390625,-1.8398500680923462,39,-139.2385711669922,-3.2381062507629395,43,-113.3397445678711,-2.635807991027832,43,1464
-64.09327697753906,-1.4566653966903687,44,-106.88626098632812,-2.4292333126068115,44,-125.26256561279297,-2.846876382827759,44,-100.69906616210938,-2.649975538253784,38,-136.55279541015625,-3.1034727096557617,44,-163.286865234375,-3.7110650539398193,44,1465
-116.50164794921875,-3.4265191555023193,34,-111.48135375976562,-3.2788634300231934,34,-85.50044250488281,-2.514719009399414,34,-72.13833618164062,-2.327043056488037,31,-116.4166259765625,-3.424018383026123,34,-93.3656234741211,-2.7460477352142334,34,1466
-53.80658721923828,-1.630502700805664,33,-72.18367004394531,-2.1873838901519775,33,-67.12520599365234,-2.034097194671631,33,-75.0873031616211,-2.2753727436065674,33,-102.33434295654297,-3.1010406017303467,33,-97.86201477050781,-2.965515613555908,33,1467
-80.97955322265625,-1.9280846118927002,42,-153.87904357910156,-3.6637866497039795,42,-93.82911682128906,-2.2340266704559326,42,-89.27893829345703,-2.8799657821655273,31,-165.585693359375,-3.942516565322876,42,-124.99362182617188,-2.976038694381714,42,1468
-145.45867919921875,-4.692215442657471,31,-124.83536529541016,-4.026947498321533,31,-108.61213684082031,-3.503617286682129,31,-99.6201171875,-3.3206706047058105,30,-132.72036743164062,-4.281301975250244,31,-114.55870819091797,-3.6954421997070312,31,1469
-79.7266845703125,-1.944553256034851,41,-97.35407257080078,-2.3744895458221436,41,-86.48828125,-2.1094703674316406,41,-89.70543670654297,-2.3606693744659424,38,-101.39132690429688,-2.472959280014038,41,-132.44361877441406,-3.230332136154175,41,1470
-47.77960968017578,-1.016587495803833,47,-114.72062683105469,-2.440864324569702,47,-104.73332214355469,-2.2283685207366943,47,-53.43951416015625,-1.7238552570343018,31,-137.02162170410156,-2.915353536605835,47,-125.96273803710938,-2.680058240890503,47,1471
-75.70095825195312,-1.9921305179595947,38,-108.58866882324219,-2.8575966358184814,38,-115.38673400878906,-3.0364930629730225,38,-131.59059143066406,-3.209526538848877,41,-130.82769775390625,-3.4428341388702393,38,-118.42654418945312,-3.116487979888916,38,1472
-58.24085998535156,-2.008305549621582,29,-77.60983276367188,-2.676201105117798,29,-66.90870666503906,-2.307196855545044,29,-61.37248992919922,-1.8050732612609863,34,-78.22624206542969,-2.6974565982818604,29,-67.96527862548828,-2.343630313873291,29,1473
-53.26866912841797,-1.133375883102417,47,-65.33444213867188,-1.390094518661499,47,-78.3818359375,-1.667698621749878,47,-45.05021286010742,-1.0011157989501953,45,-88.45095825195312,-1.8819352388381958,47,-88.13018798828125,-1.875110387802124,47,1474
-44.72216033935547,-1.54214346408844,29,-50.30602264404297,-1.7346904277801514,29,-50.39855194091797,-1.737881064414978,29,-50.6425895690918,-1.489487886428833,34,-65.75846862792969,-2.267533302307129,29,-71.98429107666016,-2.4822168350219727,29,1475
-104.2484130859375,-2.8175246715545654,37,-93.7765121459961,-2.5345003604888916,37,-73.0113525390625,-1.9732798337936401,37,-19.17174530029297,-0.9585872888565063,20,-104.97488403320312,-2.8371589183807373,37,-87.9537582397461,-2.3771286010742188,37,1476
-65.11251068115234,-1.860357403755188,35,-96.98149108886719,-2.770899772644043,35,-81.44801330566406,-2.3270862102508545,35,-65.11638641357422,-1.669650912284851,39,-110.68830108642578,-3.162522792816162,35,-110.96511840820312,-3.1704318523406982,35,1477
-87.21038818359375,-2.6427390575408936,33,-64.69022369384766,-1.9603098630905151,33,-57.46382141113281,-1.7413278818130493,33,-47.63799285888672,-1.253631353378296,38,-75.83838653564453,-2.29813289642334,33,-79.67520141601562,-2.414400100708008,33,1478
-65.4733657836914,-1.6368341445922852,40,-112.21530151367188,-2.805382490158081,40,-78.66812896728516,-1.966703176498413,40,-111.90345764160156,-1.5329240560531616,73,-122.96531677246094,-3.0741329193115234,40,-94.63762664794922,-2.365940570831299,40,1479
-28.680307388305664,-0.7966752052307129,36,-47.8753776550293,-1.329871654510498,36,-66.63059997558594,-1.850849986076355,36,-50.280921936035156,-1.2263638973236084,41,-68.07707977294922,-1.891029953956604,36,-75.16366577148438,-2.0878796577453613,36,1480
-50.15410614013672,-1.0903066396713257,46,-78.97457885742188,-1.7168387174606323,46,-91.41751098632812,-1.9873372316360474,46,-21.585472106933594,-0.7195157408714294,30,-86.30166625976562,-1.8761231899261475,46,-93.11628723144531,-2.0242671966552734,46,1481
-94.25758361816406,-2.0054805278778076,47,-131.87872314453125,-2.8059303760528564,47,-87.28520202636719,-1.8571319580078125,47,-72.74703979492188,-1.8186759948730469,40,-135.74703979492188,-2.888234853744507,47,-95.26344299316406,-2.026881694793701,47,1482
-49.74458694458008,-1.842392086982727,27,-82.09776306152344,-3.0406579971313477,27,-70.26065826416016,-2.6022465229034424,27,-78.7761001586914,-2.2507457733154297,35,-89.90011596679688,-3.329633951187134,27,-64.1744613647461,-2.3768320083618164,27,1483
-115.06980895996094,-2.5571069717407227,45,-127.84690856933594,-2.8410425186157227,45,-123.49613952636719,-2.744358539581299,45,-82.9724349975586,-2.963301181793213,28,-138.37144470214844,-3.074920892715454,45,-120.40830993652344,-2.6757402420043945,45,1484
-33.22438049316406,-1.6612190008163452,20,-60.985870361328125,-3.0492935180664062,20,-45.09944152832031,-2.254971981048584,20,-55.59276580810547,-1.6846293210983276,33,-66.02235412597656,-3.3011176586151123,20,-57.58549499511719,-2.879274845123291,20,1485
-44.708927154541016,-1.314968466758728,34,-105.063232421875,-3.090095043182373,34,-108.05575561523438,-3.178110361099243,34,-132.58590698242188,-3.1568074226379395,42,-115.33769989013672,-3.3922853469848633,34,-126.1224365234375,-3.7094833850860596,34,1486
-118.30037689208984,-3.1131677627563477,38,-92.12579345703125,-2.424362897872925,38,-75.42143249511719,-1.9847745895385742,38,-67.46923828125,-1.8741455078125,36,-86.98091125488281,-2.288971424102783,38,-70.36602783203125,-1.85173761844635,38,1487
-302.0282897949219,-6.864279270172119,44,-141.7760009765625,-3.222181797027588,44,-113.85810852050781,-2.587684392929077,44,-86.0185546875,-2.3248257637023926,37,-151.9755859375,-3.4539906978607178,44,-117.96891784667969,-2.6811118125915527,44,1488
-76.68138122558594,-1.7832878828048706,43,-78.3323974609375,-1.821683645248413,43,-78.67575073242188,-1.829668641090393,43,-88.8989028930664,-1.9325848817825317,46,-79.66049194335938,-1.852569580078125,43,-83.79083251953125,-1.9486240148544312,43,1489
-127.96080017089844,-3.367389440536499,38,-109.45064544677734,-2.8802802562713623,38,-76.90516662597656,-2.023820161819458,38,-65.90382385253906,-1.8306617736816406,36,-119.21524810791016,-3.1372432708740234,38,-72.53034973144531,-1.9086934328079224,38,1490
-113.42254638671875,-2.9082703590393066,39,-93.79597473144531,-2.405025005340576,39,-86.03245544433594,-2.205960512161255,39,-83.97410583496094,-2.3992602825164795,35,-95.4661865234375,-2.4478509426116943,39,-79.18269348144531,-2.030325412750244,39,1491
-48.580657958984375,-1.3129907846450806,37,-90.95038604736328,-2.458118438720703,37,-105.85491943359375,-2.8609437942504883,37,-109.92300415039062,-2.8185386657714844,39,-92.70977783203125,-2.505669593811035,37,-105.63481140136719,-2.854995012283325,37,1492
-97.33997344970703,-2.703888177871704,36,-144.69708251953125,-4.0193634033203125,36,-131.51080322265625,-3.6530778408050537,36,-137.56271362304688,-3.930363178253174,35,-164.25157165527344,-4.562543869018555,36,-138.21090698242188,-3.8391919136047363,36,1493
-107.4446792602539,-2.3876595497131348,45,-93.08050537109375,-2.068455696105957,45,-109.49052429199219,-2.4331228733062744,45,-66.39274597167969,-2.1417014598846436,31,-90.3422622680664,-2.007605791091919,45,-97.51351928710938,-2.1669671535491943,45,1494
-42.09070587158203,-1.4030234813690186,30,-92.55792236328125,-3.085263967514038,30,-88.01850891113281,-2.933950185775757,30,-97.59417724609375,-2.788405179977417,35,-88.95153045654297,-2.9650509357452393,30,-90.70819091796875,-3.023606300354004,30,1495
-77.47079467773438,-2.347599744796753,33,-98.14056396484375,-2.97395658493042,33,-82.27310180664062,-2.49312424659729,33,-79.38200378417969,-2.405515193939209,33,-100.11336517333984,-3.033738374710083,33,-81.92475891113281,-2.4825685024261475,33,1496
-36.51376724243164,-1.1064777374267578,33,-68.13650512695312,-2.0647425651550293,33,-68.32089233398438,-2.0703301429748535,33,-58.91300964355469,-1.5922435522079468,37,-82.554931640625,-2.501664638519287,33,-68.82669067382812,-2.0856573581695557,33,1497
-45.57680892944336,-1.0358365774154663,44,-82.32858276367188,-1.871104121208191,44,-77.92208099365234,-1.7709563970565796,44,-81.72476196289062,-1.9932868480682373,41,-73.72859191894531,-1.6756497621536255,44,-86.21464538574219,-1.9594237804412842,44,1498
-88.90445709228516,-2.1684014797210693,41,-99.55863952636719,-2.4282596111297607,41,-83.90669250488281,-2.0465047359466553,41,-78.8277587890625,-1.833203673362732,43,-90.8374252319336,-2.2155468463897705,41,-80.57424926757812,-1.9652255773544312,41,1499
-140.5443115234375,-3.427910089492798,41,-103.08280944824219,-2.5142147541046143,41,-92.21377563476562,-2.2491164207458496,41,-108.05900573730469,-2.349108934402466,46,-92.24264526367188,-2.2498207092285156,41,-86.5250244140625,-2.1103663444519043,41,1500
-53.0135383605957,-1.081908941268921,49,-179.17230224609375,-3.6565775871276855,49,-171.6661376953125,-3.5033905506134033,49,-132.0101318359375,-4.258391380310059,31,-179.9412841796875,-3.6722710132598877,49,-169.845458984375,-3.466233968734741,49,1501
-93.32848358154297,-2.0288801193237305,46,-145.2570343017578,-3.157761573791504,46,-131.0832061767578,-2.849634885787964,46,-138.6844482421875,-3.3020107746124268,42,-136.909912109375,-2.9763023853302,46,-141.38002014160156,-3.0734786987304688,46,1502
-80.64053344726562,-2.122119188308716,38,-103.79353332519531,-2.7314088344573975,38,-103.92950439453125,-2.7349870204925537,38,-54.06446838378906,-2.002387762069702,27,-96.6806640625,-2.5442280769348145,38,-97.41802215576172,-2.5636322498321533,38,1503
-52.113990783691406,-1.4889711141586304,35,-98.45616912841797,-2.81303334236145,35,-70.68157958984375,-2.0194737911224365,35,-61.90375518798828,-2.210848331451416,28,-99.83399200439453,-2.8523998260498047,35,-77.6259536743164,-2.2178843021392822,35,1504
-71.36085510253906,-1.6595547199249268,43,-85.17263793945312,-1.9807590246200562,43,-91.02957916259766,-2.116966962814331,43,-17.57854461669922,-0.6760978698730469,26,-91.64637756347656,-2.1313111782073975,43,-102.83402252197266,-2.391488790512085,43,1505
-39.78607940673828,-1.1367450952529907,35,-94.86154174804688,-2.71032977104187,35,-105.90481567382812,-3.0258519649505615,35,-81.35140991210938,-2.8052210807800293,29,-101.40667724609375,-2.8973336219787598,35,-111.40576934814453,-3.1830220222473145,35,1506
-57.9940071105957,-1.5674055814743042,37,-118.65388488769531,-3.206861734390259,37,-117.51997375488281,-3.176215410232544,37,-110.44902038574219,-3.2485005855560303,34,-114.62248229980469,-3.097904920578003,37,-113.94866943359375,-3.0796937942504883,37,1507
-86.3862533569336,-3.199490785598755,27,-77.17222595214844,-2.8582305908203125,27,-61.55629348754883,-2.279862642288208,27,-85.35591888427734,-2.1886134147644043,39,-90.589111328125,-3.3551523685455322,27,-67.3291015625,-2.4936704635620117,27,1508
-77.55242919921875,-2.280953884124756,34,-95.15342712402344,-2.7986302375793457,34,-77.53123474121094,-2.2803304195404053,34,-97.87440490722656,-2.1749868392944336,45,-106.57853698730469,-3.1346628665924072,34,-86.17506408691406,-2.5345606803894043,34,1509
-114.74172973632812,-2.7319459915161133,42,-127.95892333984375,-3.0466411113739014,42,-157.0513153076172,-3.739316940307617,42,-177.27395629882812,-3.8537817001342773,46,-126.96454620361328,-3.022965431213379,42,-157.02468872070312,-3.738682985305786,42,1510
-80.223388671875,-2.2920968532562256,35,-98.57110595703125,-2.816317319869995,35,-86.63287353515625,-2.4752249717712402,35,-79.32913208007812,-2.4790353775024414,32,-103.91715240478516,-2.9690616130828857,35,-85.92875671386719,-2.4551074504852295,35,1511
-50.086936950683594,-1.3913037776947021,36,-104.30848693847656,-2.897458076477051,36,-93.97904205322266,-2.6105289459228516,36,-119.54075622558594,-2.4904325008392334,48,-93.96495819091797,-2.610137701034546,36,-106.12015533447266,-2.947782039642334,36,1512
-92.94461822509766,-2.512016773223877,37,-120.64289093017578,-3.2606186866760254,37,-119.42665100097656,-3.2277474403381348,37,-103.18650817871094,-3.126863956451416,33,-122.37799835205078,-3.307513475418091,37,-121.34832000732422,-3.27968430519104,37,1513
-75.8911361694336,-1.649807333946228,46,-90.08615112304688,-1.9583946466445923,46,-101.64242553710938,-2.209617853164673,46,-64.34593200683594,-2.218825340270996,29,-88.83908081054688,-1.9312843084335327,46,-106.54539489746094,-2.316204309463501,46,1514
-77.35739135742188,-2.6674962043762207,29,-66.65459442138672,-2.298434257507324,29,-80.28672790527344,-2.768507957458496,29,-82.93157958984375,-2.513078212738037,33,-74.922119140625,-2.5835213661193848,29,-79.86530303955078,-2.7539758682250977,29,1515
-46.43753433227539,-1.6012942790985107,29,-78.10736846923828,-2.693357467651367,29,-81.46678161621094,-2.809199333190918,29,-85.42841339111328,-2.0836198329925537,41,-88.46037292480469,-3.0503575801849365,29,-84.55624389648438,-2.9157326221466064,29,1516
-147.31344604492188,-3.273632049560547,45,-115.03760528564453,-2.5563912391662598,45,-117.52894592285156,-2.6117544174194336,45,-56.611122131347656,-1.6174606084823608,35,-123.1373519897461,-2.7363855838775635,45,-109.65831756591797,-2.4368515014648438,45,1517
-74.09940338134766,-1.9499843120574951,38,-115.75186920166016,-3.0461018085479736,38,-126.90743255615234,-3.3396692276000977,38,-126.35944366455078,-3.0085582733154297,42,-117.9774169921875,-3.1046688556671143,38,-119.5538558959961,-3.1461541652679443,38,1518
-75.58890533447266,-1.75788152217865,43,-87.4861831665039,-2.034562349319458,43,-84.42351531982422,-1.9633375406265259,43,-84.44229125976562,-1.9191429615020752,44,-90.36251831054688,-2.101454019546509,43,-85.52627563476562,-1.988983154296875,43,1519
-63.13486099243164,-1.9131776094436646,33,-75.45936584472656,-2.2866475582122803,33,-75.40763854980469,-2.2850799560546875,33,-61.31898880004883,-1.5722817182540894,39,-81.54857635498047,-2.4711689949035645,33,-75.24217224121094,-2.2800657749176025,33,1520
-64.67760467529297,-1.5775026082992554,41,-85.84226989746094,-2.0937139987945557,41,-69.08817291259766,-1.685077428817749,41,-66.11449432373047,-1.5741546154022217,42,-80.141845703125,-1.9546791315078735,41,-85.05077362060547,-2.074409008026123,41,1521
-107.29119873046875,-2.61685848236084,41,-50.035823822021484,-1.2203859090805054,41,-31.187335968017578,-0.7606667280197144,41,-19.780216217041016,-0.4945054054260254,40,-73.01033020019531,-1.7807397842407227,41,-75.77699279785156,-1.848219394683838,41,1522
-65.83302307128906,-2.1236460208892822,31,-71.07855224609375,-2.292856454849243,31,-68.21209716796875,-2.200390338897705,31,-62.35165023803711,-2.3981404304504395,26,-72.24993896484375,-2.3306431770324707,31,-71.92979431152344,-2.3203158378601074,31,1523
-47.550296783447266,-1.533880591392517,31,-74.19570922851562,-2.3934099674224854,31,-67.09190368652344,-2.164254903793335,31,-61.20573806762695,-1.8547192811965942,33,-73.05467224121094,-2.356602430343628,31,-75.5970458984375,-2.4386143684387207,31,1524
-115.08203125,-2.3975422382354736,48,-126.05158996582031,-2.62607479095459,48,-108.13232421875,-2.2527568340301514,48,-58.04225158691406,-1.5687094926834106,37,-124.74382019042969,-2.598829507827759,48,-111.860595703125,-2.3304290771484375,48,1525
-83.3531723022461,-2.193504571914673,38,-101.59652709960938,-2.6735928058624268,38,-112.87513732910156,-2.970398426055908,38,-88.8499755859375,-3.2907397747039795,27,-130.55714416503906,-3.4357142448425293,38,-136.26809692382812,-3.5860025882720947,38,1526
-141.11984252929688,-3.81404972076416,37,-118.38106536865234,-3.1994881629943848,37,-105.17879486083984,-2.842670202255249,37,-90.02206420898438,-3.334150552749634,27,-111.84056854248047,-3.0227179527282715,37,-108.07225036621094,-2.9208717346191406,37,1527
-91.49224853515625,-2.7724924087524414,33,-75.14698791503906,-2.277181386947632,33,-73.82164001464844,-2.2370193004608154,33,-55.012996673583984,-1.8969998359680176,29,-95.64488220214844,-2.898329734802246,33,-63.701927185058594,-1.9303613901138306,33,1528
-84.56062316894531,-3.02002215385437,28,-111.87190246582031,-3.99542498588562,28,-95.40121459960938,-3.407186269760132,28,-94.04623413085938,-3.1348745822906494,30,-118.32762908935547,-4.225986957550049,28,-93.21080017089844,-3.3289570808410645,28,1529
-131.36395263671875,-2.985544443130493,44,-142.8998260498047,-3.247723340988159,44,-126.90924072265625,-2.884300947189331,44,-77.15786743164062,-2.7556381225585938,28,-153.25474548339844,-3.483062505722046,44,-122.40147399902344,-2.7818517684936523,44,1530
-91.07861328125,-2.4615840911865234,37,-121.57644653320312,-3.2858498096466064,37,-100.02371215820312,-2.703343629837036,37,-120.85841369628906,-2.8775813579559326,42,-109.1175308227539,-2.949122428894043,37,-86.74603271484375,-2.344487428665161,37,1531
-49.491973876953125,-1.7675704956054688,28,-78.34768676757812,-2.7981317043304443,28,-45.43159103393555,-1.6225568056106567,28,-44.39804458618164,-1.5856444835662842,28,-51.30889129638672,-1.8324604034423828,28,-42.0413703918457,-1.5014774799346924,28,1532
-78.52869415283203,-2.707885980606079,29,-72.9273452758789,-2.5147359371185303,29,-61.953311920166016,-2.1363210678100586,29,-104.80540466308594,-2.4373350143432617,43,-77.38795471191406,-2.6685502529144287,29,-67.01687622070312,-2.310926675796509,29,1533
-81.56985473632812,-1.6313971281051636,50,-111.60987854003906,-2.2321975231170654,50,-85.72711944580078,-1.7145423889160156,50,-43.21715545654297,-1.1680312156677246,37,-108.39331817626953,-2.1678664684295654,50,-95.25180053710938,-1.9050359725952148,50,1534
-90.8646240234375,-1.933289885520935,47,-161.77679443359375,-3.4420595169067383,47,-130.8316650390625,-2.7836525440216064,47,-103.05193328857422,-2.7851874828338623,37,-160.13055419921875,-3.4070329666137695,47,-141.81192016601562,-3.017274856567383,47,1535
-72.30033111572266,-1.9026403427124023,38,-59.531978607177734,-1.5666309595108032,38,-49.30375289916992,-1.2974672317504883,38,-45.643375396728516,-1.1703429222106934,39,-64.13492584228516,-1.6877611875534058,38,-61.51750183105469,-1.6188815832138062,38,1536
-89.98167419433594,-3.3326547145843506,27,-79.7904052734375,-2.9552001953125,27,-68.01319122314453,-2.5190069675445557,27,-57.82775115966797,-1.5217828750610352,38,-80.73047637939453,-2.9900176525115967,27,-74.6278305053711,-2.763993740081787,27,1537
-99.61032104492188,-2.766953468322754,36,-150.43942260742188,-4.178873062133789,36,-129.59442138671875,-3.5998449325561523,36,-139.98013305664062,-3.5892341136932373,39,-159.03515625,-4.417643070220947,36,-135.0873565673828,-3.7524266242980957,36,1538
-45.01139831542969,-1.6075499057769775,28,-50.85618591308594,-1.816292405128479,28,-49.230072021484375,-1.7582168579101562,28,-21.58104705810547,-0.8992102742195129,24,-52.21174621582031,-1.864705204963684,28,-56.291324615478516,-2.010404348373413,28,1539
-101.93461608886719,-2.7549896240234375,37,-105.14811706542969,-2.841840982437134,37,-81.51294708251953,-2.203052520751953,37,-77.12015533447266,-2.142226457595825,36,-94.67295837402344,-2.5587286949157715,37,-103.07157897949219,-2.7857184410095215,37,1540
-106.52741241455078,-2.6631853580474854,40,-90.91694641113281,-2.272923707962036,40,-89.85041809082031,-2.246260404586792,40,-95.373046875,-2.21797776222229,43,-101.71546173095703,-2.54288649559021,40,-92.04561614990234,-2.301140308380127,40,1541
-48.98039245605469,-1.8838613033294678,26,-59.904258728027344,-2.3040099143981934,26,-67.51907348632812,-2.5968873500823975,26,-89.17060852050781,-2.026604652404785,44,-56.58136749267578,-2.176206350326538,26,-70.80479431152344,-2.7232613563537598,26,1542
-94.48548889160156,-2.3621373176574707,40,-130.87977600097656,-3.2719943523406982,40,-96.07687377929688,-2.4019217491149902,40,-99.16425323486328,-2.6095855236053467,38,-121.98603820800781,-3.0496509075164795,40,-109.42913055419922,-2.7357282638549805,40,1543
-19.043359756469727,-0.8279721736907959,23,-75.72459411621094,-3.2923736572265625,23,-79.77241516113281,-3.4683659076690674,23,-102.96684265136719,-2.394577741622925,43,-56.037994384765625,-2.436434507369995,23,-70.19601440429688,-3.0520005226135254,23,1544
-59.15715408325195,-1.3146034479141235,45,-71.44357299804688,-1.5876349210739136,45,-67.0240707397461,-1.4894237518310547,45,-51.57780456542969,-1.2579952478408813,41,-86.22652435302734,-1.9161449670791626,45,-81.99910736083984,-1.822202444076538,45,1545
-59.5897216796875,-2.128204345703125,28,-69.42694091796875,-2.4795336723327637,28,-73.89854431152344,-2.6392338275909424,28,-79.9327392578125,-1.8166531324386597,44,-69.58358764648438,-2.485128164291382,28,-86.55099487304688,-3.09110689163208,28,1546
-86.9625015258789,-2.898750066757202,30,-84.07137298583984,-2.8023791313171387,30,-79.39730834960938,-2.6465768814086914,30,-78.27398681640625,-2.4460620880126953,32,-81.18436431884766,-2.7061455249786377,30,-85.49762725830078,-2.8499209880828857,30,1547
-65.11238098144531,-2.32544207572937,28,-91.017822265625,-3.250636577606201,28,-99.3902587890625,-3.549652099609375,28,-95.88700866699219,-2.040149211883545,47,-105.88803100585938,-3.7817153930664062,28,-83.71745300292969,-2.9899089336395264,28,1548
-91.44369506835938,-2.8576154708862305,32,-132.3712921142578,-4.136602878570557,32,-134.65219116210938,-4.207880973815918,32,-138.0155487060547,-3.730149984359741,37,-140.06956481933594,-4.377173900604248,32,-118.4776611328125,-3.7024269104003906,32,1549
-102.28887939453125,-3.2996413707733154,31,-109.8013687133789,-3.5419795513153076,31,-115.40636444091797,-3.7227859497070312,31,-145.1627197265625,-3.5405540466308594,41,-122.47567749023438,-3.9508283138275146,31,-124.51840209960938,-4.016722679138184,31,1550
-41.02749252319336,-1.5195367336273193,27,-69.23350524902344,-2.564203977584839,27,-89.51360321044922,-3.3153185844421387,27,-76.34457397460938,-3.319329261779785,23,-85.13435363769531,-3.1531240940093994,27,-101.37754821777344,-3.7547240257263184,27,1551
-39.958377838134766,-1.9979188442230225,20,-67.35960388183594,-3.3679802417755127,20,-48.42506408691406,-2.421253204345703,20,-20.6087703704834,-0.41217541694641113,50,-68.05712890625,-3.4028563499450684,20,-55.795616149902344,-2.789780855178833,20,1552
-81.35369873046875,-2.0338425636291504,40,-126.71126556396484,-3.1677815914154053,40,-129.12892150878906,-3.2282230854034424,40,-122.85411071777344,-3.1501054763793945,39,-135.6958465576172,-3.3923962116241455,40,-143.48873901367188,-3.5872185230255127,40,1553
-119.91242980957031,-2.855057954788208,42,-111.61270904541016,-2.6574454307556152,42,-109.69864654541016,-2.611872434616089,42,-140.59878540039062,-3.124417543411255,45,-118.11222839355469,-2.8121960163116455,42,-114.27497863769531,-2.7208328247070312,42,1554
-37.351806640625,-1.6978093385696411,22,-68.91033935546875,-3.1322882175445557,22,-68.16792297363281,-3.0985419750213623,22,-137.728759765625,-2.810791015625,49,-74.56422424316406,-3.3892829418182373,22,-73.7779312133789,-3.3535423278808594,22,1555
-50.47917175292969,-1.1217594146728516,45,-72.19522094726562,-1.60433828830719,45,-54.78985595703125,-1.2175523042678833,45,-51.87594985961914,-1.206417441368103,43,-80.99992370605469,-1.7999982833862305,45,-58.63127136230469,-1.3029171228408813,45,1556
-73.44677734375,-2.0401883125305176,36,-113.08973693847656,-3.1413815021514893,36,-89.24662780761719,-2.4790730476379395,36,-76.80599975585938,-2.3274545669555664,33,-117.233154296875,-3.256476402282715,36,-98.47599792480469,-2.7354443073272705,36,1557
-78.51788330078125,-2.1221048831939697,37,-44.682708740234375,-1.2076407670974731,37,-46.16693115234375,-1.2477549314498901,37,-34.3125114440918,-0.857812762260437,40,-76.54283142089844,-2.068725109100342,37,-67.65472412109375,-1.8285061120986938,37,1558
-73.6021728515625,-2.102919340133667,35,-69.38502502441406,-1.9824292659759521,35,-68.9148178100586,-1.9689947366714478,35,-72.1399917602539,-1.7176188230514526,42,-93.50949096679688,-2.6716997623443604,35,-98.74101257324219,-2.821171760559082,35,1559
-71.08969116210938,-1.5454280376434326,46,-135.75564575195312,-2.951209783554077,46,-148.71627807617188,-3.2329626083374023,46,-118.31245422363281,-3.3803558349609375,35,-127.67074584960938,-2.7754509449005127,46,-143.87965393066406,-3.1278185844421387,46,1560
-102.63307189941406,-2.7008702754974365,38,-101.53600311279297,-2.6720001697540283,38,-88.17115783691406,-2.320293664932251,38,-77.66590118408203,-2.4270594120025635,32,-113.9954605102539,-2.99988055229187,38,-106.99177551269531,-2.81557297706604,38,1561
-46.557411193847656,-1.1639353036880493,40,-107.50685119628906,-2.687671184539795,40,-100.30291748046875,-2.507572889328003,40,-91.20377349853516,-2.533438205718994,36,-110.72708129882812,-2.768177032470703,40,-107.32600402832031,-2.683150053024292,40,1562
-65.40760803222656,-1.677118182182312,39,-94.0914535522461,-2.4126014709472656,39,-76.4870376586914,-1.961206078529358,39,-80.462158203125,-2.011554002761841,40,-115.5732650756836,-2.9634170532226562,39,-95.14788818359375,-2.4396893978118896,39,1563
-60.97850036621094,-1.6938471794128418,36,-104.06037902832031,-2.890566110610962,36,-93.25157165527344,-2.5903215408325195,36,-91.149658203125,-2.604275941848755,35,-112.488525390625,-3.124681234359741,36,-100.59722900390625,-2.794367551803589,36,1564
-51.95488739013672,-2.1647870540618896,24,-67.33242797851562,-2.8055179119110107,24,-85.9632339477539,-3.581801414489746,24,-106.14260864257812,-2.8687191009521484,37,-70.16863250732422,-2.9236929416656494,24,-87.64088439941406,-3.6517035961151123,24,1565
-58.16729736328125,-2.0774035453796387,28,-82.9793930053711,-2.963549852371216,28,-68.60838317871094,-2.4502995014190674,28,-63.767250061035156,-2.550689935684204,25,-73.90650177001953,-2.6395180225372314,28,-69.44590759277344,-2.480211019515991,28,1566
-100.22602844238281,-2.4445371627807617,41,-100.73626708984375,-2.456982135772705,41,-87.39024353027344,-2.131469249725342,41,-90.45640563964844,-2.741103172302246,33,-112.93048095703125,-2.754401922225952,41,-111.27326965332031,-2.713982105255127,41,1567
-62.472694396972656,-2.4027960300445557,26,-129.79205322265625,-4.992002010345459,26,-145.4834442138672,-5.595517158508301,26,-253.2855682373047,-5.756490230560303,44,-142.56427001953125,-5.483241081237793,26,-150.29637145996094,-5.780629634857178,26,1568
-85.44453430175781,-2.6701416969299316,32,-86.33341979980469,-2.6979193687438965,32,-73.2344970703125,-2.2885780334472656,32,-94.03469848632812,-3.6167192459106445,26,-87.05931091308594,-2.7206034660339355,32,-79.10662841796875,-2.4720821380615234,32,1569
-67.73470306396484,-1.6520658731460571,41,-129.4536590576172,-3.1574063301086426,41,-118.76421356201172,-2.896688222885132,41,-102.28260803222656,-3.19633150100708,32,-143.37167358398438,-3.4968700408935547,41,-145.033935546875,-3.5374131202697754,41,1570
-91.76107788085938,-2.69885516166687,34,-101.20620727539062,-2.9766530990600586,34,-81.2804946899414,-2.3906028270721436,34,-128.53216552734375,-2.734726905822754,47,-87.62591552734375,-2.577232837677002,34,-88.90437316894531,-2.6148345470428467,34,1571
-119.16300964355469,-4.413444995880127,27,-92.13542175292969,-3.4124231338500977,27,-75.75270080566406,-2.8056554794311523,27,-84.75086975097656,-2.067094326019287,41,-114.1191177368164,-4.2266340255737305,27,-80.1899185180664,-2.969996929168701,27,1572
-68.28497314453125,-1.750896692276001,39,-120.87765502929688,-3.0994269847869873,39,-109.17900085449219,-2.799461603164673,39,-127.42256164550781,-2.8316125869750977,45,-110.40098571777344,-2.8307945728302,39,-102.70843505859375,-2.633549690246582,39,1573
-63.11833953857422,-1.7532871961593628,36,-76.58078002929688,-2.127243995666504,36,-56.1922607421875,-1.5608961582183838,36,-50.39472579956055,-1.5271129608154297,33,-84.95941925048828,-2.3599839210510254,36,-64.51873779296875,-1.792187213897705,36,1574
-87.67927551269531,-2.3697102069854736,37,-93.34587097167969,-2.5228614807128906,37,-93.76016998291016,-2.5340585708618164,37,-72.5576400756836,-2.2674262523651123,32,-96.04983520507812,-2.5959415435791016,37,-91.38701629638672,-2.469919443130493,37,1575
-43.6824836730957,-1.456082820892334,30,-61.046424865722656,-2.0348808765411377,30,-65.29545593261719,-2.1765151023864746,30,-57.333824157714844,-2.1234750747680664,27,-67.13813781738281,-2.2379379272460938,30,-71.65127563476562,-2.388375759124756,30,1576
-78.38544464111328,-1.741898775100708,45,-96.16911315917969,-2.1370913982391357,45,-72.3817367553711,-1.608483076095581,45,-63.6015625,-1.8171875476837158,35,-114.23164367675781,-2.5384809970855713,45,-91.25175476074219,-2.0278167724609375,45,1577
-37.74895477294922,-1.5099581480026245,25,-51.24839782714844,-2.049935817718506,25,-51.783546447753906,-2.0713417530059814,25,-58.59800720214844,-2.2537693977355957,26,-55.84065246582031,-2.233626127243042,25,-60.634300231933594,-2.4253721237182617,25,1578
-51.504539489746094,-1.8394478559494019,28,-81.23098754882812,-2.901106595993042,28,-79.281982421875,-2.8314993381500244,28,-75.07182312011719,-2.8873777389526367,26,-105.50840759277344,-3.768157482147217,28,-101.33257293701172,-3.619020462036133,28,1579
-47.33078384399414,-1.5776927471160889,30,-84.869384765625,-2.8289794921875,30,-86.73074340820312,-2.8910248279571533,30,-83.88086700439453,-2.541844367980957,33,-84.63976287841797,-2.8213255405426025,30,-89.31901550292969,-2.9773004055023193,30,1580
-77.1633071899414,-2.030613422393799,38,-93.74314880371094,-2.4669249057769775,38,-81.59487915039062,-2.147233724594116,38,-69.59736633300781,-1.697496771812439,41,-87.2266845703125,-2.2954390048980713,38,-88.09974670410156,-2.3184144496917725,38,1581
-97.14054870605469,-2.625420331954956,37,-126.111572265625,-3.4084208011627197,37,-114.31653594970703,-3.0896360874176025,37,-62.780941009521484,-2.511237621307373,25,-126.4079360961914,-3.416430711746216,37,-122.4829330444336,-3.310349464416504,37,1582
-109.73556518554688,-3.42923641204834,32,-119.33580780029297,-3.7292439937591553,32,-103.51362609863281,-3.2348008155822754,32,-100.78558349609375,-2.3996567726135254,42,-120.82301330566406,-3.775719165802002,32,-105.95369720458984,-3.3110530376434326,32,1583
-81.86447143554688,-1.9491541385650635,42,-128.2483367919922,-3.0535318851470947,42,-101.82185363769531,-2.4243297576904297,42,-88.96575164794922,-2.3412039279937744,38,-139.83038330078125,-3.3292949199676514,42,-114.27963256835938,-2.7209436893463135,42,1584
-67.73744201660156,-2.1850788593292236,31,-105.36742401123047,-3.398949146270752,31,-98.69319152832031,-3.1836514472961426,31,-110.40032958984375,-2.983792781829834,37,-115.2305679321289,-3.7171151638031006,31,-108.47345733642578,-3.4991438388824463,31,1585
-104.29768371582031,-2.3177263736724854,45,-128.80844116210938,-2.862409830093384,45,-100.86595153808594,-2.2414655685424805,45,-69.31033325195312,-2.2358171939849854,31,-136.4966278076172,-3.0332584381103516,45,-108.24252319335938,-2.4053893089294434,45,1586
-180.52110290527344,-4.102752208709717,44,-169.90415954589844,-3.8614580631256104,44,-102.2939453125,-2.324862480163574,44,-71.80200958251953,-2.761615753173828,26,-189.0972900390625,-4.297665596008301,44,-112.87939453125,-2.5654408931732178,44,1587
-152.3267059326172,-3.461970567703247,44,-221.72601318359375,-5.039227485656738,44,-240.6126708984375,-5.468469619750977,44,-280.6478271484375,-5.971230506896973,47,-225.53114318847656,-5.125707626342773,44,-238.0908203125,-5.4111552238464355,44,1588
-66.98860168457031,-2.0933938026428223,32,-79.21503448486328,-2.4754698276519775,32,-90.62805938720703,-2.8321268558502197,32,-93.27806854248047,-2.454685926437378,38,-88.56254577636719,-2.7675795555114746,32,-86.73428344726562,-2.710446357727051,32,1589
-67.39900970458984,-1.4041460752487183,48,-151.7188720703125,-3.1608097553253174,48,-143.3154754638672,-2.98573899269104,48,-129.26560974121094,-3.4936652183532715,37,-156.44125366210938,-3.259192705154419,48,-150.7147216796875,-3.13988995552063,48,1590
-135.3905487060547,-2.7630724906921387,49,-189.04214477539062,-3.8580029010772705,49,-149.2203369140625,-3.0453128814697266,49,-111.82088470458984,-2.7955222129821777,40,-193.60446166992188,-3.9511115550994873,49,-147.8524627685547,-3.017397165298462,49,1591
-88.505126953125,-2.3290822505950928,38,-123.4920654296875,-3.249791145324707,38,-121.78378295898438,-3.204836368560791,38,-119.91748046875,-3.2410130500793457,37,-126.42452239990234,-3.326961040496826,38,-118.5854721069336,-3.1206703186035156,38,1592
-23.09847640991211,-0.6599564552307129,35,-58.71652603149414,-1.6776150465011597,35,-55.57513427734375,-1.5878609418869019,35,-21.8897647857666,-0.48643922805786133,45,-58.58149719238281,-1.6737570762634277,35,-56.13810729980469,-1.6039459705352783,35,1593
-90.12480163574219,-3.004160165786743,30,-96.59962463378906,-3.219987392425537,30,-111.92335510253906,-3.730778455734253,30,-95.34510040283203,-2.648474931716919,36,-96.45989990234375,-3.215329885482788,30,-102.13594055175781,-3.404531240463257,30,1594
-55.09136962890625,-1.9675489664077759,28,-64.64968872070312,-2.30891752243042,28,-73.57930755615234,-2.6278324127197266,28,-76.88418579101562,-2.4026308059692383,32,-75.94407653808594,-2.7122883796691895,28,-87.87017822265625,-3.1382205486297607,28,1595
-53.47043228149414,-1.1882318258285522,45,-71.85182189941406,-1.5967071056365967,45,-93.92291259765625,-2.0871758460998535,45,-86.53739166259766,-2.1634347438812256,40,-74.11912536621094,-1.6470916271209717,45,-88.22455596923828,-1.9605456590652466,45,1596
-70.70201110839844,-1.9108651876449585,37,-73.42684173583984,-1.9845092296600342,37,-76.53894805908203,-2.068620204925537,37,-71.78302764892578,-1.5951783657073975,45,-63.09010314941406,-1.7051379680633545,37,-60.59556579589844,-1.6377179622650146,37,1597
-49.6107177734375,-1.9844287633895874,25,-74.97703552246094,-2.9990813732147217,25,-78.77348327636719,-3.1509392261505127,25,-101.1969223022461,-3.489549160003662,29,-84.60601806640625,-3.3842406272888184,25,-87.95591735839844,-3.5182366371154785,25,1598
-109.09974670410156,-2.537203311920166,43,-110.77162170410156,-2.5760841369628906,43,-71.0597915649414,-1.6525533199310303,43,-25.96786880493164,-0.8114959001541138,32,-133.43423461914062,-3.103121757507324,43,-93.84147644042969,-2.1823599338531494,43,1599
-39.06696319580078,-1.7757710218429565,22,-66.82881164550781,-3.037673234939575,22,-72.70355224609375,-3.3047068119049072,22,-63.32612991333008,-2.87846040725708,22,-69.46403503417969,-3.157456159591675,22,-82.75184631347656,-3.7614476680755615,22,1600
-122.02751159667969,-2.77335262298584,44,-127.89995574951172,-2.9068171977996826,44,-105.71527099609375,-2.4026198387145996,44,-28.627500534057617,-1.590416669845581,18,-140.8953399658203,-3.202166795730591,44,-124.95072937011719,-2.839789390563965,44,1601
-119.35655212402344,-2.3871309757232666,50,-120.10122680664062,-2.402024507522583,50,-99.25851440429688,-1.9851702451705933,50,-23.81910514831543,-0.9161194562911987,26,-130.45433044433594,-2.609086513519287,50,-117.42683410644531,-2.348536729812622,50,1602
-24.809139251708984,-0.800294816493988,31,-113.96977233886719,-3.6764442920684814,31,-100.84947967529297,-3.253209114074707,31,-129.59527587890625,-3.160860300064087,41,-116.67167663574219,-3.7636024951934814,31,-100.99556732177734,-3.2579214572906494,31,1603
-93.19737243652344,-2.518847942352295,37,-143.94491577148438,-3.8904030323028564,37,-117.74313354492188,-3.1822469234466553,37,-75.95008087158203,-3.1645867824554443,24,-151.4489288330078,-4.093214511871338,37,-136.2074432373047,-3.6812822818756104,37,1604
-85.66434478759766,-1.862268328666687,46,-97.06094360351562,-2.110020399093628,46,-98.57524108886719,-2.142940044403076,46,-81.53512573242188,-2.1456611156463623,38,-102.64604187011719,-2.231435775756836,46,-100.90235900878906,-2.1935296058654785,46,1605
-66.24659729003906,-2.0074727535247803,33,-112.17083740234375,-3.399116277694702,33,-103.00421142578125,-3.121339797973633,33,-29.170305252075195,-1.7159003019332886,17,-108.16311645507812,-3.27767014503479,33,-103.0248031616211,-3.1219637393951416,33,1606
-67.95333862304688,-2.123541831970215,32,-183.29444885253906,-5.727951526641846,32,-184.43850708007812,-5.763703346252441,32,-251.94229125976562,-5.59871768951416,45,-164.27261352539062,-5.133519172668457,32,-177.50164794921875,-5.546926498413086,32,1607
-88.56842041015625,-1.736635684967041,51,-144.24005126953125,-2.8282363414764404,51,-146.64598083496094,-2.87541127204895,51,-97.81172180175781,-2.6435599327087402,37,-153.2606201171875,-3.005110263824463,51,-163.5960693359375,-3.207766056060791,51,1608
-42.49398422241211,-1.0895893573760986,39,-96.01406860351562,-2.4618992805480957,39,-119.35693359375,-3.060434103012085,39,-68.67597198486328,-2.5435545444488525,27,-103.05384826660156,-2.642406463623047,39,-122.36743927001953,-3.1376266479492188,39,1609
-53.02809143066406,-1.3596946001052856,39,-105.23832702636719,-2.698418617248535,39,-109.71707916259766,-2.813258409500122,39,-63.72393035888672,-2.1973769664764404,29,-107.35621643066406,-2.752723455429077,39,-109.85438537597656,-2.816779136657715,39,1610
-124.94119262695312,-2.658323287963867,47,-136.77220153808594,-2.9100468158721924,47,-129.79689025878906,-2.7616360187530518,47,-75.21422576904297,-2.426265239715576,31,-160.06932067871094,-3.4057302474975586,47,-147.5481414794922,-3.13932204246521,47,1611
-70.85494995117188,-1.8646039962768555,38,-97.07864379882812,-2.554701089859009,38,-95.50453186035156,-2.513277053833008,38,-84.47124481201172,-2.413464069366455,35,-119.61088562011719,-3.1476547718048096,38,-120.45549774169922,-3.169881582260132,38,1612
-58.42780685424805,-1.6229946613311768,36,-104.39193725585938,-2.899775981903076,36,-97.69612121582031,-2.7137811183929443,36,-60.80337142944336,-2.5334737300872803,24,-111.53627014160156,-3.0982296466827393,36,-101.36602783203125,-2.815722942352295,36,1613
-93.37474822998047,-2.45723032951355,38,-121.19654846191406,-3.189382791519165,38,-93.72572326660156,-2.4664664268493652,38,-74.24681854248047,-2.9698727130889893,25,-135.62911987304688,-3.5691874027252197,38,-103.29729461669922,-2.7183499336242676,38,1614
-53.356502532958984,-1.1115938425064087,48,-82.00523376464844,-1.7084423303604126,48,-91.39048767089844,-1.9039684534072876,48,-41.80753707885742,-1.0451884269714355,40,-91.70223999023438,-1.9104633331298828,48,-92.81596374511719,-1.9336658716201782,48,1615
-61.29638671875,-1.3041784763336182,47,-86.63837432861328,-1.843369722366333,47,-104.2592544555664,-2.2182819843292236,47,-73.76226806640625,-1.9411122798919678,38,-114.3346939086914,-2.4326529502868652,47,-112.69378662109375,-2.397740125656128,47,1616
-81.73103332519531,-1.8575234413146973,44,-103.3892593383789,-2.3497560024261475,44,-99.83280181884766,-2.2689273357391357,44,-40.02665710449219,-1.3802295923233032,29,-109.44286346435547,-2.487337827682495,44,-104.88493347167969,-2.3837485313415527,44,1617
-32.52158737182617,-1.6260793209075928,20,-58.288841247558594,-2.9144420623779297,20,-64.87857055664062,-3.2439284324645996,20,-60.04136657714844,-2.4016547203063965,25,-60.58291244506836,-3.0291457176208496,20,-68.28227996826172,-3.414113998413086,20,1618
-85.78123474121094,-2.522977590560913,34,-87.6732406616211,-2.578624725341797,34,-128.90362548828125,-3.791283130645752,34,-146.10812377929688,-4.174517631530762,35,-81.87666320800781,-2.408137083053589,34,-126.0197982788086,-3.7064647674560547,34,1619
-63.916831970214844,-2.130561113357544,30,-138.241455078125,-4.608048439025879,30,-174.15866088867188,-5.805288791656494,30,-260.78985595703125,-6.06488037109375,43,-143.73422241210938,-4.791140556335449,30,-167.59823608398438,-5.586607933044434,30,1620
-32.37902069091797,-1.5418580770492554,21,-54.51396942138672,-2.5959033966064453,21,-65.07099914550781,-3.098618984222412,21,-57.74082565307617,-1.9910629987716675,29,-58.16670608520508,-2.769843101501465,21,-74.12417602539062,-3.5297226905822754,21,1621
-80.1575698852539,-2.2902162075042725,35,-118.34109497070312,-3.381174087524414,35,-87.84117126464844,-2.5097477436065674,35,-71.96673583984375,-2.321507692337036,31,-122.41650390625,-3.4976143836975098,35,-91.64146423339844,-2.6183276176452637,35,1622
-166.4312744140625,-3.6180710792541504,46,-119.4940414428711,-2.597696542739868,46,-95.36270904541016,-2.0731024742126465,46,-77.01283264160156,-1.9746880531311035,39,-121.3891372680664,-2.6388943195343018,46,-100.14974975585938,-2.177168369293213,46,1623
-95.14463806152344,-2.8831708431243896,33,-106.32756042480469,-3.2220473289489746,33,-136.32186889648438,-4.130965709686279,33,-202.28372192382812,-4.303908824920654,47,-99.75559997558594,-3.0228970050811768,33,-144.2568817138672,-4.371420860290527,33,1624
-45.796573638916016,-1.696169376373291,27,-64.27558135986328,-2.3805770874023438,27,-59.33430480957031,-2.1975667476654053,27,-35.472084045410156,-1.6123675107955933,22,-64.04823303222656,-2.372156858444214,27,-59.535396575927734,-2.205014705657959,27,1625
-50.70571517944336,-1.6356682777404785,31,-88.04409790039062,-2.840132236480713,31,-93.62645721435547,-3.0202083587646484,31,-65.69821166992188,-2.5268542766571045,26,-93.92607879638672,-3.0298736095428467,31,-98.86299896240234,-3.189129114151001,31,1626
-108.34581756591797,-2.928265333175659,37,-64.69273376464844,-1.7484523057937622,37,-68.19987487792969,-1.8432399034500122,37,-17.632522583007812,-0.6080180406570435,29,-65.7545166015625,-1.7771490812301636,37,-58.559593200683594,-1.5826916694641113,37,1627
-95.18974304199219,-3.3996336460113525,28,-112.33750915527344,-4.012053966522217,28,-110.12516784667969,-3.93304181098938,28,-148.00376892089844,-3.1490163803100586,47,-117.84072875976562,-4.208597660064697,28,-117.18997955322266,-4.185356616973877,28,1628
-67.85236358642578,-2.3397367000579834,29,-73.76460266113281,-2.543606996536255,29,-60.09514617919922,-2.0722463130950928,29,-60.450927734375,-1.8318462371826172,33,-91.35475158691406,-3.1501638889312744,29,-67.88127136230469,-2.340733528137207,29,1629
-61.501220703125,-2.277822971343994,27,-91.18211364746094,-3.377115249633789,27,-81.64427185058594,-3.023861885070801,27,-100.15025329589844,-2.861435890197754,35,-79.26029968261719,-2.9355666637420654,27,-86.97978210449219,-3.221473455429077,27,1630
-32.31006622314453,-0.8975018262863159,36,-98.11457824707031,-2.725404977798462,36,-114.03244018554688,-3.167567729949951,36,-116.48737335205078,-3.1483073234558105,37,-103.76185607910156,-2.8822736740112305,36,-108.71379089355469,-3.0198276042938232,36,1631
-101.68344116210938,-2.1634774208068848,47,-112.14352416992188,-2.3860323429107666,47,-97.5242919921875,-2.0749850273132324,47,-80.53763580322266,-2.0650675296783447,39,-117.18130493164062,-2.4932191371917725,47,-85.5998764038086,-1.821273922920227,47,1632
-104.86505126953125,-2.1846885681152344,48,-85.0026626586914,-1.7708888053894043,48,-90.57473754882812,-1.8869737386703491,48,-16.452617645263672,-0.6327930092811584,26,-99.76988220214844,-2.0785391330718994,48,-96.84442138671875,-2.017592191696167,48,1633
-67.85777282714844,-1.7857308387756348,38,-78.35157775878906,-2.0618836879730225,38,-60.64007568359375,-1.5957914590835571,38,-63.59296417236328,-1.927059531211853,33,-66.98551940917969,-1.7627768516540527,38,-53.133121490478516,-1.398240089416504,38,1634
-95.77287292480469,-2.9022083282470703,33,-113.02696228027344,-3.4250595569610596,33,-97.39852905273438,-2.9514706134796143,33,-96.54242706298828,-2.475446939468384,39,-118.56045532226562,-3.592741012573242,33,-96.75712585449219,-2.9320340156555176,33,1635
-112.14692687988281,-3.504591464996338,32,-80.97492980957031,-2.5304665565490723,32,-75.45567321777344,-2.35798978805542,32,-71.88536071777344,-1.8917200565338135,38,-86.24137115478516,-2.695042848587036,32,-71.14558410644531,-2.223299503326416,32,1636
-73.2088623046875,-1.9786179065704346,37,-125.17259979248047,-3.3830432891845703,37,-128.6433563232422,-3.4768474102020264,37,-107.5704574584961,-3.361576795578003,32,-121.21327209472656,-3.276034355163574,37,-134.4005126953125,-3.6324462890625,37,1637
-117.33228302001953,-2.607383966445923,45,-185.54403686523438,-4.1232008934021,45,-167.3654022216797,-3.719231128692627,45,-134.84182739257812,-3.3710455894470215,40,-193.31787109375,-4.295952796936035,45,-182.45166015625,-4.054481506347656,45,1638
-100.89271545410156,-2.242060422897339,45,-126.71052551269531,-2.8157894611358643,45,-115.23728942871094,-2.560828685760498,45,-65.88529968261719,-2.196176767349243,30,-132.2635498046875,-2.939189910888672,45,-120.14291381835938,-2.669842481613159,45,1639
-95.60807800292969,-2.812002182006836,34,-116.58946228027344,-3.4291019439697266,34,-93.81179809570312,-2.7591705322265625,34,-103.17183685302734,-3.2241199016571045,32,-123.55575561523438,-3.633992910385132,34,-96.03173828125,-2.824462890625,34,1640
-104.96331787109375,-2.099266290664673,50,-125.11782836914062,-2.50235652923584,50,-141.9205322265625,-2.8384106159210205,50,-70.46725463867188,-2.202101707458496,32,-125.54179382324219,-2.510835886001587,50,-136.24053955078125,-2.724810838699341,50,1641
-122.29222106933594,-2.8440051078796387,43,-120.68956756591797,-2.806734085083008,43,-113.64044952392578,-2.64280104637146,43,-87.43302917480469,-2.7322821617126465,32,-135.78952026367188,-3.157895803451538,43,-120.04579162597656,-2.791762590408325,43,1642
-120.31546020507812,-2.7344422340393066,44,-108.57730102539062,-2.467665910720825,44,-84.60252380371094,-1.922784686088562,44,-25.015989303588867,-0.9265181422233582,27,-128.08273315429688,-2.910971164703369,44,-107.14349365234375,-2.435079336166382,44,1643
-73.7785415649414,-1.7994766235351562,41,-108.66192626953125,-2.6502909660339355,41,-110.24983215332031,-2.6890203952789307,41,-111.47028350830078,-2.2749037742614746,49,-115.44026184082031,-2.8156161308288574,41,-98.6973876953125,-2.4072532653808594,41,1644
-78.77984619140625,-1.7904510498046875,44,-132.0242919921875,-3.000552177429199,44,-140.12057495117188,-3.184558629989624,44,-90.58860778808594,-2.8308939933776855,32,-125.35408782958984,-2.84895658493042,44,-142.862548828125,-3.2468760013580322,44,1645
-78.93913269042969,-1.7940711975097656,44,-168.3839111328125,-3.826907157897949,44,-170.31887817382812,-3.8708837032318115,44,-186.76388549804688,-4.060084342956543,46,-150.5507049560547,-3.42160701751709,44,-165.76162719726562,-3.7673096656799316,44,1646
-60.93775177001953,-2.256953716278076,27,-107.17243194580078,-3.9693493843078613,27,-78.51419830322266,-2.907933235168457,27,-84.0165023803711,-1.7875851392745972,47,-100.96714782714844,-3.7395238876342773,27,-85.64102172851562,-3.1718897819519043,27,1647
-75.62752532958984,-1.7587796449661255,43,-128.95916748046875,-2.9990503787994385,43,-90.48609924316406,-2.104327917098999,43,-83.37274169921875,-2.0843186378479004,40,-129.87100219726562,-3.0202558040618896,43,-101.61207580566406,-2.3630714416503906,43,1648
-58.29438018798828,-1.4947277307510376,39,-81.21145629882812,-2.0823450088500977,39,-78.08881378173828,-2.002277374267578,39,-73.89616394042969,-1.7594324350357056,42,-82.483154296875,-2.114952564239502,39,-87.35757446289062,-2.2399377822875977,39,1649
-45.82689666748047,-1.8330758810043335,25,-65.35638427734375,-2.614255428314209,25,-75.44239807128906,-3.017695903778076,25,-114.23719787597656,-3.087491750717163,37,-65.53260803222656,-2.6213042736053467,25,-75.34758758544922,-3.0139036178588867,25,1650
-58.097389221191406,-2.0033583641052246,29,-71.646484375,-2.4705684185028076,29,-62.07762908935547,-2.1406078338623047,29,-67.40314483642578,-1.8217066526412964,37,-76.26577758789062,-2.629854440689087,29,-67.67214965820312,-2.333522319793701,29,1651
-80.9822998046875,-3.114703893661499,26,-88.76050567626953,-3.413865566253662,26,-82.12569427490234,-3.1586804389953613,26,-78.43193054199219,-2.2409121990203857,35,-76.989501953125,-2.961134672164917,26,-71.87339782714844,-2.7643613815307617,26,1652
-97.84169006347656,-3.0575528144836426,32,-128.08018493652344,-4.002505779266357,32,-108.65474700927734,-3.395460844039917,32,-105.1319580078125,-2.6956913471221924,39,-112.24887084960938,-3.507777214050293,32,-97.33612060546875,-3.0417537689208984,32,1653
-63.82943344116211,-2.3640530109405518,27,-101.13766479492188,-3.7458393573760986,27,-87.26276397705078,-3.231954336166382,27,-93.79017639160156,-3.907923936843872,24,-100.6401138305664,-3.7274115085601807,27,-93.7349624633789,-3.471665382385254,27,1654
-93.44178771972656,-2.3959431648254395,39,-117.61827087402344,-3.0158531665802,39,-108.14613342285156,-2.772977828979492,39,-120.85798645019531,-2.947755813598633,41,-124.41180419921875,-3.1900463104248047,39,-117.00660705566406,-3.000169515609741,39,1655
-93.57077026367188,-2.3992505073547363,39,-98.38612365722656,-2.5227210521698,39,-112.26119232177734,-2.8784921169281006,39,-134.13430786132812,-2.853921413421631,47,-109.28805541992188,-2.802257776260376,39,-107.2159652709961,-2.7491273880004883,39,1656
-96.87261962890625,-2.8491947650909424,34,-73.79723358154297,-2.1705069541931152,34,-67.0706787109375,-1.9726669788360596,34,-51.389686584472656,-1.7129895687103271,30,-80.87492370605469,-2.378674268722534,34,-67.05164337158203,-1.972107172012329,34,1657
-47.48649215698242,-1.3966615200042725,34,-91.36791229248047,-2.6872916221618652,34,-77.60052490234375,-2.2823684215545654,34,-18.02511978149414,-1.001395583152771,18,-95.80915069580078,-2.81791615486145,34,-75.5543212890625,-2.2221858501434326,34,1658
-134.02647399902344,-3.4365763664245605,39,-117.36592102050781,-3.009382486343384,39,-86.32577514648438,-2.2134814262390137,39,-94.13516998291016,-2.353379249572754,40,-111.2857666015625,-2.8534812927246094,39,-103.40220642089844,-2.651338577270508,39,1659
-130.27490234375,-1.6284363269805908,80,-208.7757568359375,-2.609696865081787,80,-216.48239135742188,-2.7060298919677734,80,-35.64756393432617,-1.9804202318191528,18,-230.30902099609375,-2.8788628578186035,80,-214.58212280273438,-2.682276487350464,80,1660
-61.446022033691406,-1.536150574684143,40,-83.41778564453125,-2.085444688796997,40,-86.03565216064453,-2.1508913040161133,40,-43.251617431640625,-1.4914350509643555,29,-123.57711791992188,-3.089427947998047,40,-119.55599212646484,-2.9888997077941895,40,1661
-57.802764892578125,-1.6515076160430908,35,-72.3226089477539,-2.0663602352142334,35,-75.21304321289062,-2.148944139480591,35,-73.23057556152344,-1.78611159324646,41,-84.09484100341797,-2.402709722518921,35,-90.04154205322266,-2.572615385055542,35,1662
-90.23246765136719,-2.9107248783111572,31,-100.1882095336914,-3.2318778038024902,31,-107.32466125488281,-3.4620859622955322,31,-80.15150451660156,-2.862553834915161,28,-95.71846008300781,-3.0876922607421875,31,-101.04112243652344,-3.2593910694122314,31,1663
-118.789306640625,-3.8319132328033447,31,-67.65741729736328,-2.182497262954712,31,-69.96981811523438,-2.2570908069610596,31,-68.01982116699219,-2.267327308654785,30,-98.59134674072266,-3.180366039276123,31,-84.23760986328125,-2.7173421382904053,31,1664
-100.7076416015625,-3.5967013835906982,28,-84.26792907714844,-3.009568929672241,28,-82.5694580078125,-2.948909282684326,28,-68.3829345703125,-1.6281651258468628,42,-88.56834411621094,-3.1631550788879395,28,-86.58167266845703,-3.092202663421631,28,1665
-61.9982795715332,-1.7713794708251953,35,-70.78579711914062,-2.022451400756836,35,-61.072723388671875,-1.7449349164962769,35,-45.88494873046875,-1.6387481689453125,28,-81.27537536621094,-2.3221535682678223,35,-80.58999633789062,-2.3025712966918945,35,1666
-85.48796081542969,-2.310485363006592,37,-75.90428924560547,-2.051467180252075,37,-86.56141662597656,-2.3394978046417236,37,-85.54386901855469,-2.592238426208496,33,-98.73191833496094,-2.6684303283691406,37,-98.21849060058594,-2.6545538902282715,37,1667
-90.92015075683594,-2.7551560401916504,33,-86.20991516113281,-2.612421751022339,33,-97.22213745117188,-2.9461252689361572,33,-49.9889030456543,-2.4994451999664307,20,-90.09812927246094,-2.7302463054656982,33,-100.29603576660156,-3.039273738861084,33,1668
-46.057125091552734,-1.5352375507354736,30,-49.36294937133789,-1.645431637763977,30,-55.29795837402344,-1.8432652950286865,30,-51.843414306640625,-1.6201066970825195,32,-77.43180084228516,-2.5810599327087402,30,-80.78350067138672,-2.6927833557128906,30,1669
-64.34576416015625,-1.6086441278457642,40,-92.02250671386719,-2.300562620162964,40,-75.66378784179688,-1.891594648361206,40,-21.779827117919922,-0.8066602349281311,27,-111.87507629394531,-2.796876907348633,40,-89.41165161132812,-2.2352912425994873,40,1670
-68.574462890625,-1.6725478172302246,41,-137.1920928955078,-3.3461484909057617,41,-121.90584564208984,-2.973313331604004,41,-155.1864013671875,-2.2821528911590576,68,-152.54202270507812,-3.7205371856689453,41,-127.95101165771484,-3.1207563877105713,41,1671
-77.69825744628906,-1.9922629594802856,39,-140.88917541503906,-3.6125428676605225,39,-127.65790557861328,-3.2732796669006348,39,-136.2874755859375,-3.324084758758545,41,-142.8595733642578,-3.6630659103393555,39,-124.83006286621094,-3.200770854949951,39,1672
-83.69988250732422,-2.3249967098236084,36,-83.64628601074219,-2.3235080242156982,36,-85.33740234375,-2.3704833984375,36,-103.88289642333984,-2.9680826663970947,35,-91.39700317382812,-2.5388057231903076,36,-92.832763671875,-2.578687906265259,36,1673
-38.7672004699707,-1.5506880283355713,25,-69.11416625976562,-2.764566659927368,25,-71.08497619628906,-2.8433990478515625,25,-80.72745513916016,-2.522732973098755,32,-73.42799377441406,-2.937119722366333,25,-86.71421813964844,-3.468568801879883,25,1674
-110.28184509277344,-2.2975385189056396,48,-215.30859375,-4.485595703125,48,-249.9425811767578,-5.207137107849121,48,-286.3021240234375,-6.223959445953369,46,-196.67962646484375,-4.097492218017578,48,-227.53408813476562,-4.740293502807617,48,1675
-80.8839111328125,-1.720934271812439,47,-127.6277084350586,-2.7154831886291504,47,-140.04006958007812,-2.9795758724212646,47,-50.47148895263672,-2.1029787063598633,24,-140.11891174316406,-2.9812533855438232,47,-146.7838592529297,-3.123060941696167,47,1676
-80.29740142822266,-1.911842942237854,42,-85.56575012207031,-2.0372798442840576,42,-97.50550842285156,-2.3215596675872803,42,-64.22821044921875,-2.214765787124634,29,-81.12391662597656,-1.9315217733383179,42,-89.28397369384766,-2.1258089542388916,42,1677
-83.61343383789062,-2.2598226070404053,37,-113.05803680419922,-3.0556225776672363,37,-110.67912292480469,-2.9913277626037598,37,-82.1557846069336,-2.8329579830169678,29,-115.72056579589844,-3.1275827884674072,37,-103.08467864990234,-2.7860724925994873,37,1678
-116.66876220703125,-3.431434154510498,34,-103.61801147460938,-3.047588586807251,34,-72.08589172363281,-2.120173215866089,34,-70.9254150390625,-2.026440382003784,35,-115.29412841796875,-3.3910038471221924,34,-84.1344223022461,-2.4745419025421143,34,1679
-62.70149230957031,-2.8500678539276123,22,-56.564361572265625,-2.5711073875427246,22,-59.44733810424805,-2.7021517753601074,22,-75.10403442382812,-2.42271089553833,31,-63.55854797363281,-2.8890249729156494,22,-54.08226013183594,-2.458284616470337,22,1680
-59.56992721557617,-2.127497434616089,28,-69.54672241210938,-2.483811616897583,28,-59.585487365722656,-2.1280531883239746,28,-47.91038513183594,-1.497199535369873,32,-65.16410827636719,-2.327289581298828,28,-48.55217742919922,-1.7340062856674194,28,1681
-43.02460861206055,-2.390255928039551,18,-63.87261199951172,-3.548478364944458,18,-62.09817123413086,-3.4498984813690186,18,-75.02009582519531,-1.875502347946167,40,-51.636966705322266,-2.868720293045044,18,-57.99227523803711,-3.2217931747436523,18,1682
-56.87562561035156,-1.8958542346954346,30,-116.47563934326172,-3.882521390914917,30,-188.80166625976562,-6.293388843536377,30,-288.3441162109375,-6.134981155395508,47,-116.03410339355469,-3.8678033351898193,30,-194.45993041992188,-6.481997489929199,30,1683
-46.307029724121094,-1.3619714975357056,34,-94.96884155273438,-2.793201208114624,34,-113.37741088867188,-3.334629774093628,34,-98.03982543945312,-3.2679941654205322,30,-96.40676879882812,-2.8354930877685547,34,-114.83987426757812,-3.377643346786499,34,1684
-113.05775451660156,-2.898916721343994,39,-119.74075317382812,-3.0702757835388184,39,-111.21559143066406,-2.85168194770813,39,-107.34536743164062,-2.3854525089263916,45,-120.437255859375,-3.088134765625,39,-118.71322631835938,-3.043928861618042,39,1685
-54.56338882446289,-2.0208661556243896,27,-80.10038757324219,-2.9666810035705566,27,-74.90597534179688,-2.7742953300476074,27,-65.2237548828125,-1.7628041505813599,37,-66.0859375,-2.447627305984497,27,-57.71497344970703,-2.137591600418091,27,1686
-84.54010009765625,-1.7612520456314087,48,-268.4704284667969,-5.593133926391602,48,-310.03558349609375,-6.4590744972229,48,-302.0011901855469,-6.4255571365356445,47,-250.05923461914062,-5.209567546844482,48,-304.318359375,-6.3399658203125,48,1687
-78.46156311035156,-2.5310182571411133,31,-106.50383758544922,-3.435607671737671,31,-87.01368713378906,-2.8068931102752686,31,-89.37911987304688,-2.5536892414093018,35,-127.71722412109375,-4.11991024017334,31,-91.07540893554688,-2.9379165172576904,31,1688
-91.79315185546875,-2.1347243785858154,43,-104.36167907714844,-2.427015781402588,43,-108.06690979003906,-2.513183832168579,43,-68.83357238769531,-2.1510491371154785,32,-113.30284881591797,-2.6349499225616455,43,-105.90768432617188,-2.4629693031311035,43,1689
-48.79947280883789,-1.6266491413116455,30,-64.57051849365234,-2.152350664138794,30,-86.95391845703125,-2.8984639644622803,30,-76.6840591430664,-2.8401503562927246,27,-71.6110610961914,-2.387035369873047,30,-90.50450897216797,-3.0168168544769287,30,1690
-56.49525833129883,-2.259810447692871,25,-77.73518371582031,-3.109407424926758,25,-76.62599182128906,-3.06503963470459,25,-105.76140594482422,-2.1152281761169434,50,-79.69924926757812,-3.187969923019409,25,-76.99949645996094,-3.07997989654541,25,1691
-74.67215728759766,-1.7365617752075195,43,-127.83512878417969,-2.972909927368164,43,-124.49629211425781,-2.8952627182006836,43,-80.86029052734375,-2.608396530151367,31,-134.90679931640625,-3.1373674869537354,43,-125.3837890625,-2.9159021377563477,43,1692
-61.72013854980469,-1.763432502746582,35,-69.85689544677734,-1.9959112405776978,35,-75.60748291015625,-2.1602137088775635,35,-97.05799865722656,-2.3672683238983154,41,-75.91799926757812,-2.169085741043091,35,-75.83355712890625,-2.166672945022583,35,1693
-89.31554412841797,-2.8811466693878174,31,-106.78096771240234,-3.444547414779663,31,-99.41934204101562,-3.207075595855713,31,-104.05746459960938,-4.0022101402282715,26,-129.09228515625,-4.164267063140869,31,-123.31495666503906,-3.9779019355773926,31,1694
-59.24895477294922,-1.795422911643982,33,-81.15814208984375,-2.4593377113342285,33,-81.62130737304688,-2.4733729362487793,33,-70.16956329345703,-2.2635343074798584,31,-75.69416809082031,-2.293762683868408,33,-77.2018051147461,-2.3394486904144287,33,1695
-57.39540100097656,-1.688099980354309,34,-81.56781005859375,-2.3990533351898193,34,-71.80218505859375,-2.1118290424346924,34,-62.79753112792969,-1.794215202331543,35,-66.96086883544922,-1.9694373607635498,34,-70.04148864746094,-2.0600438117980957,34,1696
-75.89659118652344,-2.232252597808838,34,-101.08802795410156,-2.973177194595337,34,-95.40658569335938,-2.8060760498046875,34,-86.04304504394531,-1.870500922203064,46,-99.04051208496094,-2.9129562377929688,34,-105.31402587890625,-3.097471237182617,34,1697
-81.4673080444336,-2.7155768871307373,30,-90.85894775390625,-3.0286316871643066,30,-90.03196716308594,-3.001065492630005,30,-87.18605041503906,-2.1796512603759766,40,-98.52906036376953,-3.284301996231079,30,-102.30560302734375,-3.410186767578125,30,1698
-40.556640625,-1.2289891242980957,33,-83.90177917480469,-2.542478084564209,33,-61.933677673339844,-1.8767781257629395,33,-32.778900146484375,-1.3657875061035156,24,-86.70631408691406,-2.6274640560150146,33,-85.86125183105469,-2.601856231689453,33,1699
-41.90180969238281,-1.0744054317474365,39,-105.66173553466797,-2.709275245666504,39,-104.06137084960938,-2.6682403087615967,39,-57.22161102294922,-2.3842337131500244,24,-99.45364379882812,-2.550093412399292,39,-102.18449401855469,-2.620115280151367,39,1700
-94.69673156738281,-2.1043717861175537,45,-136.51766967773438,-3.0337259769439697,45,-122.5643310546875,-2.723651885986328,45,-99.74594116210938,-2.7707204818725586,36,-128.56932067871094,-2.857095956802368,45,-119.30253601074219,-2.651167392730713,45,1701
-57.4373779296875,-1.3357529640197754,43,-125.18159484863281,-2.9111998081207275,43,-109.35228729248047,-2.543076515197754,43,-76.14622497558594,-2.538207530975342,30,-122.23882293701172,-2.8427634239196777,43,-114.34617614746094,-2.6592133045196533,43,1702
-66.11327362060547,-1.7868452072143555,37,-93.90274810791016,-2.537912130355835,37,-67.36779022216797,-1.8207510709762573,37,-64.41986083984375,-1.7410773038864136,37,-101.55455780029297,-2.744717836380005,37,-72.24885559082031,-1.952671766281128,37,1703
-74.39886474609375,-1.9076632261276245,39,-100.4277114868164,-2.5750694274902344,39,-107.4345474243164,-2.7547318935394287,39,-97.89788818359375,-2.9666025638580322,33,-105.94782257080078,-2.716610908508301,39,-115.53532409667969,-2.962444305419922,39,1704
-62.9662971496582,-2.0311708450317383,31,-89.61204528808594,-2.8907110691070557,31,-77.05268096923828,-2.4855704307556152,31,-132.843994140625,-2.8879129886627197,46,-90.24462890625,-2.9111170768737793,31,-87.58135986328125,-2.825205087661743,31,1705
-71.35250854492188,-1.9284461736679077,37,-71.5595703125,-1.9340424537658691,37,-62.33212661743164,-1.6846520900726318,37,-58.82915496826172,-1.7302693128585815,34,-83.97169494628906,-2.269505262374878,37,-83.58485412597656,-2.259050130844116,37,1706
-85.79508972167969,-3.2998111248016357,26,-102.10700988769531,-3.9271926879882812,26,-93.96842956542969,-3.6141703128814697,26,-90.80011749267578,-2.16190767288208,42,-108.16283416748047,-4.160109043121338,26,-107.0881576538086,-4.118775367736816,26,1707
-69.60610961914062,-1.7401527166366577,40,-70.60918426513672,-1.76522958278656,40,-69.44047546386719,-1.7360118627548218,40,-71.68449401855469,-1.9912359714508057,36,-75.73127746582031,-1.8932819366455078,40,-72.83830261230469,-1.8209575414657593,40,1708
-103.62742614746094,-3.838052749633789,27,-136.85494995117188,-5.06870174407959,27,-141.92788696289062,-5.256588459014893,27,-126.79547882080078,-2.6415724754333496,48,-144.30270385742188,-5.344544410705566,27,-142.7845458984375,-5.28831672668457,27,1709
-104.7691650390625,-2.1826908588409424,48,-145.4163055419922,-3.0295064449310303,48,-113.04987335205078,-2.355205774307251,48,-101.37490844726562,-2.4725587368011475,41,-134.30770874023438,-2.798077344894409,48,-114.4404296875,-2.3841755390167236,48,1710
-59.104095458984375,-1.2313352823257446,48,-58.855857849121094,-1.2261637449264526,48,-44.91570281982422,-0.9357438087463379,48,-57.95476531982422,-1.2330801486968994,47,-67.95181274414062,-1.4156627655029297,48,-61.111053466796875,-1.2731469869613647,48,1711
-91.70669555664062,-3.162299871444702,29,-81.32585144042969,-2.804339647293091,29,-63.29542922973633,-2.182600975036621,29,-67.72695922851562,-2.2575652599334717,30,-86.81776428222656,-2.99371600151062,29,-78.52507019042969,-2.70776104927063,29,1712
-42.826683044433594,-0.9310148358345032,46,-74.04742431640625,-1.6097266674041748,46,-78.90373992919922,-1.7152986526489258,46,-66.71321105957031,-1.482515811920166,45,-89.2824935913086,-1.940923810005188,46,-90.18492889404297,-1.9605419635772705,46,1713
-57.14727020263672,-2.116565465927124,27,-75.53498840332031,-2.7975921630859375,27,-75.71664428710938,-2.8043200969696045,27,-39.52424621582031,-1.8821070194244385,21,-87.02195739746094,-3.2230355739593506,27,-82.4672622680664,-3.0543429851531982,27,1714
-68.51692199707031,-1.8030768632888794,38,-72.11491394042969,-1.8977608680725098,38,-82.33456420898438,-2.166699171066284,38,-58.77696990966797,-1.8960312604904175,31,-82.20773315429688,-2.1633613109588623,38,-85.17864227294922,-2.2415432929992676,38,1715
-72.07212829589844,-2.1197683811187744,34,-84.64134216308594,-2.4894511699676514,34,-68.23587799072266,-2.0069375038146973,34,-85.10053253173828,-2.182065010070801,39,-94.6529541015625,-2.7839105129241943,34,-97.07235717773438,-2.855069398880005,34,1716
-76.33793640136719,-1.8175699710845947,42,-101.16554260253906,-2.408703327178955,42,-89.50526428222656,-2.131077766418457,42,-103.04878234863281,-2.3964834213256836,43,-123.00650024414062,-2.9287261962890625,42,-101.22953796386719,-2.410227060317993,42,1717
-95.54896545410156,-3.1849656105041504,30,-91.490966796875,-3.049698829650879,30,-91.7074966430664,-3.0569164752960205,30,-102.55411529541016,-2.278980255126953,45,-102.59723663330078,-3.419907808303833,30,-99.78976440429688,-3.3263254165649414,30,1718
-131.74209594726562,-2.8639585971832275,46,-107.03137969970703,-2.3267691135406494,46,-98.91337585449219,-2.1502907276153564,46,-39.154510498046875,-1.4501670598983765,27,-132.18801879882812,-2.873652696609497,46,-118.562744140625,-2.57745099067688,46,1719
-53.21385955810547,-1.834960699081421,29,-85.88862609863281,-2.961676836013794,29,-88.8270034790039,-3.063000202178955,29,-107.51580810546875,-3.468251943588257,31,-87.55003356933594,-3.0189666748046875,29,-91.0817642211914,-3.1407504081726074,29,1720
-59.98577117919922,-2.2216951847076416,27,-77.43319702148438,-2.86789608001709,27,-74.79306030273438,-2.770113229751587,27,-87.94374084472656,-2.664961814880371,33,-93.75863647460938,-3.4725420475006104,27,-89.7031021118164,-3.3223371505737305,27,1721
-16.198671340942383,-0.4153505563735962,39,-90.44102478027344,-2.319000720977783,39,-86.91829681396484,-2.2286741733551025,39,-95.14250183105469,-1.8655391931533813,51,-91.86849212646484,-2.355602264404297,39,-88.98336791992188,-2.2816247940063477,39,1722
-76.53218078613281,-2.1258938312530518,36,-128.24818420410156,-3.5624494552612305,36,-116.94880676269531,-3.2485780715942383,36,-113.7281494140625,-3.249375581741333,35,-136.01446533203125,-3.77817964553833,36,-116.46531677246094,-3.235147714614868,36,1723
-95.63587951660156,-2.898056983947754,33,-110.01932525634766,-3.333919048309326,33,-91.98389434814453,-2.78739070892334,33,-82.30484008789062,-2.0576210021972656,40,-106.78466796875,-3.235898971557617,33,-95.03366088867188,-2.879807949066162,33,1724
-55.13813781738281,-1.9013150930404663,29,-60.00165557861328,-2.0690226554870605,29,-60.653282165527344,-2.0914924144744873,29,-83.64378356933594,-2.0400922298431396,41,-58.644657135009766,-2.0222296714782715,29,-56.72136688232422,-1.955909252166748,29,1725
-48.3919677734375,-1.423293113708496,34,-86.02317810058594,-2.5300934314727783,34,-76.02046203613281,-2.235895872116089,34,-88.20423889160156,-2.205106019973755,40,-94.31036376953125,-2.773834228515625,34,-88.73113250732422,-2.609739303588867,34,1726
-62.212738037109375,-1.4139258861541748,44,-119.17776489257812,-2.708585500717163,44,-123.37421417236328,-2.803959369659424,44,-101.94644165039062,-2.9127554893493652,35,-128.31178283691406,-2.9161767959594727,44,-130.8441162109375,-2.9737298488616943,44,1727
-76.95416259765625,-1.710092544555664,45,-252.62286376953125,-5.613841533660889,45,-300.7686767578125,-6.683748245239258,45,-315.47845458984375,-7.010632514953613,45,-257.6883850097656,-5.7264084815979,45,-301.4117431640625,-6.698038578033447,45,1728
-32.380470275878906,-1.4078465700149536,23,-44.220909118652344,-1.9226481914520264,23,-51.81608581542969,-2.252873182296753,23,-62.23001480102539,-1.5557503700256348,40,-47.014190673828125,-2.044095277786255,23,-61.00932312011719,-2.6525793075561523,23,1729
-88.70071411132812,-2.771897315979004,32,-111.84111022949219,-3.495034694671631,32,-105.91468811035156,-3.3098340034484863,32,-113.72130584716797,-3.0735487937927246,37,-99.01687622070312,-3.0942773818969727,32,-109.4800796508789,-3.421252489089966,32,1730
-81.13079833984375,-2.535337448120117,32,-90.8103256225586,-2.837822675704956,32,-82.16690826416016,-2.567715883255005,32,-64.1884536743164,-2.790802240371704,23,-106.41671752929688,-3.3255224227905273,32,-103.79832458496094,-3.2436976432800293,32,1731
-53.311126708984375,-2.3178751468658447,23,-89.26144409179688,-3.880932331085205,23,-83.8055419921875,-3.64371919631958,23,-93.79658508300781,-2.344914674758911,40,-76.74043273925781,-3.336540460586548,23,-81.15250396728516,-3.528369665145874,23,1732
-55.687713623046875,-1.4278900623321533,39,-69.61903381347656,-1.785103440284729,39,-44.762428283691406,-1.1477545499801636,39,-31.62874984741211,-0.7188352346420288,44,-80.87516021728516,-2.0737221240997314,39,-51.97931671142578,-1.3328030109405518,39,1733
-76.20864868164062,-2.458343505859375,31,-80.21810150146484,-2.5876805782318115,31,-74.53508758544922,-2.404357671737671,31,-70.18519592285156,-2.599451780319214,27,-78.86055755615234,-2.543889045715332,31,-87.5680923461914,-2.824777126312256,31,1734
-38.15214157104492,-1.1922544240951538,32,-97.76738739013672,-3.0552308559417725,32,-94.29667663574219,-2.9467711448669434,32,-67.13206481933594,-2.5820024013519287,26,-97.67919921875,-3.0524749755859375,32,-91.30032348632812,-2.853135108947754,32,1735
-17.38432502746582,-0.5432601571083069,32,-63.10272979736328,-1.9719603061676025,32,-71.33163452148438,-2.2291135787963867,32,-62.09674072265625,-1.9405231475830078,32,-68.58414459228516,-2.143254518508911,32,-65.48040771484375,-2.046262741088867,32,1736
-113.4791030883789,-2.4669370651245117,46,-126.33027648925781,-2.7463104724884033,46,-127.41181182861328,-2.769821882247925,46,-111.68341064453125,-2.7239856719970703,41,-124.65959930419922,-2.709991216659546,46,-143.67800903320312,-3.1234350204467773,46,1737
-119.51966857910156,-2.6559927463531494,45,-105.25765228271484,-2.3390588760375977,45,-92.18864440917969,-2.0486364364624023,45,-89.85549926757812,-1.9967888593673706,45,-109.6397476196289,-2.436438798904419,45,-99.05751037597656,-2.2012779712677,45,1738
-93.46463012695312,-2.1241960525512695,44,-135.30081176757812,-3.0750184059143066,44,-129.6465301513672,-2.94651198387146,44,-65.82357788085938,-2.2697784900665283,29,-138.686767578125,-3.1519720554351807,44,-133.73898315429688,-3.039522409439087,44,1739
-71.82958221435547,-1.381338119506836,52,-108.48912811279297,-2.086329460144043,52,-95.95915222167969,-1.8453682661056519,52,-29.927562713623047,-0.8313211798667908,36,-118.98285675048828,-2.2881319522857666,52,-105.06304931640625,-2.0204432010650635,52,1740
-36.899658203125,-0.9710436463356018,38,-68.63346099853516,-1.8061437606811523,38,-72.78199768066406,-1.9153157472610474,38,-70.79122161865234,-1.474817156791687,48,-60.79185104370117,-1.599785566329956,38,-93.85214233398438,-2.4697933197021484,38,1741
-25.902637481689453,-0.7000712752342224,37,-77.314453125,-2.0895798206329346,37,-75.27156066894531,-2.0343666076660156,37,-73.09766387939453,-1.9756125211715698,37,-89.24712371826172,-2.4120843410491943,37,-71.87967681884766,-1.9426939487457275,37,1742
-72.86715698242188,-2.350553512573242,31,-91.25044250488281,-2.9435627460479736,31,-108.43173217773438,-3.497797727584839,31,-63.38301467895508,-3.5212786197662354,18,-102.7220458984375,-3.3136143684387207,31,-103.95210266113281,-3.3532936573028564,31,1743
-73.9615478515625,-1.8490387201309204,40,-101.60292053222656,-2.5400729179382324,40,-74.1471939086914,-1.853679895401001,40,-67.39656829833984,-1.9256162643432617,35,-74.30096435546875,-1.8575241565704346,40,-72.97383117675781,-1.8243458271026611,40,1744
-44.67039489746094,-1.015236258506775,44,-132.644775390625,-3.0146539211273193,44,-133.19117736816406,-3.0270721912384033,44,-85.89498138427734,-2.863166093826294,30,-132.137451171875,-3.0031239986419678,44,-135.56004333496094,-3.0809099674224854,44,1745
-68.24143981933594,-2.2013368606567383,31,-85.89698791503906,-2.7708706855773926,31,-79.35122680664062,-2.5597169399261475,31,-50.39537048339844,-2.015814781188965,25,-69.67131042480469,-2.2474615573883057,31,-73.78340148925781,-2.3801097869873047,31,1746
-135.80804443359375,-2.771592855453491,49,-116.11202239990234,-2.369633197784424,49,-120.69889831542969,-2.463242769241333,49,-50.60694122314453,-1.7450668811798096,29,-126.370361328125,-2.578986883163452,49,-101.1989974975586,-2.0652856826782227,49,1747
-104.68211364746094,-1.975134253501892,53,-113.77706909179688,-2.1467370986938477,53,-116.80657958984375,-2.203897714614868,53,-37.31227493286133,-1.9638038873672485,19,-133.25656127929688,-2.514274835586548,53,-131.72854614257812,-2.4854443073272705,53,1748
-75.48391723632812,-2.9032275676727295,26,-90.3604736328125,-3.47540283203125,26,-75.45629119873047,-2.902164936065674,26,-69.52763366699219,-2.106898069381714,33,-97.89946746826172,-3.765364170074463,26,-87.4990463256836,-3.3653478622436523,26,1749
-94.90158081054688,-2.372539520263672,40,-94.12419128417969,-2.353104829788208,40,-101.19100952148438,-2.5297751426696777,40,-89.4354248046875,-2.4171736240386963,37,-104.57539367675781,-2.614384889602661,40,-101.29070281982422,-2.5322675704956055,40,1750
-65.974853515625,-1.43423593044281,46,-110.34481811523438,-2.3988003730773926,46,-135.96116638183594,-2.9556775093078613,46,-77.88897705078125,-2.7817492485046387,28,-130.04049682617188,-2.826967239379883,46,-142.64556884765625,-3.1009905338287354,46,1751
-17.673492431640625,-0.49093034863471985,36,-114.78474426269531,-3.188465118408203,36,-105.12303161621094,-2.920084238052368,36,-133.13865661621094,-3.025878667831421,44,-106.38043212890625,-2.955012083053589,36,-116.04552459716797,-3.22348690032959,36,1752
-72.14149475097656,-1.7595486640930176,41,-107.17898559570312,-2.614121675491333,41,-101.17904663085938,-2.4677815437316895,41,-73.03311157226562,-2.608325481414795,28,-121.15867614746094,-2.955089569091797,41,-106.92692565917969,-2.60797381401062,41,1753
-87.79029846191406,-3.5116119384765625,25,-117.28861999511719,-4.691545009613037,25,-105.07064819335938,-4.202826023101807,25,-120.73446655273438,-2.8746302127838135,42,-109.42796325683594,-4.3771185874938965,25,-109.90253448486328,-4.396101474761963,25,1754
-109.2947998046875,-2.665726900100708,41,-96.20296478271484,-2.3464138507843018,41,-76.04966735839844,-1.8548699617385864,41,-52.24700164794922,-1.5366765260696411,34,-87.88723754882812,-2.1435911655426025,41,-79.94087219238281,-1.949777364730835,41,1755
-128.8790283203125,-2.261035680770874,57,-116.50423431396484,-2.043933868408203,57,-80.26266479492188,-1.4081169366836548,57,-48.791107177734375,-0.7506324052810669,65,-159.1151123046875,-2.7914931774139404,57,-140.90982055664062,-2.472102165222168,57,1756
-64.90161895751953,-1.5829663276672363,41,-62.27657699584961,-1.5189409255981445,41,-51.74135208129883,-1.2619842290878296,41,-48.952171325683594,-1.1655279397964478,42,-86.09602355957031,-2.099903106689453,41,-82.78106689453125,-2.019050359725952,41,1757
-80.93839263916016,-1.8395088911056519,44,-99.44390869140625,-2.2600889205932617,44,-84.32270812988281,-1.9164252281188965,44,-79.29151916503906,-1.6870535612106323,47,-115.28472900390625,-2.620107412338257,44,-106.83750915527344,-2.4281251430511475,44,1758
-100.31587982177734,-2.006317615509033,50,-115.63639831542969,-2.312727928161621,50,-86.95806884765625,-1.7391613721847534,50,-41.323753356933594,-1.5893751382827759,26,-118.12962341308594,-2.3625924587249756,50,-118.56808471679688,-2.37136173248291,50,1759
-101.0115966796875,-2.4636974334716797,41,-87.59394836425781,-2.1364376544952393,41,-64.24638366699219,-1.566985011100769,41,-56.66387176513672,-1.452919840812683,39,-93.51568603515625,-2.2808704376220703,41,-86.369140625,-2.106564521789551,41,1760
-82.08903503417969,-2.8306562900543213,29,-94.11923217773438,-3.245490789413452,29,-93.7914810180664,-3.234189033508301,29,-85.33558654785156,-2.6667370796203613,32,-105.27460479736328,-3.6301589012145996,29,-98.31544494628906,-3.3901877403259277,29,1761
-50.010990142822266,-1.786106824874878,28,-89.33621215820312,-3.1905789375305176,28,-85.53298950195312,-3.0547497272491455,28,-69.76704406738281,-3.0333497524261475,23,-102.15605926513672,-3.648430585861206,28,-91.40678405761719,-3.2645280361175537,28,1762
-83.36619567871094,-1.8123085498809814,46,-100.57999420166016,-2.186521530151367,46,-113.31581115722656,-2.4633872509002686,46,-69.94407653808594,-2.256260633468628,31,-96.85179138183594,-2.105473756790161,46,-107.07482147216797,-2.3277134895324707,46,1763
-38.65163803100586,-1.48660147190094,26,-95.27515411376953,-3.664428949356079,26,-83.5716552734375,-3.21429443359375,26,-94.29183959960938,-2.4177393913269043,39,-79.88529968261719,-3.0725114345550537,26,-94.98614501953125,-3.653313159942627,26,1764
-19.605056762695312,-0.41712886095046997,47,-43.3135986328125,-0.9215659499168396,47,-46.872215270996094,-0.9972811937332153,47,-41.752593994140625,-0.8883530497550964,47,-61.48745346069336,-1.3082436323165894,47,-71.05996704101562,-1.5119141340255737,47,1765
-105.32701110839844,-3.3976454734802246,31,-99.70257568359375,-3.216212034225464,31,-97.62947082519531,-3.1493377685546875,31,-107.3509521484375,-2.5559749603271484,42,-100.03246307373047,-3.226853609085083,31,-97.8971176147461,-3.1579716205596924,31,1766
-49.6959228515625,-1.6030943393707275,31,-55.456748962402344,-1.788927435874939,31,-47.68463897705078,-1.5382142066955566,31,-54.60750961303711,-1.3001787662506104,42,-64.18301391601562,-2.0704197883605957,31,-61.00200271606445,-1.9678065776824951,31,1767
-59.053810119628906,-1.514200210571289,39,-67.89990234375,-1.7410231828689575,39,-61.30140686035156,-1.5718309879302979,39,-51.77006149291992,-1.47914457321167,35,-82.04745483398438,-2.10378098487854,39,-73.57008361816406,-1.8864123821258545,39,1768
-77.74962615966797,-2.429675817489624,32,-89.7449951171875,-2.8045310974121094,32,-85.9743881225586,-2.686699628829956,32,-74.86895751953125,-2.673891305923462,28,-105.88641357421875,-3.308950424194336,32,-109.39320373535156,-3.4185376167297363,32,1769
-111.72357177734375,-2.4287734031677246,46,-117.05308532714844,-2.5446321964263916,46,-113.55917358398438,-2.4686777591705322,46,-54.71677780151367,-2.1044914722442627,26,-134.70828247070312,-2.928440809249878,46,-123.05569458007812,-2.675123691558838,46,1770
-52.01677703857422,-1.7936819791793823,29,-82.7611083984375,-2.8538312911987305,29,-79.04895782470703,-2.7258260250091553,29,-66.13188171386719,-2.5435338020324707,26,-82.41734313964844,-2.84197735786438,29,-92.30491638183594,-3.1829280853271484,29,1771
-49.90038299560547,-1.4257252216339111,35,-77.63871765136719,-2.2182490825653076,35,-74.8183822631836,-2.1376681327819824,35,-72.01150512695312,-2.250359535217285,32,-86.64265441894531,-2.4755043983459473,35,-99.58575439453125,-2.8453073501586914,35,1772
-48.41655731201172,-1.6138852834701538,30,-100.4525146484375,-3.348417043685913,30,-105.95806884765625,-3.531935691833496,30,-107.2283706665039,-2.233924388885498,48,-107.7151870727539,-3.5905063152313232,30,-111.93443298339844,-3.7311477661132812,30,1773
-64.6785888671875,-1.9023114442825317,34,-92.27869415283203,-2.7140791416168213,34,-84.14854431152344,-2.474957227706909,34,-55.094749450683594,-1.8998188972473145,29,-107.5018539428711,-3.1618192195892334,34,-104.13008880615234,-3.062649726867676,34,1774
-69.50613403320312,-2.6733129024505615,26,-72.4676284790039,-2.7872164249420166,26,-74.68244934082031,-2.8724019527435303,26,-104.5525894165039,-2.431455612182617,43,-87.73087310791016,-3.3742642402648926,26,-80.60372924804688,-3.1001434326171875,26,1775
-63.976318359375,-1.938676357269287,33,-92.22303771972656,-2.794637441635132,33,-126.5610580444336,-3.835183620452881,33,-107.24110412597656,-3.5747034549713135,30,-107.67279815673828,-3.2628121376037598,33,-120.94367980957031,-3.6649599075317383,33,1776
-79.21357727050781,-1.8003085851669312,44,-103.88986206054688,-2.361133337020874,44,-97.30514526367188,-2.2114806175231934,44,-106.30828857421875,-2.3624064922332764,45,-141.1361083984375,-3.207638740539551,44,-140.54051208496094,-3.1941025257110596,44,1777
-83.20880126953125,-2.029482841491699,41,-119.59620666503906,-2.916980743408203,41,-108.43496704101562,-2.6447553634643555,41,-123.15663146972656,-3.0038201808929443,41,-117.8031997680664,-2.873248815536499,41,-123.15303039550781,-3.003732442855835,41,1778
-94.46552276611328,-2.699014902114868,35,-94.15477752685547,-2.690136432647705,35,-77.18270874023438,-2.2052202224731445,35,-65.95629119873047,-2.198543071746826,30,-117.13679504394531,-3.3467655181884766,35,-88.69176483154297,-2.534050464630127,35,1779
-100.31993103027344,-2.2293317317962646,45,-88.85384368896484,-1.9745298624038696,45,-85.67755889892578,-1.903945803642273,45,-83.58587646484375,-1.9438575506210327,43,-119.93754577636719,-2.665278911590576,45,-117.30067443847656,-2.6066815853118896,45,1780
-54.17740249633789,-1.00328528881073,54,-126.46966552734375,-2.3420307636260986,54,-143.02725219726562,-2.6486527919769287,54,-66.46097564697266,-1.74897301197052,38,-136.02066040039062,-2.5189011096954346,54,-135.49755859375,-2.509214162826538,54,1781
-128.22702026367188,-3.771383047103882,34,-99.02360534667969,-2.912458896636963,34,-107.32792663574219,-3.1567037105560303,34,-82.42781066894531,-2.8423383235931396,29,-122.50373840332031,-3.60305118560791,34,-117.36421966552734,-3.4518887996673584,34,1782
-64.14772033691406,-1.3945156335830688,46,-120.81725311279297,-2.626461982727051,46,-128.8982391357422,-2.802135705947876,46,-93.76470184326172,-2.7577853202819824,34,-125.27928161621094,-2.7234625816345215,46,-116.74159240722656,-2.537860631942749,46,1783
-114.53192901611328,-3.013998031616211,38,-86.87932586669922,-2.2862980365753174,38,-66.92892456054688,-1.7612874507904053,38,-58.918731689453125,-1.5107367038726807,39,-79.61981201171875,-2.0952582359313965,38,-77.49269104003906,-2.0392813682556152,38,1784
-45.765159606933594,-1.6950058937072754,27,-58.08930206298828,-2.1514556407928467,27,-48.42240524291992,-1.7934224605560303,27,-46.414772033691406,-1.190122365951538,39,-70.22901916503906,-2.601074695587158,27,-57.65473175048828,-2.1353604793548584,27,1785
-150.67800903320312,-3.348400115966797,45,-127.90694427490234,-2.842376470565796,45,-110.42306518554688,-2.453845977783203,45,-94.5435791015625,-2.4879889488220215,38,-165.08609008789062,-3.6685798168182373,45,-145.63302612304688,-3.2362895011901855,45,1786
-147.07321166992188,-3.1292173862457275,47,-135.40650939941406,-2.8809895515441895,47,-129.99984741210938,-2.7659542560577393,47,-74.60262298583984,-2.331331968307495,32,-145.92440795898438,-3.1047747135162354,47,-137.42860412597656,-2.9240128993988037,47,1787
-80.35768127441406,-1.959943413734436,41,-82.9315414428711,-2.0227205753326416,41,-90.9814224243164,-2.2190589904785156,41,-68.0685043334961,-2.0020148754119873,34,-71.90445709228516,-1.7537672519683838,41,-76.21403503417969,-1.8588788509368896,41,1788
-76.19910430908203,-2.3812220096588135,32,-102.19603729248047,-3.1936261653900146,32,-87.41972351074219,-2.7318663597106934,32,-93.88068389892578,-1.9974613189697266,47,-119.75227355957031,-3.7422585487365723,32,-77.54238891601562,-2.4231996536254883,32,1789
-107.25811767578125,-3.6985557079315186,29,-71.01246643066406,-2.4487056732177734,29,-90.13064575195312,-3.1079533100128174,29,-117.73748016357422,-2.943437099456787,40,-81.72010803222656,-2.81793475151062,29,-90.6247329711914,-3.124990701675415,29,1790
-22.22861099243164,-0.6174614429473877,36,-91.56961059570312,-2.54360032081604,36,-98.8077163696289,-2.7446587085723877,36,-98.9423599243164,-3.1916890144348145,31,-98.51761627197266,-2.736600399017334,36,-104.13406372070312,-2.892612934112549,36,1791
-43.91022872924805,-1.1259032487869263,39,-106.34228515625,-2.7267253398895264,39,-86.26416778564453,-2.2119016647338867,39,-63.175209045410156,-1.3441534042358398,47,-97.81132507324219,-2.5079827308654785,39,-91.55085754394531,-2.3474578857421875,39,1792
-68.12323760986328,-1.7467496395111084,39,-70.39299774169922,-1.8049486875534058,39,-85.54574584960938,-2.1934807300567627,39,-90.57588195800781,-2.1565685272216797,42,-70.25169372558594,-1.8013254404067993,39,-78.00409698486328,-2.000105142593384,39,1793
-13.75887680053711,-0.29910603165626526,46,-123.38047790527344,-2.6821842193603516,46,-133.2138671875,-2.89595365524292,46,-112.97309875488281,-2.8243274688720703,40,-124.44400024414062,-2.7053043842315674,46,-144.59283447265625,-3.143322467803955,46,1794
-99.16754150390625,-2.542757511138916,39,-125.40650939941406,-3.2155516147613525,39,-102.36122131347656,-2.6246466636657715,39,-95.3397216796875,-3.5311007499694824,27,-129.89405822753906,-3.3306169509887695,39,-94.23939514160156,-2.4163947105407715,39,1795
-60.95891189575195,-2.6503875255584717,23,-73.21160888671875,-3.1831133365631104,23,-70.68521118164062,-3.073270082473755,23,-74.25366973876953,-3.093902826309204,24,-69.14999389648438,-3.006521463394165,23,-70.47799682617188,-3.064260721206665,23,1796
-63.59004211425781,-1.9871888160705566,32,-64.6570816040039,-2.020533800125122,32,-81.76649475097656,-2.5552029609680176,32,-89.08879852294922,-2.699660539627075,33,-71.29458618164062,-2.2279558181762695,32,-74.64380645751953,-2.3326189517974854,32,1797
-72.5296630859375,-2.686283826828003,27,-66.12547302246094,-2.449091672897339,27,-66.40487670898438,-2.459439992904663,27,-65.89427947998047,-2.125622034072876,31,-72.00169372558594,-2.66672945022583,27,-78.23991394042969,-2.8977746963500977,27,1798
-95.14710998535156,-2.024406671524048,47,-141.8013916015625,-3.0170509815216064,47,-138.75991821289062,-2.952338695526123,47,-56.90857696533203,-2.845428943634033,20,-148.51272583007812,-3.1598451137542725,47,-149.95968627929688,-3.190631628036499,47,1799
-71.96070861816406,-2.1164913177490234,34,-79.85963439941406,-2.3488128185272217,34,-64.89192199707031,-1.9085859060287476,34,-57.37554168701172,-1.7929856777191162,32,-94.27879333496094,-2.7729055881500244,34,-70.19417572021484,-2.0645346641540527,34,1800
-59.06391143798828,-1.2053859233856201,49,-86.83153533935547,-1.772072196006775,49,-112.73684692382812,-2.3007519245147705,49,-52.666175842285156,-1.549005150794983,34,-89.11761474609375,-1.8187267780303955,49,-119.42630767822266,-2.4372715950012207,49,1801
-31.22081756591797,-0.8672449588775635,36,-91.73918914794922,-2.5483107566833496,36,-101.08172607421875,-2.807825803756714,36,-48.420921325683594,-2.01753830909729,24,-90.04290771484375,-2.5011918544769287,36,-92.49453735351562,-2.5692927837371826,36,1802
-88.02123260498047,-2.588859796524048,34,-175.10568237304688,-5.150166988372803,34,-201.80931091308594,-5.935567855834961,34,-278.0205993652344,-6.043926239013672,46,-181.0640869140625,-5.325414180755615,34,-200.51467895507812,-5.897490501403809,34,1803
-78.4222640991211,-3.0162408351898193,26,-68.5066146850586,-2.6348698139190674,26,-61.122039794921875,-2.3508477210998535,26,-55.64701461791992,-1.7389692068099976,32,-74.14141845703125,-2.851593017578125,26,-61.59235382080078,-2.368936777114868,26,1804
-85.65628051757812,-3.569011688232422,24,-78.5301513671875,-3.272089719772339,24,-63.2807502746582,-2.636698007583618,24,-47.53929138183594,-2.502068042755127,19,-79.13639831542969,-3.2973499298095703,24,-65.24951171875,-2.7187297344207764,24,1805
-78.38700103759766,-2.239628553390503,35,-65.549072265625,-1.8728306293487549,35,-65.76803588867188,-1.8790867328643799,35,-71.47171020507812,-1.8326079845428467,39,-74.30577087402344,-2.1230220794677734,35,-73.85740661621094,-2.1102116107940674,35,1806
-54.21393585205078,-1.426682472229004,38,-72.28500366210938,-1.9022369384765625,38,-66.65359497070312,-1.7540420293807983,38,-59.46247100830078,-1.4503041505813599,41,-71.50131225585938,-1.8816134929656982,38,-67.20545959472656,-1.7685647010803223,38,1807
-103.15423583984375,-2.344414472579956,44,-106.20115661621094,-2.4136626720428467,44,-84.40010070800781,-1.9181841611862183,44,-60.9754753112793,-1.7421563863754272,35,-113.50399017333984,-2.5796360969543457,44,-95.10392761230469,-2.1614530086517334,44,1808
-71.83426666259766,-2.6605284214019775,27,-90.21432495117188,-3.34127140045166,27,-91.56965637207031,-3.3914687633514404,27,-87.18453979492188,-3.1137335300445557,28,-101.0937728881836,-3.744213819503784,27,-95.81777954101562,-3.548806667327881,27,1809
-96.71272277832031,-2.417818069458008,40,-142.87155151367188,-3.571788787841797,40,-130.0298309326172,-3.2507457733154297,40,-172.51194763183594,-2.923931360244751,59,-144.67767333984375,-3.6169419288635254,40,-129.0837860107422,-3.2270946502685547,40,1810
-78.6928482055664,-2.7135465145111084,29,-88.59833526611328,-3.055114984512329,29,-96.09043884277344,-3.3134634494781494,29,-75.45906829833984,-3.0183627605438232,25,-100.49102783203125,-3.465207815170288,29,-98.15189361572266,-3.3845479488372803,29,1811
-105.55115509033203,-2.706439971923828,39,-109.03794860839844,-2.795844793319702,39,-111.29559326171875,-2.8537330627441406,39,-112.63583374023438,-3.1287732124328613,36,-107.42481994628906,-2.7544825077056885,39,-105.6312484741211,-2.70849347114563,39,1812
-129.9122772216797,-2.70650577545166,48,-114.76448059082031,-2.3909265995025635,48,-101.9742431640625,-2.1244633197784424,48,-54.79071807861328,-1.6114916801452637,34,-121.19664001464844,-2.524930000305176,48,-116.151123046875,-2.4198150634765625,48,1813
-59.73108673095703,-2.2122623920440674,27,-80.82107543945312,-2.993373155593872,27,-79.0414047241211,-2.927459478378296,27,-32.386924743652344,-1.7992736101150513,18,-87.13499450683594,-3.227221965789795,27,-76.18099212646484,-2.8215181827545166,27,1814
-71.62657165527344,-1.4617667198181152,49,-107.59104919433594,-2.1957356929779053,49,-111.38375091552734,-2.2731378078460693,49,-66.09669494628906,-1.8884769678115845,35,-121.24281311035156,-2.4743430614471436,49,-121.8299789428711,-2.486326217651367,49,1815
-85.49653625488281,-1.7811778783798218,48,-81.495361328125,-1.6978200674057007,48,-72.62904357910156,-1.513105034828186,48,-75.8239974975586,-1.486744999885559,51,-91.40797424316406,-1.9043327569961548,48,-88.68241119384766,-1.8475502729415894,48,1816
-123.66200256347656,-3.09155011177063,40,-109.04010772705078,-2.7260026931762695,40,-82.41636657714844,-2.0604090690612793,40,-54.5638542175293,-1.818795084953308,30,-107.46778106689453,-2.686694622039795,40,-89.07921600341797,-2.226980447769165,40,1817
-117.73001098632812,-2.616222381591797,45,-110.92735290527344,-2.465052366256714,45,-86.43804931640625,-1.9208455085754395,45,-75.93058013916016,-2.618295907974243,29,-128.29083251953125,-2.850907325744629,45,-109.37660217285156,-2.430591106414795,45,1818
-47.42333984375,-1.6352875232696533,29,-91.28086853027344,-3.147616147994995,29,-75.07129669189453,-2.58866548538208,29,-98.68984985351562,-2.0997841358184814,47,-92.88836669921875,-3.203047037124634,29,-72.90473937988281,-2.5139565467834473,29,1819
-91.44086456298828,-3.265745162963867,28,-80.56306457519531,-2.8772523403167725,28,-78.53260803222656,-2.8047358989715576,28,-78.42266845703125,-2.7042298316955566,29,-75.11365509033203,-2.6826305389404297,28,-75.85513305664062,-2.7091119289398193,28,1820
-41.85624313354492,-1.6098555326461792,26,-64.04912567138672,-2.463428020477295,26,-61.3826904296875,-2.360872745513916,26,-53.72608947753906,-1.6789402961730957,32,-64.41116333007812,-2.4773523807525635,26,-65.13646697998047,-2.505248785018921,26,1821
-59.4835205078125,-2.0511558055877686,29,-63.52864456176758,-2.190642833709717,29,-77.0883560180664,-2.6582190990448,29,-67.04771423339844,-1.9156489372253418,35,-64.03450012207031,-2.2080862522125244,29,-70.28874969482422,-2.4237499237060547,29,1822
-80.61552429199219,-2.6871840953826904,30,-101.21343994140625,-3.373781442642212,30,-87.08375549316406,-2.902791738510132,30,-87.43617248535156,-3.2383768558502197,27,-94.37698364257812,-3.145899534225464,30,-94.44154357910156,-3.1480515003204346,30,1823
-90.04341125488281,-2.196180820465088,41,-104.46414947509766,-2.5479061603546143,41,-109.09391784667969,-2.660827159881592,41,-111.00701141357422,-2.7751753330230713,40,-121.59786224365234,-2.965801477432251,41,-135.24734497070312,-3.298715829849243,41,1824
-100.82916259765625,-2.8008100986480713,36,-76.96134948730469,-2.137815237045288,36,-75.12417602539062,-2.086782693862915,36,-77.29081726074219,-1.8851418495178223,41,-77.02052307128906,-2.1394588947296143,36,-76.32232666015625,-2.1200647354125977,36,1825
-34.293739318847656,-0.8573434948921204,40,-57.051509857177734,-1.4262877702713013,40,-58.183990478515625,-1.4545997381210327,40,-49.125526428222656,-1.169655442237854,42,-67.30776977539062,-1.6826941967010498,40,-67.81427001953125,-1.6953567266464233,40,1826
-72.81950378417969,-1.8671667575836182,39,-88.19985961914062,-2.2615349292755127,39,-75.53634643554688,-1.9368294477462769,39,-75.5204086303711,-1.9873791933059692,38,-89.86051177978516,-2.3041157722473145,39,-90.7505874633789,-2.3269381523132324,39,1827
-89.76351165771484,-1.951380729675293,46,-121.72206115722656,-2.646131753921509,46,-120.45442199707031,-2.618574380874634,46,-69.5399398803711,-2.3979289531707764,29,-126.05201721191406,-2.7402613162994385,46,-128.01600646972656,-2.782956600189209,46,1828
-77.91743469238281,-2.3611342906951904,33,-58.884681701660156,-1.7843842506408691,33,-50.31715393066406,-1.5247622728347778,33,-31.279808044433594,-0.744757354259491,42,-64.45276641845703,-1.9531141519546509,33,-61.654788970947266,-1.8683269023895264,33,1829
-106.22733306884766,-2.213069438934326,48,-153.3632049560547,-3.1950666904449463,48,-138.861328125,-2.8929443359375,48,-119.88211822509766,-2.7879562377929688,43,-158.31007385253906,-3.298126459121704,48,-135.9103546142578,-2.831465721130371,48,1830
-88.73749542236328,-2.0636627674102783,43,-114.0347900390625,-2.6519718170166016,43,-109.88675689697266,-2.5555059909820557,43,-101.27287292480469,-2.8131353855133057,36,-109.1858901977539,-2.5392067432403564,43,-103.81019592285156,-2.4141905307769775,43,1831
-48.84746551513672,-0.9577934145927429,51,-109.75543212890625,-2.152067184448242,51,-106.6281509399414,-2.0907480716705322,51,-100.91643524169922,-1.8688229322433472,54,-113.0859603881836,-2.217371702194214,51,-106.28216552734375,-2.0839641094207764,51,1832
-47.275386810302734,-1.099427580833435,43,-91.87718200683594,-2.136678695678711,43,-106.60665130615234,-2.479224443435669,43,-70.35091400146484,-2.2693843841552734,31,-94.48339080810547,-2.1972882747650146,43,-101.01603698730469,-2.349210262298584,43,1833
-83.46932220458984,-2.3848378658294678,35,-74.62417602539062,-2.1321194171905518,35,-67.74361419677734,-1.9355318546295166,35,-48.506248474121094,-1.6726292371749878,29,-82.40547943115234,-2.3544423580169678,35,-71.14730834960938,-2.032780170440674,35,1834
-86.57945251464844,-2.7056078910827637,32,-72.28616333007812,-2.2589426040649414,32,-69.67861938476562,-2.177456855773926,32,-59.774410247802734,-2.0611865520477295,29,-85.19452667236328,-2.6623289585113525,32,-74.92717742919922,-2.3414742946624756,32,1835
-63.72981262207031,-1.7702726125717163,36,-72.32984161376953,-2.009162187576294,36,-82.06649017333984,-2.2796247005462646,36,-80.89453125,-2.2470703125,36,-97.22786712646484,-2.7007741928100586,36,-86.59481811523438,-2.405411720275879,36,1836
-113.0787582397461,-2.8269689083099365,40,-90.25961303710938,-2.2564902305603027,40,-81.40966033935547,-2.0352416038513184,40,-78.49520874023438,-1.9623801708221436,40,-89.15988159179688,-2.228996992111206,40,-92.96376037597656,-2.32409405708313,40,1837
-107.48600769042969,-2.621609926223755,41,-86.92000579833984,-2.120000123977661,41,-91.45893859863281,-2.230705738067627,41,-73.84257507324219,-2.637234926223755,28,-108.60274505615234,-2.6488473415374756,41,-90.38258361816406,-2.204453229904175,41,1838
-48.14177322387695,-1.9256709814071655,25,-78.59547424316406,-3.1438188552856445,25,-68.51911926269531,-2.740764856338501,25,-66.35623931884766,-2.654249668121338,25,-78.09832763671875,-3.1239330768585205,25,-72.48816680908203,-2.899526596069336,25,1839
-140.85353088378906,-3.5213382244110107,40,-102.10539245605469,-2.5526347160339355,40,-86.89247131347656,-2.172311782836914,40,-53.324058532714844,-1.6663768291473389,32,-119.7515640258789,-2.9937891960144043,40,-107.52508544921875,-2.688127040863037,40,1840
-98.80850982666016,-2.8231003284454346,35,-80.56031799316406,-2.3017234802246094,35,-85.04714965820312,-2.4299185276031494,35,-59.1014404296875,-2.1107656955718994,28,-74.45823669433594,-2.127378225326538,35,-82.20989990234375,-2.3488543033599854,35,1841
-93.32659912109375,-3.110886573791504,30,-71.96513366699219,-2.3988378047943115,30,-64.70781707763672,-2.1569273471832275,30,-61.08356475830078,-2.181555986404419,28,-70.164306640625,-2.3388102054595947,30,-62.899478912353516,-2.096649408340454,30,1842
-121.0640869140625,-2.7514564990997314,44,-155.24844360351562,-3.5283737182617188,44,-130.51657104492188,-2.9662857055664062,44,-59.359859466552734,-1.9786620140075684,30,-153.62411499023438,-3.491457223892212,44,-119.04446411132812,-2.7055559158325195,44,1843
-98.93873596191406,-2.248607635498047,44,-99.66743469238281,-2.2651689052581787,44,-117.63232421875,-2.6734619140625,44,-89.9442367553711,-2.4309253692626953,37,-106.93606567382812,-2.4303650856018066,44,-120.49610900878906,-2.7385480403900146,44,1844
-40.887386322021484,-1.0759838819503784,38,-77.95198059082031,-2.051367998123169,38,-77.70481872558594,-2.044863700866699,38,-37.791748046875,-1.303163766860962,29,-77.19896697998047,-2.0315518379211426,38,-77.5792236328125,-2.0415585041046143,38,1845
-25.680192947387695,-0.9171497225761414,28,-61.30179977416992,-2.189349889755249,28,-52.99601364135742,-1.8927147388458252,28,-39.950252532958984,-1.5980100631713867,25,-57.40880584716797,-2.050314426422119,28,-49.16935729980469,-1.7560484409332275,28,1846
-70.52665710449219,-1.7201623916625977,41,-92.43899536132812,-2.2546095848083496,41,-98.15983581542969,-2.3941423892974854,41,-44.19036102294922,-1.636680006980896,27,-85.77433776855469,-2.0920569896698,41,-97.77430725097656,-2.3847391605377197,41,1847
-68.78010559082031,-2.865837812423706,24,-52.52357482910156,-2.1884822845458984,24,-58.285308837890625,-2.4285545349121094,24,-63.56373596191406,-1.9863667488098145,32,-56.2249641418457,-2.3427069187164307,24,-70.1358642578125,-2.922327756881714,24,1848
-107.80134582519531,-2.5070080757141113,43,-119.2711181640625,-2.773746967315674,43,-108.83885955810547,-2.5311362743377686,43,-80.67654418945312,-2.52114200592041,32,-120.8829345703125,-2.8112311363220215,43,-103.420654296875,-2.4051315784454346,43,1849
-41.13840103149414,-1.3712800741195679,30,-63.739891052246094,-2.1246631145477295,30,-67.57495880126953,-2.2524986267089844,30,-58.009681701660156,-1.5265705585479736,38,-62.755821228027344,-2.091860771179199,30,-57.826080322265625,-1.9275360107421875,30,1850
-35.3851318359375,-1.6850062608718872,21,-66.52892303466797,-3.168043851852417,21,-90.52696228027344,-4.310807704925537,21,-158.85055541992188,-3.782155990600586,42,-58.726768493652344,-2.7965128421783447,21,-94.05211639404297,-4.478672027587891,21,1851
-97.75743103027344,-3.054919719696045,32,-106.05674743652344,-3.3142733573913574,32,-94.32417297363281,-2.9476304054260254,32,-93.25527954101562,-2.6644365787506104,35,-95.87030792236328,-2.9959471225738525,32,-85.99250793457031,-2.6872658729553223,32,1852
-74.2468490600586,-1.9538644552230835,38,-124.90518188476562,-3.2869784832000732,38,-88.39305114746094,-2.3261330127716064,38,-78.3092041015625,-2.237405776977539,35,-114.39777374267578,-3.010467767715454,38,-78.49911499023438,-2.0657660961151123,38,1853
-80.2515640258789,-2.507861375808716,32,-114.89402770996094,-3.5904383659362793,32,-110.91944885253906,-3.4662327766418457,32,-63.2780876159668,-3.013242244720459,21,-136.0321044921875,-4.251003265380859,32,-109.3896484375,-3.418426513671875,32,1854
-98.48907470703125,-2.7358076572418213,36,-119.6447982788086,-3.3234665393829346,36,-70.93141174316406,-1.970317006111145,36,-72.87105560302734,-2.429035186767578,30,-109.41690063476562,-3.039358377456665,36,-82.65737915039062,-2.2960383892059326,36,1855
-91.52449035644531,-1.794597864151001,51,-120.96195220947266,-2.371803045272827,51,-125.70518493652344,-2.4648075103759766,51,-42.29451370239258,-2.014024496078491,21,-134.93896484375,-2.645862102508545,51,-141.81979370117188,-2.78078031539917,51,1856
-79.50361633300781,-2.8394148349761963,28,-106.17318725585938,-3.7918994426727295,28,-99.13565063476562,-3.5405590534210205,28,-144.17079162597656,-4.368812084197998,33,-105.37088012695312,-3.7632458209991455,28,-99.23081970214844,-3.5439579486846924,28,1857
-94.37633514404297,-2.5507118701934814,37,-110.88777160644531,-2.99696683883667,37,-103.59049987792969,-2.799743175506592,37,-70.93569946289062,-2.7282960414886475,26,-118.46571350097656,-3.2017760276794434,37,-102.24513244628906,-2.7633819580078125,37,1858
-91.44608306884766,-1.905126690864563,48,-106.87409973144531,-2.226543664932251,48,-107.4459228515625,-2.2384567260742188,48,-106.94991302490234,-2.376664638519287,45,-113.64289093017578,-2.3675601482391357,48,-110.81928253173828,-2.3087351322174072,48,1859
-86.55070495605469,-2.404186248779297,36,-110.58439636230469,-3.071788787841797,36,-100.59397888183594,-2.7942771911621094,36,-69.84297943115234,-3.036651372909546,23,-110.24728393554688,-3.062424659729004,36,-104.55940246582031,-2.9044277667999268,36,1860
-58.18198013305664,-1.7630902528762817,33,-57.85811996459961,-1.7532763481140137,33,-57.365928649902344,-1.7383614778518677,33,-41.144676208496094,-0.9796351194381714,42,-74.69131469726562,-2.2633731365203857,33,-59.33246612548828,-1.797953486442566,33,1861
-81.93058776855469,-1.9983069896697998,41,-66.38742065429688,-1.619205355644226,41,-69.91987609863281,-1.7053627967834473,41,-80.43411254882812,-1.7874246835708618,45,-100.88059997558594,-2.4605023860931396,41,-91.35431671142578,-2.228154182434082,41,1862
-109.61114501953125,-3.5358433723449707,31,-91.80712127685547,-2.961519956588745,31,-90.1854248046875,-2.909207344055176,31,-110.98281860351562,-2.99953556060791,37,-97.80792999267578,-3.155094623565674,31,-98.77254486083984,-3.186211109161377,31,1863
-80.3622817993164,-1.9600557088851929,41,-98.32203674316406,-2.3980984687805176,41,-100.34584045410156,-2.4474594593048096,41,-133.6267852783203,-2.6725356578826904,50,-101.82925415039062,-2.483640432357788,41,-99.5567855834961,-2.4282143115997314,41,1864
-125.71553802490234,-2.993227005004883,42,-122.96592712402344,-2.927760124206543,42,-121.68339538574219,-2.897223711013794,42,-93.4620361328125,-2.7488834857940674,34,-136.3267822265625,-3.245875835418701,42,-128.0560760498047,-3.0489542484283447,42,1865
-27.315330505371094,-0.6828832626342773,40,-54.305477142333984,-1.3576369285583496,40,-43.06480407714844,-1.076620101928711,40,-28.95172882080078,-0.7618876099586487,38,-50.90994644165039,-1.2727487087249756,40,-53.7445068359375,-1.3436126708984375,40,1866
-14.811786651611328,-0.822877049446106,18,-83.38584899902344,-4.632547378540039,18,-83.12367248535156,-4.617981910705566,18,-112.15095520019531,-3.867274284362793,29,-81.43038177490234,-4.523910045623779,18,-77.0468521118164,-4.280380725860596,18,1867
-78.4472427368164,-2.241349697113037,35,-78.06195068359375,-2.2303414344787598,35,-75.79119873046875,-2.1654627323150635,35,-86.38986206054688,-2.2151246070861816,39,-84.21219635009766,-2.4060628414154053,35,-84.42835998535156,-2.412238836288452,35,1868
-50.150184631347656,-1.5671932697296143,32,-64.14408111572266,-2.004502534866333,32,-62.12572479248047,-1.9414288997650146,32,-57.63739013671875,-1.987496256828308,29,-70.65740203857422,-2.2080438137054443,32,-77.57049560546875,-2.4240779876708984,32,1869
-42.10255432128906,-0.9568762183189392,44,-118.06381225585938,-2.6832685470581055,44,-101.62004089355469,-2.30954647064209,44,-54.087181091308594,-1.5907994508743286,34,-128.6121826171875,-2.923004150390625,44,-108.32772827148438,-2.461993932723999,44,1870
-110.33799743652344,-2.3986520767211914,46,-138.54849243164062,-3.0119237899780273,46,-121.38493347167969,-2.638803005218506,46,-113.92605590820312,-2.6494431495666504,43,-133.75949096679688,-2.9078149795532227,46,-112.73974609375,-2.45086407661438,46,1871
-104.29724884033203,-3.259289026260376,32,-86.09333801269531,-2.6904168128967285,32,-63.76564025878906,-1.9926762580871582,32,-64.73979187011719,-1.9041115045547485,34,-94.00888061523438,-2.937777519226074,32,-84.67662048339844,-2.646144390106201,32,1872
-50.00409698486328,-1.7242791652679443,29,-81.73674011230469,-2.8185083866119385,29,-86.68405151367188,-2.989105224609375,29,-97.36122131347656,-2.1635828018188477,45,-91.440185546875,-3.1531097888946533,29,-93.9189224243164,-3.238583564758301,29,1873
-122.49486541748047,-3.1408939361572266,39,-185.40792846679688,-4.754049301147461,39,-217.233642578125,-5.570093631744385,39,-266.25421142578125,-5.916760444641113,45,-174.33343505859375,-4.470088005065918,39,-193.7947235107422,-4.969095706939697,39,1874
-74.5843505859375,-2.330760955810547,32,-79.35356140136719,-2.4797987937927246,32,-81.70919799804688,-2.553412437438965,32,-88.20466613769531,-2.450129508972168,36,-100.22711181640625,-3.1320972442626953,32,-99.88896179199219,-3.121530055999756,32,1875
-167.70016479492188,-3.493753433227539,48,-162.62747192382812,-3.3880722522735596,48,-129.097412109375,-2.6895294189453125,48,-59.349273681640625,-2.1981213092803955,27,-157.36282348632812,-3.2783920764923096,48,-130.8973388671875,-2.7270278930664062,48,1876
-102.27285766601562,-2.045457124710083,50,-147.66600036621094,-2.953320026397705,50,-142.6136474609375,-2.8522729873657227,50,-128.2501220703125,-2.9147756099700928,44,-170.30404663085938,-3.406080961227417,50,-159.40777587890625,-3.18815541267395,50,1877
-110.9056396484375,-3.08071231842041,36,-204.8443145751953,-5.690119743347168,36,-217.44146728515625,-6.040040969848633,36,-286.4290466308594,-6.3650898933410645,45,-195.7664031982422,-5.437955856323242,36,-236.5484619140625,-6.570790767669678,36,1878
-76.81741333007812,-2.0215108394622803,38,-87.24532318115234,-2.2959296703338623,38,-91.15182495117188,-2.3987321853637695,38,-59.43034362792969,-2.8300163745880127,21,-100.8350830078125,-2.653554916381836,38,-95.04217529296875,-2.5011098384857178,38,1879
-62.497676849365234,-2.155092239379883,29,-60.84135055541992,-2.097977638244629,29,-79.71516418457031,-2.7487988471984863,29,-83.66028594970703,-2.5351600646972656,33,-65.05088806152344,-2.243134021759033,29,-71.73973083496094,-2.4737837314605713,29,1880
-129.86859130859375,-3.4175944328308105,38,-101.3475341796875,-2.6670403480529785,38,-77.06499481201172,-2.0280261039733887,38,-63.66463851928711,-2.122154712677002,30,-111.88677978515625,-2.9443888664245605,38,-90.78187561035156,-2.3889968395233154,38,1881
-66.02828979492188,-2.3581531047821045,28,-75.15422821044922,-2.684079647064209,28,-72.05561828613281,-2.5734150409698486,28,-71.96935272216797,-2.3989784717559814,30,-84.27659606933594,-3.009878396987915,28,-68.80435180664062,-2.4572982788085938,28,1882
-99.4350814819336,-2.687434673309326,37,-174.083251953125,-4.704952716827393,37,-197.47535705566406,-5.337172031402588,37,-224.22677612304688,-5.214576244354248,43,-180.61325073242188,-4.881439208984375,37,-200.00823974609375,-5.405628204345703,37,1883
-68.65840911865234,-2.2886135578155518,30,-91.73626708984375,-3.057875633239746,30,-99.37677001953125,-3.312558889389038,30,-212.71937561035156,-3.2230207920074463,66,-94.33676147460938,-3.1445586681365967,30,-93.93219757080078,-3.131073236465454,30,1884
-107.95387268066406,-2.398974895477295,45,-92.57369995117188,-2.0571932792663574,45,-77.19854736328125,-1.7155232429504395,45,-79.62628173828125,-1.851773977279663,43,-97.82661437988281,-2.173924684524536,45,-78.13055419921875,-1.7362345457077026,45,1885
-56.56041717529297,-2.5709280967712402,22,-67.37956237792969,-3.0627074241638184,22,-64.15692901611328,-2.9162240028381348,22,-54.71950149536133,-1.4399868249893188,38,-77.09608459472656,-3.5043675899505615,22,-71.3907699584961,-3.24503493309021,22,1886
-89.91224670410156,-2.3661117553710938,38,-111.6352310180664,-2.9377691745758057,38,-97.4106674194336,-2.563438653945923,38,-81.06710815429688,-2.795417547225952,29,-125.6512451171875,-3.3066117763519287,38,-127.07588195800781,-3.344102144241333,38,1887
-97.9359359741211,-3.7667667865753174,26,-89.25704193115234,-3.4329631328582764,26,-58.20012664794922,-2.238466501235962,26,-59.77678298950195,-1.9282833337783813,31,-95.83363342285156,-3.6859090328216553,26,-66.85515594482422,-2.571352243423462,26,1888
-100.18731689453125,-3.1308536529541016,32,-106.49903106689453,-3.328094720840454,32,-91.43643188476562,-2.857388496398926,32,-105.0905990600586,-3.6238138675689697,29,-112.27259826660156,-3.508518695831299,32,-112.18496704101562,-3.5057802200317383,32,1889
-30.020843505859375,-1.1546478271484375,26,-43.74754333496094,-1.6825978755950928,26,-42.21379852294922,-1.6236076354980469,26,-36.129852294921875,-1.445194125175476,25,-49.8961181640625,-1.919081449508667,26,-44.77307891845703,-1.7220414876937866,26,1890
-84.13777160644531,-1.8697282075881958,45,-130.42335510253906,-2.89829683303833,45,-135.6182861328125,-3.013739585876465,45,-59.2174072265625,-2.3686962127685547,25,-137.6094970703125,-3.0579888820648193,45,-137.10260009765625,-3.046724557876587,45,1891
-44.148563385009766,-1.3378353118896484,33,-97.2410888671875,-2.946699619293213,33,-88.49362182617188,-2.6816248893737793,33,-127.8388900756836,-2.6633102893829346,48,-103.048828125,-3.1226918697357178,33,-95.6165771484375,-2.8974721431732178,33,1892
-77.75166320800781,-1.690253496170044,46,-137.59146118164062,-2.9911186695098877,46,-107.76934814453125,-2.3428118228912354,46,-61.08482360839844,-1.8510552644729614,33,-141.79193115234375,-3.0824332237243652,46,-123.94635009765625,-2.694485902786255,46,1893
-53.78343963623047,-1.7927813529968262,30,-61.505592346191406,-2.0501863956451416,30,-59.61524200439453,-1.9871747493743896,30,-66.41209411621094,-1.7949215173721313,37,-70.62265014648438,-2.354088306427002,30,-74.58999633789062,-2.486333131790161,30,1894
-51.10601043701172,-1.5031179189682007,34,-62.703208923339844,-1.8442120552062988,34,-59.2635498046875,-1.7430455684661865,34,-58.69883728027344,-1.7264363765716553,34,-58.36442565917969,-1.716600775718689,34,-58.474327087402344,-1.7198331356048584,34,1895
-111.73149108886719,-3.6042416095733643,31,-76.33261108398438,-2.4623422622680664,31,-76.15094757080078,-2.456482172012329,31,-85.83839416503906,-1.950872540473938,44,-92.05490112304688,-2.969512939453125,31,-87.28846740722656,-2.8157570362091064,31,1896
-84.2513656616211,-1.9148037433624268,44,-110.30870056152344,-2.5070159435272217,44,-110.84154510498047,-2.5191259384155273,44,-76.8453598022461,-2.1345932483673096,36,-125.91555786132812,-2.8617172241210938,44,-124.31572723388672,-2.825357437133789,44,1897
-55.945594787597656,-1.3645267486572266,41,-91.67771911621094,-2.236042022705078,41,-95.4245376586914,-2.327427864074707,41,-78.53700256347656,-1.7452666759490967,45,-117.94791412353516,-2.8767783641815186,41,-116.45706939697266,-2.840416431427002,41,1898
-79.33511352539062,-2.479222297668457,32,-67.61842346191406,-2.1130757331848145,32,-66.00541687011719,-2.062669277191162,32,-38.35066223144531,-2.2559213638305664,17,-64.1891860961914,-2.0059120655059814,32,-78.29105377197266,-2.4465954303741455,32,1899
-59.4586067199707,-1.6069893836975098,37,-104.13087463378906,-2.814347982406616,37,-105.15646362304688,-2.842066526412964,37,-86.41194152832031,-3.0861408710479736,28,-106.1943130493164,-2.8701164722442627,37,-104.6436996459961,-2.8282082080841064,37,1900
-73.14862060546875,-2.2166249752044678,33,-99.57186889648438,-3.017329454421997,33,-109.41964721679688,-3.315746784210205,33,-101.69277954101562,-2.5423195362091064,40,-93.05400085449219,-2.8198182582855225,33,-114.30732727050781,-3.4638583660125732,33,1901
-43.52252197265625,-1.4039523601531982,31,-114.2159652709961,-3.6843860149383545,31,-98.88099670410156,-3.1897096633911133,31,-107.66883850097656,-3.4731884002685547,31,-109.93186950683594,-3.546189308166504,31,-99.8216552734375,-3.2200534343719482,31,1902
-69.68838500976562,-2.177762031555176,32,-80.52449798583984,-2.516390562057495,32,-69.562744140625,-2.1738357543945312,32,-100.75382995605469,-2.190300703048706,46,-85.5401382446289,-2.6731293201446533,32,-83.34471893310547,-2.604522466659546,32,1903
-40.95501708984375,-1.5168524980545044,27,-81.34368133544922,-3.0127289295196533,27,-74.88187408447266,-2.773402690887451,27,-66.98036193847656,-2.6792144775390625,25,-100.530517578125,-3.7233524322509766,27,-83.14968872070312,-3.079618215560913,27,1904
-18.860448837280273,-0.44905829429626465,42,-54.94358825683594,-1.3081806898117065,42,-60.68209457397461,-1.4448118209838867,42,-33.7904167175293,-0.9938358068466187,34,-71.35760498046875,-1.6989905834197998,42,-73.93679809570312,-1.7603999376296997,42,1905
-102.16256713867188,-3.2955667972564697,31,-96.54517364501953,-3.1143603324890137,31,-75.19099426269531,-2.42551589012146,31,-68.8336181640625,-1.5644004344940186,44,-94.47457885742188,-3.047567129135132,31,-90.22347259521484,-2.9104344844818115,31,1906
-100.5757827758789,-2.71826434135437,37,-111.54777526855469,-3.0148048400878906,37,-115.16646575927734,-3.11260724067688,37,-69.58056640625,-3.162753105163574,22,-109.03121948242188,-2.9467897415161133,37,-137.68313598632812,-3.721165895462036,37,1907
-84.71321105957031,-2.172133684158325,39,-86.30420684814453,-2.212928295135498,39,-90.74630737304688,-2.3268284797668457,39,-86.45222473144531,-2.4700634479522705,35,-76.21449279785156,-1.954217791557312,39,-106.93656158447266,-2.7419631481170654,39,1908
-55.42530059814453,-1.1311285495758057,49,-254.9338836669922,-5.202732086181641,49,-290.40130615234375,-5.9265570640563965,49,-281.478271484375,-5.988899230957031,47,-255.47152709960938,-5.213704586029053,49,-275.0221862792969,-5.612697601318359,49,1909
-46.22138977050781,-1.9258912801742554,24,-76.04071044921875,-3.168362855911255,24,-61.511314392089844,-2.562971353530884,24,-62.04953384399414,-2.216054677963257,28,-84.45655822753906,-3.5190231800079346,24,-60.121150970458984,-2.5050480365753174,24,1910
-81.51429748535156,-1.9881535768508911,41,-114.12860107421875,-2.7836244106292725,41,-120.2578125,-2.933117389678955,41,-79.83870697021484,-2.956989049911499,27,-118.0120849609375,-2.8783435821533203,41,-122.3236083984375,-2.9835026264190674,41,1911
-41.41423034667969,-1.0101032257080078,41,-64.47639465332031,-1.5725950002670288,41,-83.09629821777344,-2.0267388820648193,41,-60.14728546142578,-1.8796026706695557,32,-71.12349700927734,-1.7347193956375122,41,-86.42733764648438,-2.1079838275909424,41,1912
-63.73970031738281,-1.7226946353912354,37,-91.99097442626953,-2.4862425327301025,37,-97.26997375488281,-2.628918170928955,37,-89.29345703125,-2.177889108657837,41,-94.9007568359375,-2.564885377883911,37,-89.50894165039062,-2.4191606044769287,37,1913
-74.7554931640625,-2.020418643951416,37,-65.1814956665039,-1.7616620063781738,37,-61.61194610595703,-1.6651877164840698,37,-44.66096496582031,-1.3956551551818848,32,-63.27861404418945,-1.7102328538894653,37,-63.17774200439453,-1.707506537437439,37,1914
-84.30994415283203,-2.1617934703826904,39,-101.16072082519531,-2.593864679336548,39,-98.87933349609375,-2.535367488861084,39,-118.16139221191406,-2.685486078262329,44,-90.41716003417969,-2.3183887004852295,39,-97.7790298461914,-2.507154703140259,39,1915
-103.73223876953125,-2.207068920135498,47,-94.62979125976562,-2.013399839401245,47,-102.39851379394531,-2.178691864013672,47,-50.43086242675781,-1.5282078981399536,33,-91.15349578857422,-1.9394360780715942,47,-95.58148193359375,-2.0336484909057617,47,1916
-80.62615966796875,-1.9196704626083374,42,-96.75941467285156,-2.303795576095581,42,-92.37037658691406,-2.1992945671081543,42,-52.52638244628906,-1.5917085409164429,33,-103.45889282226562,-2.4633069038391113,42,-82.1600112915039,-1.9561907052993774,42,1917
-75.74264526367188,-2.366957664489746,32,-86.46063232421875,-2.701894760131836,32,-102.77781677246094,-3.2118067741394043,32,-79.63941192626953,-2.7461867332458496,29,-74.33790588378906,-2.323059558868408,32,-93.18714904785156,-2.9120984077453613,32,1918
-41.04853820800781,-0.7745007276535034,53,-120.76026153564453,-2.2784955501556396,53,-110.74346923828125,-2.0894994735717773,53,-51.6422004699707,-1.7214066982269287,30,-117.54029846191406,-2.2177414894104004,53,-125.71865844726562,-2.3720500469207764,53,1919
-44.496612548828125,-1.3087239265441895,34,-77.88600158691406,-2.290764808654785,34,-98.56964874267578,-2.8991072177886963,34,-41.24932861328125,-1.5277528762817383,27,-65.05332946777344,-1.9133331775665283,34,-85.79574584960938,-2.523404359817505,34,1920
-110.03760528564453,-4.075466632843018,27,-66.86073303222656,-2.476323366165161,27,-39.350223541259766,-1.4574156999588013,27,-19.266740798950195,-0.6422246694564819,30,-57.610626220703125,-2.1337268352508545,27,-31.84017562866211,-1.1792657375335693,27,1921
-128.15789794921875,-2.7267637252807617,47,-163.68797302246094,-3.482722759246826,47,-140.92355346679688,-2.998373508453369,47,-99.08793640136719,-2.914350986480713,34,-183.38064575195312,-3.9017157554626465,47,-142.68130493164062,-3.0357725620269775,47,1922
-90.764892578125,-1.8909353017807007,48,-117.88722229003906,-2.455983877182007,48,-94.6551284790039,-1.9719818830490112,48,-65.43466186523438,-1.9828685522079468,33,-125.63621520996094,-2.6174211502075195,48,-93.12844848632812,-1.940176010131836,48,1923
-58.459617614746094,-2.087843418121338,28,-107.0169677734375,-3.8220345973968506,28,-124.47096252441406,-4.445391654968262,28,-235.25929260253906,-5.227984428405762,45,-115.24322509765625,-4.1158294677734375,28,-136.13768005371094,-4.862060070037842,28,1924
-41.69620132446289,-1.3898733854293823,30,-82.28987121582031,-2.7429957389831543,30,-71.90245056152344,-2.3967483043670654,30,-47.27233123779297,-1.1255316734313965,42,-83.56990051269531,-2.785663366317749,30,-68.17588806152344,-2.2725296020507812,30,1925
-75.2132339477539,-2.212153911590576,34,-94.66752624511719,-2.78433895111084,34,-83.09269714355469,-2.4439029693603516,34,-65.10456848144531,-2.170152187347412,30,-89.51365661621094,-2.6327545642852783,34,-81.81468200683594,-2.4063141345977783,34,1926
-40.67045593261719,-1.694602370262146,24,-45.30848693847656,-1.8878536224365234,24,-54.52626037597656,-2.27192759513855,24,-46.56648635864258,-1.4552026987075806,32,-52.37310791015625,-2.1822128295898438,24,-55.263946533203125,-2.3026645183563232,24,1927
-99.43339538574219,-2.1156041622161865,47,-72.51821899414062,-1.5429408550262451,47,-79.63668823242188,-1.6943975687026978,47,-24.731332778930664,-0.8528046011924744,29,-82.63038635253906,-1.7580933570861816,47,-99.76959991455078,-2.1227574348449707,47,1928
-50.10944747924805,-1.5184681415557861,33,-63.026390075683594,-1.9098906517028809,33,-61.07041931152344,-1.8506187200546265,33,-62.5758171081543,-1.8962368965148926,33,-65.87171173095703,-1.9961124658584595,33,-68.60054779052734,-2.0788044929504395,33,1929
-33.099090576171875,-1.0677125453948975,31,-70.98590087890625,-2.289867877960205,31,-78.51226043701172,-2.532653570175171,31,-57.72770690917969,-2.5099003314971924,23,-75.40084838867188,-2.4322855472564697,31,-65.99462127685547,-2.128858804702759,31,1930
-55.345245361328125,-1.3836311101913452,40,-78.04873657226562,-1.9512183666229248,40,-76.70304870605469,-1.9175761938095093,40,-74.16629028320312,-1.8541572093963623,40,-84.92634582519531,-2.1231586933135986,40,-83.41946411132812,-2.085486650466919,40,1931
-28.76319122314453,-0.9278448820114136,31,-75.52691650390625,-2.436352252960205,31,-75.7872543334961,-2.4447500705718994,31,-71.55062866210938,-2.6500232219696045,27,-95.1689224243164,-3.069965124130249,31,-95.8350601196289,-3.0914535522460938,31,1932
-120.6209716796875,-2.275867462158203,53,-133.10714721679688,-2.511455535888672,53,-129.3361358642578,-2.4403045177459717,53,-125.26045227050781,-2.723053216934204,46,-141.9520721435547,-2.6783409118652344,53,-133.3233642578125,-2.5155351161956787,53,1933
-74.58417510986328,-2.2601265907287598,33,-103.43185424804688,-3.13429856300354,33,-86.01341247558594,-2.6064670085906982,33,-94.87118530273438,-2.8748843669891357,33,-87.08866882324219,-2.6390504837036133,33,-77.25376892089844,-2.3410232067108154,33,1934
-65.01922607421875,-2.0973944664001465,31,-197.53103637695312,-6.371968746185303,31,-222.86962890625,-7.189342975616455,31,-304.3908386230469,-6.476400852203369,47,-166.57769775390625,-5.37347412109375,31,-199.78807067871094,-6.44477653503418,31,1935
-37.54444122314453,-0.9626779556274414,39,-89.02291107177734,-2.2826387882232666,39,-61.454246520996094,-1.5757498741149902,39,-60.577178955078125,-1.5941362380981445,38,-85.5601806640625,-2.1938507556915283,39,-69.74430847167969,-1.7883156538009644,39,1936
-129.6429901123047,-3.1620242595672607,41,-120.94476318359375,-2.9498722553253174,41,-112.74725341796875,-2.7499330043792725,41,-89.75346374511719,-2.895272970199585,31,-124.93756866455078,-3.047257661819458,41,-112.187744140625,-2.7362864017486572,41,1937
-61.98683166503906,-1.2913923263549805,48,-101.54312133789062,-2.1154816150665283,48,-108.03404235839844,-2.250709295272827,48,-105.55088806152344,-2.198976755142212,48,-123.01750183105469,-2.5628645420074463,48,-121.75464630126953,-2.536555051803589,48,1938
-34.23828125,-0.9010074138641357,38,-99.48983001708984,-2.6181533336639404,38,-93.72183227539062,-2.4663639068603516,38,-76.84626770019531,-2.478911876678467,31,-108.548828125,-2.8565480709075928,38,-98.53179931640625,-2.592941999435425,38,1939
-124.40647888183594,-2.439342737197876,51,-111.54055786132812,-2.1870696544647217,51,-114.8729476928711,-2.252410650253296,51,-105.6948013305664,-1.554335355758667,68,-118.34735870361328,-2.3205363750457764,51,-125.16814422607422,-2.454277276992798,51,1940
-67.69674682617188,-2.0514166355133057,33,-63.07479476928711,-1.9113574028015137,33,-61.880287170410156,-1.8751602172851562,33,-64.01925659179688,-1.9399775266647339,33,-69.17997741699219,-2.096363067626953,33,-69.3531494140625,-2.1016106605529785,33,1941
-80.11814880371094,-2.1653554439544678,37,-90.51818084716797,-2.446437358856201,37,-98.16212463378906,-2.6530303955078125,37,-65.33702087402344,-2.5129623413085938,26,-94.12128448486328,-2.543818473815918,37,-105.11125946044922,-2.8408448696136475,37,1942
-63.32295227050781,-2.753171920776367,23,-82.04660034179688,-3.5672435760498047,23,-71.49456024169922,-3.108459234237671,23,-91.983154296875,-3.0661051273345947,30,-87.00245666503906,-3.7827155590057373,23,-82.26620483398438,-3.576791524887085,23,1943
-44.276611328125,-1.4758870601654053,30,-107.62190246582031,-3.5873968601226807,30,-98.33463287353516,-3.2778210639953613,30,-110.61708068847656,-2.910975694656372,38,-104.54523468017578,-3.4848411083221436,30,-96.6510009765625,-3.2216999530792236,30,1944
-43.58574676513672,-1.0896437168121338,40,-137.90689086914062,-3.4476723670959473,40,-147.91583251953125,-3.6978957653045654,40,-141.25726318359375,-4.154625415802002,34,-138.07345581054688,-3.451836347579956,40,-147.16006469726562,-3.679001569747925,40,1945
-97.15678405761719,-2.625859022140503,37,-91.55357360839844,-2.4744210243225098,37,-97.32315826416016,-2.6303555965423584,37,-81.48258972167969,-2.2022321224212646,37,-116.83636474609375,-3.1577396392822266,37,-108.81533813476562,-2.94095516204834,37,1946
-124.76253509521484,-2.654521942138672,47,-121.37559509277344,-2.5824594497680664,47,-117.2519760131836,-2.494722843170166,47,-110.3331298828125,-2.7583281993865967,40,-135.41268920898438,-2.8811211585998535,47,-139.42166137695312,-2.9664182662963867,47,1947
-114.50518798828125,-2.936030387878418,39,-123.50890350341797,-3.1668949127197266,39,-119.4552001953125,-3.0629539489746094,39,-110.13641357421875,-3.05934476852417,36,-128.52084350585938,-3.2954063415527344,39,-120.99325561523438,-3.102391242980957,39,1948
-91.10211181640625,-2.602917432785034,35,-69.82742309570312,-1.9950692653656006,35,-74.46924591064453,-2.127692699432373,35,-64.31076049804688,-2.074540615081787,31,-73.92631530761719,-2.112180471420288,35,-74.49992370605469,-2.1285693645477295,35,1949
-72.51739501953125,-2.589906930923462,28,-65.05078125,-2.3232421875,28,-65.53340911865234,-2.3404788970947266,28,-68.1144027709961,-1.7924842834472656,38,-90.18961334228516,-3.221057653427124,28,-88.08741760253906,-3.145979166030884,28,1950
-60.193634033203125,-1.39985191822052,43,-118.69751739501953,-2.7604074478149414,43,-115.68599700927734,-2.6903719902038574,43,-60.008522033691406,-2.3080201148986816,26,-104.68154907226562,-2.4344546794891357,43,-103.75529479980469,-2.4129137992858887,43,1951
-86.91404724121094,-1.931423306465149,45,-125.74906921386719,-2.794423818588257,45,-93.87920379638672,-2.0862045288085938,45,-102.53683471679688,-2.3303825855255127,44,-132.40902709960938,-2.942422866821289,45,-104.06800842285156,-2.312622308731079,45,1952
-232.899658203125,-5.06303596496582,46,-143.2047576904297,-3.113147020339966,46,-116.28842163085938,-2.5280091762542725,46,-76.47240447998047,-2.4668517112731934,31,-144.56492614746094,-3.1427156925201416,46,-122.29536437988281,-2.658594846725464,46,1953
-52.35424041748047,-1.5398305654525757,34,-53.54273223876953,-1.5747861862182617,34,-68.78535461425781,-2.0230987071990967,34,-38.25694274902344,-1.8217592239379883,21,-87.60462188720703,-2.576606512069702,34,-93.12306213378906,-2.7389135360717773,34,1954
-94.33866882324219,-2.620518684387207,36,-58.987457275390625,-1.638540506362915,36,-50.2926025390625,-1.3970167636871338,36,-44.0705680847168,-1.2591590881347656,35,-59.18946838378906,-1.6441519260406494,36,-66.09617614746094,-1.8360048532485962,36,1955
-122.12246704101562,-2.3945581912994385,51,-140.80528259277344,-2.760887861251831,51,-123.69701385498047,-2.425431728363037,51,-107.10043334960938,-2.434100866317749,44,-151.21636962890625,-2.96502685546875,51,-133.3530731201172,-2.6147661209106445,51,1956
-72.58706665039062,-2.6884098052978516,27,-75.4511489868164,-2.7944869995117188,27,-52.58409118652344,-1.947558879852295,27,-77.56649780273438,-1.891865849494934,41,-87.95033264160156,-3.2574198246002197,27,-66.07998657226562,-2.4474070072174072,27,1957
-92.39385986328125,-2.3690733909606934,39,-217.90687561035156,-5.587355613708496,39,-261.72882080078125,-6.710995197296143,39,-317.275146484375,-6.8972859382629395,46,-206.14590454101562,-5.285792350769043,39,-274.52197265625,-7.039024829864502,39,1958
-50.13908386230469,-1.9284262657165527,26,-83.19140625,-3.199669361114502,26,-80.53115844726562,-3.0973522663116455,26,-93.79817199707031,-2.0844037532806396,45,-92.96424102783203,-3.575547695159912,26,-81.36888122558594,-3.1295723915100098,26,1959
-91.16816711425781,-3.0389389991760254,30,-86.78276824951172,-2.892758846282959,30,-72.17715454101562,-2.405905246734619,30,-69.58647155761719,-2.244724988937378,31,-90.47212219238281,-3.015737295150757,30,-78.50253295898438,-2.616751194000244,30,1960
-229.35260009765625,-4.879842758178711,47,-119.93624877929688,-2.551835060119629,47,-103.27629089355469,-2.1973679065704346,47,-59.622127532958984,-1.987404227256775,30,-124.88328552246094,-2.6570911407470703,47,-102.07025146484375,-2.1717073917388916,47,1961
-151.90902709960938,-3.5327680110931396,43,-145.78961181640625,-3.390456199645996,43,-127.35956573486328,-2.96185040473938,43,-142.7644500732422,-2.974259376525879,48,-145.31715393066406,-3.3794686794281006,43,-129.8236846923828,-3.019155502319336,43,1962
-46.38848876953125,-1.008445382118225,46,-64.00733184814453,-1.3914637565612793,46,-49.24177169799805,-1.070473313331604,46,-29.381099700927734,-0.7940837740898132,37,-65.33494567871094,-1.4203249216079712,46,-74.32581329345703,-1.6157785654067993,46,1963
-62.134803771972656,-2.2191002368927,28,-49.06294250488281,-1.752247929573059,28,-59.04391098022461,-2.108711004257202,28,-33.71550750732422,-1.4048128128051758,24,-62.250633239746094,-2.2232367992401123,28,-50.6403923034668,-1.8085854053497314,28,1964
-110.43107604980469,-2.5097970962524414,44,-108.73602294921875,-2.471273183822632,44,-97.07386779785156,-2.206224203109741,44,-61.954185485839844,-2.2945995330810547,27,-132.48110961914062,-3.010934352874756,44,-128.7036590576172,-2.9250831604003906,44,1965
-46.218055725097656,-1.3593546152114868,34,-82.97835540771484,-2.440539836883545,34,-107.20970916748047,-3.153226852416992,34,-89.58757019042969,-3.1995561122894287,28,-92.23135375976562,-2.712686777114868,34,-114.68511962890625,-3.373091697692871,34,1966
-58.45586395263672,-1.94852876663208,30,-49.82633972167969,-1.6608779430389404,30,-36.752906799316406,-1.2250969409942627,30,-18.456741333007812,-0.6835830211639404,27,-55.83134841918945,-1.861045002937317,30,-48.144752502441406,-1.6048251390457153,30,1967
-59.10430908203125,-1.374518871307373,43,-55.84577941894531,-1.2987390756607056,43,-44.73768615722656,-1.040411353111267,43,-39.18614959716797,-1.0590851306915283,37,-75.5591049194336,-1.7571884393692017,43,-57.6718635559082,-1.3412060737609863,43,1968
-68.66429138183594,-1.907341480255127,36,-109.08502960205078,-3.030139684677124,36,-108.78630828857422,-3.0218420028686523,36,-147.95339965820312,-2.311771869659424,64,-99.8619155883789,-2.773941993713379,36,-94.69329833984375,-2.6303694248199463,36,1969
-91.03186798095703,-2.395575523376465,38,-82.37618255615234,-2.1677942276000977,38,-92.6615219116211,-2.4384610652923584,38,-58.956878662109375,-2.0329957008361816,29,-88.23855590820312,-2.3220672607421875,38,-96.26825714111328,-2.5333752632141113,38,1970
-102.68716430664062,-2.702293872833252,38,-68.54814147949219,-1.8038984537124634,38,-68.11109924316406,-1.792397379875183,38,-77.16880798339844,-1.7538365125656128,44,-88.66680908203125,-2.3333370685577393,38,-82.0003662109375,-2.1579043865203857,38,1971
-48.659507751464844,-1.351652979850769,36,-99.62393188476562,-2.76733136177063,36,-97.65689849853516,-2.71269154548645,36,-68.14225006103516,-2.6208558082580566,26,-100.60704040527344,-2.794640064239502,36,-103.63496398925781,-2.878748893737793,36,1972
-91.64300537109375,-2.7770607471466064,33,-99.35623168945312,-3.0107948780059814,33,-103.91984558105469,-3.1490862369537354,33,-85.90721130371094,-2.77120041847229,31,-103.6277847290039,-3.1402359008789062,33,-92.7345199584961,-2.8101370334625244,33,1973
-44.926700592041016,-1.6045249700546265,28,-74.09092712402344,-2.646104574203491,28,-46.949851989746094,-1.6767804622650146,28,-87.71604919433594,-1.9935466051101685,44,-74.6611328125,-2.666469097137451,28,-62.222381591796875,-2.2222278118133545,28,1974
-99.0456771850586,-2.3033878803253174,43,-91.0571060180664,-2.1176071166992188,43,-91.41468811035156,-2.125922918319702,43,-36.32948684692383,-1.651340365409851,22,-86.88467407226562,-2.020573854446411,43,-106.8998031616211,-2.486042022705078,43,1975
-64.13517761230469,-2.2115578651428223,29,-67.60099792480469,-2.331068992614746,29,-67.26226806640625,-2.3193886280059814,29,-93.91644287109375,-2.6833269596099854,35,-65.79519653320312,-2.2687997817993164,29,-79.01583862304688,-2.724684000015259,29,1976
-72.3597412109375,-2.128227710723877,34,-74.40647888183594,-2.1884257793426514,34,-78.66629791259766,-2.3137147426605225,34,-57.945796966552734,-2.1461405754089355,27,-82.5267105102539,-2.4272561073303223,34,-93.45025634765625,-2.748537063598633,34,1977
-58.01656723022461,-1.813017725944519,32,-74.43960571289062,-2.326237678527832,32,-75.29476928710938,-2.352961540222168,32,-77.97015380859375,-2.36273193359375,33,-79.31018829345703,-2.4784433841705322,32,-83.25312805175781,-2.6016602516174316,32,1978
