chosen_logp,chosen_mean_logp,chosen_tokens,rejected_prime_logp,rejected_prime_mean_logp,rejected_prime_tokens,rejected_double_prime_logp,rejected_double_prime_mean_logp,rejected_double_prime_tokens,rejected_logp,rejected_mean_logp,rejected_tokens,rejected_prime_v2_logp,rejected_prime_v2_mean_logp,rejected_prime_v2_tokens,rejected_double_prime_v2_logp,rejected_double_prime_v2_mean_logp,rejected_double_prime_v2_tokens,index
-60.705238342285156,-2.023507833480835,30,-70.05250549316406,-2.335083484649658,30,-58.34872055053711,-1.9449573755264282,30,-63.034812927246094,-1.9698379039764404,32,-82.7658462524414,-2.758861541748047,30,-57.730873107910156,-1.9243624210357666,30,0
-82.90119934082031,-1.8021999597549438,46,-118.2083511352539,-2.569746732711792,46,-119.43605041503906,-2.596435785293579,46,-55.96014404296875,-1.6458865404129028,34,-109.12709045410156,-2.372328042984009,46,-120.7078628540039,-2.624083995819092,46,1
-70.68011474609375,-1.4424513578414917,49,-111.47386169433594,-2.2749767303466797,49,-98.16903686523438,-2.0034496784210205,49,-82.63509368896484,-1.967502236366272,42,-103.12673950195312,-2.1046273708343506,49,-103.17584228515625,-2.1056294441223145,49,2
-70.41863250732422,-1.6004234552383423,44,-81.73809814453125,-1.8576840162277222,44,-72.0851821899414,-1.638299584388733,44,-23.72303581237793,-0.7907678484916687,30,-77.71792602539062,-1.766316533088684,44,-89.95682525634766,-2.04447340965271,44,3
-104.2645492553711,-3.2582671642303467,32,-83.47445678710938,-2.608576774597168,32,-67.69071960449219,-2.115334987640381,32,-90.79169464111328,-1.9737324714660645,46,-85.40805053710938,-2.669001579284668,32,-73.506591796875,-2.2970809936523438,32,4
-58.21764373779297,-3.424567222595215,17,-84.92134857177734,-4.995373249053955,17,-53.55635070800781,-3.1503734588623047,17,-65.1770248413086,-2.413963794708252,27,-84.74598693847656,-4.985057830810547,17,-54.06360626220703,-3.1802120208740234,17,5
-91.77880096435547,-2.622251510620117,35,-96.91688537597656,-2.7690539360046387,35,-98.94036865234375,-2.8268675804138184,35,-79.83486938476562,-3.193394660949707,25,-93.01617431640625,-2.657604932785034,35,-101.0742416381836,-2.8878355026245117,35,6
-82.08295440673828,-2.4142045974731445,34,-91.75529479980469,-2.6986851692199707,34,-79.70811462402344,-2.3443562984466553,34,-24.93779754638672,-1.3125156164169312,19,-89.269287109375,-2.6255671977996826,34,-99.94091796875,-2.939438819885254,34,7
-49.517799377441406,-1.3754944801330566,36,-77.32170104980469,-2.147825002670288,36,-57.322792053222656,-1.5922998189926147,36,-54.55134963989258,-1.330520749092102,41,-78.84290313720703,-2.1900806427001953,36,-65.7010498046875,-1.8250291347503662,36,8
-92.20066833496094,-2.0954697132110596,44,-138.6024169921875,-3.150054931640625,44,-133.80126953125,-3.040937900543213,44,-91.71322631835938,-3.162524938583374,29,-140.00772094726562,-3.1819937229156494,44,-113.85789489746094,-2.587679386138916,44,9
-64.01670837402344,-1.6004177331924438,40,-86.92131042480469,-2.173032760620117,40,-93.46359252929688,-2.336589813232422,40,-51.69934844970703,-1.846405267715454,28,-82.83322143554688,-2.0708305835723877,40,-85.77137756347656,-2.14428448677063,40,10
-38.83420181274414,-1.29447340965271,30,-141.53305053710938,-4.71776819229126,30,-196.9586944580078,-6.5652899742126465,30,-289.7829284667969,-6.165594100952148,47,-130.83016967773438,-4.361005783081055,30,-188.3272705078125,-6.277575492858887,30,11
-107.80644989013672,-3.59354829788208,30,-74.50772094726562,-2.483590602874756,30,-72.82762145996094,-2.4275872707366943,30,-33.39723205566406,-1.757749080657959,19,-98.3646240234375,-3.278820753097534,30,-81.82803344726562,-2.7276010513305664,30,12
-63.236289978027344,-1.66411292552948,38,-127.37315368652344,-3.3519251346588135,38,-143.0922393798828,-3.76558518409729,38,-158.46688842773438,-3.521486520767212,45,-128.41232299804688,-3.3792717456817627,38,-140.91099548339844,-3.708184003829956,38,13
-116.17770385742188,-1.7339955568313599,67,-131.1402587890625,-1.9573173522949219,67,-133.04640197753906,-1.9857672452926636,67,-113.54496002197266,-1.8023009300231934,63,-154.43914794921875,-2.3050618171691895,67,-121.05305480957031,-1.8067619800567627,67,14
-95.4735336303711,-2.7278151512145996,35,-80.81709289550781,-2.3090598583221436,35,-91.29737091064453,-2.6084964275360107,35,-118.17816162109375,-2.5144288539886475,47,-96.56904602050781,-2.759115695953369,35,-114.09283447265625,-3.2597951889038086,35,15
-87.70563507080078,-1.9490140676498413,45,-108.12911987304688,-2.40286922454834,45,-121.50117492675781,-2.700026035308838,45,-68.67959594726562,-2.081199884414673,33,-143.31344604492188,-3.1847431659698486,45,-120.5987548828125,-2.6799724102020264,45,16
-68.09758758544922,-2.5221328735351562,27,-87.29161071777344,-3.233022689819336,27,-86.85953521728516,-3.21701979637146,27,-88.26568603515625,-2.2632226943969727,39,-95.11503601074219,-3.5227792263031006,27,-80.98463439941406,-2.9994308948516846,27,17
-92.74981689453125,-2.5763838291168213,36,-58.499053955078125,-1.6249737739562988,36,-63.69133758544922,-1.769203782081604,36,-57.70576477050781,-1.5596152544021606,37,-92.36669921875,-2.565741539001465,36,-79.21040344238281,-2.200289011001587,36,18
-67.08309936523438,-1.916659951210022,35,-98.96504211425781,-2.8275725841522217,35,-86.33639526367188,-2.466754198074341,35,-81.18860626220703,-2.6189873218536377,31,-109.69061279296875,-3.1340174674987793,35,-100.5371322631836,-2.8724894523620605,35,19
-47.86473846435547,-1.329576015472412,36,-82.60002136230469,-2.294445037841797,36,-73.45622253417969,-2.0404505729675293,36,-56.04164505004883,-1.3668694496154785,41,-96.02992248535156,-2.6674978733062744,36,-69.01600646972656,-1.9171112775802612,36,20
-86.97547912597656,-2.0708446502685547,42,-93.960205078125,-2.237147808074951,42,-102.09014129638672,-2.430717706680298,42,-80.77647399902344,-2.307899236679077,35,-90.38909912109375,-2.1521213054656982,42,-114.31478118896484,-2.72178053855896,42,21
-70.07415771484375,-2.4163503646850586,29,-92.8721694946289,-3.202488660812378,29,-88.17655944824219,-3.0405709743499756,29,-131.18699645996094,-3.279675006866455,40,-92.03860473632812,-3.1737449169158936,29,-90.59721374511719,-3.124041795730591,29,22
-94.03427124023438,-2.54146671295166,37,-235.45254516601562,-6.363582134246826,37,-258.9248046875,-6.997967720031738,37,-316.0245361328125,-6.5838446617126465,48,-240.5435333251953,-6.501176357269287,37,-260.70135498046875,-7.045982360839844,37,23
-79.68405151367188,-2.343648672103882,34,-86.06046295166016,-2.5311901569366455,34,-69.34902954101562,-2.039677381515503,34,-76.35921478271484,-1.527184247970581,50,-90.50242614746094,-2.6618361473083496,34,-83.40487670898438,-2.453084707260132,34,24
-70.15943908691406,-1.4318252801895142,49,-95.30363464355469,-1.9449721574783325,49,-129.1068115234375,-2.6348328590393066,49,-72.62010192871094,-2.074860095977783,35,-93.90174102783203,-1.9163620471954346,49,-134.70916748046875,-2.74916672706604,49,25
-56.645164489746094,-1.180107593536377,48,-93.55177307128906,-1.9489952325820923,48,-96.23274230957031,-2.0048487186431885,48,-40.25225830078125,-1.150064468383789,35,-95.25178527832031,-1.9844121932983398,48,-94.62802124023438,-1.9714170694351196,48,26
-85.99886322021484,-2.324293613433838,37,-164.57070922851562,-4.447856903076172,37,-211.95513916015625,-5.728517055511475,37,-270.6309814453125,-5.88328218460083,46,-166.83111572265625,-4.508949279785156,37,-219.91319274902344,-5.943599700927734,37,27
-18.888071060180664,-0.29981064796447754,63,-99.16783905029297,-1.5740926265716553,63,-142.61526489257812,-2.2637343406677246,63,-65.51476287841797,-1.4242340326309204,46,-121.77421569824219,-1.9329240322113037,63,-139.23358154296875,-2.210056781768799,63,28
-22.1940975189209,-0.5548524260520935,40,-101.96653747558594,-2.549163341522217,40,-104.95848083496094,-2.623961925506592,40,-71.721923828125,-2.656367540359497,27,-106.12947082519531,-2.6532368659973145,40,-114.06929779052734,-2.8517324924468994,40,29
-105.13799285888672,-3.0922939777374268,34,-89.03685760498047,-2.6187310218811035,34,-76.88896179199219,-2.2614400386810303,34,-70.43778228759766,-2.272186517715454,31,-94.94526672363281,-2.7925078868865967,34,-77.72855377197266,-2.2861340045928955,34,30
-98.74603271484375,-1.6736615896224976,59,-112.33668518066406,-1.904011607170105,59,-96.24092102050781,-1.6312021017074585,59,-88.92276000976562,-1.6467177867889404,54,-123.97210693359375,-2.101222038269043,59,-103.18879699707031,-1.748962640762329,59,31
-94.27633666992188,-3.1425445079803467,30,-150.1048583984375,-5.003495216369629,30,-214.7869415283203,-7.15956449508667,30,-291.6094665527344,-6.339336395263672,46,-158.4316864013672,-5.2810564041137695,30,-209.31198120117188,-6.9770660400390625,30,32
-75.3785400390625,-1.9836457967758179,38,-92.72996520996094,-2.4402623176574707,38,-91.24517059326172,-2.401188611984253,38,-61.77000427246094,-1.992580771446228,31,-99.41400146484375,-2.6161580085754395,38,-94.9228515625,-2.49796986579895,38,33
-70.22747802734375,-2.065514087677002,34,-87.64329528808594,-2.5777440071105957,34,-88.99533081054688,-2.6175098419189453,34,-83.82801055908203,-2.8906209468841553,29,-109.77594757080078,-3.2287044525146484,34,-103.264892578125,-3.037202835083008,34,34
-81.4266357421875,-1.6285327672958374,50,-98.23635864257812,-1.9647271633148193,50,-99.80960845947266,-1.996192216873169,50,-95.95735168457031,-1.881516695022583,51,-111.3346939086914,-2.226693868637085,50,-103.80021667480469,-2.0760042667388916,50,35
-80.88996887207031,-1.838408350944519,44,-103.89179992675781,-2.3611772060394287,44,-86.46839141845703,-1.9651907682418823,44,-94.58854675292969,-1.9705947637557983,48,-101.20838928222656,-2.3001906871795654,44,-84.19482421875,-1.9135187864303589,44,36
-89.18171691894531,-2.4103167057037354,37,-165.36618041992188,-4.469356060028076,37,-193.01023864746094,-5.216493129730225,37,-243.83822631835938,-5.079963207244873,48,-153.67831420898438,-4.153468132019043,37,-202.67909240722656,-5.477813243865967,37,37
-57.77870178222656,-1.8638291358947754,31,-72.74942016601562,-2.3467555046081543,31,-76.68009948730469,-2.4735515117645264,31,-70.87284851074219,-1.9154824018478394,37,-71.39959716796875,-2.303212881088257,31,-80.98036193847656,-2.612269639968872,31,38
-91.96115112304688,-1.956620216369629,47,-107.52334594726562,-2.2877306938171387,47,-82.07398986816406,-1.7462551593780518,47,-82.10691833496094,-1.7849329710006714,46,-106.61331176757812,-2.2683682441711426,47,-87.84925842285156,-1.8691331148147583,47,39
-73.81929016113281,-1.7167277336120605,43,-115.2869644165039,-2.6810922622680664,43,-131.37847900390625,-3.0553133487701416,43,-82.53277587890625,-3.056769371032715,27,-111.30040740966797,-2.58838152885437,43,-131.61334228515625,-3.0607755184173584,43,40
-108.64703369140625,-2.6499276161193848,41,-107.99601745605469,-2.6340491771698,41,-89.46160888671875,-2.181990385055542,41,-85.94957733154297,-2.1487393379211426,40,-92.49111938476562,-2.2558810710906982,41,-85.1661605834961,-2.077223539352417,41,41
-67.2780532836914,-2.3199329376220703,29,-78.07696533203125,-2.6923091411590576,29,-75.5948486328125,-2.6067190170288086,29,-67.44766235351562,-1.9270761013031006,35,-75.32212829589844,-2.5973148345947266,29,-69.92262268066406,-2.4111249446868896,29,42
-89.75538635253906,-1.9096890687942505,47,-109.39534759521484,-2.3275606632232666,47,-119.51190948486328,-2.542806625366211,47,-72.97493743896484,-2.08499813079834,35,-106.34370422363281,-2.262631893157959,47,-116.32780456542969,-2.475059747695923,47,43
-118.28142547607422,-2.7507307529449463,43,-248.31356811523438,-5.774734020233154,43,-271.30462646484375,-6.309410095214844,43,-301.4898986816406,-6.414678573608398,47,-234.08990478515625,-5.44395112991333,43,-274.5001220703125,-6.383723735809326,43,44
-56.325714111328125,-1.8169585466384888,31,-56.190216064453125,-1.8125876188278198,31,-43.435791015625,-1.4011545181274414,31,-42.122779846191406,-1.2389053106307983,34,-60.10358428955078,-1.938825249671936,31,-59.3556022644043,-1.9146968126296997,31,45
-56.152618408203125,-1.2207090854644775,46,-86.81434631347656,-1.8872684240341187,46,-68.17352294921875,-1.482033133506775,46,-52.34245681762695,-1.2462489604949951,42,-84.51051330566406,-1.837185025215149,46,-74.1992416381836,-1.6130269765853882,46,46
-82.9036636352539,-2.181675434112549,38,-125.70313262939453,-3.3079771995544434,38,-113.76377868652344,-2.993783712387085,38,-112.91543579101562,-3.763847827911377,30,-128.5772705078125,-3.3836123943328857,38,-113.0364761352539,-2.974644184112549,38,47
-108.8991470336914,-3.0249762535095215,36,-113.56204223632812,-3.15450119972229,36,-90.55123901367188,-2.5153121948242188,36,-55.284061431884766,-2.6325743198394775,21,-97.69285583496094,-2.7136905193328857,36,-109.63168334960938,-3.0453245639801025,36,48
-69.93109130859375,-1.5893429517745972,44,-119.05939483642578,-2.70589542388916,44,-130.47462463378906,-2.965332269668579,44,-90.79209899902344,-2.594059944152832,35,-107.41307830810547,-2.441206216812134,44,-136.88616943359375,-3.1110494136810303,44,49
-82.31373596191406,-2.420992136001587,34,-75.70478820800781,-2.226611375808716,34,-82.30506134033203,-2.4207370281219482,34,-82.78724670410156,-2.2996456623077393,36,-87.81378173828125,-2.5827581882476807,34,-97.77256774902344,-2.8756637573242188,34,50
-58.8057975769043,-1.2783869504928589,46,-115.86236572265625,-2.518747091293335,46,-151.70498657226562,-3.2979345321655273,46,-86.66989135742188,-2.988616943359375,29,-141.10955810546875,-3.067599058151245,46,-157.04156494140625,-3.413947105407715,46,51
-67.89034271240234,-2.4246551990509033,28,-66.89080047607422,-2.3889572620391846,28,-64.65577697753906,-2.3091349601745605,28,-63.93033218383789,-1.997822880744934,32,-67.43186950683594,-2.408281087875366,28,-66.11418151855469,-2.3612208366394043,28,52
-87.6462631225586,-2.827298879623413,31,-66.1241683959961,-2.133037805557251,31,-62.75693893432617,-2.0244174003601074,31,-64.80107116699219,-1.9059138298034668,34,-73.64671325683594,-2.3757004737854004,31,-84.5506591796875,-2.727440595626831,31,53
-119.5560531616211,-3.2312445640563965,37,-113.6493911743164,-3.0716052055358887,37,-94.12779998779297,-2.543994665145874,37,-70.4648666381836,-2.5166022777557373,28,-112.47718048095703,-3.039923906326294,37,-90.8403549194336,-2.4551446437835693,37,54
-82.04408264160156,-1.8646382093429565,44,-125.58744049072266,-2.854259967803955,44,-88.35099792480469,-2.007977247238159,44,-39.08395004272461,-1.4475537538528442,27,-113.66279602050781,-2.583245277404785,44,-92.73774719238281,-2.1076760292053223,44,55
-51.06166458129883,-1.021233320236206,50,-79.80368041992188,-1.5960736274719238,50,-66.60452270507812,-1.3320904970169067,50,-44.013797760009766,-0.8982407450675964,49,-95.23015594482422,-1.904603123664856,50,-67.76566314697266,-1.3553133010864258,50,56
-42.75605010986328,-1.042830467224121,41,-97.19906616210938,-2.37070894241333,41,-146.44406127929688,-3.5718064308166504,41,-157.27978515625,-3.209791421890259,49,-107.28814697265625,-2.61678409576416,41,-131.62496948242188,-3.210365056991577,41,57
-74.60462951660156,-1.6578806638717651,45,-87.77659606933594,-1.950590968132019,45,-117.13563537597656,-2.6030142307281494,45,-56.05531311035156,-1.8082358837127686,31,-84.58138275146484,-1.8795863389968872,45,-111.05787658691406,-2.4679527282714844,45,58
-100.41143035888672,-2.5102858543395996,40,-130.2752685546875,-3.2568817138671875,40,-111.65167236328125,-2.7912917137145996,40,-92.3751220703125,-2.5659756660461426,36,-143.46743774414062,-3.5866858959198,40,-120.28421020507812,-3.0071053504943848,40,59
-50.76485824584961,-1.0360175371170044,49,-98.0738525390625,-2.00150728225708,49,-106.49429321289062,-2.1733529567718506,49,-73.5423812866211,-1.8385595083236694,40,-100.82926940917969,-2.0577402114868164,49,-105.30392456054688,-2.149059772491455,49,60
-69.51390838623047,-1.9309419393539429,36,-100.20980834960938,-2.7836058139801025,36,-94.54180145263672,-2.6261610984802246,36,-69.87713623046875,-2.5880420207977295,27,-104.44570922851562,-2.9012696743011475,36,-100.32268524169922,-2.786741256713867,36,61
-295.7691650390625,-6.429764270782471,46,-173.6670379638672,-3.7753703594207764,46,-128.98866271972656,-2.8041014671325684,46,-102.43173217773438,-3.414391040802002,30,-171.7975616455078,-3.734729528427124,46,-136.80014038085938,-2.9739160537719727,46,62
-44.660972595214844,-0.9502334594726562,47,-94.22379302978516,-2.0047614574432373,47,-73.58850860595703,-1.5657129287719727,47,-48.96992874145508,-1.194388508796692,41,-102.59532928466797,-2.1828794479370117,47,-80.57219696044922,-1.7143020629882812,47,63
-177.1991424560547,-2.3626551628112793,75,-237.9091796875,-3.1721224784851074,75,-167.76443481445312,-2.236859083175659,75,-101.16148376464844,-2.199162721633911,46,-224.03561401367188,-2.9871416091918945,75,-200.904296875,-2.6787240505218506,75,64
-88.06036376953125,-2.6684958934783936,33,-106.5074691772461,-3.227499008178711,33,-103.59231567382812,-3.1391611099243164,33,-170.81594848632812,-3.416318893432617,50,-107.24190521240234,-3.2497546672821045,33,-113.17401123046875,-3.4295156002044678,33,65
-62.26716613769531,-2.0086183547973633,31,-162.29364013671875,-5.235278606414795,31,-188.15078735351562,-6.069380283355713,31,-299.2211608886719,-6.366407871246338,47,-161.89068603515625,-5.222280025482178,31,-200.4639129638672,-6.466578006744385,31,66
-174.44161987304688,-3.7922091484069824,46,-198.9624786376953,-4.325271129608154,46,-127.41716003417969,-2.7699382305145264,46,-97.2984619140625,-3.138659954071045,31,-183.24850463867188,-3.9836630821228027,46,-127.66465759277344,-2.7753186225891113,46,67
-62.89744186401367,-1.6999309062957764,37,-99.69100952148438,-2.6943516731262207,37,-111.349609375,-3.009449005126953,37,-139.29840087890625,-3.09552001953125,45,-97.1501235961914,-2.6256790161132812,37,-121.84109497070312,-3.2930026054382324,37,68
-95.22048950195312,-2.5058023929595947,38,-111.64142608642578,-2.937932252883911,38,-88.14714050292969,-2.3196616172790527,38,-78.43172454833984,-2.801132917404175,28,-109.86638641357422,-2.891220808029175,38,-96.89513397216797,-2.5498719215393066,38,69
-58.849735260009766,-1.5905333757400513,37,-87.3939208984375,-2.3619978427886963,37,-109.38314056396484,-2.956301212310791,37,-47.87285232543945,-2.5196237564086914,19,-98.13961791992188,-2.6524221897125244,37,-105.43084716796875,-2.849482297897339,37,70
-72.63125610351562,-2.3429436683654785,31,-117.08432006835938,-3.776913642883301,31,-95.33761596679688,-3.075407028198242,31,-88.30149841308594,-2.94338321685791,30,-122.36065673828125,-3.947118043899536,31,-89.01457214355469,-2.8714377880096436,31,71
-60.2949104309082,-1.5867081880569458,38,-168.45745849609375,-4.433091163635254,38,-212.12486267089844,-5.582233428955078,38,-263.1175842285156,-6.119013786315918,43,-172.7615203857422,-4.546355724334717,38,-225.57131958007812,-5.936087131500244,38,72
-96.02232360839844,-2.462110757827759,39,-74.96214294433594,-1.9221062660217285,39,-61.03984069824219,-1.5651241540908813,39,-44.500267028808594,-1.3906333446502686,32,-82.25572204589844,-2.109121084213257,39,-80.5167465209961,-2.0645320415496826,39,73
-86.01730346679688,-2.0004024505615234,43,-83.74537658691406,-1.9475668668746948,43,-92.32154846191406,-2.147012710571289,43,-60.571746826171875,-1.9539272785186768,31,-82.85797119140625,-1.9269295930862427,43,-91.6689224243164,-2.131835460662842,43,74
-86.2410888671875,-2.8747029304504395,30,-70.85530090332031,-2.3618433475494385,30,-84.7001953125,-2.8233399391174316,30,-61.853782653808594,-2.0617928504943848,30,-85.74826049804688,-2.8582754135131836,30,-84.50785064697266,-2.8169283866882324,30,75
-117.72826385498047,-2.452672243118286,48,-136.5528564453125,-2.84485125541687,48,-119.19371795654297,-2.4832024574279785,48,-48.00376892089844,-2.000157117843628,24,-152.1663818359375,-3.170132875442505,48,-122.85426330566406,-2.5594637393951416,48,76
-59.10926818847656,-1.477731704711914,40,-75.35089111328125,-1.8837722539901733,40,-102.48094940185547,-2.562023639678955,40,-75.04484558105469,-2.501494884490967,30,-76.88446807861328,-1.9221117496490479,40,-107.10013580322266,-2.6775033473968506,40,77
-81.38626861572266,-1.892703890800476,43,-125.09078979492188,-2.909088134765625,43,-121.68142700195312,-2.829800605773926,43,-88.87088012695312,-3.0645132064819336,29,-138.4451904296875,-3.2196555137634277,43,-116.833984375,-2.717069387435913,43,78
-85.38581085205078,-2.846193790435791,30,-69.44932556152344,-2.3149774074554443,30,-70.82418060302734,-2.3608059883117676,30,-51.6298828125,-1.259265422821045,41,-64.45611572265625,-2.1485371589660645,30,-73.40184020996094,-2.446727991104126,30,79
-118.45039367675781,-3.3842968940734863,35,-115.20792388916016,-3.2916550636291504,35,-76.34598541259766,-2.1813137531280518,35,-87.003662109375,-2.806569814682007,31,-124.78944396972656,-3.565412759780884,35,-84.66964721679688,-2.419132709503174,35,80
-87.39896392822266,-2.2999727725982666,38,-80.66212463378906,-2.122687578201294,38,-82.32260131835938,-2.166384220123291,38,-83.02986145019531,-2.1289708614349365,39,-86.45491790771484,-2.2751293182373047,38,-91.07234954833984,-2.3966407775878906,38,81
-76.45314025878906,-1.9603369235992432,39,-82.79475402832031,-2.1229424476623535,39,-90.18011474609375,-2.3123106956481934,39,-97.84223937988281,-2.127005100250244,46,-83.96084594726562,-2.1528422832489014,39,-101.0650863647461,-2.5914125442504883,39,82
-99.6505126953125,-2.1202237606048584,47,-97.8453369140625,-2.081815719604492,47,-91.23480987548828,-1.9411661624908447,47,-75.58576965332031,-1.7178584337234497,44,-103.19551086425781,-2.1956491470336914,47,-105.32759094238281,-2.2410125732421875,47,83
-96.88487243652344,-1.977242350578308,49,-125.18948364257812,-2.554887533187866,49,-119.07395935058594,-2.4300808906555176,49,-93.206298828125,-2.3899052143096924,39,-122.56737518310547,-2.5013749599456787,49,-126.93681335449219,-2.5905473232269287,49,84
-27.59619140625,-1.0613919496536255,26,-75.134033203125,-2.8897705078125,26,-51.88503646850586,-1.9955782890319824,26,-54.027381896972656,-1.4601994752883911,37,-76.88526916503906,-2.957125663757324,26,-50.04560470581055,-1.9248309135437012,26,85
-84.02619934082031,-2.3340611457824707,36,-107.45991516113281,-2.9849977493286133,36,-107.67216491699219,-2.9908933639526367,36,-108.98681640625,-2.945589542388916,37,-118.23949432373047,-3.284430503845215,36,-107.09761047363281,-2.974933624267578,36,86
-63.27068328857422,-1.9772088527679443,32,-70.35012817382812,-2.198441505432129,32,-66.81529235839844,-2.087977886199951,32,-52.552589416503906,-2.1021034717559814,25,-78.28839874267578,-2.446512460708618,32,-64.85094451904297,-2.0265920162200928,32,87
-112.82089233398438,-2.5641112327575684,44,-108.47038269042969,-2.465235948562622,44,-99.16960144042969,-2.253854513168335,44,-102.88153839111328,-2.057630777359009,50,-119.05717468261719,-2.7058448791503906,44,-108.2247314453125,-2.459652900695801,44,88
-96.47224426269531,-3.7104709148406982,26,-80.0086669921875,-3.077256441116333,26,-49.662147521972656,-1.9100825786590576,26,-25.146045684814453,-1.1974307298660278,21,-81.96614074707031,-3.152543783187866,26,-55.9651985168457,-2.1525075435638428,26,89
-71.00361633300781,-1.5778580904006958,45,-76.85504150390625,-1.7078897953033447,45,-106.71440124511719,-2.3714311122894287,45,-70.88301086425781,-2.147969961166382,33,-84.19520568847656,-1.871004581451416,45,-103.36622619628906,-2.297027349472046,45,90
-60.66851806640625,-1.3788299560546875,44,-100.2446060180664,-2.2782864570617676,44,-98.03678894042969,-2.2281088829040527,44,-78.90977478027344,-1.972744345664978,40,-91.68321228027344,-2.083709478378296,44,-101.9014892578125,-2.3159430027008057,44,91
-80.47630310058594,-2.117797374725342,38,-84.5336685180664,-2.2245702743530273,38,-86.79156494140625,-2.2839884757995605,38,-112.40171813964844,-2.6762313842773438,42,-64.40475463867188,-1.6948620080947876,38,-80.21037292480469,-2.1107993125915527,38,92
-81.73558044433594,-2.0433895587921143,40,-98.09232330322266,-2.452308177947998,40,-89.10049438476562,-2.2275123596191406,40,-64.91123962402344,-2.0284762382507324,32,-93.21873474121094,-2.3304684162139893,40,-100.41472625732422,-2.5103681087493896,40,93
-139.00411987304688,-3.3903443813323975,41,-85.99179077148438,-2.097360849380493,41,-62.21553421020508,-1.5174520015716553,41,-35.59943771362305,-1.0787708759307861,33,-81.4645767211914,-1.986940860748291,41,-76.19664001464844,-1.8584545850753784,41,94
-60.75376510620117,-2.893036365509033,21,-89.35911560058594,-4.2551960945129395,21,-87.81181335449219,-4.181514739990234,21,-91.07109069824219,-4.336718559265137,21,-77.63255310058594,-3.6967883110046387,21,-88.73101043701172,-4.22528600692749,21,95
-76.02328491210938,-2.621492624282837,29,-58.46507263183594,-2.0160369873046875,29,-60.15772247314453,-2.074404239654541,29,-56.44682693481445,-1.7639633417129517,32,-67.6822280883789,-2.3338699340820312,29,-65.15707397460938,-2.246795654296875,29,96
-96.58863830566406,-1.9711966514587402,49,-151.36915588378906,-3.0891664028167725,49,-126.41033935546875,-2.5798027515411377,49,-124.35549926757812,-2.763455629348755,45,-137.23828125,-2.80078125,49,-143.16433715820312,-2.9217212200164795,49,97
-17.254562377929688,-0.5949848890304565,29,-114.11520385742188,-3.935007095336914,29,-115.85031127929688,-3.994838237762451,29,-126.9002685546875,-2.951169013977051,43,-129.36305236816406,-4.460794925689697,29,-116.92990112304688,-4.032065391540527,29,98
-89.5560302734375,-1.8657506704330444,48,-157.3689422607422,-3.278519630432129,48,-153.00489807128906,-3.1876020431518555,48,-118.36869812011719,-2.9592175483703613,40,-150.27044677734375,-3.130634307861328,48,-149.10186767578125,-3.1062889099121094,48,99
-120.33944702148438,-4.457016468048096,27,-120.4448471069336,-4.460920333862305,27,-76.44854736328125,-2.831427574157715,27,-64.59580993652344,-3.229790449142456,20,-116.48674774169922,-4.314323902130127,27,-89.83241271972656,-3.3271265029907227,27,100
-86.4810791015625,-1.9218018054962158,45,-128.61122131347656,-2.858027219772339,45,-115.84323120117188,-2.574294090270996,45,-66.63311004638672,-2.1494550704956055,31,-134.35189819335938,-2.985597848892212,45,-113.357666015625,-2.519059181213379,45,101
-119.28352355957031,-2.9093542098999023,41,-126.04594421386719,-3.074291229248047,41,-171.05987548828125,-4.172192096710205,41,-168.87411499023438,-4.020812034606934,42,-113.59577941894531,-2.7706286907196045,41,-170.10887145996094,-4.148996829986572,41,102
-29.35245704650879,-1.726615071296692,17,-52.412574768066406,-3.08309268951416,17,-66.57630920410156,-3.9162535667419434,17,-82.99864959716797,-2.515110492706299,33,-55.74906539916992,-3.2793567180633545,17,-71.14273834228516,-4.184866905212402,17,103
-87.57156372070312,-2.245424747467041,39,-100.74292755126953,-2.5831520557403564,39,-87.97483825683594,-2.255765199661255,39,-51.84638214111328,-1.5248936414718628,34,-113.56625366210938,-2.9119551181793213,39,-74.72779083251953,-1.9160971641540527,39,104
-62.318084716796875,-2.308077096939087,27,-78.95921325683594,-2.924415349960327,27,-88.70710754394531,-3.2854483127593994,27,-82.66862487792969,-2.850642204284668,29,-95.70670318603516,-3.5446927547454834,27,-101.39563751220703,-3.7553939819335938,27,105
-41.707435607910156,-1.489551305770874,28,-97.89177703857422,-3.4961349964141846,28,-100.54551696777344,-3.590911388397217,28,-101.22596740722656,-2.735836982727051,37,-100.28018188476562,-3.581434965133667,28,-117.52500915527344,-4.197321891784668,28,106
-68.60771179199219,-1.5955281257629395,43,-103.43658447265625,-2.4055020809173584,43,-100.39970397949219,-2.334876775741577,43,-56.003013610839844,-2.1539621353149414,26,-112.30595397949219,-2.6117663383483887,43,-111.89974975585938,-2.6023197174072266,43,107
-67.29081726074219,-2.5881083011627197,26,-57.64857864379883,-2.2172529697418213,26,-60.63825988769531,-2.3322408199310303,26,-85.89678192138672,-2.386021614074707,36,-64.98770904541016,-2.4995272159576416,26,-71.14645385742188,-2.7364020347595215,26,108
-84.41877746582031,-2.6380867958068848,32,-91.28569793701172,-2.852678060531616,32,-89.15889739990234,-2.7862155437469482,32,-57.96057891845703,-2.6345717906951904,22,-93.12022399902344,-2.9100069999694824,32,-96.960205078125,-3.0300064086914062,32,109
-84.72669982910156,-3.025953531265259,28,-76.74919128417969,-2.7410426139831543,28,-75.31088256835938,-2.6896743774414062,28,-75.69920349121094,-2.4419097900390625,31,-76.99625396728516,-2.749866247177124,28,-79.44390869140625,-2.837282419204712,28,110
-63.521018981933594,-2.2686078548431396,28,-92.27761840820312,-3.2956292629241943,28,-99.63725280761719,-3.5584733486175537,28,-167.95132446289062,-3.4275779724121094,49,-95.92842102050781,-3.4260151386260986,28,-117.49943542480469,-4.196408271789551,28,111
-140.14627075195312,-3.8929519653320312,36,-175.45513916015625,-4.873754024505615,36,-217.12831115722656,-6.031342029571533,36,-260.18511962890625,-5.535853385925293,47,-180.36123657226562,-5.010034561157227,36,-207.13522338867188,-5.753756046295166,36,112
-64.93022155761719,-1.7086900472640991,38,-85.51649475097656,-2.250434160232544,38,-75.52851104736328,-1.987592339515686,38,-76.96761322021484,-2.025463581085205,38,-94.3656005859375,-2.4833052158355713,38,-83.49169921875,-2.1971499919891357,38,113
-63.73299789428711,-1.593324899673462,40,-100.47127532958984,-2.511781930923462,40,-102.84248352050781,-2.5710620880126953,40,-51.379459381103516,-2.233889579772949,23,-102.88089752197266,-2.5720224380493164,40,-118.2351303100586,-2.955878257751465,40,114
-88.9227294921875,-3.175811767578125,28,-91.31781005859375,-3.261350393295288,28,-68.0821533203125,-2.4315054416656494,28,-66.09762573242188,-2.132181406021118,31,-100.22190856933594,-3.5793538093566895,28,-78.15936279296875,-2.7914059162139893,28,115
-43.052425384521484,-1.3453882932662964,32,-84.01605224609375,-2.6255016326904297,32,-78.63032531738281,-2.457197666168213,32,-62.55278015136719,-2.4058761596679688,26,-92.64717102050781,-2.895224094390869,32,-77.16090393066406,-2.411278247833252,32,116
-38.60780334472656,-1.9303901195526123,20,-69.36579132080078,-3.468289613723755,20,-69.15666198730469,-3.4578330516815186,20,-62.659423828125,-2.0886473655700684,30,-67.5658950805664,-3.3782947063446045,20,-80.05650329589844,-4.0028252601623535,20,117
-62.711849212646484,-1.567796230316162,40,-84.29550170898438,-2.1073875427246094,40,-79.16226196289062,-1.9790565967559814,40,-77.65139770507812,-1.7255866527557373,45,-90.88191223144531,-2.272047758102417,40,-77.09680938720703,-1.9274202585220337,40,118
-78.27128601074219,-1.7788928747177124,44,-114.16716003417969,-2.594708204269409,44,-89.8677978515625,-2.042449951171875,44,-41.274375915527344,-1.2139521837234497,34,-106.85679626464844,-2.4285635948181152,44,-84.67826843261719,-1.9245060682296753,44,119
-66.86839294433594,-2.0263149738311768,33,-86.63743591308594,-2.6253769397735596,33,-75.71294403076172,-2.2943315505981445,33,-78.74193572998047,-2.6247313022613525,30,-87.50100708007812,-2.651545763015747,33,-81.01708984375,-2.4550633430480957,33,120
-127.28067779541016,-4.105828285217285,31,-108.20297241210938,-3.4904184341430664,31,-77.73297119140625,-2.5075151920318604,31,-76.15071105957031,-2.6258866786956787,29,-105.98526763916016,-3.418879508972168,31,-85.74128723144531,-2.76584792137146,31,121
-77.19622039794922,-1.8380053043365479,42,-127.13786315917969,-3.0270919799804688,42,-128.26034545898438,-3.0538177490234375,42,-114.61905670166016,-2.604978561401367,44,-108.9486083984375,-2.5940144062042236,42,-122.81571960449219,-2.9241838455200195,42,122
-63.799739837646484,-2.058056116104126,31,-65.28387451171875,-2.105931520462036,31,-74.85030364990234,-2.4145259857177734,31,-93.92888641357422,-2.1347475051879883,44,-70.78776550292969,-2.2834763526916504,31,-89.12307739257812,-2.8749380111694336,31,123
-112.4816665649414,-2.6158525943756104,43,-126.9012451171875,-2.9511916637420654,43,-112.12730407714844,-2.607611656188965,43,-91.20578002929688,-1.861342430114746,49,-126.16442108154297,-2.934056282043457,43,-109.95084381103516,-2.5569963455200195,43,124
-52.690269470214844,-2.77317214012146,19,-73.83670806884766,-3.8861424922943115,19,-77.5496826171875,-4.081562042236328,19,-84.769775390625,-3.027492046356201,28,-67.66908264160156,-3.561530590057373,19,-73.26385498046875,-3.855992317199707,19,125
-68.642578125,-2.018899440765381,34,-107.13426208496094,-3.151007652282715,34,-81.51458740234375,-2.3974878787994385,34,-64.71216583251953,-2.488929510116577,26,-87.44866943359375,-2.572019577026367,34,-86.3809814453125,-2.540616989135742,34,126
-178.26748657226562,-4.244463920593262,42,-147.2289581298828,-3.5054514408111572,42,-109.59132385253906,-2.6093173027038574,42,-71.85588073730469,-2.317931652069092,31,-163.15989685058594,-3.8847594261169434,42,-133.2702178955078,-3.173100471496582,42,127
-143.47979736328125,-3.260904550552368,44,-161.11676025390625,-3.6617445945739746,44,-119.49057006835938,-2.7156946659088135,44,-80.13804626464844,-2.763381004333496,29,-129.42181396484375,-2.9414048194885254,44,-126.60978698730469,-2.877495050430298,44,128
-43.86341857910156,-2.436856508255005,18,-66.56663513183594,-3.698146343231201,18,-60.416961669921875,-3.3564977645874023,18,-91.63780975341797,-3.3939929008483887,27,-76.740234375,-4.263346195220947,18,-79.39421081542969,-4.410789489746094,18,129
-67.60186767578125,-2.2533955574035645,30,-69.03276062011719,-2.3010919094085693,30,-50.40300750732422,-1.6801002025604248,30,-53.713035583496094,-1.7326785326004028,31,-77.9382553100586,-2.5979418754577637,30,-59.60580062866211,-1.9868600368499756,30,130
-58.663639068603516,-1.4308204650878906,41,-66.78131866455078,-1.6288126707077026,41,-60.02330017089844,-1.4639829397201538,41,-46.74906921386719,-1.6120368242263794,29,-64.76739501953125,-1.5796926021575928,41,-66.6922607421875,-1.6266405582427979,41,131
-64.7545166015625,-2.3983154296875,27,-80.18058776855469,-2.969651460647583,27,-87.5909423828125,-3.2441089153289795,27,-108.50466918945312,-2.523364305496216,43,-80.81156921386719,-2.993021011352539,27,-87.99374389648438,-3.2590274810791016,27,132
-105.22518920898438,-2.3383374214172363,45,-103.11131286621094,-2.2913625240325928,45,-94.14112854003906,-2.0920250415802,45,-93.22344207763672,-2.0265965461730957,46,-119.22706604003906,-2.6494903564453125,45,-101.47200012207031,-2.2549333572387695,45,133
-51.305416107177734,-1.068862795829773,48,-69.23146057128906,-1.4423221349716187,48,-68.2960205078125,-1.422833800315857,48,-43.997013092041016,-0.8799402713775635,50,-69.96255493164062,-1.4575532674789429,48,-73.30877685546875,-1.5272661447525024,48,134
-68.46003723144531,-1.6697570085525513,41,-119.44463348388672,-2.9132838249206543,41,-97.96139526367188,-2.3893022537231445,41,-93.31297302246094,-2.332824230194092,40,-114.22755432128906,-2.7860379219055176,41,-100.62028503417969,-2.454153299331665,41,135
-115.10667419433594,-3.1109912395477295,37,-129.34185791015625,-3.4957258701324463,37,-116.32867431640625,-3.1440181732177734,37,-118.85897064208984,-3.1278676986694336,38,-131.91824340820312,-3.5653579235076904,37,-109.35258483886719,-2.955475330352783,37,136
-128.8668212890625,-3.0682575702667236,42,-141.29498291015625,-3.364166259765625,42,-135.48001098632812,-3.2257144451141357,42,-123.63302612304688,-3.988162040710449,31,-130.8460693359375,-3.115382671356201,42,-147.42449951171875,-3.5101070404052734,42,137
-65.25247192382812,-2.3304455280303955,28,-76.2916259765625,-2.724700927734375,28,-65.55848693847656,-2.341374635696411,28,-86.39767456054688,-2.273622989654541,38,-77.29885864257812,-2.7606735229492188,28,-72.19621276855469,-2.5784361362457275,28,138
-113.98123168945312,-2.9995059967041016,38,-113.43465423583984,-2.9851224422454834,38,-88.40296173095703,-2.3263938426971436,38,-95.05754852294922,-2.2106406688690186,43,-109.9049072265625,-2.8922343254089355,38,-88.13941192626953,-2.319458246231079,38,139
-63.75376892089844,-2.0565731525421143,31,-91.72904205322266,-2.959001302719116,31,-79.77100372314453,-2.5732581615448,31,-83.0419921875,-2.595062255859375,32,-95.23412322998047,-3.072068452835083,31,-82.40680694580078,-2.6582841873168945,31,140
-64.93852233886719,-1.6234630346298218,40,-95.50253295898438,-2.3875632286071777,40,-89.4951171875,-2.237377882003784,40,-90.41728210449219,-2.2052996158599854,41,-96.45210266113281,-2.4113025665283203,40,-95.52400207519531,-2.3881001472473145,40,141
-69.42117309570312,-2.393833637237549,29,-64.11271667480469,-2.2107832431793213,29,-75.37091064453125,-2.598996877670288,29,-84.6480712890625,-2.4896490573883057,34,-76.77299499511719,-2.6473445892333984,29,-70.55305480957031,-2.43286395072937,29,142
-28.541948318481445,-0.6072754859924316,47,-61.15000534057617,-1.301063895225525,47,-58.808502197265625,-1.2512447834014893,47,-48.79172134399414,-0.8712807297706604,56,-86.05846405029297,-1.8310312032699585,47,-79.03669738769531,-1.6816318035125732,47,143
-119.50245666503906,-3.414355993270874,35,-93.46195220947266,-2.6703414916992188,35,-105.61569213867188,-3.0175912380218506,35,-122.04283142089844,-3.0510706901550293,40,-96.15230560302734,-2.747208833694458,35,-128.8877410888672,-3.682506799697876,35,144
-103.59486389160156,-2.4091827869415283,43,-138.82180786132812,-3.2284140586853027,43,-140.78292846679688,-3.274021625518799,43,-159.16860961914062,-3.6174683570861816,44,-136.50372314453125,-3.1745052337646484,43,-123.52279663085938,-2.8726232051849365,43,145
-91.71532440185547,-2.9585587978363037,31,-175.10870361328125,-5.648667812347412,31,-188.58055114746094,-6.083243370056152,31,-317.6181640625,-6.757833480834961,47,-164.9310760498047,-5.320357322692871,31,-210.50770568847656,-6.790571212768555,31,146
-84.48390197753906,-2.413825750350952,35,-79.52619934082031,-2.272177219390869,35,-84.23123168945312,-2.406606674194336,35,-85.58562469482422,-2.037752866744995,42,-79.7789077758789,-2.2793972492218018,35,-84.96910095214844,-2.4276885986328125,35,147
-57.231285095214844,-1.8461705446243286,31,-88.69790649414062,-2.861222743988037,31,-85.61746215820312,-2.7618536949157715,31,-74.72738647460938,-2.5768065452575684,29,-77.14997100830078,-2.488708734512329,31,-84.9385986328125,-2.739954710006714,31,148
-68.73497009277344,-1.718374252319336,40,-79.2988510131836,-1.982471227645874,40,-91.1144027709961,-2.277860164642334,40,-50.14549255371094,-1.6175965070724487,31,-88.19698333740234,-2.2049245834350586,40,-82.91841125488281,-2.072960376739502,40,149
-88.88846588134766,-2.339170217514038,38,-105.02082824707031,-2.7637059688568115,38,-82.59974670410156,-2.173677444458008,38,-55.99903869628906,-1.7499699592590332,32,-106.73725128173828,-2.80887508392334,38,-81.94357299804688,-2.156409740447998,38,150
-80.63011932373047,-2.8796470165252686,28,-58.30458068847656,-2.082306385040283,28,-51.662166595458984,-1.845077395439148,28,-71.68099975585938,-1.9373242855072021,37,-69.55003356933594,-2.4839298725128174,28,-48.44380569458008,-1.7301359176635742,28,151
-63.83160400390625,-1.7251784801483154,37,-97.62319946289062,-2.63846492767334,37,-103.10868835449219,-2.7867212295532227,37,-65.57646179199219,-2.623058557510376,25,-92.17941284179688,-2.491335391998291,37,-102.39537048339844,-2.767442464828491,37,152
-99.69059753417969,-2.167186975479126,46,-104.20401763916016,-2.2653048038482666,46,-114.18830871582031,-2.4823546409606934,46,-60.92250061035156,-2.100775957107544,29,-145.2115020751953,-3.1567718982696533,46,-113.29244995117188,-2.4628794193267822,46,153
-73.83622741699219,-2.953449010848999,25,-71.3527603149414,-2.8541104793548584,25,-80.8743896484375,-3.234975576400757,25,-126.07389831542969,-3.5020527839660645,36,-81.22069549560547,-3.2488279342651367,25,-92.31510925292969,-3.6926043033599854,25,154
-177.97744750976562,-5.561795234680176,32,-92.91106414794922,-2.903470754623413,32,-81.65130615234375,-2.551603317260742,32,-83.39920043945312,-2.4529175758361816,34,-90.12263488769531,-2.8163323402404785,32,-85.50495910644531,-2.672029972076416,32,155
-41.78282928466797,-1.3478331565856934,31,-87.19772338867188,-2.8128297328948975,31,-93.51637268066406,-3.0166571140289307,31,-91.86012268066406,-3.0620040893554688,30,-99.69564819335938,-3.2159886360168457,31,-97.25956726074219,-3.1374053955078125,31,156
-48.378929138183594,-1.8607280254364014,26,-49.31247329711914,-1.8966336250305176,26,-79.01021575927734,-3.0388543605804443,26,-88.48453521728516,-2.1581594944000244,41,-45.793025970458984,-1.76127028465271,26,-73.82264709472656,-2.8393325805664062,26,157
-71.95236206054688,-1.6733107566833496,43,-94.01935577392578,-2.1864967346191406,43,-87.44923400878906,-2.033703088760376,43,-70.91573333740234,-1.4472599029541016,49,-90.31260681152344,-2.1002931594848633,43,-94.92766571044922,-2.207620143890381,43,158
-63.42443084716797,-1.812126636505127,35,-96.59031677246094,-2.759723424911499,35,-101.703369140625,-2.905810594558716,35,-118.17523193359375,-2.4117393493652344,49,-87.84133911132812,-2.5097525119781494,35,-101.5688247680664,-2.9019663333892822,35,159
-107.67510986328125,-2.392780303955078,45,-150.61181640625,-3.3469293117523193,45,-169.32028198242188,-3.7626729011535645,45,-123.7320556640625,-3.866626739501953,32,-157.90565490722656,-3.50901460647583,45,-163.1006317138672,-3.6244585514068604,45,160
-98.70326232910156,-2.243255853652954,44,-168.79550170898438,-3.836261510848999,44,-139.93380737304688,-3.1803138256073,44,-138.3369598388672,-3.2937371730804443,42,-174.60154724121094,-3.968216896057129,44,-145.28857421875,-3.3020131587982178,44,161
-64.0166015625,-2.370985269546509,27,-81.27559661865234,-3.010207176208496,27,-75.03518676757812,-2.779081106185913,27,-83.90362548828125,-2.4677536487579346,34,-86.2514419555664,-3.19449782371521,27,-81.00861358642578,-3.000319004058838,27,162
-91.21232604980469,-2.2246909141540527,41,-91.17032623291016,-2.2236664295196533,41,-68.98455047607422,-1.6825499534606934,41,-39.521034240722656,-1.097806453704834,36,-88.35760498046875,-2.1550636291503906,41,-70.8268814086914,-1.727484941482544,41,163
-77.92374420166016,-2.687025547027588,29,-60.07366180419922,-2.071505546569824,29,-71.76385498046875,-2.4746155738830566,29,-67.26934814453125,-1.8180904388427734,37,-76.8846664428711,-2.6511952877044678,29,-70.87516021728516,-2.4439711570739746,29,164
-91.11589050292969,-2.5309970378875732,36,-101.48638916015625,-2.819066286087036,36,-99.40686798095703,-2.7613019943237305,36,-42.05065155029297,-2.0024120807647705,21,-109.90339660644531,-3.0528721809387207,36,-96.76316833496094,-2.687865734100342,36,165
-37.83307647705078,-1.4012250900268555,27,-56.672142028808594,-2.098968267440796,27,-62.33837890625,-2.308828830718994,27,-46.822452545166016,-2.0357587337493896,23,-60.33526611328125,-2.2346394062042236,27,-63.38180923461914,-2.3474743366241455,27,166
-122.89630126953125,-2.671658754348755,46,-122.03465270996094,-2.6529271602630615,46,-107.09918975830078,-2.3282432556152344,46,-71.3326416015625,-2.4597463607788086,29,-114.0870590209961,-2.4801535606384277,46,-115.29772186279297,-2.506472110748291,46,167
-113.5276870727539,-2.580174684524536,44,-249.77476501464844,-5.676699161529541,44,-282.80328369140625,-6.427347183227539,44,-306.01123046875,-6.375234127044678,48,-242.249755859375,-5.50567626953125,44,-274.8009033203125,-6.2454752922058105,44,168
-108.81008911132812,-2.5907163619995117,42,-98.84902954101562,-2.353548288345337,42,-103.94142150878906,-2.4747958183288574,42,-64.23207092285156,-1.9464263916015625,33,-89.56055450439453,-2.1323940753936768,42,-94.71195983886719,-2.2550466060638428,42,169
-87.15589904785156,-2.234766721725464,39,-91.00132751464844,-2.333367347717285,39,-80.93505859375,-2.0752580165863037,39,-49.422569274902344,-2.0592737197875977,24,-77.56654357910156,-1.988885760307312,39,-94.27462768554688,-2.4172980785369873,39,170
-61.368011474609375,-1.859636664390564,33,-74.01458740234375,-2.242866277694702,33,-79.36624145507812,-2.4050376415252686,33,-77.33290100097656,-2.4166531562805176,32,-78.07400512695312,-2.3658790588378906,33,-84.42984771728516,-2.5584802627563477,33,171
-101.02255249023438,-2.6584882736206055,38,-120.01492309570312,-3.158287525177002,38,-121.0234375,-3.1848273277282715,38,-76.14971923828125,-2.4564425945281982,31,-112.53895568847656,-2.9615514278411865,38,-126.93853759765625,-3.3404877185821533,38,172
-132.86138916015625,-2.3725247383117676,56,-193.97390747070312,-3.463819742202759,56,-193.00039672851562,-3.4464356899261475,56,-169.64480590820312,-4.0391621589660645,42,-203.07022094726562,-3.626253843307495,56,-192.79920959472656,-3.442842960357666,56,173
-60.09766387939453,-1.878051996231079,32,-94.6700439453125,-2.9584388732910156,32,-104.54515075683594,-3.267035961151123,32,-105.2125244140625,-2.6977570056915283,39,-83.75787353515625,-2.617433547973633,32,-99.10124969482422,-3.096914052963257,32,174
-49.90464782714844,-1.8483202457427979,27,-65.97172546386719,-2.443397283554077,27,-79.10527038574219,-2.9298248291015625,27,-107.74325561523438,-2.6278843879699707,41,-66.36688995361328,-2.4580328464508057,27,-70.06089782714844,-2.594848155975342,27,175
-53.30759048461914,-1.3326897621154785,40,-95.39622497558594,-2.3849055767059326,40,-99.01326751708984,-2.4753317832946777,40,-58.57884216308594,-2.0199601650238037,29,-96.93759155273438,-2.4234397411346436,40,-103.08876037597656,-2.577219009399414,40,176
-57.23285675048828,-1.3309966325759888,43,-115.70034790039062,-2.6907057762145996,43,-112.46343994140625,-2.615428924560547,43,-64.01231384277344,-2.00038480758667,32,-115.5433349609375,-2.687054395675659,43,-114.72085571289062,-2.667926788330078,43,177
-57.14826202392578,-2.3811776638031006,24,-169.7874755859375,-7.0744781494140625,24,-207.42926025390625,-8.6428861618042,24,-336.8902587890625,-7.167877674102783,47,-150.78250122070312,-6.282604217529297,24,-206.14187622070312,-8.589244842529297,24,178
-76.12745666503906,-1.730169415473938,44,-113.79721069335938,-2.5863001346588135,44,-105.06423950195312,-2.3878235816955566,44,-74.88735961914062,-2.2693138122558594,33,-117.72593688964844,-2.6755895614624023,44,-103.45745849609375,-2.3513059616088867,44,179
-43.84208297729492,-1.5657886266708374,28,-90.04027557373047,-3.215724229812622,28,-93.56787872314453,-3.341709852218628,28,-112.24522399902344,-2.6725053787231445,42,-88.10273742675781,-3.146526336669922,28,-93.7939453125,-3.3497836589813232,28,180
-96.86097717285156,-2.306213855743408,42,-112.19236755371094,-2.6712467670440674,42,-100.2547607421875,-2.3870182037353516,42,-70.02875518798828,-1.945243239402771,36,-111.13809967041016,-2.6461453437805176,42,-109.55166625976562,-2.608372926712036,42,181
-57.29739761352539,-1.2190935611724854,47,-97.4433364868164,-2.0732624530792236,47,-122.76478576660156,-2.6120166778564453,47,-85.59767150878906,-2.377713203430176,36,-116.53882598876953,-2.4795494079589844,47,-118.09695434570312,-2.5127012729644775,47,182
-60.60111999511719,-1.6378681659698486,37,-107.27597045898438,-2.899350643157959,37,-136.27703857421875,-3.6831631660461426,37,-149.6986541748047,-3.564253568649292,42,-117.22937774658203,-3.1683616638183594,37,-134.02813720703125,-3.622382164001465,37,183
-86.9288330078125,-1.8897572755813599,46,-110.9560775756836,-2.412088632583618,46,-91.55120849609375,-1.990243673324585,46,-94.4529037475586,-2.1965792179107666,43,-113.29180145263672,-2.4628653526306152,46,-98.94969177246094,-2.151080369949341,46,184
-96.72245025634766,-2.930983304977417,33,-100.8833999633789,-3.057072639465332,33,-71.86115264892578,-2.1776106357574463,33,-92.75117492675781,-2.0611371994018555,45,-95.6268310546875,-2.897782802581787,33,-69.25524139404297,-2.0986437797546387,33,185
-54.639305114746094,-1.2142068147659302,45,-97.68414306640625,-2.1707587242126465,45,-130.93536376953125,-2.909674644470215,45,-42.08840560913086,-1.5588297843933105,27,-108.51070404052734,-2.411349058151245,45,-131.1454620361328,-2.9143435955047607,45,186
-127.44976806640625,-3.034518241882324,42,-139.6654052734375,-3.325366735458374,42,-137.76663208007812,-3.2801578044891357,42,-131.0483856201172,-3.360214948654175,39,-146.30703735351562,-3.4835009574890137,42,-140.96583557128906,-3.3563294410705566,42,187
-60.274078369140625,-1.6290291547775269,37,-103.39056396484375,-2.794339656829834,37,-110.36015319824219,-2.9827067852020264,37,-70.39173889160156,-2.7073745727539062,26,-98.23060607910156,-2.654881238937378,37,-117.7925796508789,-3.1835832595825195,37,188
-115.81575012207031,-2.412828207015991,48,-147.5529327392578,-3.074019432067871,48,-197.85708618164062,-4.12202262878418,48,-201.4647674560547,-4.796780109405518,42,-150.2242431640625,-3.129671812057495,48,-212.44491577148438,-4.425935745239258,48,189
-70.50820922851562,-2.1366124153137207,33,-92.73702239990234,-2.8102128505706787,33,-71.36767578125,-2.162656784057617,33,-56.09225845336914,-1.8697419166564941,30,-81.22929382324219,-2.461493730545044,33,-76.28433227539062,-2.3116464614868164,33,190
-107.0969009399414,-2.677422523498535,40,-119.20478057861328,-2.980119466781616,40,-121.1238021850586,-3.028095006942749,40,-57.796043395996094,-2.0641443729400635,28,-112.02871704101562,-2.800717830657959,40,-119.8687973022461,-2.9967198371887207,40,191
-102.85574340820312,-3.4285247325897217,30,-139.98329162597656,-4.666109561920166,30,-160.8557586669922,-5.36185884475708,30,-270.19970703125,-5.748929977416992,47,-131.30467224121094,-4.376822471618652,30,-187.02764892578125,-6.234254837036133,30,192
-80.51518249511719,-2.875542163848877,28,-64.6538314819336,-2.309065341949463,28,-45.433738708496094,-1.6226335763931274,28,-51.075889587402344,-1.5477542877197266,33,-61.65101623535156,-2.20182204246521,28,-45.15538024902344,-1.61269211769104,28,193
-84.87713623046875,-1.8861585855484009,45,-103.04119873046875,-2.289804458618164,45,-87.24555969238281,-1.938790202140808,45,-87.10680389404297,-1.9357067346572876,45,-112.0560531616211,-2.4901344776153564,45,-85.85501861572266,-1.9078892469406128,45,194
-85.64417266845703,-2.039146900177002,42,-199.60604858398438,-4.7525248527526855,42,-242.45407104492188,-5.772716045379639,42,-260.1285095214844,-5.654967784881592,46,-195.65737915039062,-4.658509254455566,42,-249.1839599609375,-5.9329514503479,42,195
-67.17863464355469,-1.767858862876892,38,-109.13459777832031,-2.8719630241394043,38,-91.44606018066406,-2.406475305557251,38,-76.33101654052734,-2.313060998916626,33,-121.9321060180664,-3.2087395191192627,38,-100.33851623535156,-2.6404871940612793,38,196
-101.19644927978516,-3.162389039993286,32,-108.01525115966797,-3.375476598739624,32,-103.06890869140625,-3.2209033966064453,32,-103.56145477294922,-3.236295461654663,32,-101.98646545410156,-3.187077045440674,32,-104.31736755371094,-3.259917736053467,32,197
-99.88922119140625,-2.5612621307373047,39,-129.51210021972656,-3.3208231925964355,39,-101.46485137939453,-2.6016628742218018,39,-105.21304321289062,-2.63032603263855,40,-147.34747314453125,-3.7781403064727783,39,-104.79194641113281,-2.6869730949401855,39,198
-54.784095764160156,-1.3696024417877197,40,-84.57036590576172,-2.1142592430114746,40,-96.62779235839844,-2.4156947135925293,40,-78.22552490234375,-2.17293119430542,36,-88.41300964355469,-2.210325241088867,40,-97.99337005615234,-2.4498343467712402,40,199
-60.86378479003906,-1.5215946435928345,40,-77.74186706542969,-1.9435466527938843,40,-81.88964080810547,-2.047240972518921,40,-79.62509155273438,-2.0953972339630127,38,-89.1413803100586,-2.228534460067749,40,-77.5262680053711,-1.9381567239761353,40,200
-49.83002471923828,-1.5571882724761963,32,-79.10847473144531,-2.472139835357666,32,-18.025365829467773,-0.5632926821708679,32,-15.758854866027832,-0.4775410592556,33,-71.8758544921875,-2.2461204528808594,32,-23.603012084960938,-0.7375941276550293,32,201
-43.79515838623047,-1.5641127824783325,28,-59.41881561279297,-2.122100591659546,28,-78.98242950439453,-2.820801019668579,28,-93.6058578491211,-2.080130100250244,45,-69.44100189208984,-2.4800357818603516,28,-73.07710266113281,-2.609896421432495,28,202
-83.990966796875,-2.896240234375,29,-85.66313171386719,-2.9539010524749756,29,-77.96122741699219,-2.6883182525634766,29,-96.72966003417969,-2.418241500854492,40,-88.19462585449219,-3.041193962097168,29,-81.37617492675781,-2.806075096130371,29,203
-87.52818298339844,-2.303373336791992,38,-85.6426010131836,-2.2537527084350586,38,-95.40623474121094,-2.510690450668335,38,-77.68553161621094,-2.589517831802368,30,-100.63176727294922,-2.6482043266296387,38,-89.12327575683594,-2.3453493118286133,38,204
-97.6467056274414,-2.7124085426330566,36,-113.52555847167969,-3.1534876823425293,36,-106.43160247802734,-2.9564332962036133,36,-124.66484069824219,-2.7101051807403564,46,-117.64606475830078,-3.267946243286133,36,-124.23287200927734,-3.450913190841675,36,205
-91.78975677490234,-2.2947440147399902,40,-99.70817565917969,-2.492704391479492,40,-96.66671752929688,-2.416667938232422,40,-87.54905700683594,-2.431918144226074,36,-107.96731567382812,-2.6991829872131348,40,-92.4511489868164,-2.311278820037842,40,206
-85.48595428466797,-2.0850231647491455,41,-81.25468444824219,-1.9818215370178223,41,-63.380558013916016,-1.5458673238754272,41,-17.473403930664062,-0.6989361643791199,25,-80.232666015625,-1.9568942785263062,41,-77.92529296875,-1.9006168842315674,41,207
-112.1422119140625,-2.8035552501678467,40,-112.85249328613281,-2.821312427520752,40,-102.43330383300781,-2.5608325004577637,40,-83.933349609375,-2.3980956077575684,35,-124.37576293945312,-3.109394073486328,40,-109.39835357666016,-2.7349588871002197,40,208
-59.53075408935547,-1.240224003791809,48,-107.22897338867188,-2.2339370250701904,48,-121.21285247802734,-2.5252678394317627,48,-61.34819030761719,-1.8043584823608398,34,-99.56849670410156,-2.074343681335449,48,-108.55767059326172,-2.261618137359619,48,209
-96.17671966552734,-3.434882879257202,28,-114.55990600585938,-4.09142541885376,28,-73.30329132080078,-2.6179747581481934,28,-77.19123840332031,-2.2703304290771484,34,-120.17113494873047,-4.291826248168945,28,-87.32411193847656,-3.118718385696411,28,210
-24.1590633392334,-0.71056067943573,34,-90.0662841796875,-2.649008274078369,34,-61.59394836425781,-1.8115867376327515,34,-62.26716995239258,-2.0086183547973633,31,-88.415283203125,-2.600449562072754,34,-67.91146087646484,-1.9973958730697632,34,211
-71.65914916992188,-1.9367337226867676,37,-115.08848571777344,-3.110499620437622,37,-106.50199127197266,-2.878432273864746,37,-47.38243865966797,-2.4938125610351562,19,-118.189697265625,-3.1943161487579346,37,-107.40516662597656,-2.9028422832489014,37,212
-55.36616897583008,-1.7860054969787598,31,-110.6119155883789,-3.5681262016296387,31,-108.69962310791016,-3.506439447402954,31,-72.66361999511719,-3.8244011402130127,19,-108.74380493164062,-3.5078647136688232,31,-96.56671142578125,-3.1150553226470947,31,213
-51.22319030761719,-1.4228663444519043,36,-92.24124145507812,-2.5622568130493164,36,-105.88491821289062,-2.9412477016448975,36,-80.48490142822266,-2.775341510772705,29,-83.61333465576172,-2.3225927352905273,36,-107.27699279785156,-2.979916572570801,36,214
-69.68404388427734,-1.990972638130188,35,-110.10674285888672,-3.145906925201416,35,-84.47216033935547,-2.4134902954101562,35,-65.05493927001953,-2.0985465049743652,31,-115.72942352294922,-3.3065550327301025,35,-83.88645935058594,-2.3967559337615967,35,215
-62.389671325683594,-1.299784779548645,48,-136.76113891601562,-2.8491904735565186,48,-128.02813720703125,-2.667252779006958,48,-117.79999542236328,-3.0999999046325684,38,-135.87718200683594,-2.8307745456695557,48,-136.50294494628906,-2.843811273574829,48,216
-152.21531677246094,-3.1064350605010986,49,-148.8441925048828,-3.0376365184783936,49,-174.19471740722656,-3.5549943447113037,49,-157.9799346923828,-3.51066517829895,45,-133.7786865234375,-2.730177164077759,49,-172.51284790039062,-3.5206704139709473,49,217
-36.739158630371094,-0.9929502606391907,37,-66.17031860351562,-1.7883869409561157,37,-64.32223510742188,-1.7384388446807861,37,-55.860679626464844,-1.5960193872451782,35,-70.97909545898438,-1.9183539152145386,37,-67.39441680908203,-1.8214707374572754,37,218
-49.619327545166016,-1.3410629034042358,37,-73.40418243408203,-1.9838968515396118,37,-59.71210479736328,-1.6138406991958618,37,-47.217796325683594,-1.2761566638946533,37,-70.02616882324219,-1.892599105834961,37,-71.03780364990234,-1.9199405908584595,37,219
-68.50926208496094,-2.3623883724212646,29,-71.97532653808594,-2.481907844543457,29,-59.897743225097656,-2.065439462661743,29,-60.18614196777344,-1.5046535730361938,40,-81.26030731201172,-2.802079677581787,29,-79.27118682861328,-2.7334892749786377,29,220
-63.54521942138672,-1.8689770698547363,34,-95.91796112060547,-2.8211164474487305,34,-101.12239837646484,-2.9741880893707275,34,-78.00794219970703,-2.8891830444335938,27,-98.79437255859375,-2.905716896057129,34,-100.50593566894531,-2.956056833267212,34,221
-74.94541931152344,-2.2042770385742188,34,-89.87881469726562,-2.6434946060180664,34,-84.21684265136719,-2.47696590423584,34,-80.60820770263672,-2.5190064907073975,32,-96.56472778320312,-2.840139150619507,34,-88.59506225585938,-2.6057372093200684,34,222
-67.91751098632812,-2.515463352203369,27,-64.42686462402344,-2.3861801624298096,27,-64.41241455078125,-2.3856449127197266,27,-64.0885238647461,-2.2888758182525635,28,-60.42668151855469,-2.238025188446045,27,-61.09440994262695,-2.262755870819092,27,223
-34.45427322387695,-1.7227137088775635,20,-75.5313720703125,-3.776568651199341,20,-75.56795501708984,-3.778397798538208,20,-109.6910400390625,-1.958768606185913,56,-74.50723266601562,-3.7253615856170654,20,-73.55870056152344,-3.6779351234436035,20,224
-120.27117919921875,-2.733435869216919,44,-100.65752410888672,-2.2876710891723633,44,-77.28657531738281,-1.7565131187438965,44,-69.22631072998047,-1.7750335931777954,39,-108.34259033203125,-2.462331533432007,44,-86.04364776611328,-1.9555374383926392,44,225
-61.338523864746094,-1.460440993309021,42,-135.24334716796875,-3.2200796604156494,42,-131.94967651367188,-3.1416590213775635,42,-99.77958679199219,-3.218696355819702,31,-133.68862915039062,-3.1830625534057617,42,-135.436279296875,-3.224673271179199,42,226
-90.15141296386719,-2.0965445041656494,43,-122.16600799560547,-2.8410699367523193,43,-108.83711242675781,-2.5310957431793213,43,-69.02392578125,-2.300797462463379,30,-99.84752655029297,-2.322035551071167,43,-102.65010833740234,-2.387211799621582,43,227
-87.44234466552734,-2.7325732707977295,32,-86.45164489746094,-2.7016139030456543,32,-73.61872863769531,-2.3005852699279785,32,-71.67269134521484,-1.6668068170547485,43,-93.364990234375,-2.9176559448242188,32,-66.56622314453125,-2.0801944732666016,32,228
-69.3756103515625,-1.8256739377975464,38,-89.56195068359375,-2.356893539428711,38,-84.20523834228516,-2.2159273624420166,38,-87.55065155029297,-2.2448885440826416,39,-94.12884521484375,-2.4770748615264893,38,-86.47843933105469,-2.2757484912872314,38,229
-82.25822448730469,-2.492673397064209,33,-66.7002182006836,-2.021218776702881,33,-64.1744384765625,-1.9446799755096436,33,-53.304481506347656,-1.6657650470733643,32,-65.44628143310547,-1.9832206964492798,33,-57.76327133178711,-1.7504022121429443,33,230
-36.90644073486328,-1.7574495077133179,21,-49.8087158203125,-2.3718435764312744,21,-55.99449157714844,-2.6664042472839355,21,-53.87635803222656,-2.2448482513427734,24,-56.46455001831055,-2.6887881755828857,21,-60.45342254638672,-2.8787343502044678,21,231
-83.22598266601562,-1.9815709590911865,42,-76.18782043457031,-1.8139957189559937,42,-63.546566009521484,-1.513013482093811,42,-53.064720153808594,-1.326617956161499,40,-84.50360107421875,-2.011990547180176,42,-67.21528625488281,-1.6003639698028564,42,232
-21.423444747924805,-0.8926435112953186,24,-48.33836364746094,-2.0140984058380127,24,-56.449493408203125,-2.352062225341797,24,-90.92442321777344,-2.2176687717437744,41,-56.03248596191406,-2.3346869945526123,24,-65.30284118652344,-2.720951795578003,24,233
-79.36924743652344,-1.5873849391937256,50,-108.87530517578125,-2.1775062084198,50,-116.71087646484375,-2.3342175483703613,50,-79.44087219238281,-2.2697391510009766,35,-108.56532287597656,-2.1713063716888428,50,-118.32872009277344,-2.366574287414551,50,234
-36.7918701171875,-0.6235910058021545,59,-114.30237579345703,-1.9373284578323364,59,-97.21672821044922,-1.6477411985397339,59,-41.68680953979492,-1.0167514085769653,41,-118.9461669921875,-2.0160367488861084,59,-96.9615478515625,-1.6434160470962524,59,235
-42.94074630737305,-1.3012347221374512,33,-61.85448455810547,-1.8743783235549927,33,-57.96469497680664,-1.7565059661865234,33,-43.285797119140625,-1.5459213256835938,28,-61.821773529052734,-1.873387098312378,33,-63.92267608642578,-1.9370508193969727,33,236
-212.2799835205078,-4.162352561950684,51,-169.69784545898438,-3.327408790588379,51,-133.8228759765625,-2.6239778995513916,51,-116.89363098144531,-2.718456506729126,43,-169.02713012695312,-3.3142573833465576,51,-136.24122619628906,-2.671396493911743,51,237
-43.40504837036133,-1.3564077615737915,32,-83.04461669921875,-2.595144271850586,32,-78.701416015625,-2.4594192504882812,32,-104.06201934814453,-2.4776670932769775,42,-87.42205047607422,-2.7319390773773193,32,-81.45647430419922,-2.5455148220062256,32,238
-78.87870788574219,-1.7147544622421265,46,-114.56159973144531,-2.490469455718994,46,-100.08674621582031,-2.1757988929748535,46,-96.02655029296875,-2.133923292160034,45,-127.44514465332031,-2.7705466747283936,46,-96.85153198242188,-2.1054680347442627,46,239
-98.90986633300781,-2.300229549407959,43,-115.11605072021484,-2.677117347717285,43,-87.1866455078125,-2.0275964736938477,43,-58.59438705444336,-2.1701624393463135,27,-102.51519012451172,-2.3840742111206055,43,-89.79072570800781,-2.0881564617156982,43,240
-64.112060546875,-1.7327584028244019,37,-82.27377319335938,-2.2236154079437256,37,-55.83550262451172,-1.5090676546096802,37,-63.99176025390625,-1.5997940301895142,40,-72.92387390136719,-1.9709155559539795,37,-66.87495422363281,-1.8074312210083008,37,241
-45.009246826171875,-1.8003698587417603,25,-61.494544982910156,-2.4597818851470947,25,-71.517822265625,-2.860713005065918,25,-78.36270141601562,-2.0092999935150146,39,-58.81135559082031,-2.35245418548584,25,-65.93666076660156,-2.6374664306640625,25,242
-82.24394226074219,-2.108819007873535,39,-102.78865051269531,-2.635606527328491,39,-116.61891174316406,-2.9902284145355225,39,-116.728515625,-2.5939669609069824,45,-110.76979064941406,-2.8402509689331055,39,-113.53463745117188,-2.911144495010376,39,243
-53.2427978515625,-1.3651999235153198,39,-70.3948974609375,-1.8049973249435425,39,-61.441497802734375,-1.575423002243042,39,-72.87539672851562,-1.5182374715805054,48,-71.28614807128906,-1.8278499841690063,39,-96.82745361328125,-2.482755184173584,39,244
-107.6980209350586,-2.341261386871338,46,-126.35356903076172,-2.746816635131836,46,-163.9532012939453,-3.564199924468994,46,-146.60508728027344,-3.7591047286987305,39,-147.25799560546875,-3.201260805130005,46,-173.18507385253906,-3.764892816543579,46,245
-89.87222290039062,-2.496450662612915,36,-93.32498168945312,-2.592360496520996,36,-106.0461196899414,-2.945725440979004,36,-101.949951171875,-2.998528003692627,34,-93.71485900878906,-2.6031904220581055,36,-107.0804443359375,-2.974456787109375,36,246
-60.385498046875,-1.6773749589920044,36,-71.23172760009766,-1.9786591529846191,36,-49.99004364013672,-1.3886122703552246,36,-59.28506088256836,-1.2613842487335205,47,-80.24371337890625,-2.228991985321045,36,-66.2120361328125,-1.8392232656478882,36,247
-85.11128234863281,-1.9793320894241333,43,-130.28001403808594,-3.0297677516937256,43,-132.7467498779297,-3.0871336460113525,43,-103.8033218383789,-3.243853807449341,32,-128.5878448486328,-2.990415096282959,43,-142.81204223632812,-3.3212103843688965,43,248
-139.64962768554688,-2.909367322921753,48,-123.98464965820312,-2.5830135345458984,48,-130.45799255371094,-2.717874765396118,48,-70.45159149169922,-2.272631883621216,31,-139.69297790527344,-2.9102704524993896,48,-136.72247314453125,-2.8483848571777344,48,249
-79.0650634765625,-2.0806596279144287,38,-179.16070556640625,-4.714755535125732,38,-241.33377075195312,-6.350888729095459,38,-282.7218017578125,-6.015357494354248,47,-184.28030395507812,-4.849481582641602,38,-232.87063598632812,-6.128174781799316,38,250
-81.1103744506836,-2.385599136352539,34,-106.04550170898438,-3.118985414505005,34,-95.19453430175781,-2.7998392581939697,34,-74.77508544921875,-2.578451156616211,29,-99.50545501708984,-2.926630973815918,34,-99.21951293945312,-2.9182209968566895,34,251
-109.3563232421875,-2.4853708744049072,44,-82.15753173828125,-1.8672165870666504,44,-87.61599731445312,-1.9912726879119873,44,-66.7845458984375,-1.8551262617111206,36,-78.54835510253906,-1.7851898670196533,44,-74.0557861328125,-1.6830860376358032,44,252
-81.11117553710938,-2.0797736644744873,39,-114.35274505615234,-2.932121753692627,39,-91.27183532714844,-2.340303421020508,39,-70.98542785644531,-2.4477734565734863,29,-121.86891174316406,-3.1248438358306885,39,-100.73796081542969,-2.583024740219116,39,253
-57.68592071533203,-2.218689203262329,26,-80.075439453125,-3.079824686050415,26,-87.01419067382812,-3.3466997146606445,26,-108.82706451416016,-2.2209606170654297,49,-84.30381774902344,-3.2424545288085938,26,-103.65614318847656,-3.9867746829986572,26,254
-89.0239028930664,-2.1713147163391113,41,-98.09562683105469,-2.392576217651367,41,-96.30020141601562,-2.348785400390625,41,-54.49059295654297,-3.027255058288574,18,-104.17266845703125,-2.5407967567443848,41,-96.72553253173828,-2.359159231185913,41,255
-72.34599304199219,-2.067028284072876,35,-87.45390319824219,-2.498682975769043,35,-75.81366729736328,-2.166104793548584,35,-74.15141296386719,-2.3172316551208496,32,-93.58197021484375,-2.6737706661224365,35,-81.82505798339844,-2.3378589153289795,35,256
-74.5877685546875,-1.8192138671875,41,-92.47474670410156,-2.255481719970703,41,-67.54295349121094,-1.6473890542984009,41,-87.1368408203125,-1.9363741874694824,45,-102.26513671875,-2.4942715167999268,41,-81.24560546875,-1.9816001653671265,41,257
-84.80375671386719,-2.231677770614624,38,-115.1881332397461,-3.031266689300537,38,-97.9156494140625,-2.5767276287078857,38,-40.16428756713867,-2.113909959793091,19,-128.0186767578125,-3.3689124584198,38,-115.66378021240234,-3.043783664703369,38,258
-90.54167175292969,-3.3533952236175537,27,-171.48403930664062,-6.351260662078857,27,-189.0587158203125,-7.0021748542785645,27,-287.85198974609375,-6.2576518058776855,46,-176.02435302734375,-6.519420623779297,27,-199.10733032226562,-7.374345779418945,27,259
-119.87054443359375,-2.9967637062072754,40,-99.9108657836914,-2.497771739959717,40,-83.08961486816406,-2.077240467071533,40,-71.11882019042969,-1.6163368225097656,44,-106.8126220703125,-2.6703155040740967,40,-83.95622253417969,-2.098905563354492,40,260
-149.60452270507812,-3.4001028537750244,44,-170.49899291992188,-3.8749771118164062,44,-152.9681854248047,-3.4765496253967285,44,-78.03721618652344,-3.001431465148926,26,-177.0916748046875,-4.024810791015625,44,-153.95765686035156,-3.499037742614746,44,261
-61.638214111328125,-2.201364755630493,28,-53.803619384765625,-1.9215577840805054,28,-68.03044891357422,-2.429658889770508,28,-65.06425476074219,-2.323723316192627,28,-53.51143264770508,-1.9111225605010986,28,-74.36102294921875,-2.6557507514953613,28,262
-92.60342407226562,-2.572317361831665,36,-106.78865051269531,-2.9663515090942383,36,-99.1900863647461,-2.7552802562713623,36,-105.18964385986328,-2.3906736373901367,44,-111.7485122680664,-3.1041252613067627,36,-105.01155090332031,-2.916987419128418,36,263
-60.56000900268555,-1.7302860021591187,35,-92.01387023925781,-2.628967761993408,35,-87.14521789550781,-2.489863395690918,35,-93.78895568847656,-2.8420896530151367,33,-92.9345932006836,-2.6552741527557373,35,-106.03803253173828,-3.029658079147339,35,264
-76.20750427246094,-2.116875171661377,36,-77.861083984375,-2.1628079414367676,36,-69.95024108886719,-1.9430623054504395,36,-71.06096649169922,-2.2206552028656006,32,-75.49655151367188,-2.0971264839172363,36,-74.78145599365234,-2.0772626399993896,36,265
-71.8133316040039,-2.051809549331665,35,-116.55757141113281,-3.330216407775879,35,-86.86508178710938,-2.4818594455718994,35,-97.922119140625,-2.5108234882354736,39,-85.58487701416016,-2.445282220840454,35,-92.57371520996094,-2.644963264465332,35,266
-73.46853637695312,-1.933382511138916,38,-69.88751983642578,-1.839145302772522,38,-80.53811645507812,-2.1194241046905518,38,-47.68418884277344,-1.7660810947418213,27,-73.84205627441406,-1.9432120323181152,38,-87.05338287353516,-2.2908785343170166,38,267
-77.70280456542969,-2.7751002311706543,28,-85.28512573242188,-3.0458972454071045,28,-56.406837463378906,-2.0145299434661865,28,-49.70979690551758,-1.8411035537719727,27,-84.94508361816406,-3.033752918243408,28,-56.223060607910156,-2.0079665184020996,28,268
-80.711669921875,-2.0695300102233887,39,-111.66393280029297,-2.86317777633667,39,-102.18728637695312,-2.6201868057250977,39,-95.3072509765625,-2.803154468536377,34,-114.07321166992188,-2.9249541759490967,39,-109.98025512695312,-2.8200066089630127,39,269
-129.64735412597656,-3.0868418216705322,42,-98.66220092773438,-2.349100112915039,42,-93.01883697509766,-2.2147343158721924,42,-76.71331024169922,-2.1918089389801025,35,-97.25102233886719,-2.315500497817993,42,-92.14695739746094,-2.1939752101898193,42,270
-123.27017211914062,-2.4654035568237305,50,-145.28683471679688,-2.9057366847991943,50,-145.27462768554688,-2.9054925441741943,50,-86.28446960449219,-2.465270519256592,35,-127.309814453125,-2.546196222305298,50,-148.63613891601562,-2.9727227687835693,50,271
-78.64076232910156,-2.7117505073547363,29,-97.8257827758789,-3.373302936553955,29,-98.38616943359375,-3.3926265239715576,29,-136.494384765625,-3.0332086086273193,45,-91.91349792480469,-3.16943097114563,29,-91.93806457519531,-3.1702780723571777,29,272
-86.22309112548828,-2.694471597671509,32,-96.378173828125,-3.0118179321289062,32,-65.311767578125,-2.0409927368164062,32,-53.08501434326172,-1.8958933353424072,28,-94.1959228515625,-2.943622589111328,32,-70.02503967285156,-2.1882824897766113,32,273
-69.39274597167969,-1.8754795789718628,37,-100.8405990600586,-2.725421667098999,37,-96.03851318359375,-2.595635414123535,37,-46.17286682128906,-2.1987080574035645,21,-103.7818374633789,-2.8049144744873047,37,-104.84874725341797,-2.833750009536743,37,274
-32.831932067871094,-1.1321356296539307,29,-67.47337341308594,-2.3266680240631104,29,-51.94086456298828,-1.7910642623901367,29,-42.149200439453125,-1.685968041419983,25,-77.80364990234375,-2.682884454727173,29,-57.419891357421875,-1.9799962043762207,29,275
-39.12138748168945,-0.9097996950149536,43,-53.09581756591797,-1.2347865104675293,43,-52.255977630615234,-1.2152552604675293,43,-21.473194122314453,-0.5505947470664978,39,-51.625450134277344,-1.2005919218063354,43,-59.10807800292969,-1.3746064901351929,43,276
-105.05892944335938,-2.144059896469116,49,-111.40352630615234,-2.2735414505004883,49,-117.22529602050781,-2.392353057861328,49,-48.800804138183594,-1.4353177547454834,34,-119.81942749023438,-2.4452943801879883,49,-110.32159423828125,-2.2514610290527344,49,277
-60.98507308959961,-2.6515250205993652,23,-65.91543579101562,-2.8658885955810547,23,-55.31242370605469,-2.4048879146575928,23,-68.82835388183594,-2.5491983890533447,27,-71.38094329833984,-3.1035192012786865,23,-57.234859466552734,-2.4884722232818604,23,278
-130.5038299560547,-2.776677131652832,47,-147.67657470703125,-3.142054796218872,47,-124.91073608398438,-2.657675266265869,47,-44.34531021118164,-1.8477212190628052,24,-152.62445068359375,-3.247328758239746,47,-121.23953247070312,-2.5795645713806152,47,279
-76.02310180664062,-2.7151107788085938,28,-92.00457000732422,-3.2858774662017822,28,-79.80972290039062,-2.8503472805023193,28,-72.68061828613281,-3.160026788711548,23,-85.25746154785156,-3.0449092388153076,28,-89.15999603271484,-3.1842856407165527,28,280
-81.43524169921875,-3.016119956970215,27,-148.9014892578125,-5.5148701667785645,27,-173.60919189453125,-6.4299702644348145,27,-276.84832763671875,-5.890389919281006,47,-151.79751586914062,-5.622130393981934,27,-179.52700805664062,-6.649148464202881,27,281
-108.48174285888672,-3.39005446434021,32,-95.84194946289062,-2.995060920715332,32,-64.24067687988281,-2.007521152496338,32,-64.8113021850586,-1.620282530784607,40,-92.06938171386719,-2.8771681785583496,32,-84.17786407470703,-2.6305582523345947,32,282
-98.66957092285156,-3.9467828273773193,25,-145.26869201660156,-5.8107476234436035,25,-164.05418395996094,-6.562167167663574,25,-282.80535888671875,-6.147942543029785,46,-154.59361267089844,-6.183744430541992,25,-178.2268829345703,-7.129075527191162,25,283
-98.82496643066406,-2.0588533878326416,48,-84.38638305664062,-1.7580496072769165,48,-105.47122192382812,-2.197317123413086,48,-52.00516891479492,-1.6251615285873413,32,-86.1975326538086,-1.7957819700241089,48,-128.7032012939453,-2.681316614151001,48,284
-61.2562370300293,-1.9142574071884155,32,-68.97173309326172,-2.1553666591644287,32,-76.44444274902344,-2.3888888359069824,32,-61.87933349609375,-2.379974365234375,26,-67.831298828125,-2.1197280883789062,32,-78.91259765625,-2.4660186767578125,32,285
-73.6946792602539,-2.3772478103637695,31,-58.08551025390625,-1.8737261295318604,31,-40.77232360839844,-1.315236210823059,31,-25.279685974121094,-0.8426561951637268,30,-49.66020584106445,-1.6019421815872192,31,-43.33283233642578,-1.3978333473205566,31,286
-130.45648193359375,-2.7178432941436768,48,-117.79914855957031,-2.454149007797241,48,-107.03889465332031,-2.2299768924713135,48,-60.70532989501953,-2.33482027053833,26,-121.25894165039062,-2.5262279510498047,48,-103.49964904785156,-2.156242609024048,48,287
-58.44371032714844,-2.087275266647339,28,-73.14793395996094,-2.612426280975342,28,-79.71051025390625,-2.846803903579712,28,-76.84524536132812,-2.9555864334106445,26,-82.26902770996094,-2.9381794929504395,28,-83.93482971191406,-2.9976725578308105,28,288
-45.6199836730957,-1.112682580947876,41,-95.58707427978516,-2.3313920497894287,41,-90.65477752685547,-2.211092233657837,41,-82.98868560791016,-2.0241143703460693,41,-110.63185119628906,-2.6983377933502197,41,-91.86093139648438,-2.2405104637145996,41,289
-52.83275604248047,-1.7610918283462524,30,-68.36189270019531,-2.2787296772003174,30,-64.3611831665039,-2.1453728675842285,30,-37.178611755371094,-2.1869771480560303,17,-71.43102264404297,-2.3810341358184814,30,-77.95252227783203,-2.5984175205230713,30,290
-43.71452331542969,-1.3660788536071777,32,-38.16642379760742,-1.192700743675232,32,-49.434478759765625,-1.5448274612426758,32,-26.102270126342773,-0.9667507410049438,27,-48.16807556152344,-1.5052523612976074,32,-51.458885192871094,-1.6080901622772217,32,291
-57.32048034667969,-1.6858965158462524,34,-77.8306884765625,-2.289137840270996,34,-76.04660034179688,-2.2366647720336914,34,-100.32748413085938,-2.3331973552703857,43,-82.81201171875,-2.435647487640381,34,-84.33120727539062,-2.4803295135498047,34,292
-117.73080444335938,-2.6757001876831055,44,-135.17523193359375,-3.072164297103882,44,-127.66014099121094,-2.901366949081421,44,-85.72843933105469,-2.956153154373169,29,-135.8441162109375,-3.0873663425445557,44,-126.69972229003906,-2.8795392513275146,44,293
-77.97257995605469,-1.6950560808181763,46,-101.64607238769531,-2.2096972465515137,46,-93.97522735595703,-2.0429396629333496,46,-88.2200927734375,-2.15170955657959,41,-115.32916259765625,-2.507155656814575,46,-97.6966781616211,-2.123840808868408,46,294
-96.22660827636719,-2.237828016281128,43,-118.73855590820312,-2.761361837387085,43,-97.1837158203125,-2.2600862979888916,43,-97.67280578613281,-2.0781447887420654,47,-115.11703491210938,-2.677140235900879,43,-110.92011260986328,-2.5795373916625977,43,295
-86.95512390136719,-2.6350038051605225,33,-91.4261703491211,-2.7704899311065674,33,-94.98190307617188,-2.878239393234253,33,-82.19340515136719,-1.8680319786071777,44,-91.42423248291016,-2.7704312801361084,33,-90.10769653320312,-2.7305362224578857,33,296
-72.85906982421875,-1.821476697921753,40,-92.42457580566406,-2.3106143474578857,40,-93.95852661132812,-2.3489632606506348,40,-52.635772705078125,-1.8798490762710571,28,-94.5064468383789,-2.362661123275757,40,-85.3302001953125,-2.1332550048828125,40,297
-94.6674575805664,-2.6296515464782715,36,-111.7611083984375,-3.104475259780884,36,-103.56501770019531,-2.8768060207366943,36,-104.49839782714844,-2.3221867084503174,45,-115.65058898925781,-3.2125163078308105,36,-84.95851135253906,-2.3599586486816406,36,298
-89.44047546386719,-3.194302797317505,28,-90.12240600585938,-3.2186572551727295,28,-89.00985717773438,-3.1789233684539795,28,-95.02879333496094,-2.436635732650757,39,-90.92768859863281,-3.247417449951172,28,-86.0455322265625,-3.073054790496826,28,299
-64.07951354980469,-1.7318787574768066,37,-113.93929290771484,-3.0794403553009033,37,-144.99058532714844,-3.9186644554138184,37,-146.58697509765625,-3.8575520515441895,38,-134.14764404296875,-3.6256120204925537,37,-143.75926208496094,-3.885385513305664,37,300
-106.90580749511719,-2.7411744594573975,39,-126.20619201660156,-3.236056089401245,39,-102.39091491699219,-2.625408172607422,39,-90.46104431152344,-2.380553722381592,38,-130.365966796875,-3.342717170715332,39,-96.30965423583984,-2.4694783687591553,39,301
-77.99806213378906,-1.7332903146743774,45,-94.30429077148438,-2.0956509113311768,45,-120.24886322021484,-2.672196865081787,45,-56.3643798828125,-2.254575252532959,25,-104.26905059814453,-2.3170900344848633,45,-125.10543060302734,-2.780120611190796,45,302
-62.81813430786133,-1.3959585428237915,45,-62.037864685058594,-1.3786191940307617,45,-80.48788452148438,-1.7886196374893188,45,-21.029054641723633,-0.7251397967338562,29,-83.96432495117188,-1.86587393283844,45,-71.00839233398438,-1.5779643058776855,45,303
-66.6303482055664,-1.417667031288147,47,-122.06685638427734,-2.5971672534942627,47,-107.24812316894531,-2.281874895095825,47,-104.40447235107422,-2.6770377159118652,39,-115.45530700683594,-2.456496000289917,47,-120.55679321289062,-2.5650382041931152,47,304
-66.82273864746094,-1.5186985731124878,44,-81.12155151367188,-1.8436716794967651,44,-81.71212768554688,-1.8570938110351562,44,-78.73226165771484,-1.7115708589553833,46,-74.27767944335938,-1.6881290674209595,44,-92.27964782714844,-2.0972647666931152,44,305
-94.41988372802734,-1.8513702154159546,51,-159.45152282714844,-3.126500368118286,51,-164.3892059326172,-3.223317861557007,51,-132.80911254882812,-3.2392466068267822,41,-169.0270538330078,-3.314255952835083,51,-156.3996124267578,-3.0666589736938477,51,306
-84.13331604003906,-2.4745092391967773,34,-115.05108642578125,-3.3838555812835693,34,-105.01858520507812,-3.0887818336486816,34,-110.759521484375,-2.9935004711151123,37,-102.51132202148438,-3.0150389671325684,34,-119.61647033691406,-3.5181314945220947,34,307
-46.18097686767578,-1.049567699432373,44,-65.59832000732422,-1.4908709526062012,44,-106.77622985839844,-2.4267325401306152,44,-45.45020294189453,-1.5150067806243896,30,-60.72469711303711,-1.380106806755066,44,-108.35191345214844,-2.462543487548828,44,308
-55.55182647705078,-1.18195378780365,47,-97.859619140625,-2.0821194648742676,47,-97.73225402832031,-2.079409599304199,47,-79.49762725830078,-1.6224005222320557,49,-95.56536102294922,-2.0333056449890137,47,-95.97457885742188,-2.0420122146606445,47,309
-65.05389404296875,-2.3233532905578613,28,-71.87210083007812,-2.5668606758117676,28,-32.06868362426758,-1.1453101634979248,28,-32.953163146972656,-1.136315941810608,29,-68.47021484375,-2.4453647136688232,28,-39.211822509765625,-1.400422215461731,28,310
-85.18592834472656,-2.662060260772705,32,-100.65731811523438,-3.145541191101074,32,-104.39998626708984,-3.2624995708465576,32,-103.4464340209961,-3.8313493728637695,27,-100.32310485839844,-3.135097026824951,32,-107.69432830810547,-3.365447759628296,32,311
-90.54485321044922,-2.155829906463623,42,-116.57698822021484,-2.7756426334381104,42,-105.73619079589844,-2.5175282955169678,42,-85.48866271972656,-2.5905654430389404,33,-113.27693176269531,-2.6970698833465576,42,-102.83381652832031,-2.4484241008758545,42,312
-53.87004470825195,-1.346751093864441,40,-50.14720916748047,-1.2536802291870117,40,-63.031517028808594,-1.575787901878357,40,-52.606849670410156,-1.0959759950637817,48,-50.8088493347168,-1.27022123336792,40,-58.858848571777344,-1.4714711904525757,40,313
-95.07853698730469,-3.1692845821380615,30,-76.67704772949219,-2.555901527404785,30,-59.56129455566406,-1.9853764772415161,30,-58.24137878417969,-2.0083234310150146,29,-83.00053405761719,-2.7666845321655273,30,-67.80091857910156,-2.260030508041382,30,314
-114.94669342041016,-2.298933982849121,50,-146.5098114013672,-2.9301962852478027,50,-121.021484375,-2.4204297065734863,50,-115.25846862792969,-2.3051693439483643,50,-145.3656768798828,-2.907313585281372,50,-119.80892181396484,-2.3961784839630127,50,315
-110.4388656616211,-3.68129563331604,30,-61.777854919433594,-2.0592617988586426,30,-51.47628402709961,-1.7158761024475098,30,-51.969451904296875,-1.404579758644104,37,-56.718475341796875,-1.8906158208847046,30,-53.52778244018555,-1.7842594385147095,30,316
-76.81088256835938,-1.6002267599105835,48,-129.2572479248047,-2.692859411239624,48,-151.36204528808594,-3.1533758640289307,48,-63.822208404541016,-2.6592586040496826,24,-133.04916381835938,-2.771857500076294,48,-139.71554565429688,-2.910740613937378,48,317
-79.0792236328125,-2.726869821548462,29,-86.4450454711914,-2.980863571166992,29,-84.53271484375,-2.914921283721924,29,-82.72975158691406,-2.7576584815979004,30,-86.53010559082031,-2.9837968349456787,29,-81.97080993652344,-2.8265795707702637,29,318
-64.53941345214844,-2.0168566703796387,32,-77.51416015625,-2.4223175048828125,32,-96.50437927246094,-3.0157618522644043,32,-60.376190185546875,-2.625051736831665,23,-100.98654174804688,-3.155829429626465,32,-90.10964965820312,-2.8159265518188477,32,319
-86.40312957763672,-2.0093750953674316,43,-151.88186645507812,-3.5321364402770996,43,-132.12432861328125,-3.0726587772369385,43,-81.45381164550781,-3.258152484893799,25,-173.4747314453125,-4.034296035766602,43,-160.1466064453125,-3.724339723587036,43,320
-100.1400146484375,-3.851539134979248,26,-70.74576568603516,-2.7209908962249756,26,-56.18852233886719,-2.1610970497131348,26,-72.92203521728516,-2.0256121158599854,36,-81.03611755371094,-3.116773843765259,26,-74.45095825195312,-2.8634984493255615,26,321
-86.62899780273438,-2.0625951290130615,42,-75.46696472167969,-1.7968324422836304,42,-62.7047119140625,-1.492969274520874,42,-50.22014617919922,-1.224881649017334,41,-87.69475555419922,-2.08797025680542,42,-56.337913513183594,-1.341378927230835,42,322
-59.095367431640625,-1.7380990982055664,34,-68.77565002441406,-2.022813320159912,34,-74.08989715576172,-2.179114580154419,34,-52.833709716796875,-1.9568040370941162,27,-78.65159606933594,-2.3132822513580322,34,-78.94764709472656,-2.3219895362854004,34,323
-81.139892578125,-3.005181312561035,27,-94.2145004272461,-3.4894258975982666,27,-74.62356567382812,-2.7638356685638428,27,-81.12088012695312,-2.0800225734710693,39,-89.68898010253906,-3.3218140602111816,27,-82.58685302734375,-3.058772325515747,27,324
-81.083984375,-2.252332925796509,36,-110.09576416015625,-3.058215618133545,36,-99.80441284179688,-2.7723448276519775,36,-114.502685546875,-2.6023337841033936,44,-97.63385009765625,-2.7120513916015625,36,-92.39691925048828,-2.5665810108184814,36,325
-54.44578552246094,-1.3279459476470947,41,-74.73956298828125,-1.8229161500930786,41,-76.51678466796875,-1.8662630319595337,41,-61.431610107421875,-1.498331904411316,41,-83.25346374511719,-2.0305721759796143,41,-78.75616455078125,-1.9208821058273315,41,326
-49.63760757446289,-1.2106733322143555,41,-88.68930053710938,-2.163153648376465,41,-98.56242370605469,-2.403961658477783,41,-100.71697998046875,-2.3422553539276123,43,-96.70787048339844,-2.3587286472320557,41,-102.33143615722656,-2.4958887100219727,41,327
-77.07817077636719,-2.56927227973938,30,-65.22002410888672,-2.1740007400512695,30,-61.42063522338867,-2.0473544597625732,30,-57.29311752319336,-1.9097706079483032,30,-87.2337646484375,-2.907792091369629,30,-67.54058837890625,-2.2513530254364014,30,328
-104.85226440429688,-2.0970451831817627,50,-135.33578491210938,-2.7067155838012695,50,-110.15127563476562,-2.2030255794525146,50,-82.24855041503906,-2.164435625076294,38,-136.0597381591797,-2.7211947441101074,50,-115.84735107421875,-2.3169469833374023,50,329
-101.77930450439453,-2.827202796936035,36,-100.89752197265625,-2.802708864212036,36,-91.2778091430664,-2.535494804382324,36,-84.82508087158203,-2.4948554039001465,34,-99.3735122680664,-2.7603752613067627,36,-100.35552978515625,-2.787653684616089,36,330
-61.318939208984375,-2.3584208488464355,26,-72.63648223876953,-2.793710947036743,26,-70.2901611328125,-2.703467845916748,26,-60.80170440673828,-2.1714894771575928,28,-78.07014465332031,-3.0026979446411133,26,-73.57481384277344,-2.829800605773926,26,331
-69.11251831054688,-1.7721158266067505,39,-93.35346984863281,-2.393678665161133,39,-96.9634780883789,-2.4862430095672607,39,-73.2750015258789,-2.3637096881866455,31,-110.33734130859375,-2.82916259765625,39,-106.330078125,-2.726412296295166,39,332
-102.30730438232422,-2.6232643127441406,39,-113.92811584472656,-2.921233654022217,39,-95.90495300292969,-2.459101438522339,39,-21.161516189575195,-1.0076912641525269,21,-97.02145385742188,-2.487729549407959,39,-77.77693176269531,-1.9942803382873535,39,333
-26.773773193359375,-1.070950984954834,25,-85.1313705444336,-3.40525484085083,25,-78.33671569824219,-3.1334686279296875,25,-80.58340454101562,-3.2233362197875977,25,-92.45719909667969,-3.6982879638671875,25,-81.15663146972656,-3.246265172958374,25,334
-88.82382202148438,-2.277534008026123,39,-95.34016418457031,-2.444619655609131,39,-106.53260803222656,-2.731605291366577,39,-110.09103393554688,-2.446467399597168,45,-87.43145751953125,-2.2418322563171387,39,-95.28632354736328,-2.4432389736175537,39,335
-71.1033935546875,-1.54572594165802,46,-118.10459899902344,-2.567491292953491,46,-95.7796401977539,-2.0821661949157715,46,-86.79199981689453,-2.116878032684326,41,-111.5318603515625,-2.42460560798645,46,-93.61314392089844,-2.0350682735443115,46,336
-81.28533172607422,-2.5401666164398193,32,-73.6609115600586,-2.301903486251831,32,-83.28389739990234,-2.6026217937469482,32,-108.33714294433594,-2.8509774208068848,38,-74.6712875366211,-2.333477735519409,32,-95.50798034667969,-2.9846243858337402,32,337
-57.534446716308594,-2.1309053897857666,27,-66.91520690917969,-2.4783411026000977,27,-81.20552062988281,-3.0076119899749756,27,-84.17916870117188,-2.8059723377227783,30,-86.052978515625,-3.187147378921509,27,-82.0645751953125,-3.0394287109375,27,338
-77.10694122314453,-2.5702314376831055,30,-121.49388122558594,-4.049796104431152,30,-111.78845977783203,-3.7262818813323975,30,-124.4215087890625,-3.034670829772949,41,-125.33448791503906,-4.177816390991211,30,-120.05948638916016,-4.001982688903809,30,339
-92.37939453125,-2.199509382247925,42,-131.77281188964844,-3.1374478340148926,42,-124.49345397949219,-2.96412992477417,42,-77.54155731201172,-4.561267852783203,17,-128.93862915039062,-3.069967269897461,42,-134.52713012695312,-3.2030270099639893,42,340
-84.07125854492188,-2.05051851272583,41,-90.3275375366211,-2.203110694885254,41,-108.07792663574219,-2.636046886444092,41,-66.56137084960938,-2.1471409797668457,31,-92.00127410888672,-2.2439334392547607,41,-108.57563018798828,-2.648186206817627,41,341
-52.47441101074219,-1.6398253440856934,32,-81.65542602539062,-2.551732063293457,32,-64.31375122070312,-2.0098047256469727,32,-50.769317626953125,-1.7506661415100098,29,-79.61808776855469,-2.488065242767334,32,-61.32445526123047,-1.9163892269134521,32,342
-83.54141235351562,-2.037595510482788,41,-86.17628479003906,-2.101860523223877,41,-89.82273864746094,-2.19079852104187,41,-85.89336395263672,-2.7707536220550537,31,-94.6244125366211,-2.307912588119507,41,-89.26095581054688,-2.177096366882324,41,343
-115.6152572631836,-2.752744197845459,42,-126.9664077758789,-3.023009777069092,42,-109.51372528076172,-2.6074695587158203,42,-89.03459167480469,-2.618664503097534,34,-120.36965942382812,-2.8659443855285645,42,-117.50030517578125,-2.797626256942749,42,344
-144.58889770507812,-2.835076332092285,51,-123.87456512451172,-2.428913116455078,51,-122.28105163574219,-2.397667646408081,51,-70.64082336425781,-2.6163268089294434,27,-127.19529724121094,-2.494025468826294,51,-138.60275268554688,-2.717700958251953,51,345
-245.23410034179688,-5.981319427490234,41,-182.97779846191406,-4.4628729820251465,41,-133.1446075439453,-3.247429370880127,41,-98.42649841308594,-3.7856345176696777,26,-188.03573608398438,-4.58623743057251,41,-124.48988342285156,-3.0363385677337646,41,346
-55.605987548828125,-1.737687110900879,32,-70.61692810058594,-2.2067790031433105,32,-80.75343322753906,-2.5235447883605957,32,-78.19757843017578,-2.443674325942993,32,-79.8470687866211,-2.495220899581909,32,-88.89100646972656,-2.777843952178955,32,347
-82.65072631835938,-3.0611379146575928,27,-86.13568878173828,-3.1902105808258057,27,-89.12551879882812,-3.3009450435638428,27,-85.22282409667969,-1.9368823766708374,44,-89.70085906982422,-3.322253942489624,27,-77.85740661621094,-2.8836076259613037,27,348
-48.647483825683594,-1.3513189554214478,36,-164.34927368164062,-4.565257549285889,36,-213.786376953125,-5.938510417938232,36,-268.6821594238281,-5.840916633605957,46,-170.30352783203125,-4.730653762817383,36,-229.8461456298828,-6.384614944458008,36,349
-118.64340209960938,-3.295650005340576,36,-79.79229736328125,-2.2164525985717773,36,-48.42633819580078,-1.345176100730896,36,-38.76763916015625,-1.2505689859390259,31,-74.7169189453125,-2.075469970703125,36,-52.759647369384766,-1.4655457735061646,36,350
-66.36062622070312,-1.7463322877883911,38,-83.83851623535156,-2.2062766551971436,38,-98.52934265136719,-2.5928773880004883,38,-61.5769157409668,-2.2806265354156494,27,-88.37274169921875,-2.3255984783172607,38,-90.5640869140625,-2.383265495300293,38,351
-46.96957015991211,-1.6774846315383911,28,-57.50775909423828,-2.0538485050201416,28,-62.96259307861328,-2.248664140701294,28,-55.278785705566406,-2.1261072158813477,26,-74.92854309082031,-2.6760194301605225,28,-74.98731994628906,-2.6781184673309326,28,352
-73.16561889648438,-1.7420384883880615,42,-90.62713623046875,-2.1577889919281006,42,-106.65662384033203,-2.5394434928894043,42,-52.41856384277344,-1.7472854852676392,30,-89.19554138183594,-2.1237034797668457,42,-106.41975402832031,-2.533803701400757,42,353
-109.79622650146484,-2.3868744373321533,46,-119.08554077148438,-2.5888161659240723,46,-120.49051666259766,-2.619359016418457,46,-116.02931213378906,-2.7626025676727295,42,-133.149169921875,-2.8945472240448,46,-126.18939208984375,-2.7432477474212646,46,354
-70.34547424316406,-1.6748921871185303,42,-232.30715942382812,-5.53112268447876,42,-252.3507080078125,-6.008350372314453,42,-282.5397033691406,-6.011483192443848,47,-236.46112060546875,-5.630026817321777,42,-258.72149658203125,-6.160035610198975,42,355
-47.8382453918457,-1.449643850326538,33,-126.74022674560547,-3.8406128883361816,33,-116.66775512695312,-3.535386562347412,33,-115.89166259765625,-2.5193839073181152,46,-126.61097717285156,-3.8366963863372803,33,-123.99323272705078,-3.757370710372925,33,356
-98.74919891357422,-2.24429988861084,44,-92.0837173461914,-2.0928118228912354,44,-89.63926696777344,-2.0372560024261475,44,-60.58345031738281,-1.893232822418213,32,-92.95176696777344,-2.1125402450561523,44,-96.36259460449219,-2.190058946609497,44,357
-94.78982543945312,-2.8724188804626465,33,-52.656524658203125,-1.5956522226333618,33,-58.86235809326172,-1.783707857131958,33,-48.03895950317383,-1.4557260274887085,33,-79.52253723144531,-2.409773826599121,33,-56.96843338012695,-1.726316213607788,33,358
-98.21694946289062,-2.6545121669769287,37,-127.0549087524414,-3.4339165687561035,37,-122.61138916015625,-3.313821315765381,37,-82.6499252319336,-3.1788432598114014,26,-130.6551513671875,-3.5312201976776123,37,-118.0208969116211,-3.189754009246826,37,359
-181.87965393066406,-3.9539055824279785,46,-176.94784545898438,-3.8466923236846924,46,-133.20172119140625,-2.8956894874572754,46,-115.7849349975586,-3.1293225288391113,37,-172.10516357421875,-3.7414166927337646,46,-140.53851318359375,-3.055185079574585,46,360
-88.60922241210938,-2.161200523376465,41,-110.25106811523438,-2.6890504360198975,41,-87.13787841796875,-2.1253139972686768,41,-84.15037536621094,-2.103759288787842,40,-108.24454498291016,-2.640110969543457,41,-89.75851440429688,-2.189232110977173,41,361
-139.06915283203125,-2.8381459712982178,49,-101.8699951171875,-2.0789794921875,49,-95.35907745361328,-1.946103572845459,49,-64.97200775146484,-1.6659488677978516,39,-129.1674041748047,-2.6360695362091064,49,-105.88398742675781,-2.160897731781006,49,362
-87.80867004394531,-2.1416749954223633,41,-67.40803527832031,-1.6440984010696411,41,-58.601905822753906,-1.4293147325515747,41,-52.10496520996094,-1.0855201482772827,48,-79.2444839477539,-1.93279230594635,41,-69.02298736572266,-1.6834875345230103,41,363
-83.59638977050781,-1.9441020488739014,43,-88.49356079101562,-2.0579898357391357,43,-88.62132263183594,-2.0609610080718994,43,-53.24946212768555,-1.8361883163452148,29,-92.65673828125,-2.1548078060150146,43,-87.552490234375,-2.036104440689087,43,364
-68.28805541992188,-2.438859224319458,28,-161.3171844482422,-5.761328220367432,28,-203.23321533203125,-7.258328914642334,28,-288.44256591796875,-6.009220123291016,48,-143.78948974609375,-5.13533878326416,28,-189.0581512451172,-6.752076625823975,28,365
-42.852142333984375,-1.9478245973587036,22,-63.81812286376953,-2.9008238315582275,22,-65.87092590332031,-2.9941329956054688,22,-80.4278564453125,-2.297938823699951,35,-49.159576416015625,-2.2345261573791504,22,-62.504310607910156,-2.8411049842834473,22,366
-90.27204895019531,-1.9206818342208862,47,-230.66854858398438,-4.907841682434082,47,-276.315185546875,-5.879046440124512,47,-288.67608642578125,-6.275567054748535,46,-220.83367919921875,-4.698588848114014,47,-270.0467529296875,-5.745675563812256,47,367
-77.486572265625,-1.8449183702468872,42,-112.08192443847656,-2.6686172485351562,42,-100.67003631591797,-2.3969056606292725,42,-83.41238403320312,-2.1387791633605957,39,-89.46754455566406,-2.1301796436309814,42,-89.67481994628906,-2.1351146697998047,42,368
-61.81058883666992,-1.4047861099243164,44,-57.466854095458984,-1.3060648441314697,44,-59.38527297973633,-1.3496652841567993,44,-53.673160552978516,-1.3091014623641968,41,-75.8868637084961,-1.7247014045715332,44,-74.6754150390625,-1.6971684694290161,44,369
-60.127052307128906,-1.2526469230651855,48,-137.0194091796875,-2.8545711040496826,48,-150.412353515625,-3.1335906982421875,48,-127.683837890625,-3.3601009845733643,38,-150.1185760498047,-3.1274702548980713,48,-159.27122497558594,-3.318150520324707,48,370
-53.744014739990234,-1.6795004606246948,32,-108.90397644042969,-3.4032492637634277,32,-128.81182861328125,-4.025369644165039,32,-134.67385864257812,-3.2065205574035645,42,-116.11991119384766,-3.6287472248077393,32,-120.02086639404297,-3.7506520748138428,32,371
-88.50118255615234,-2.107171058654785,42,-168.220703125,-4.005254745483398,42,-136.15341186523438,-3.2417478561401367,42,-100.98597717285156,-2.8853137493133545,35,-159.86178588867188,-3.8062329292297363,42,-125.00532531738281,-2.9763171672821045,42,372
-55.50853729248047,-1.7905980348587036,31,-77.54019165039062,-2.5012965202331543,31,-79.19918823242188,-2.554812431335449,31,-57.91522979736328,-2.1450085639953613,27,-72.20425415039062,-2.329169511795044,31,-74.5672607421875,-2.4053955078125,31,373
-31.464197158813477,-1.2585679292678833,25,-109.11155700683594,-4.364462375640869,25,-122.47906494140625,-4.899162769317627,25,-104.18728637695312,-2.604682207107544,40,-106.63391876220703,-4.265356540679932,25,-104.35060119628906,-4.1740241050720215,25,374
-83.10404968261719,-2.865656852722168,29,-60.740989685058594,-2.0945169925689697,29,-47.858543395996094,-1.650294542312622,29,-18.93947410583496,-0.4509398639202118,42,-55.34837341308594,-1.908564567565918,29,-56.7338981628418,-1.95634126663208,29,375
-66.78219604492188,-1.484048843383789,45,-120.98404693603516,-2.6885342597961426,45,-87.55442810058594,-1.9456539154052734,45,-71.90585327148438,-1.997384786605835,36,-123.65721130371094,-2.7479379177093506,45,-99.89886474609375,-2.2199747562408447,45,376
-77.87136840820312,-2.359738349914551,33,-78.61665344238281,-2.3823227882385254,33,-76.583251953125,-2.320704698562622,33,-62.62324523925781,-1.361374855041504,46,-78.63357543945312,-2.382835626602173,33,-79.50462341308594,-2.409230947494507,33,377
-95.69093322753906,-2.7340266704559326,35,-94.58528137207031,-2.702436685562134,35,-70.72721099853516,-2.020777463912964,35,-17.116323471069336,-0.8558161854743958,20,-106.09650421142578,-3.0313286781311035,35,-85.92550659179688,-2.45501446723938,35,378
-98.60816955566406,-3.5217204093933105,28,-112.22954559326172,-4.008198261260986,28,-80.78916931152344,-2.8853275775909424,28,-110.80485534667969,-2.408801317214966,46,-116.54436492919922,-4.162298679351807,28,-79.82614135742188,-2.85093355178833,28,379
-79.81690979003906,-3.0698812007904053,26,-78.99185180664062,-3.0381481647491455,26,-67.04997253417969,-2.5788450241088867,26,-48.38446044921875,-2.846144676208496,17,-75.50979614257812,-2.9042229652404785,26,-67.20349884033203,-2.584749937057495,26,380
-100.27690887451172,-2.8650546073913574,35,-69.39860534667969,-1.98281729221344,35,-70.70085906982422,-2.020024538040161,35,-73.71270751953125,-1.5683554410934448,47,-60.092689514160156,-1.7169339656829834,35,-83.30850219726562,-2.3802428245544434,35,381
-71.4043960571289,-2.7463228702545166,26,-166.3211212158203,-6.396965980529785,26,-175.82363891601562,-6.762447834014893,26,-265.42193603515625,-5.898265361785889,45,-161.3642578125,-6.20631742477417,26,-181.95028686523438,-6.9980878829956055,26,382
-71.8531494140625,-1.4969406127929688,48,-85.86066436767578,-1.7887638807296753,48,-97.63566589355469,-2.034076452255249,48,-88.42777252197266,-1.9223428964614868,46,-92.34352111816406,-1.923823356628418,48,-107.26185607910156,-2.234622001647949,48,383
-165.7300262451172,-3.3822455406188965,49,-138.50401306152344,-2.8266124725341797,49,-135.25477600097656,-2.7603015899658203,49,-78.57025146484375,-2.310889720916748,34,-145.92300415039062,-2.978020429611206,49,-139.36277770996094,-2.8441383838653564,49,384
-96.76629638671875,-3.023946762084961,32,-81.04082489013672,-2.5325257778167725,32,-83.11030578613281,-2.5971970558166504,32,-55.738990783691406,-1.359487533569336,41,-105.20230102539062,-3.287571907043457,32,-83.857666015625,-2.6205520629882812,32,385
-31.244436264038086,-1.0078850984573364,31,-71.42407989501953,-2.304002523422241,31,-84.61766052246094,-2.7296018600463867,31,-79.80030059814453,-3.192012071609497,25,-76.1298828125,-2.4558026790618896,31,-84.54977416992188,-2.727411985397339,31,386
-56.386619567871094,-1.5239627361297607,37,-91.56422424316406,-2.4747087955474854,37,-99.35769653320312,-2.6853432655334473,37,-81.50878143310547,-2.547149419784546,32,-93.5260009765625,-2.5277297496795654,37,-101.84353637695312,-2.752527952194214,37,387
-91.28085327148438,-1.9843664169311523,46,-197.88795471191406,-4.3019118309021,46,-272.57159423828125,-5.925469398498535,46,-269.29168701171875,-5.984259605407715,45,-185.167724609375,-4.02538537979126,46,-276.244140625,-6.005307197570801,46,388
-174.1824493408203,-3.9586920738220215,44,-134.65444946289062,-3.060328483581543,44,-108.81742858886719,-2.47312331199646,44,-63.49622344970703,-2.2677223682403564,28,-142.42568969726562,-3.236947536468506,44,-98.9051513671875,-2.2478444576263428,44,389
-77.27061462402344,-2.0334372520446777,38,-113.82040405273438,-2.9952738285064697,38,-93.67683410644531,-2.465179920196533,38,-83.46435546875,-2.454833984375,34,-110.37339782714844,-2.9045631885528564,38,-100.751953125,-2.6513671875,38,390
-59.76570129394531,-1.867678165435791,32,-103.3539810180664,-3.229811906814575,32,-94.1043472290039,-2.940760850906372,32,-96.98863983154297,-2.93904972076416,33,-105.74575805664062,-3.3045549392700195,32,-96.39520263671875,-3.012350082397461,32,391
-87.20074462890625,-2.81292724609375,31,-84.8531494140625,-2.7371983528137207,31,-78.9722671508789,-2.547492504119873,31,-79.7057113647461,-1.9440417289733887,41,-92.51025390625,-2.984201669692993,31,-79.47189331054688,-2.5636093616485596,31,392
-93.50901794433594,-2.0328047275543213,46,-87.81895446777344,-1.9091076850891113,46,-105.52449035644531,-2.294010639190674,46,-53.88684844970703,-1.9958091974258423,27,-94.35523223876953,-2.0512006282806396,46,-111.70397186279297,-2.428347110748291,46,393
-109.04793548583984,-2.3201687335968018,47,-112.66686248779297,-2.397167205810547,47,-82.08596801757812,-1.7465099096298218,47,-71.45307922363281,-1.74275803565979,41,-113.80366516113281,-2.4213545322418213,47,-94.72807312011719,-2.015491008758545,47,394
-52.25601577758789,-1.3064004182815552,40,-119.26875305175781,-2.9817187786102295,40,-110.47966766357422,-2.7619917392730713,40,-46.459075927734375,-1.8583630323410034,25,-115.58618927001953,-2.8896546363830566,40,-98.55406188964844,-2.4638514518737793,40,395
-160.81631469726562,-3.153261184692383,51,-134.0189666748047,-2.6278228759765625,51,-132.44320678710938,-2.596925735473633,51,-84.61931610107422,-2.4888033866882324,34,-135.215087890625,-2.6512763500213623,51,-133.1985321044922,-2.6117358207702637,51,396
-37.22168731689453,-0.7444337606430054,50,-98.47007751464844,-1.9694015979766846,50,-64.22693634033203,-1.284538745880127,50,-48.10032653808594,-0.9620065093040466,50,-98.9293441772461,-1.9785869121551514,50,-68.8360595703125,-1.3767211437225342,50,397
-125.99839782714844,-3.073131561279297,41,-104.80110931396484,-2.556124687194824,41,-85.10527038574219,-2.0757381916046143,41,-79.16111755371094,-1.9790279865264893,40,-92.28843688964844,-2.2509374618530273,41,-89.13622283935547,-2.1740541458129883,41,398
-66.7681655883789,-1.4837369918823242,45,-109.1847915649414,-2.426328659057617,45,-79.83161926269531,-1.774035930633545,45,-16.991966247558594,-0.5663988590240479,30,-122.33084106445312,-2.718463182449341,45,-76.97734832763672,-1.7106077671051025,45,399
-98.02699279785156,-2.8007712364196777,35,-65.74726104736328,-1.8784931898117065,35,-51.367591857910156,-1.467645525932312,35,-61.26774597167969,-1.6558849811553955,37,-85.42558288574219,-2.4407310485839844,35,-76.22465515136719,-2.177847385406494,35,400
-95.42521667480469,-2.168754816055298,44,-102.13883972167969,-2.3213372230529785,44,-111.93405151367188,-2.5439558029174805,44,-52.972328186035156,-1.8918688297271729,28,-113.73602294921875,-2.584909677505493,44,-111.67585754394531,-2.5380876064300537,44,401
-63.43913269042969,-1.4753286838531494,43,-85.74154663085938,-1.9939894676208496,43,-104.47505187988281,-2.429652452468872,43,-75.85028839111328,-2.4467835426330566,31,-80.65841674804688,-1.8757771253585815,43,-111.17623901367188,-2.585494041442871,43,402
-146.21902465820312,-3.481405258178711,42,-162.8907470703125,-3.8783512115478516,42,-112.99855041503906,-2.690441608428955,42,-94.86480712890625,-2.6351335048675537,36,-157.91796875,-3.759951591491699,42,-121.01268768310547,-2.8812544345855713,42,403
-74.56474304199219,-2.1930806636810303,34,-75.32146453857422,-2.2153372764587402,34,-48.644081115722656,-1.4307082891464233,34,-52.67987060546875,-1.5051391124725342,35,-82.08415985107422,-2.4142398834228516,34,-70.8313217163086,-2.0832741260528564,34,404
-41.830711364746094,-0.8366142511367798,50,-81.2906494140625,-1.6258130073547363,50,-93.08937072753906,-1.8617874383926392,50,-81.38866424560547,-1.6609930992126465,49,-100.39688110351562,-2.0079376697540283,50,-105.08773803710938,-2.101754665374756,50,405
-79.24661254882812,-1.7610357999801636,45,-142.34808349609375,-3.1632907390594482,45,-114.42070770263672,-2.542682409286499,45,-117.77076721191406,-2.6171281337738037,45,-125.44827270507812,-2.7877392768859863,45,-123.43832397460938,-2.7430739402770996,45,406
-194.2896728515625,-4.518364429473877,43,-139.77804565429688,-3.250652313232422,43,-102.23133087158203,-2.3774728775024414,43,-56.01735305786133,-1.9316328763961792,29,-135.24270629882812,-3.145179271697998,43,-104.945068359375,-2.4405829906463623,43,407
-66.22962188720703,-1.5052186250686646,44,-93.49331665039062,-2.1248481273651123,44,-82.3973388671875,-1.872666835784912,44,-65.77523040771484,-1.3703173398971558,48,-102.48989868164062,-2.3293159008026123,44,-86.00694274902344,-1.9547032117843628,44,408
-43.05450439453125,-1.2663089036941528,34,-78.67339324951172,-2.3139233589172363,34,-79.9842529296875,-2.35247802734375,34,-111.87762451171875,-2.4861693382263184,45,-96.75988006591797,-2.845878839492798,34,-83.9287338256836,-2.468492269515991,34,409
-109.68399810791016,-2.285083293914795,48,-120.89039611816406,-2.518549919128418,48,-116.7197265625,-2.4316608905792236,48,-124.68789672851562,-2.833815813064575,44,-118.75318908691406,-2.474024772644043,48,-135.62088012695312,-2.825434923171997,48,410
-92.58099365234375,-2.8054847717285156,33,-76.03594970703125,-2.30411958694458,33,-66.84186553955078,-2.0255110263824463,33,-67.23644256591797,-1.9775424003601074,34,-83.21694946289062,-2.521725654602051,33,-75.22391510009766,-2.279512643814087,33,411
-98.69171142578125,-2.1931490898132324,45,-103.10940551757812,-2.2913200855255127,45,-95.74644470214844,-2.1276986598968506,45,-86.95818328857422,-2.0222833156585693,43,-125.17476654052734,-2.7816615104675293,45,-88.32240295410156,-1.9627200365066528,45,412
-146.36032104492188,-3.484769582748413,42,-137.09169006347656,-3.2640879154205322,42,-79.77980041503906,-1.8995190858840942,42,-76.74209594726562,-1.9185523986816406,40,-134.34498596191406,-3.198690176010132,42,-76.5123062133789,-1.8217215538024902,42,413
-127.00245666503906,-3.342170000076294,38,-191.90380859375,-5.050100326538086,38,-213.53720092773438,-5.6194000244140625,38,-294.56842041015625,-6.267413139343262,47,-202.81097412109375,-5.337131023406982,38,-215.30157470703125,-5.665831089019775,38,414
-72.49870300292969,-2.196930408477783,33,-99.30271911621094,-3.0091733932495117,33,-83.579345703125,-2.532707452774048,33,-58.82328414916992,-2.5575339794158936,23,-91.77738952636719,-2.781132936477661,33,-88.69310760498047,-2.6876699924468994,33,415
-66.08269500732422,-2.541642189025879,26,-94.99141693115234,-3.6535160541534424,26,-74.52091979980469,-2.8661892414093018,26,-90.58191680908203,-2.264547824859619,40,-101.7089614868164,-3.9118831157684326,26,-81.0622787475586,-3.1177799701690674,26,416
-87.37223815917969,-2.0319125652313232,43,-84.99695587158203,-1.9766733646392822,43,-99.16432189941406,-2.3061470985412598,43,-89.32616424560547,-2.1786868572235107,41,-95.30188751220703,-2.216322898864746,43,-99.32479858398438,-2.3098790645599365,43,417
-85.66256713867188,-2.2542781829833984,38,-105.40716552734375,-2.7738728523254395,38,-102.94568634033203,-2.709096908569336,38,-54.95490264892578,-1.9626750946044922,28,-113.00721740722656,-2.973874092102051,38,-103.54789733886719,-2.724944591522217,38,418
-99.84500885009766,-3.328166961669922,30,-104.30924987792969,-3.4769749641418457,30,-104.3497085571289,-3.4783236980438232,30,-114.9473876953125,-2.736842632293701,42,-101.70143127441406,-3.390047788619995,30,-106.38452911376953,-3.5461509227752686,30,419
-146.25457763671875,-2.5658698081970215,57,-214.5169677734375,-3.763455629348755,57,-171.37667846679688,-3.006608486175537,57,-51.51643371582031,-2.4531636238098145,21,-206.9271240234375,-3.630300521850586,57,-164.83216857910156,-2.8917925357818604,57,420
-67.25199127197266,-2.2417330741882324,30,-86.16050720214844,-2.8720169067382812,30,-98.44259643554688,-3.2814199924468994,30,-92.51319885253906,-2.3128299713134766,40,-90.96649932861328,-3.0322165489196777,30,-101.82079315185547,-3.394026517868042,30,421
-81.38214874267578,-1.9376702308654785,42,-117.40354919433594,-2.7953226566314697,42,-95.58133697509766,-2.2757461071014404,42,-89.35395812988281,-2.0307717323303223,44,-122.68429565429688,-2.9210546016693115,42,-98.51998901367188,-2.3457140922546387,42,422
-53.91869354248047,-1.6338998079299927,33,-74.31400299072266,-2.251939535140991,33,-81.89375305175781,-2.481628894805908,33,-82.03446960449219,-2.343842029571533,35,-80.62935638427734,-2.4433138370513916,33,-79.88377380371094,-2.420720338821411,33,423
-126.95388793945312,-3.733937978744507,34,-105.1089096069336,-3.0914385318756104,34,-91.42554473876953,-2.6889865398406982,34,-66.42689514160156,-2.372389078140259,28,-115.33724975585938,-3.3922719955444336,34,-98.76054382324219,-2.904721975326538,34,424
-93.34153747558594,-2.5227441787719727,37,-93.57874298095703,-2.5291552543640137,37,-97.54559326171875,-2.6363673210144043,37,-102.87569427490234,-2.4494214057922363,42,-106.043212890625,-2.866032838821411,37,-100.79985046386719,-2.72432017326355,37,425
-66.12400817871094,-2.1330325603485107,31,-94.85758972167969,-3.059922218322754,31,-78.67999267578125,-2.5380642414093018,31,-86.84774780273438,-2.347236394882202,37,-96.1443862915039,-3.1014318466186523,31,-94.55557250976562,-3.0501797199249268,31,426
-84.49520874023438,-2.112380266189575,40,-92.86029052734375,-2.321507215499878,40,-83.36351776123047,-2.08408784866333,40,-102.25093078613281,-2.175551652908325,47,-102.57041931152344,-2.564260482788086,40,-89.8892822265625,-2.247231960296631,40,427
-53.44095993041992,-2.2267067432403564,24,-66.95039367675781,-2.789599657058716,24,-85.11700439453125,-3.546541929244995,24,-78.14002227783203,-2.790714979171753,28,-73.08065795898438,-3.045027494430542,24,-79.06474304199219,-3.2943642139434814,24,428
-40.23356628417969,-2.117556095123291,19,-64.79084014892578,-3.4100441932678223,19,-49.34434509277344,-2.5970706939697266,19,-62.94810104370117,-2.8612773418426514,22,-66.69107055664062,-3.510056257247925,19,-51.33959197998047,-2.7020838260650635,19,429
-86.65841674804688,-2.548776865005493,34,-94.38221740722656,-2.7759475708007812,34,-71.70779418945312,-2.1090526580810547,34,-62.062713623046875,-2.2165255546569824,28,-97.27253723144531,-2.860956907272339,34,-71.98522186279297,-2.1172122955322266,34,430
-90.97631072998047,-1.7838492393493652,51,-98.7603530883789,-1.936477541923523,51,-88.95885467529297,-1.7442913055419922,51,-86.12908935546875,-1.7225817441940308,50,-93.55174255371094,-1.8343478441238403,51,-101.82920837402344,-1.9966511726379395,51,431
-80.25381469726562,-2.006345272064209,40,-95.08192443847656,-2.3770480155944824,40,-87.13784790039062,-2.1784462928771973,40,-86.02027893066406,-2.2636916637420654,38,-98.37911987304688,-2.4594779014587402,40,-88.70610046386719,-2.2176525592803955,40,432
-133.79188537597656,-3.615996837615967,37,-125.63370513916016,-3.395505428314209,37,-108.66423034667969,-2.93687105178833,37,-67.215087890625,-2.489447593688965,27,-141.6039581298828,-3.827133893966675,37,-123.74747467041016,-3.3445262908935547,37,433
-88.06942749023438,-2.3802547454833984,37,-90.88530731201172,-2.456359624862671,37,-73.94090270996094,-1.9984028339385986,37,-61.49308395385742,-2.049769401550293,30,-91.31027221679688,-2.4678452014923096,37,-76.83834838867188,-2.076712131500244,37,434
-63.474708557128906,-2.0475711822509766,31,-67.4315414428711,-2.175210952758789,31,-55.97016906738281,-1.8054893016815186,31,-44.619171142578125,-1.5385921001434326,29,-64.13114929199219,-2.06874680519104,31,-60.412174224853516,-1.948779821395874,31,435
-57.71193313598633,-1.2023319005966187,48,-75.35272216796875,-1.5698484182357788,48,-66.32162475585938,-1.3817005157470703,48,-66.73846435546875,-1.3620095252990723,49,-81.2823715209961,-1.693382740020752,48,-77.84275817871094,-1.6217241287231445,48,436
-93.02618408203125,-2.2689313888549805,41,-116.78250122070312,-2.848353624343872,41,-129.20907592773438,-3.1514408588409424,41,-116.32511138916016,-3.1439218521118164,37,-114.12351989746094,-2.7835004329681396,41,-137.22006225585938,-3.3468308448791504,41,437
-98.66015625,-2.1924479007720947,45,-116.17570495605469,-2.5816824436187744,45,-113.96809387207031,-2.5326242446899414,45,-63.421390533447266,-1.981918454170227,32,-117.341552734375,-2.6075899600982666,45,-122.611572265625,-2.7247016429901123,45,438
-59.76865005493164,-1.3583784103393555,44,-90.44927978515625,-2.0556654930114746,44,-82.38740539550781,-1.872441053390503,44,-70.53388214111328,-1.6403228044509888,43,-91.87586975097656,-2.088088035583496,44,-95.76056671142578,-2.1763765811920166,44,439
-59.644020080566406,-1.2425837516784668,48,-122.78163146972656,-2.557950735092163,48,-155.70834350585938,-3.2439239025115967,48,-79.06195068359375,-2.726274251937866,29,-123.55790710449219,-2.5741231441497803,48,-164.9566650390625,-3.4365971088409424,48,440
-108.15050506591797,-3.004180669784546,36,-97.83548736572266,-2.7176523208618164,36,-92.80316162109375,-2.5778656005859375,36,-72.31306457519531,-2.410435438156128,30,-101.71330261230469,-2.8253695964813232,36,-94.91571044921875,-2.636547565460205,36,441
-124.27542114257812,-3.0311079025268555,41,-218.6267547607422,-5.332359790802002,41,-232.14028930664062,-5.66195821762085,41,-276.4004211425781,-6.008704662322998,46,-236.578857421875,-5.77021598815918,41,-252.50685119628906,-6.158703804016113,41,442
-84.56015014648438,-2.5624287128448486,33,-91.92198944091797,-2.7855148315429688,33,-92.7496109008789,-2.810594320297241,33,-97.82077026367188,-2.2749016284942627,43,-88.25623321533203,-2.674431324005127,33,-90.60369873046875,-2.7455666065216064,33,443
-120.61570739746094,-3.7692408561706543,32,-85.12869262695312,-2.660271644592285,32,-72.33020782470703,-2.2603189945220947,32,-78.06199645996094,-1.7347110509872437,45,-110.32176971435547,-3.4475553035736084,32,-93.35038757324219,-2.9171996116638184,32,444
-115.8266372680664,-3.406665802001953,34,-79.77217102050781,-2.346240282058716,34,-54.02511215209961,-1.588973879814148,34,-16.091276168823242,-0.3657108247280121,44,-90.93489074707031,-2.674555540084839,34,-68.8837661743164,-2.0259931087493896,34,445
-86.06900787353516,-2.4591145515441895,35,-86.2337646484375,-2.4638218879699707,35,-57.91802978515625,-1.6548008918762207,35,-35.62483215332031,-1.1132760047912598,32,-109.47346496582031,-3.1278133392333984,35,-71.50645446777344,-2.043041467666626,35,446
-70.31339263916016,-2.0680408477783203,34,-85.66860961914062,-2.519665002822876,34,-83.82460021972656,-2.4654293060302734,34,-75.31852722167969,-2.2152507305145264,34,-77.99368286132812,-2.2939319610595703,34,-81.15174102783203,-2.3868160247802734,34,447
-108.80667877197266,-2.2205445766448975,49,-139.81463623046875,-2.8533599376678467,49,-108.18104553222656,-2.2077765464782715,49,-85.70944213867188,-1.993242859840393,43,-126.51692199707031,-2.5819780826568604,49,-108.67985534667969,-2.217956304550171,49,448
-65.20940399169922,-1.672036051750183,39,-105.76151275634766,-2.7118337154388428,39,-96.95464324951172,-2.4860165119171143,39,-76.7139892578125,-2.3973121643066406,32,-95.96797180175781,-2.46071720123291,39,-86.47850799560547,-2.217397689819336,39,449
-44.64400863647461,-1.1161001920700073,40,-123.97343444824219,-3.0993359088897705,40,-103.9180908203125,-2.597952365875244,40,-88.19802856445312,-2.321000814437866,38,-114.0615234375,-2.8515381813049316,40,-96.55850982666016,-2.4139628410339355,40,450
-68.10002136230469,-2.196774959564209,31,-72.50038146972656,-2.338721990585327,31,-79.30847930908203,-2.558337926864624,31,-54.484527587890625,-2.0955586433410645,26,-82.30404663085938,-2.6549692153930664,31,-76.72460174560547,-2.474987268447876,31,451
-105.80323791503906,-2.645081043243408,40,-132.640625,-3.3160157203674316,40,-119.00104522705078,-2.9750261306762695,40,-78.10113525390625,-2.6931426525115967,29,-135.8011474609375,-3.395028591156006,40,-127.99441528320312,-3.1998603343963623,40,452
-70.86473083496094,-1.9152629375457764,37,-90.33879089355469,-2.441588878631592,37,-87.33538818359375,-2.3604159355163574,37,-80.65973663330078,-1.833175778388977,44,-92.65754699707031,-2.504257917404175,37,-90.76986694335938,-2.453239679336548,37,453
-99.1424331665039,-2.1094133853912354,47,-127.42875671386719,-2.711250066757202,47,-112.48999786376953,-2.393404245376587,47,-67.7601318359375,-2.1858108043670654,31,-138.1087646484375,-2.9384844303131104,47,-138.9244384765625,-2.955839157104492,47,454
-99.86648559570312,-2.628065347671509,38,-93.94402313232422,-2.4722111225128174,38,-91.30030822753906,-2.402639627456665,38,-82.93246459960938,-2.3694989681243896,35,-89.98381042480469,-2.367995023727417,38,-84.01112365722656,-2.2108190059661865,38,455
-65.39328002929688,-1.8683794736862183,35,-97.26170349121094,-2.7789058685302734,35,-87.640869140625,-2.5040247440338135,35,-95.60175323486328,-2.3900437355041504,40,-113.71598815917969,-3.249028205871582,35,-111.19345092773438,-3.1769556999206543,35,456
-78.03823852539062,-2.6909737586975098,29,-113.40547943115234,-3.9105336666107178,29,-116.38827514648438,-4.013388633728027,29,-128.366943359375,-2.9174306392669678,44,-122.34080505371094,-4.218648433685303,29,-130.61831665039062,-4.504079818725586,29,457
-77.34672546386719,-2.2099063396453857,35,-92.16343688964844,-2.6332409381866455,35,-99.1918716430664,-2.8340535163879395,35,-69.13082885742188,-2.880451202392578,24,-87.05232238769531,-2.4872093200683594,35,-95.03263854980469,-2.7152183055877686,35,458
-83.22611236572266,-2.600816011428833,32,-121.69989013671875,-3.803121566772461,32,-120.19692993164062,-3.7561540603637695,32,-132.23118591308594,-3.3057796955108643,40,-116.36944580078125,-3.636545181274414,32,-112.94911193847656,-3.5296597480773926,32,459
-63.62568664550781,-1.2984833717346191,49,-91.706787109375,-1.8715671300888062,49,-79.70817565917969,-1.6266974210739136,49,-49.46214294433594,-1.3016353845596313,38,-110.65798950195312,-2.258326292037964,49,-93.12725830078125,-1.9005563259124756,49,460
-63.88972473144531,-1.879109501838684,34,-76.07657623291016,-2.237546443939209,34,-83.1248550415039,-2.4448487758636475,34,-59.19043731689453,-2.0410494804382324,29,-87.15969848632812,-2.5635204315185547,34,-86.3232421875,-2.538918972015381,34,461
-100.89434814453125,-3.363144874572754,30,-92.7475814819336,-3.091586112976074,30,-68.14596557617188,-2.2715322971343994,30,-89.40477752685547,-2.0319268703460693,44,-95.87899780273438,-3.1959664821624756,30,-68.61918640136719,-2.287306308746338,30,462
-60.09266662597656,-1.306362271308899,46,-99.52610778808594,-2.1636109352111816,46,-97.05697631835938,-2.1099343299865723,46,-97.11457061767578,-2.0232203006744385,48,-101.74732208251953,-2.2118983268737793,46,-97.3941421508789,-2.1172640323638916,46,463
-40.626182556152344,-1.098004937171936,37,-91.80897521972656,-2.481323719024658,37,-93.85551452636719,-2.536635637283325,37,-116.82880401611328,-2.7816381454467773,42,-96.7713851928711,-2.6154427528381348,37,-97.17910766601562,-2.626462459564209,37,464
-67.7330093383789,-2.2577669620513916,30,-59.091407775878906,-1.969713568687439,30,-55.840267181396484,-1.861342191696167,30,-56.914527893066406,-1.8359525203704834,31,-63.86513137817383,-2.128837823867798,30,-61.332550048828125,-2.0444183349609375,30,465
-64.036376953125,-2.208150863647461,29,-71.83026123046875,-2.476905584335327,29,-56.87847137451172,-1.9613265991210938,29,-46.29387283325195,-1.7805335521697998,26,-77.08590698242188,-2.658134698867798,29,-62.58295822143555,-2.1580331325531006,29,466
-93.56156921386719,-2.126399278640747,44,-72.57447814941406,-1.649419903755188,44,-81.27659606933594,-1.8471953868865967,44,-47.54827880859375,-1.5338155031204224,31,-75.48252868652344,-1.7155120372772217,44,-82.29607391357422,-1.8703652620315552,44,467
-92.29859161376953,-2.1464788913726807,43,-105.9444351196289,-2.4638240337371826,43,-99.20895385742188,-2.307184934616089,43,-76.83423614501953,-2.1952638626098633,35,-98.41270446777344,-2.2886674404144287,43,-109.54672241210938,-2.547598123550415,43,468
-92.218505859375,-2.974790573120117,31,-76.24192810058594,-2.4594171047210693,31,-62.29206848144531,-2.0094215869903564,31,-48.099143981933594,-2.0912671089172363,23,-74.95491027832031,-2.417900323867798,31,-63.20705032348633,-2.0389370918273926,31,469
-105.53016662597656,-2.198545217514038,48,-143.74514770507812,-2.9946906566619873,48,-144.27577209472656,-3.0057451725006104,48,-81.94189453125,-3.151611328125,26,-133.92514038085938,-2.790107011795044,48,-137.97720336914062,-2.8745250701904297,48,470
-77.68741607666016,-2.5060455799102783,31,-84.21327209472656,-2.716557264328003,31,-82.25422668457031,-2.6533620357513428,31,-77.4488754272461,-2.4202773571014404,32,-89.52405548095703,-2.8878726959228516,31,-88.80921936035156,-2.8648135662078857,31,471
-46.1822395324707,-1.3194925785064697,35,-83.43850708007812,-2.3839573860168457,35,-65.49400329589844,-1.8712571859359741,35,-56.217445373535156,-1.7035589218139648,33,-84.47990417480469,-2.4137115478515625,35,-64.90054321289062,-1.8543012142181396,35,472
-76.23006439208984,-1.8592698574066162,41,-100.4794692993164,-2.450718879699707,41,-79.86412811279297,-1.9479055404663086,41,-69.0536880493164,-1.770607352256775,39,-106.0272445678711,-2.5860302448272705,41,-81.75363159179688,-1.9939910173416138,41,473
-54.15039825439453,-1.230690836906433,44,-107.01017761230469,-2.432049512863159,44,-97.48687744140625,-2.2156107425689697,44,-76.70161437988281,-1.5340323448181152,50,-101.5799560546875,-2.3086354732513428,44,-87.24264526367188,-1.9827873706817627,44,474
-64.95515441894531,-2.095327615737915,31,-108.90276336669922,-3.5129923820495605,31,-138.91041564941406,-4.480981349945068,31,-167.78627014160156,-3.6475276947021484,46,-109.92339324951172,-3.5459158420562744,31,-118.96186828613281,-3.837479591369629,31,475
-124.61707305908203,-2.8322062492370605,44,-105.0002212524414,-2.386368751525879,44,-110.31538391113281,-2.5071678161621094,44,-54.2099609375,-2.4640891551971436,22,-113.93759155273438,-2.5894906520843506,44,-114.7878646850586,-2.6088151931762695,44,476
-88.10881805419922,-2.1489956378936768,41,-134.84039306640625,-3.288789987564087,41,-149.73939514160156,-3.6521804332733154,41,-152.16012573242188,-3.4581847190856934,44,-155.25091552734375,-3.7866077423095703,41,-175.43972778320312,-4.279017925262451,41,477
-94.22779083251953,-2.0048465728759766,47,-135.08212280273438,-2.8740878105163574,47,-145.93630981445312,-3.105027914047241,47,-132.29257202148438,-2.8147356510162354,47,-168.13479614257812,-3.577336072921753,47,-165.10562133789062,-3.512885570526123,47,478
-75.85881805419922,-1.5803920030593872,48,-59.558746337890625,-1.2408071756362915,48,-94.79774475097656,-1.974953055381775,48,-23.96835708618164,-0.7731727957725525,31,-69.36104583740234,-1.4450217485427856,48,-76.02861785888672,-1.5839295387268066,48,479
-66.27124786376953,-1.7439801692962646,38,-95.67230224609375,-2.5176920890808105,38,-92.84686279296875,-2.443338394165039,38,-79.95249938964844,-3.0750961303710938,26,-103.97447204589844,-2.7361702919006348,38,-95.42488861083984,-2.511181354522705,38,480
-65.19963073730469,-2.5076780319213867,26,-69.44513702392578,-2.670966863632202,26,-62.86217498779297,-2.417775869369507,26,-62.24907302856445,-1.9452835321426392,32,-81.51300048828125,-3.135115385055542,26,-68.76092529296875,-2.644650936126709,26,481
-65.58499145507812,-2.3423211574554443,28,-116.62326049804688,-4.165116310119629,28,-84.19235229492188,-3.0068697929382324,28,-80.60733032226562,-2.3030664920806885,35,-121.44247436523438,-4.337231159210205,28,-88.66339111328125,-3.1665496826171875,28,482
-56.50193405151367,-2.3542473316192627,24,-55.92348098754883,-2.3301451206207275,24,-42.499473571777344,-1.7708114385604858,24,-44.95960998535156,-1.9547656774520874,23,-70.52360534667969,-2.938483476638794,24,-67.47688293457031,-2.8115367889404297,24,483
-93.27545166015625,-3.73101806640625,25,-84.20361328125,-3.3681445121765137,25,-92.57058715820312,-3.7028234004974365,25,-87.95852661132812,-3.257723093032837,27,-98.81130981445312,-3.9524524211883545,25,-98.08686065673828,-3.9234743118286133,25,484
-59.20261001586914,-1.9734203815460205,30,-84.37796020507812,-2.812598705291748,30,-78.0789794921875,-2.602632761001587,30,-76.60035705566406,-1.9150089025497437,40,-92.02813720703125,-3.0676045417785645,30,-95.50914764404297,-3.183638334274292,30,485
-104.44670104980469,-2.486826181411743,42,-114.87136840820312,-2.735032558441162,42,-88.59422302246094,-2.1093862056732178,42,-60.24845886230469,-2.510352373123169,24,-107.82801055908203,-2.567333698272705,42,-100.09085845947266,-2.383115768432617,42,486
-105.84672546386719,-2.860722303390503,37,-65.83006286621094,-1.7791908979415894,37,-79.01734161376953,-2.135603904724121,37,-50.69330596923828,-1.635267972946167,31,-88.38419342041016,-2.3887619972229004,37,-88.47333526611328,-2.3911712169647217,37,487
-90.40994262695312,-2.379209041595459,38,-91.22372436523438,-2.4006242752075195,38,-92.54774475097656,-2.435467004776001,38,-74.57421875,-2.3304443359375,32,-97.79898834228516,-2.573657512664795,38,-98.86681365966797,-2.6017582416534424,38,488
-111.69788360595703,-2.538588285446167,44,-124.954345703125,-2.839871406555176,44,-138.5861053466797,-3.149684190750122,44,-113.2881088256836,-3.9064865112304688,29,-119.7024154663086,-2.7205095291137695,44,-133.8262939453125,-3.041506767272949,44,489
-98.98039245605469,-3.093137264251709,32,-88.86328887939453,-2.776977777481079,32,-68.19156646728516,-2.130986452102661,32,-63.910240173339844,-1.6387240886688232,39,-102.25723266601562,-3.1955385208129883,32,-81.857421875,-2.55804443359375,32,490
-141.64984130859375,-3.294182300567627,43,-85.07769775390625,-1.9785511493682861,43,-87.66767883300781,-2.038783311843872,43,-76.3434066772461,-2.0090370178222656,38,-93.67604064941406,-2.1785125732421875,43,-93.80540466308594,-2.181520938873291,43,491
-88.34896850585938,-2.8499667644500732,31,-105.0758056640625,-3.3895421028137207,31,-83.10633850097656,-2.680849552154541,31,-84.23410034179688,-2.9046242237091064,29,-115.31449127197266,-3.719822406768799,31,-92.3319091796875,-2.9784486293792725,31,492
-68.77012634277344,-1.7192531824111938,40,-106.64811706542969,-2.666203022003174,40,-86.32505798339844,-2.1581263542175293,40,-80.37590789794922,-1.8692071437835693,43,-98.97354888916016,-2.4743387699127197,40,-90.94731140136719,-2.2736828327178955,40,493
-86.68870544433594,-1.8845371007919312,46,-136.42050170898438,-2.965663194656372,46,-132.5694580078125,-2.8819446563720703,46,-142.94866943359375,-2.858973503112793,50,-136.10455322265625,-2.958794593811035,46,-136.60243225097656,-2.969618082046509,46,494
-74.7207260131836,-2.4906909465789795,30,-88.61203002929688,-2.9537343978881836,30,-82.74658203125,-2.7582194805145264,30,-91.46493530273438,-2.177736520767212,42,-81.2905502319336,-2.7096850872039795,30,-86.52999114990234,-2.8843331336975098,30,495
-72.93029022216797,-2.5148375034332275,29,-80.28937530517578,-2.768599033355713,29,-76.87994384765625,-2.6510324478149414,29,-84.46492004394531,-2.639528751373291,32,-79.86357879638672,-2.7539165019989014,29,-78.60457611083984,-2.7105026245117188,29,496
-149.76437377929688,-3.186475992202759,47,-111.27018737792969,-2.367450714111328,47,-110.81803131103516,-2.35783052444458,47,-52.92396926879883,-1.9601470232009888,27,-116.70600891113281,-2.4831066131591797,47,-120.42860412597656,-2.5623106956481934,47,497
-108.21250915527344,-3.0059030055999756,36,-103.15924072265625,-2.865534543991089,36,-106.00470733642578,-2.944575309753418,36,-79.73207092285156,-3.322169542312622,24,-106.75579833984375,-2.9654388427734375,36,-120.23810577392578,-3.339947462081909,36,498
-96.05387878417969,-2.59605073928833,37,-89.68600463867188,-2.4239461421966553,37,-83.1008529663086,-2.24596905708313,37,-64.2103271484375,-1.8885390758514404,34,-91.58635711669922,-2.475306987762451,37,-81.96337890625,-2.215226411819458,37,499
-76.73419189453125,-1.7845160961151123,43,-127.15276336669922,-2.957041025161743,43,-121.84259796142578,-2.8335487842559814,43,-56.18736267089844,-1.8124955892562866,31,-131.67340087890625,-3.0621721744537354,43,-117.06512451171875,-2.722444772720337,43,500
-37.40328598022461,-0.8698438405990601,43,-108.68592834472656,-2.5275797843933105,43,-120.34579467773438,-2.798739433288574,43,-85.20127868652344,-2.6625399589538574,32,-112.96945190429688,-2.6271965503692627,43,-135.26783752441406,-3.145763635635376,43,501
-74.75418090820312,-2.7686734199523926,27,-83.62022399902344,-3.097045421600342,27,-89.94867706298828,-3.331432580947876,27,-70.45993041992188,-3.522996425628662,20,-92.845458984375,-3.438720703125,27,-91.03627014160156,-3.371713638305664,27,502
-70.47402954101562,-1.9576119184494019,36,-99.03504943847656,-2.750973701477051,36,-104.88159942626953,-2.9133777618408203,36,-104.94406127929688,-2.761685848236084,38,-105.42066955566406,-2.928351879119873,36,-102.40129852294922,-2.844480514526367,36,503
-70.92337036132812,-1.8664045333862305,38,-76.90434265136719,-2.0237984657287598,38,-81.80331420898438,-2.1527187824249268,38,-67.74748229980469,-2.1854026317596436,31,-87.69070434570312,-2.307650089263916,38,-77.23884582519531,-2.0326011180877686,38,504
-81.32786560058594,-1.891345739364624,43,-93.9219970703125,-2.184232473373413,43,-113.29055786132812,-2.6346640586853027,43,-51.18724060058594,-1.7650772333145142,29,-103.07157135009766,-2.3970131874084473,43,-125.74110412597656,-2.9242117404937744,43,505
-89.75373077392578,-3.452066659927368,26,-92.79130554199219,-3.5688962936401367,26,-78.49968719482422,-3.019218683242798,26,-90.69769287109375,-2.667579174041748,34,-94.78106689453125,-3.64542555809021,26,-82.35621643066406,-3.1675467491149902,26,506
-59.135414123535156,-1.7919822931289673,33,-89.51960754394531,-2.7127153873443604,33,-91.70075988769531,-2.778810977935791,33,-86.80486297607422,-2.0187177658081055,43,-90.33428955078125,-2.7374026775360107,33,-87.59723663330078,-2.654461622238159,33,507
-27.039867401123047,-0.7308072447776794,37,-85.19910430908203,-2.3026785850524902,37,-67.88192749023438,-1.8346467018127441,37,-46.045867919921875,-1.1806632280349731,39,-93.18309783935547,-2.5184621810913086,37,-65.66707611083984,-1.7747858762741089,37,508
-167.8601837158203,-3.425718069076538,49,-135.34591674804688,-2.7621614933013916,49,-117.98902893066406,-2.4079394340515137,49,-105.79283142089844,-2.938689708709717,36,-137.37379455566406,-2.803546905517578,49,-133.03372192382812,-2.7149739265441895,49,509
-59.895999908447266,-1.4974000453948975,40,-90.79884338378906,-2.2699711322784424,40,-106.575927734375,-2.664398193359375,40,-57.241886138916016,-2.201611042022705,26,-103.36198425292969,-2.584049701690674,40,-90.40352630615234,-2.2600882053375244,40,510
-62.99870300292969,-3.4999279975891113,18,-57.975196838378906,-3.220844268798828,18,-41.49869155883789,-2.305482864379883,18,-22.89204216003418,-0.7893807888031006,29,-61.63825225830078,-3.424347400665283,18,-48.941741943359375,-2.7189855575561523,18,511
-91.19769287109375,-1.9403764009475708,47,-133.18069458007812,-2.833631753921509,47,-153.39117431640625,-3.2636420726776123,47,-141.64901733398438,-3.2192957401275635,44,-132.26773071289062,-2.814207077026367,47,-148.20489501953125,-3.1532957553863525,47,512
-28.21442413330078,-1.0449786186218262,27,-44.052711486816406,-1.6315819025039673,27,-60.905086517333984,-2.255743980407715,27,-76.04537963867188,-2.534846067428589,30,-66.85784912109375,-2.4762165546417236,27,-81.81127166748047,-3.0300471782684326,27,513
-105.89253234863281,-3.025501012802124,35,-94.72559356689453,-2.7064454555511475,35,-94.64726257324219,-2.704207420349121,35,-78.32349395751953,-2.526564359664917,31,-102.57493591308594,-2.9307124614715576,35,-85.08778381347656,-2.431079626083374,35,514
-90.00933074951172,-3.1037700176239014,29,-79.46685791015625,-2.740236520767212,29,-80.27592468261719,-2.7681353092193604,29,-107.90133666992188,-2.452303171157837,44,-71.75749206542969,-2.474396228790283,29,-77.56473541259766,-2.6746461391448975,29,515
-73.25337219238281,-2.034815788269043,36,-141.2458953857422,-3.923497200012207,36,-141.5303955078125,-3.9313998222351074,36,-113.2553939819336,-4.355976581573486,26,-133.94845581054688,-3.720790386199951,36,-124.1148910522461,-3.4476358890533447,36,516
-96.43512725830078,-2.0518112182617188,47,-127.10407257080078,-2.7043418884277344,47,-118.65449523925781,-2.524563789367676,47,-84.40553283691406,-3.1261308193206787,27,-131.9017333984375,-2.806419849395752,47,-122.11677551269531,-2.598229169845581,47,517
-73.29698181152344,-1.7045810222625732,43,-87.50841522216797,-2.0350794792175293,43,-97.34321594238281,-2.2637956142425537,43,-42.8525390625,-1.4284179210662842,30,-109.07952880859375,-2.5367331504821777,43,-107.14231872558594,-2.4916818141937256,43,518
-137.8117218017578,-3.28123140335083,42,-127.71967315673828,-3.0409445762634277,42,-110.09320831298828,-2.6212668418884277,42,-83.26779174804688,-2.602118492126465,32,-127.86897277832031,-3.044499397277832,42,-110.17184448242188,-2.6231391429901123,42,519
-89.87478637695312,-3.2098138332366943,28,-86.56109619140625,-3.0914676189422607,28,-93.33717346191406,-3.333470582962036,28,-89.037841796875,-2.7824325561523438,32,-83.51715850830078,-2.982755661010742,28,-83.31759643554688,-2.97562837600708,28,520
-142.8558807373047,-3.039486885070801,47,-120.958984375,-2.5735955238342285,47,-119.36920928955078,-2.5397703647613525,47,-62.352928161621094,-1.9485290050506592,32,-120.23204040527344,-2.558128595352173,47,-112.76589965820312,-2.3992743492126465,47,521
-69.24303436279297,-2.4729654788970947,28,-78.88055419921875,-2.8171627521514893,28,-64.10951232910156,-2.289625406265259,28,-44.48844909667969,-1.8536853790283203,24,-81.00609588623047,-2.8930747509002686,28,-71.80426025390625,-2.5644378662109375,28,522
-106.76449584960938,-2.4264657497406006,44,-158.99876403808594,-3.6136083602905273,44,-155.98995971679688,-3.5452263355255127,44,-125.0928955078125,-3.207510232925415,39,-162.48976135253906,-3.692949056625366,44,-156.06045532226562,-3.546828508377075,44,523
-75.96619415283203,-2.3020057678222656,33,-103.45440673828125,-3.134982109069824,33,-92.91925811767578,-2.815735101699829,33,-99.36917114257812,-2.6856532096862793,37,-92.18116760253906,-2.7933688163757324,33,-81.96174621582031,-2.483689308166504,33,524
-85.59217834472656,-2.1398043632507324,40,-79.58892822265625,-1.9897232055664062,40,-78.31568145751953,-1.9578920602798462,40,-71.83926391601562,-1.9416017532348633,37,-78.04722595214844,-1.9511806964874268,40,-78.4943618774414,-1.962359070777893,40,525
-85.98509216308594,-3.0708961486816406,28,-110.62652587890625,-3.9509472846984863,28,-111.82118225097656,-3.9936137199401855,28,-115.26072692871094,-4.26891565322876,27,-109.65107727050781,-3.916109800338745,28,-119.03254699707031,-4.251162528991699,28,526
-67.22759246826172,-2.0371997356414795,33,-69.02003479003906,-2.0915162563323975,33,-77.77728271484375,-2.3568873405456543,33,-66.32102966308594,-2.139388084411621,31,-77.93623352050781,-2.361704111099243,33,-65.5519790649414,-1.9864236116409302,33,527
-80.07121276855469,-2.0017802715301514,40,-95.14077758789062,-2.3785195350646973,40,-111.3087158203125,-2.7827179431915283,40,-94.03291320800781,-2.765673875808716,34,-106.22625732421875,-2.655656337738037,40,-119.90419006347656,-2.9976048469543457,40,528
-52.527198791503906,-1.4590888023376465,36,-84.4982681274414,-2.3471741676330566,36,-76.43244934082031,-2.1231236457824707,36,-65.8016586303711,-1.46225905418396,45,-86.77554321289062,-2.4104318618774414,36,-69.84390258789062,-1.9401084184646606,36,529
-47.35389709472656,-1.6328929662704468,29,-76.56430053710938,-2.640148401260376,29,-70.06100463867188,-2.4158966541290283,29,-72.25873565673828,-2.49168062210083,29,-73.04310607910156,-2.5187277793884277,29,-73.87486267089844,-2.5474090576171875,29,530
-48.92010498046875,-2.32952880859375,21,-114.99654388427734,-5.4760260581970215,21,-122.31903076171875,-5.824715614318848,21,-184.57839965820312,-4.857326507568359,38,-112.52165222167969,-5.358173847198486,21,-109.71022033691406,-5.2242960929870605,21,531
-74.446533203125,-2.255955457687378,33,-89.00288391113281,-2.697057008743286,33,-67.35466766357422,-2.041050434112549,33,-65.47154235839844,-1.3639904260635376,48,-89.58633422851562,-2.7147374153137207,33,-75.60845947265625,-2.291165351867676,33,532
-91.8694839477539,-2.187368631362915,42,-75.96939849853516,-1.8087952136993408,42,-72.99534606933594,-1.7379844188690186,42,-85.08369445800781,-1.933720350265503,44,-83.45784759521484,-1.9870916604995728,42,-81.46019744873047,-1.939528465270996,42,533
-49.71651077270508,-1.3436894416809082,37,-66.23068237304688,-1.7900184392929077,37,-77.83114624023438,-2.1035444736480713,37,-78.09651184082031,-2.1693475246429443,36,-63.73281478881836,-1.7225085496902466,37,-61.975341796875,-1.6750092506408691,37,534
-52.06241989135742,-1.3015605211257935,40,-91.45816040039062,-2.28645396232605,40,-78.559326171875,-1.963983178138733,40,-57.066925048828125,-1.6784390211105347,34,-110.70303344726562,-2.767575740814209,40,-83.50078582763672,-2.087519645690918,40,535
-75.7266616821289,-1.8030157089233398,42,-94.26966094970703,-2.2445156574249268,42,-66.83493041992188,-1.5913078784942627,42,-64.62824249267578,-1.5762985944747925,41,-94.32344055175781,-2.2457962036132812,42,-64.13600158691406,-1.5270476341247559,42,536
-70.80484008789062,-2.284027099609375,31,-76.80178833007812,-2.4774770736694336,31,-81.68721008300781,-2.635071277618408,31,-74.10090637207031,-2.555203676223755,29,-68.68634796142578,-2.215688705444336,31,-82.81350708007812,-2.671403408050537,31,537
-21.466167449951172,-0.6924570202827454,31,-101.07613372802734,-3.2605204582214355,31,-94.8519287109375,-3.059739589691162,31,-87.84487915039062,-2.9281625747680664,30,-127.88839721679688,-4.125432014465332,31,-100.6014175415039,-3.2452070713043213,31,538
-60.51319885253906,-1.833733320236206,33,-62.967254638671875,-1.908098578453064,33,-52.47815704345703,-1.5902471542358398,33,-57.058467864990234,-1.7290444374084473,33,-75.28195190429688,-2.28127121925354,33,-62.943031311035156,-1.9073646068572998,33,539
-62.55382537841797,-1.6906439065933228,37,-94.20924377441406,-2.5461957454681396,37,-89.91850280761719,-2.430229902267456,37,-81.55004119873047,-2.548438787460327,32,-108.35948181152344,-2.9286346435546875,37,-99.13317108154297,-2.679274797439575,37,540
-155.3123321533203,-3.982367515563965,39,-121.02953338623047,-3.1033213138580322,39,-93.58720397949219,-2.399671792984009,39,-122.65736389160156,-2.0107765197753906,61,-94.97671508789062,-2.435300350189209,39,-83.17367553710938,-2.1326582431793213,39,541
-42.60884094238281,-1.7043536901474,25,-65.56608581542969,-2.62264347076416,25,-58.525238037109375,-2.3410096168518066,25,-83.65924072265625,-2.3238677978515625,36,-63.73162841796875,-2.549265146255493,25,-60.587730407714844,-2.423509120941162,25,542
-53.04731369018555,-1.2336584329605103,43,-78.17487335205078,-1.8180203437805176,43,-71.84109497070312,-1.6707230806350708,43,-70.45897674560547,-1.6775946617126465,42,-94.53688049316406,-2.1985321044921875,43,-73.61121368408203,-1.7118886709213257,43,543
-81.181396484375,-2.1363525390625,38,-76.40861511230469,-2.0107529163360596,38,-61.07212829589844,-1.607161283493042,38,-55.636680603027344,-1.5896193981170654,35,-85.19952392578125,-2.2420928478240967,38,-70.35293579101562,-1.8513931035995483,38,544
-60.001277923583984,-1.9355250597000122,31,-70.2430648803711,-2.2659053802490234,31,-71.87508392333984,-2.3185510635375977,31,-62.065879821777344,-2.3871493339538574,26,-76.0604248046875,-2.453562021255493,31,-97.56617736816406,-3.1472959518432617,31,545
-100.33612060546875,-2.5084030628204346,40,-122.31639862060547,-3.0579099655151367,40,-113.51619720458984,-2.837904930114746,40,-74.9996337890625,-2.884601354598999,26,-126.73677062988281,-3.168419361114502,40,-122.6459732055664,-3.0661492347717285,40,546
-54.76854705810547,-1.521348476409912,36,-53.641334533691406,-1.4900370836257935,36,-64.8499755859375,-1.8013882637023926,36,-49.804534912109375,-1.3834593296051025,36,-61.43294143676758,-1.7064706087112427,36,-61.151588439941406,-1.6986552476882935,36,547
-55.08821105957031,-1.7770390510559082,31,-87.10480499267578,-2.8098323345184326,31,-126.68693542480469,-4.08667516708374,31,-125.65492248535156,-4.188497543334961,30,-89.89981079101562,-2.899993896484375,31,-125.11670684814453,-4.036022663116455,31,548
-61.3778076171875,-1.805229663848877,34,-65.5589599609375,-1.9282046556472778,34,-68.03091430664062,-2.0009093284606934,34,-50.76762390136719,-1.1036440134048462,46,-62.88267517089844,-1.8494904041290283,34,-61.98297119140625,-1.823028564453125,34,549
-65.58252716064453,-1.9288978576660156,34,-83.2914047241211,-2.449747085571289,34,-86.12496948242188,-2.5330872535705566,34,-91.96231079101562,-2.242983102798462,41,-88.60292053222656,-2.6059682369232178,34,-98.79396057128906,-2.9057047367095947,34,550
-100.30245971679688,-2.2289435863494873,45,-101.21769714355469,-2.249282121658325,45,-56.532413482666016,-1.2562758922576904,45,-45.35781478881836,-1.0799479484558105,42,-118.68997192382812,-2.637554883956909,45,-60.23566436767578,-1.3385703563690186,45,551
-39.3037223815918,-0.7860744595527649,50,-106.33157348632812,-2.126631498336792,50,-114.18840026855469,-2.2837679386138916,50,-39.324012756347656,-0.9831002950668335,40,-94.58723449707031,-1.8917447328567505,50,-92.70915222167969,-1.8541830778121948,50,552
-88.77611541748047,-2.3993544578552246,37,-112.28002166748047,-3.034595251083374,37,-118.07778930664062,-3.191291570663452,37,-116.3450698852539,-3.2318074703216553,36,-115.66889953613281,-3.1261863708496094,37,-121.79515075683594,-3.2917609214782715,37,553
-56.923301696777344,-2.846165180206299,20,-63.027565002441406,-3.1513781547546387,20,-75.49751281738281,-3.7748756408691406,20,-159.09410095214844,-2.4105167388916016,66,-90.04920959472656,-4.502460479736328,20,-88.03530883789062,-4.4017653465271,20,554
-110.81330108642578,-2.7703325748443604,40,-120.72280883789062,-3.0180702209472656,40,-89.92584228515625,-2.2481460571289062,40,-87.19396209716797,-2.179849147796631,40,-114.7635498046875,-2.869088649749756,40,-106.53887939453125,-2.6634719371795654,40,555
-105.22392272949219,-2.7690505981445312,38,-105.82324981689453,-2.784822463989258,38,-93.59333801269531,-2.462982654571533,38,-101.40840911865234,-2.4144859313964844,42,-129.83375549316406,-3.416677713394165,38,-108.71346282958984,-2.8608806133270264,38,556
-119.81982421875,-3.2383735179901123,37,-92.4547119140625,-2.4987759590148926,37,-65.36648559570312,-1.7666617631912231,37,-77.235107421875,-1.930877685546875,40,-88.88880920410156,-2.402400255203247,37,-90.571044921875,-2.4478659629821777,37,557
-102.46839904785156,-2.180178642272949,47,-128.86634826660156,-2.7418372631073,47,-99.87718200683594,-2.125046491622925,47,-45.181514739990234,-1.6733894348144531,27,-138.63922119140625,-2.94977068901062,47,-124.0029067993164,-2.638359785079956,47,558
-145.92617797851562,-5.211649417877197,28,-84.87884521484375,-3.0313873291015625,28,-76.71916198730469,-2.7399699687957764,28,-73.40031433105469,-2.3677520751953125,31,-92.9263687133789,-3.318798780441284,28,-90.33470153808594,-3.2262394428253174,28,559
-67.82404327392578,-2.5120015144348145,27,-69.05776977539062,-2.557695150375366,27,-64.05209350585938,-2.3722996711730957,27,-64.13744354248047,-2.0042951107025146,32,-73.94944763183594,-2.738868474960327,27,-68.20140838623047,-2.5259780883789062,27,560
-82.83162689208984,-2.3008785247802734,36,-92.02351379394531,-2.556208610534668,36,-91.51728820800781,-2.542146921157837,36,-59.7713623046875,-2.0610814094543457,29,-87.96463012695312,-2.4434618949890137,36,-79.15189361572266,-2.1986637115478516,36,561
-68.86144256591797,-1.6014288663864136,43,-128.20379638671875,-2.9814836978912354,43,-157.40225219726562,-3.660517454147339,43,-58.10175704956055,-3.417750358581543,17,-150.06878662109375,-3.489971876144409,43,-153.07275390625,-3.559831380844116,43,562
-87.41848754882812,-2.4282913208007812,36,-75.69007873535156,-2.1025021076202393,36,-83.31953430175781,-2.3144314289093018,36,-64.52434539794922,-2.1508114337921143,30,-92.00132751464844,-2.5555925369262695,36,-84.85311126708984,-2.3570308685302734,36,563
-63.314945220947266,-2.042417526245117,31,-65.23599243164062,-2.104386806488037,31,-66.1700210571289,-2.134516716003418,31,-27.000293731689453,-1.3500146865844727,20,-84.78565979003906,-2.7350213527679443,31,-68.78073120117188,-2.218733310699463,31,564
-79.43630981445312,-2.48238468170166,32,-104.60423278808594,-3.2688822746276855,32,-98.70636749267578,-3.084573984146118,32,-107.89510345458984,-2.3976690769195557,45,-113.29837036132812,-3.540574073791504,32,-107.53892517089844,-3.360591411590576,32,565
-46.500247955322266,-1.0108749866485596,46,-97.8067626953125,-2.1262340545654297,46,-87.75056457519531,-1.9076210260391235,46,-50.997676849365234,-1.4570764303207397,35,-97.7222900390625,-2.1243975162506104,46,-89.9066162109375,-1.9544916152954102,46,566
-47.9534912109375,-1.6535686254501343,29,-90.44632720947266,-3.1188387870788574,29,-94.87605285644531,-3.271588087081909,29,-77.11206817626953,-4.058529853820801,19,-87.11906433105469,-3.004105567932129,29,-86.31627655029297,-2.9764232635498047,29,567
-91.05671691894531,-2.2764179706573486,40,-95.18293762207031,-2.379573345184326,40,-97.06344604492188,-2.426586151123047,40,-91.86492919921875,-2.4828360080718994,37,-105.61686706542969,-2.6404216289520264,40,-106.69554138183594,-2.667388439178467,40,568
-88.9292221069336,-2.779038190841675,32,-62.297672271728516,-1.9468022584915161,32,-49.41208267211914,-1.5441275835037231,32,-31.252918243408203,-0.8929405212402344,35,-67.25447082519531,-2.1017022132873535,32,-61.2550048828125,-1.9142189025878906,32,569
-125.66909790039062,-2.6738104820251465,47,-206.59996032714844,-4.3957438468933105,47,-227.09922790527344,-4.8318986892700195,47,-245.14646911621094,-5.107218265533447,48,-192.26470947265625,-4.090738296508789,47,-212.95848083496094,-4.531031608581543,47,570
-60.79945373535156,-1.9612727165222168,31,-103.38314819335938,-3.334940195083618,31,-87.6736831665039,-2.82818341255188,31,-101.67967224121094,-3.6314167976379395,28,-105.09353637695312,-3.3901140689849854,31,-92.79399871826172,-2.9933547973632812,31,571
-49.50300598144531,-1.9801201820373535,25,-135.76901245117188,-5.430760383605957,25,-145.18077087402344,-5.8072309494018555,25,-171.10028076171875,-3.979076385498047,43,-125.13430786132812,-5.005372524261475,25,-133.26327514648438,-5.330531120300293,25,572
-53.5803337097168,-1.339508295059204,40,-84.91780090332031,-2.1229450702667236,40,-75.99957275390625,-1.899989366531372,40,-51.97453689575195,-1.7324845790863037,30,-88.26802062988281,-2.206700563430786,40,-88.68856811523438,-2.2172141075134277,40,573
-88.10610961914062,-2.2591309547424316,39,-219.42721557617188,-5.626338958740234,39,-248.90689086914062,-6.382227897644043,39,-295.6802978515625,-6.57067346572876,45,-203.89529418945312,-5.228084564208984,39,-235.7704620361328,-6.045396327972412,39,574
-89.15621948242188,-2.122767210006714,42,-97.35597229003906,-2.3179993629455566,42,-79.59747314453125,-1.895177960395813,42,-70.16796112060547,-1.7114137411117554,41,-115.0357437133789,-2.7389461994171143,42,-97.23951721191406,-2.3152265548706055,42,575
-25.897045135498047,-0.86323481798172,30,-83.6629409790039,-2.788764715194702,30,-109.34561157226562,-3.6448538303375244,30,-101.14045715332031,-2.5933451652526855,39,-94.0111083984375,-3.1337037086486816,30,-123.5670166015625,-4.118900775909424,30,576
-62.731658935546875,-2.4127562046051025,26,-104.53675842285156,-4.020644664764404,26,-112.15615844726562,-4.3136982917785645,26,-101.88720703125,-2.485053777694702,41,-109.33454132080078,-4.205174446105957,26,-117.77460479736328,-4.529792308807373,26,577
-92.3810043334961,-2.3095250129699707,40,-79.37418365478516,-1.9843546152114868,40,-57.33015823364258,-1.4332540035247803,40,-73.14952087402344,-1.523948311805725,48,-98.1702880859375,-2.4542572498321533,40,-86.2333984375,-2.155834913253784,40,578
-72.27000427246094,-2.2584376335144043,32,-71.46109008789062,-2.233159065246582,32,-47.68368911743164,-1.4901152849197388,32,-48.297760009765625,-1.4635684490203857,33,-75.49893188476562,-2.359341621398926,32,-71.17855834960938,-2.224329948425293,32,579
-61.09608840942383,-1.8513965606689453,33,-59.94615936279297,-1.8165502548217773,33,-66.8612289428711,-2.0260977745056152,33,-57.02336120605469,-1.541171908378601,37,-96.84697723388672,-2.9347569942474365,33,-96.48371887207031,-2.9237489700317383,33,580
-99.51595306396484,-2.369427442550659,42,-218.67739868164062,-5.206604957580566,42,-248.29380798339844,-5.911757469177246,42,-267.4883728027344,-6.079281330108643,44,-195.808349609375,-4.662103652954102,42,-231.9906463623047,-5.523586750030518,42,581
-65.43476867675781,-2.5167219638824463,26,-66.18534088134766,-2.5455899238586426,26,-73.47004699707031,-2.8257710933685303,26,-74.49432373046875,-1.6930527687072754,44,-69.94296264648438,-2.6901140213012695,26,-81.82979583740234,-3.1472997665405273,26,582
-44.252532958984375,-1.702020525932312,26,-77.02684020996094,-2.9625706672668457,26,-92.52812194824219,-3.558773994445801,26,-127.50642395019531,-2.8334760665893555,45,-64.80786895751953,-2.492610454559326,26,-79.43964385986328,-3.055370807647705,26,583
-98.75540161132812,-3.086106300354004,32,-103.77051544189453,-3.242828607559204,32,-97.36595916748047,-3.0426862239837646,32,-88.213134765625,-2.7566604614257812,32,-103.62958526611328,-3.23842453956604,32,-91.53865051269531,-2.8605828285217285,32,584
-84.12056732177734,-1.7167463302612305,49,-100.48454284667969,-2.0507049560546875,49,-92.34305572509766,-1.8845521211624146,49,-85.84745025634766,-2.146186351776123,40,-128.78204345703125,-2.6282050609588623,49,-124.83926391601562,-2.5477399826049805,49,585
-121.02000427246094,-3.5594120025634766,34,-216.9344024658203,-6.380423545837402,34,-218.00279235839844,-6.41184663772583,34,-282.283447265625,-5.8809051513671875,48,-197.99191284179688,-5.823291778564453,34,-189.7883758544922,-5.5820112228393555,34,586
-120.92056274414062,-2.748194694519043,44,-129.8526611328125,-2.9511969089508057,44,-113.08453369140625,-2.5701029300689697,44,-102.5234146118164,-2.330077648162842,44,-132.28326416015625,-3.0064377784729004,44,-117.38843536376953,-2.6679189205169678,44,587
-58.781646728515625,-1.4336986541748047,41,-84.01632690429688,-2.0491786003112793,41,-90.54878234863281,-2.2085068225860596,41,-56.54376983642578,-1.7669928073883057,32,-88.39790344238281,-2.1560463905334473,41,-96.10565185546875,-2.3440403938293457,41,588
-54.17150115966797,-1.7474677562713623,31,-70.15298461914062,-2.2629995346069336,31,-80.22889709472656,-2.588028907775879,31,-77.19065856933594,-1.5438132286071777,50,-81.68106842041016,-2.634873151779175,31,-87.57534790039062,-2.8250112533569336,31,589
-79.83538818359375,-1.8144406080245972,44,-93.53144836425781,-2.1257147789001465,44,-78.78349304199219,-1.7905339002609253,44,-78.59599304199219,-1.7086085081100464,46,-98.18858337402344,-2.2315587997436523,44,-83.10881042480469,-1.8888366222381592,44,590
-60.70857620239258,-1.6407723426818848,37,-114.07733154296875,-3.0831711292266846,37,-92.97888946533203,-2.5129430294036865,37,-61.55670928955078,-2.5648629665374756,24,-120.97096252441406,-3.2694854736328125,37,-97.52826690673828,-2.635899066925049,37,591
-82.35177612304688,-2.9411349296569824,28,-91.63447570800781,-3.2726597785949707,28,-73.83975219726562,-2.637134075164795,28,-91.10466003417969,-1.9383970499038696,47,-74.30728149414062,-2.6538314819335938,28,-80.72647857666016,-2.8830885887145996,28,592
-70.12637329101562,-2.4181509017944336,29,-68.28640747070312,-2.354703664779663,29,-52.65420150756836,-1.815662145614624,29,-47.484066009521484,-1.758669137954712,27,-85.35596466064453,-2.9433090686798096,29,-61.373023986816406,-2.1163110733032227,29,593
-72.74243927001953,-2.020623207092285,36,-101.92387390136719,-2.831218719482422,36,-93.82206726074219,-2.606168508529663,36,-81.88166809082031,-2.481262683868408,33,-102.78997802734375,-2.8552770614624023,36,-93.67105865478516,-2.60197377204895,36,594
-77.07118225097656,-2.5690393447875977,30,-113.1146011352539,-3.77048659324646,30,-112.70958709716797,-3.756986141204834,30,-105.39727783203125,-3.0113508701324463,35,-121.89567565917969,-4.0631890296936035,30,-118.07501220703125,-3.935833692550659,30,595
-92.69746398925781,-3.1964643001556396,29,-109.86865234375,-3.78857421875,29,-78.43254089355469,-2.7045702934265137,29,-102.63092041015625,-2.773808717727661,37,-109.50729370117188,-3.776113510131836,29,-99.82539367675781,-3.4422550201416016,29,596
-70.62959289550781,-2.825183629989624,25,-54.64421081542969,-2.1857683658599854,25,-40.55925750732422,-1.6223702430725098,25,-38.86439895629883,-1.253690242767334,31,-69.32112884521484,-2.7728452682495117,25,-57.21556854248047,-2.2886228561401367,25,597
-91.63035583496094,-3.524244546890259,26,-79.8777847290039,-3.0722224712371826,26,-71.47098541259766,-2.7488839626312256,26,-69.67428588867188,-2.402561664581299,29,-78.15672302246094,-3.0060276985168457,26,-71.44853210449219,-2.7480204105377197,26,598
-71.5787353515625,-2.5563833713531494,28,-74.04964447021484,-2.644630193710327,28,-75.47732543945312,-2.6956188678741455,28,-82.12828063964844,-2.2196831703186035,37,-76.04969024658203,-2.7160604000091553,28,-74.92247009277344,-2.67580246925354,28,599
-66.41506958007812,-1.660376787185669,40,-101.05606079101562,-2.5264015197753906,40,-97.62077331542969,-2.440519332885742,40,-93.57649230957031,-2.4625391960144043,38,-98.18984985351562,-2.4547462463378906,40,-98.3550796508789,-2.4588770866394043,40,600
-124.53546142578125,-3.5581560134887695,35,-110.59967041015625,-3.1599905490875244,35,-104.23663330078125,-2.978189468383789,35,-108.03721618652344,-2.298664093017578,47,-117.33654022216797,-3.3524725437164307,35,-99.69398498535156,-2.8483996391296387,35,601
-43.89079666137695,-1.755631923675537,25,-56.49003601074219,-2.259601354598999,25,-42.96173095703125,-1.718469262123108,25,-25.16049575805664,-1.0939346551895142,23,-63.761146545410156,-2.550445795059204,25,-36.356178283691406,-1.4542471170425415,25,602
-85.41874694824219,-1.8569293022155762,46,-117.20040893554688,-2.547834873199463,46,-110.6865234375,-2.40622878074646,46,-81.08604431152344,-2.191514730453491,37,-131.300537109375,-2.8543593883514404,46,-114.23477172851562,-2.4833645820617676,46,603
-96.08999633789062,-2.0889129638671875,46,-116.96849060058594,-2.5427932739257812,46,-104.69528198242188,-2.275984287261963,46,-101.49240112304688,-2.306645393371582,44,-110.44084930419922,-2.400887966156006,46,-101.39605712890625,-2.2042620182037354,46,604
-70.91712951660156,-2.0262036323547363,35,-95.29061889648438,-2.7225890159606934,35,-95.58224487304688,-2.7309212684631348,35,-89.4637451171875,-3.084956645965576,29,-96.49341583251953,-2.7569546699523926,35,-105.7795181274414,-3.0222718715667725,35,605
-29.66806411743164,-1.0230367183685303,29,-78.06000518798828,-2.6917243003845215,29,-77.14541625976562,-2.660186767578125,29,-53.43539810180664,-1.2426836490631104,43,-92.54107666015625,-3.1910715103149414,29,-78.6815185546875,-2.713155746459961,29,606
-83.74810791015625,-1.9033660888671875,44,-111.2958984375,-2.529452323913574,44,-84.71792602539062,-1.9254074096679688,44,-81.65116882324219,-1.8144704103469849,45,-113.0208740234375,-2.5686562061309814,44,-86.74018096923828,-1.9713677167892456,44,607
-120.34175872802734,-3.166888475418091,38,-141.87448120117188,-3.733538866043091,38,-131.93553161621094,-3.471987724304199,38,-120.5306396484375,-3.6524436473846436,33,-128.14639282226562,-3.3722734451293945,38,-134.13214111328125,-3.5297932624816895,38,608
-148.44020080566406,-3.158302068710327,47,-125.68305206298828,-2.674107551574707,47,-116.9898910522461,-2.4891467094421387,47,-101.28559875488281,-2.301945447921753,44,-132.27626037597656,-2.8143885135650635,47,-114.01971435546875,-2.4259514808654785,47,609
-72.21725463867188,-1.900454044342041,38,-96.83811950683594,-2.5483715534210205,38,-87.68905639648438,-2.3076066970825195,38,-123.68263244628906,-2.5241353511810303,49,-96.76638793945312,-2.5464839935302734,38,-89.57403564453125,-2.3572113513946533,38,610
-52.83235168457031,-1.0160067081451416,52,-90.26421356201172,-1.735850214958191,52,-83.22552490234375,-1.6004908084869385,52,-26.993162155151367,-0.6277479529380798,43,-93.12010955810547,-1.7907713651657104,52,-80.81326293945312,-1.5541012287139893,52,611
-133.93968200683594,-3.2668216228485107,41,-114.593505859375,-2.7949635982513428,41,-99.9366683959961,-2.4374797344207764,41,-91.91714477539062,-2.418872117996216,38,-127.02100372314453,-3.0980732440948486,41,-109.10807800292969,-2.66117262840271,41,612
-118.42327117919922,-3.5885839462280273,33,-95.53052520751953,-2.894864320755005,33,-67.58807373046875,-2.048123359680176,33,-92.07026672363281,-2.1921491622924805,42,-97.21330261230469,-2.9458577632904053,33,-79.33627319335938,-2.4041295051574707,33,613
-118.05377197265625,-2.8108041286468506,42,-157.95315551757812,-3.760789394378662,42,-143.40585327148438,-3.4144251346588135,42,-114.16700744628906,-3.6828067302703857,31,-145.65560913085938,-3.4679906368255615,42,-136.9618682861328,-3.2609968185424805,42,614
-35.30963134765625,-0.9808230996131897,36,-110.03187561035156,-3.056441068649292,36,-96.39303588867188,-2.677584409713745,36,-79.23332977294922,-2.641110897064209,30,-105.35293579101562,-2.9264705181121826,36,-105.35289764404297,-2.926469326019287,36,615
-79.24036407470703,-2.085272789001465,38,-105.79684448242188,-2.7841274738311768,38,-94.77288055419922,-2.494023084640503,38,-105.78619384765625,-2.4042317867279053,44,-113.76431274414062,-2.993797779083252,38,-88.83122253417969,-2.3376636505126953,38,616
-67.69355773925781,-2.1836631298065186,31,-118.59185791015625,-3.8255438804626465,31,-104.70957946777344,-3.3777284622192383,31,-102.372314453125,-3.302332639694214,31,-133.6780242919922,-4.312194347381592,31,-106.13306427001953,-3.423647165298462,31,617
-41.10099792480469,-1.6440398693084717,25,-59.73802947998047,-2.3895211219787598,25,-53.422000885009766,-2.1368799209594727,25,-70.13311767578125,-2.125246047973633,33,-66.25740051269531,-2.6502959728240967,25,-41.28956604003906,-1.6515825986862183,25,618
-51.32386779785156,-1.251801609992981,41,-113.52861022949219,-2.7689905166625977,41,-103.09154510498047,-2.514427900314331,41,-105.5592041015625,-2.5133144855499268,42,-125.70745849609375,-3.066035509109497,41,-107.59293365478516,-2.624217987060547,41,619
-135.4811553955078,-3.7633655071258545,36,-112.49406433105469,-3.1248350143432617,36,-104.18190002441406,-2.893941640853882,36,-112.72503662109375,-2.8181259632110596,40,-105.89714050292969,-2.941587209701538,36,-100.37403869628906,-2.788167715072632,36,620
-61.44615936279297,-1.4289804697036743,43,-58.96210861206055,-1.3712118864059448,43,-53.17769241333008,-1.2366905212402344,43,-56.03074645996094,-1.1921435594558716,47,-70.68505859375,-1.6438385248184204,43,-52.37273406982422,-1.217970609664917,43,621
-110.9128189086914,-2.8439183235168457,39,-127.73518371582031,-3.275261163711548,39,-87.37410736083984,-2.2403616905212402,39,-52.09904861450195,-1.6806144714355469,31,-140.91693115234375,-3.6132545471191406,39,-78.09716796875,-2.0024914741516113,39,622
-52.35660171508789,-1.1139702796936035,47,-74.01814270019531,-1.5748541355133057,47,-91.50335693359375,-1.9468799829483032,47,-84.6683349609375,-1.7639236450195312,48,-76.91931915283203,-1.636581301689148,47,-87.54776763916016,-1.8627184629440308,47,623
-106.39596557617188,-2.6598992347717285,40,-73.96453094482422,-1.8491132259368896,40,-81.17796325683594,-2.029448986053467,40,-68.88777923583984,-1.8618319034576416,37,-75.1856460571289,-1.8796411752700806,40,-81.17617797851562,-2.029404401779175,40,624
-128.88607788085938,-2.6303281784057617,49,-138.91297912597656,-2.834958791732788,49,-123.88479614257812,-2.528261184692383,49,-89.26997375488281,-2.975665807723999,30,-129.04331970214844,-2.6335370540618896,49,-144.07606506347656,-2.9403278827667236,49,625
-108.3223876953125,-3.185952663421631,34,-98.64091491699219,-2.9012033939361572,34,-71.69381713867188,-2.1086416244506836,34,-48.070274353027344,-1.7803804874420166,27,-101.11661529541016,-2.974018096923828,34,-70.00717163085938,-2.0590343475341797,34,626
-201.67543029785156,-2.459456443786621,82,-191.675537109375,-2.3375065326690674,82,-188.47442626953125,-2.298468589782715,82,-54.57173156738281,-1.6536887884140015,33,-185.7757568359375,-2.2655580043792725,82,-182.33172607421875,-2.223557710647583,82,627
-104.35948944091797,-2.608987331390381,40,-203.7709197998047,-5.094273090362549,40,-233.47596740722656,-5.836899280548096,40,-279.44879150390625,-5.821849822998047,48,-196.7276611328125,-4.918191432952881,40,-229.6153106689453,-5.740382671356201,40,628
-60.537254333496094,-1.6361420154571533,37,-145.2803955078125,-3.926497220993042,37,-140.81622314453125,-3.8058438301086426,37,-126.63605499267578,-3.957376718521118,32,-149.2620849609375,-4.0341105461120605,37,-139.89132690429688,-3.78084659576416,37,629
-70.23814392089844,-2.809525728225708,25,-107.5485610961914,-4.301942348480225,25,-76.26851654052734,-3.0507407188415527,25,-90.31741333007812,-3.3450894355773926,27,-95.69560241699219,-3.827824115753174,25,-89.78370666503906,-3.591348171234131,25,630
-66.06207275390625,-2.1310346126556396,31,-63.27864074707031,-2.0412464141845703,31,-62.830848693847656,-2.026801586151123,31,-48.28419494628906,-1.4631574153900146,33,-61.777374267578125,-1.9928184747695923,31,-58.61155700683594,-1.890695333480835,31,631
-41.514678955078125,-1.431540608406067,29,-55.389774322509766,-1.9099922180175781,29,-83.33968353271484,-2.873782157897949,29,-115.66242980957031,-2.8915607929229736,40,-64.96485137939453,-2.2401673793792725,29,-86.532470703125,-2.9838783740997314,29,632
-27.587053298950195,-0.8113839030265808,34,-60.323577880859375,-1.7742228507995605,34,-54.19182586669922,-1.5938771963119507,34,-47.46431350708008,-1.3184531927108765,36,-58.771751403808594,-1.7285809516906738,34,-55.26395797729492,-1.625410556793213,34,633
-96.63792419433594,-2.1475093364715576,45,-123.70732879638672,-2.749051809310913,45,-115.92709350585938,-2.576157569885254,45,-127.29498291015625,-2.828777313232422,45,-129.51467895507812,-2.8781039714813232,45,-122.45777130126953,-2.7212839126586914,45,634
-60.22805404663086,-1.5057013034820557,40,-76.13529205322266,-1.9033823013305664,40,-82.99472045898438,-2.0748679637908936,40,-100.38058471679688,-2.281376838684082,44,-93.00376892089844,-2.325094223022461,40,-104.42742919921875,-2.6106858253479004,40,635
-73.76156616210938,-2.107473373413086,35,-79.61500549316406,-2.274714469909668,35,-93.34652709960938,-2.667043685913086,35,-100.70588684082031,-2.397759199142456,42,-82.02051544189453,-2.3434433937072754,35,-92.36085510253906,-2.6388816833496094,35,636
-71.86314392089844,-1.497148871421814,48,-133.11419677734375,-2.773212432861328,48,-71.943359375,-1.4988199472427368,48,-55.99293518066406,-1.2442874908447266,45,-126.79444885253906,-2.6415510177612305,48,-78.37848663330078,-1.6328850984573364,48,637
-53.2558479309082,-2.662792444229126,20,-45.28760528564453,-2.2643802165985107,20,-53.61003875732422,-2.680501937866211,20,-38.93214797973633,-2.1628971099853516,18,-50.104095458984375,-2.505204677581787,20,-55.90843200683594,-2.795421600341797,20,638
-81.32313537597656,-2.3235180377960205,35,-83.19064331054688,-2.376875638961792,35,-64.28883361816406,-1.83682382106781,35,-63.16740036010742,-1.6622999906539917,38,-85.2225570678711,-2.4349300861358643,35,-50.4580078125,-1.4416574239730835,35,639
-85.91815185546875,-1.9526852369308472,44,-75.35812377929688,-1.7126846313476562,44,-80.87901306152344,-1.838159441947937,44,-75.37513732910156,-1.794646143913269,42,-85.95881652832031,-1.9536094665527344,44,-79.86524963378906,-1.8151192665100098,44,640
-66.7779541015625,-1.7573145627975464,38,-115.03485870361328,-3.027233123779297,38,-91.4595947265625,-2.4068315029144287,38,-58.086265563964844,-2.00297474861145,29,-122.89302062988281,-3.2340269088745117,38,-98.39376831054688,-2.5893096923828125,38,641
-84.43749237060547,-2.4124996662139893,35,-87.25346374511719,-2.4929561614990234,35,-82.92315673828125,-2.3692331314086914,35,-72.67135620117188,-2.6915316581726074,27,-92.23871612548828,-2.6353919506073,35,-91.59965515136719,-2.6171329021453857,35,642
-78.40806579589844,-1.866858720779419,42,-111.38086700439453,-2.6519253253936768,42,-119.58256530761719,-2.8472039699554443,42,-67.04600524902344,-2.483185291290283,27,-130.5510711669922,-3.108358860015869,42,-117.68983459472656,-2.8021388053894043,42,643
-91.41307067871094,-3.047102451324463,30,-88.42215728759766,-2.9474053382873535,30,-80.1323471069336,-2.6710782051086426,30,-84.00942993164062,-1.787434697151184,47,-81.84211730957031,-2.7280704975128174,30,-80.78521728515625,-2.692840576171875,30,644
-126.51448059082031,-2.6917974948883057,47,-127.47006225585938,-2.7121288776397705,47,-86.69129943847656,-1.8444957733154297,47,-75.1074447631836,-1.7069873809814453,44,-122.8292236328125,-2.6133878231048584,47,-82.09201049804688,-1.746638536453247,47,645
-79.01483154296875,-2.3943889141082764,33,-93.69085693359375,-2.8391168117523193,33,-81.57313537597656,-2.4719130992889404,33,-65.70005798339844,-2.628002405166626,25,-95.68069458007812,-2.8994150161743164,33,-84.72110748291016,-2.5673062801361084,33,646
-119.62396240234375,-3.322887897491455,36,-91.63145446777344,-2.545318126678467,36,-80.28705596923828,-2.230195999145508,36,-81.38856506347656,-1.937822937965393,42,-91.88813781738281,-2.552448272705078,36,-86.99610900878906,-2.4165585041046143,36,647
-49.38743591308594,-1.2346858978271484,40,-64.656005859375,-1.616400122642517,40,-57.70602035522461,-1.442650556564331,40,-57.495208740234375,-1.4373801946640015,40,-71.77830505371094,-1.7944576740264893,40,-59.97822570800781,-1.4994556903839111,40,648
-78.6065902709961,-2.183516502380371,36,-77.14247131347656,-2.1428463459014893,36,-69.67498779296875,-1.935416340827942,36,-74.41900634765625,-1.9583948850631714,38,-82.34130096435547,-2.2872583866119385,36,-77.56346130371094,-2.154540538787842,36,649
-91.37429809570312,-2.610694169998169,35,-95.61127471923828,-2.731750726699829,35,-85.03279876708984,-2.4295084476470947,35,-82.07720947265625,-3.0398967266082764,27,-101.30240631103516,-2.8943545818328857,35,-97.07059478759766,-2.7734456062316895,35,650
-81.4501724243164,-2.2013559341430664,37,-143.64874267578125,-3.8823983669281006,37,-138.11822509765625,-3.7329249382019043,37,-110.39501953125,-3.9426791667938232,28,-160.82241821289062,-4.346551895141602,37,-143.35055541992188,-3.8743393421173096,37,651
-74.19828796386719,-2.3186964988708496,32,-95.09818267822266,-2.971818208694458,32,-67.24334716796875,-2.1013545989990234,32,-29.04847526550293,-1.1172490119934082,26,-93.0595703125,-2.908111572265625,32,-74.3382568359375,-2.323070526123047,32,652
-96.50463104248047,-2.0532901287078857,47,-113.49472045898438,-2.414781332015991,47,-109.88201904296875,-2.3379151821136475,47,-72.9828872680664,-2.3542866706848145,31,-117.10379028320312,-2.491569995880127,47,-115.27738952636719,-2.4527103900909424,47,653
-64.13064575195312,-3.2065322399139404,20,-78.41725158691406,-3.9208626747131348,20,-57.248878479003906,-2.8624439239501953,20,-120.61773681640625,-2.275806427001953,53,-71.68553161621094,-3.5842766761779785,20,-62.878135681152344,-3.143906831741333,20,654
-119.75526428222656,-3.8630731105804443,31,-76.80690002441406,-2.4776418209075928,31,-88.59322357177734,-2.8578460216522217,31,-67.98782348632812,-2.9559922218322754,23,-78.28514099121094,-2.525327205657959,31,-91.57685852050781,-2.954092264175415,31,655
-86.7370834350586,-2.4782023429870605,35,-104.96365356445312,-2.9989614486694336,35,-96.54032897949219,-2.7582950592041016,35,-103.25699615478516,-2.8682498931884766,36,-112.12862396240234,-3.2036750316619873,35,-93.29849243164062,-2.6656711101531982,35,656
-170.439208984375,-3.7875380516052246,45,-116.499755859375,-2.588883399963379,45,-95.16864776611328,-2.114858865737915,45,-93.21417999267578,-1.9419621229171753,48,-131.00840759277344,-2.9112980365753174,45,-84.23402404785156,-1.8718671798706055,45,657
-60.5770263671875,-2.1634652614593506,28,-70.3302993774414,-2.511796474456787,28,-72.56495666503906,-2.5916056632995605,28,-46.653236389160156,-2.2215826511383057,21,-80.18089294433594,-2.863603353500366,28,-84.44259643554688,-3.0158069133758545,28,658
-71.58185577392578,-2.169147253036499,33,-84.16232299804688,-2.5503733158111572,33,-74.8974380493164,-2.2696192264556885,33,-65.63250732421875,-2.2631897926330566,29,-82.46647644042969,-2.4989840984344482,33,-80.58891296386719,-2.4420883655548096,33,659
-77.43690490722656,-2.76560378074646,28,-84.66976928710938,-3.0239202976226807,28,-77.08253479003906,-2.7529475688934326,28,-75.64740753173828,-2.6085312366485596,29,-92.31459045410156,-3.296949625015259,28,-84.29439544677734,-3.0105140209198,28,660
-76.70536804199219,-2.840939521789551,27,-78.38609313964844,-2.903188705444336,27,-71.1720199584961,-2.636000633239746,27,-76.36479187011719,-2.386399745941162,32,-73.11822509765625,-2.708082437515259,27,-72.14500427246094,-2.672037124633789,27,661
-43.9741096496582,-2.0940051078796387,21,-84.26483917236328,-4.012611389160156,21,-76.41072845458984,-3.638606071472168,21,-61.47859191894531,-2.1956639289855957,28,-91.64483642578125,-4.364039897918701,21,-70.76097869873047,-3.36957049369812,21,662
-75.48243713378906,-1.7972009181976318,42,-92.83187866210938,-2.210282802581787,42,-75.1258544921875,-1.7887108325958252,42,-77.89817810058594,-1.731070637702942,45,-89.58462524414062,-2.132967233657837,42,-75.68026733398438,-1.8019111156463623,42,663
-77.74872589111328,-2.5916242599487305,30,-74.33236694335938,-2.477745532989502,30,-82.53317260742188,-2.751105785369873,30,-97.62315368652344,-2.7892329692840576,35,-78.47649383544922,-2.6158831119537354,30,-74.2089614868164,-2.4736320972442627,30,664
-79.26364135742188,-2.4769887924194336,32,-69.5923080444336,-2.17475962638855,32,-58.671077728271484,-1.8334711790084839,32,-99.89281463623047,-2.3784003257751465,42,-85.10381317138672,-2.659494161605835,32,-76.294921875,-2.38421630859375,32,665
-46.589027404785156,-1.3702654838562012,34,-103.40879821777344,-3.0414352416992188,34,-85.9544448852539,-2.528071880340576,34,-83.56326293945312,-2.5322201251983643,33,-106.50567626953125,-3.1325199604034424,34,-87.61442565917969,-2.576894760131836,34,666
-78.33580017089844,-1.865138053894043,42,-141.9747772216797,-3.3803517818450928,42,-157.48236083984375,-3.749579906463623,42,-74.5672607421875,-4.14262580871582,18,-147.40931701660156,-3.5097455978393555,42,-152.2952117919922,-3.6260764598846436,42,667
-88.59700012207031,-2.4610278606414795,36,-87.13055419921875,-2.420293092727661,36,-72.31942749023438,-2.0088729858398438,36,-76.41018676757812,-2.1225051879882812,36,-85.08784484863281,-2.363551139831543,36,-76.84430694580078,-2.134564161300659,36,668
-109.6092529296875,-2.3321118354797363,47,-142.14852905273438,-3.0244367122650146,47,-132.29212951660156,-2.8147261142730713,47,-97.8705062866211,-2.5755395889282227,38,-141.32611083984375,-3.0069384574890137,47,-128.15676879882812,-2.7267396450042725,47,669
-89.4291000366211,-3.3121888637542725,27,-95.53684997558594,-3.5384018421173096,27,-72.96046447753906,-2.702239513397217,27,-75.3582992553711,-1.6382238864898682,46,-105.31244659423828,-3.900460958480835,27,-81.90928649902344,-3.033677339553833,27,670
-108.35884094238281,-2.851548433303833,38,-98.42532348632812,-2.5901401042938232,38,-107.4610366821289,-2.8279221057891846,38,-110.53422546386719,-2.4563162326812744,45,-107.61707305908203,-2.8320281505584717,38,-115.3875503540039,-3.0365145206451416,38,671
-87.6374740600586,-2.3062493801116943,38,-107.50223541259766,-2.8290061950683594,38,-81.92500305175781,-2.155921220779419,38,-81.42515563964844,-2.261809825897217,36,-114.50837707519531,-3.013378381729126,38,-92.055908203125,-2.4225239753723145,38,672
-36.55275344848633,-1.5892502069473267,23,-60.19801712036133,-2.617305040359497,23,-64.38382720947266,-2.7992968559265137,23,-111.45295715332031,-2.4767324924468994,45,-68.91987609863281,-2.996516466140747,23,-66.3410873413086,-2.884395122528076,23,673
-143.98292541503906,-3.199620485305786,45,-151.37991333007812,-3.3639981746673584,45,-112.58097076416016,-2.5017993450164795,45,-114.49423217773438,-2.6021416187286377,44,-140.6942901611328,-3.126539707183838,45,-116.59576416015625,-2.591017007827759,45,674
-152.9959716796875,-3.4771811962127686,44,-116.08468627929688,-2.6382882595062256,44,-116.95750427246094,-2.658125162124634,44,-59.66449737548828,-2.486020803451538,24,-122.8126220703125,-2.791195869445801,44,-119.03132629394531,-2.7052574157714844,44,675
-82.32262420654297,-1.9600625038146973,42,-110.58091735839844,-2.6328790187835693,42,-96.49342346191406,-2.2974624633789062,42,-99.615966796875,-2.3718087673187256,42,-122.91754150390625,-2.926608085632324,42,-101.25764465332031,-2.4108963012695312,42,676
-81.67269897460938,-2.1492815017700195,38,-119.13986206054688,-3.1352596282958984,38,-107.03840637207031,-2.816800117492676,38,-97.69268798828125,-2.9603843688964844,33,-138.86013793945312,-3.6542141437530518,38,-121.82353210449219,-3.2058823108673096,38,677
-79.6305160522461,-2.0418081283569336,39,-103.3896484375,-2.6510167121887207,39,-101.18309020996094,-2.594438314437866,39,-92.5511703491211,-2.203599214553833,42,-121.0283203125,-3.103290319442749,39,-119.08836364746094,-3.0535478591918945,39,678
-60.14698791503906,-1.94022536277771,31,-91.87783813476562,-2.963801145553589,31,-80.2510986328125,-2.5887451171875,31,-88.79313659667969,-2.4664759635925293,36,-100.35411071777344,-3.237229347229004,31,-88.27145385742188,-2.847466230392456,31,679
-169.7184295654297,-3.463641405105591,49,-143.47894287109375,-2.9281415939331055,49,-113.68769836425781,-2.320157051086426,49,-84.39527130126953,-2.220928192138672,38,-146.47927856445312,-2.989372968673706,49,-113.40232849121094,-2.314333200454712,49,680
-40.01117706298828,-0.975882351398468,41,-79.99763488769531,-1.9511618614196777,41,-85.65396118164062,-2.089121103286743,41,-62.47747039794922,-2.154395580291748,29,-73.16505432128906,-1.7845134735107422,41,-77.72103881835938,-1.8956351280212402,41,681
-17.24977684020996,-0.7499902844429016,23,-48.164154052734375,-2.0940935611724854,23,-66.74395751953125,-2.9019112586975098,23,-50.93058395385742,-1.8863179683685303,27,-53.75112533569336,-2.337005376815796,23,-54.09382629394531,-2.351905584335327,23,682
-43.01057434082031,-1.0490384101867676,41,-66.1265640258789,-1.6128430366516113,41,-82.80569458007812,-2.019651174545288,41,-41.49005889892578,-1.3383890390396118,31,-102.19792175292969,-2.4926321506500244,41,-85.67671966552734,-2.0896761417388916,41,683
-67.25405883789062,-1.4945346117019653,45,-93.46453857421875,-2.0769896507263184,45,-99.16708374023438,-2.2037129402160645,45,-50.20880126953125,-2.0920333862304688,24,-109.18504333496094,-2.4263343811035156,45,-114.46289825439453,-2.5436198711395264,45,684
-68.0921859741211,-1.6212425231933594,42,-101.32020568847656,-2.412385940551758,42,-110.13137817382812,-2.622175693511963,42,-113.39289855957031,-2.362352132797241,48,-82.44815826416016,-1.963051438331604,42,-112.77316284179688,-2.685075283050537,42,685
-66.52312469482422,-2.078847646713257,32,-90.17277526855469,-2.817899227142334,32,-66.00273132324219,-2.0625853538513184,32,-67.58000183105469,-1.9308571815490723,35,-92.68899536132812,-2.896531105041504,32,-71.9322738647461,-2.2478835582733154,32,686
-34.07185745239258,-0.9464404582977295,36,-101.91221618652344,-2.830894947052002,36,-101.5328369140625,-2.820356607437134,36,-90.85966491699219,-1.9331843852996826,47,-110.11071014404297,-3.05863094329834,36,-104.37179565429688,-2.899216651916504,36,687
-176.8330841064453,-3.76240611076355,47,-180.71072387695312,-3.8449089527130127,47,-160.74270629882812,-3.420057535171509,47,-99.20882415771484,-3.3069608211517334,30,-189.89944458007812,-4.040413856506348,47,-158.96224975585938,-3.3821754455566406,47,688
-65.1334228515625,-2.2459800243377686,29,-71.91709899902344,-2.4798998832702637,29,-73.38067626953125,-2.5303680896759033,29,-72.62701416015625,-2.420900583267212,30,-73.45288848876953,-2.53285813331604,29,-70.93838500976562,-2.4461512565612793,29,689
-104.33436584472656,-2.3712356090545654,44,-107.93431854248047,-2.4530527591705322,44,-83.11312866210938,-1.8889347314834595,44,-74.66288757324219,-1.7776877880096436,42,-104.01658630371094,-2.364013433456421,44,-85.0877685546875,-1.9338129758834839,44,690
-90.66734313964844,-2.3859827518463135,38,-123.8634033203125,-3.2595632076263428,38,-122.1279525756836,-3.213893413543701,38,-123.97642517089844,-3.443789482116699,36,-133.92892456054688,-3.5244452953338623,38,-114.29940795898438,-3.0078792572021484,38,691
-111.50079345703125,-2.858994722366333,39,-106.50377655029297,-2.730865955352783,39,-104.50536346435547,-2.6796247959136963,39,-102.06065368652344,-2.3195602893829346,44,-108.71539306640625,-2.787574291229248,39,-106.29635620117188,-2.7255475521087646,39,692
-81.28137969970703,-3.126206874847412,26,-58.87398147583008,-2.2643837928771973,26,-60.20754623413086,-2.3156747817993164,26,-59.780792236328125,-2.5991649627685547,23,-69.27737426757812,-2.6645143032073975,26,-59.25593185424805,-2.279074192047119,26,693
-42.95602035522461,-1.5909637212753296,27,-82.4560775756836,-3.053928852081299,27,-86.02749633789062,-3.1862034797668457,27,-141.74484252929688,-2.674431085586548,53,-87.62879943847656,-3.245511054992676,27,-94.51960754394531,-3.5007262229919434,27,694
-61.06205749511719,-1.4200478792190552,43,-107.91523742675781,-2.5096566677093506,43,-102.53660583496094,-2.3845722675323486,43,-69.27518463134766,-2.2346832752227783,31,-109.68186950683594,-2.550741195678711,43,-111.80581665039062,-2.600135326385498,43,695
-51.86725616455078,-1.5255075693130493,34,-82.06593322753906,-2.4137039184570312,34,-83.7886962890625,-2.4643733501434326,34,-89.80079650878906,-2.565737009048462,35,-97.31703186035156,-2.8622655868530273,34,-101.65277862548828,-2.9897875785827637,34,696
-96.90608215332031,-3.0283150672912598,32,-90.05387878417969,-2.8141837120056152,32,-83.82379150390625,-2.6194934844970703,32,-72.93448638916016,-2.431149482727051,30,-93.69786071777344,-2.92805814743042,32,-81.41041564941406,-2.5440754890441895,32,697
-53.97111511230469,-1.4202924966812134,38,-103.41497802734375,-2.7214467525482178,38,-76.26142883300781,-2.0068798065185547,38,-29.197065353393555,-1.6220592260360718,18,-108.7409439086914,-2.8616037368774414,38,-90.60650634765625,-2.3843817710876465,38,698
-116.6485595703125,-2.9909887313842773,39,-94.45718383789062,-2.4219791889190674,39,-97.84001922607422,-2.508718490600586,39,-23.099037170410156,-1.2832798957824707,18,-118.34741973876953,-3.0345492362976074,39,-105.72848510742188,-2.710986852645874,39,699
-60.28173065185547,-1.586361289024353,38,-72.18032836914062,-1.8994823694229126,38,-64.86500549316406,-1.7069737911224365,38,-67.091796875,-1.560274362564087,43,-76.16050720214844,-2.0042238235473633,38,-79.01914978027344,-2.079451322555542,38,700
-99.83352661132812,-2.1702940464019775,46,-125.49177551269531,-2.7280821800231934,46,-123.65247344970703,-2.6880972385406494,46,-74.10874938964844,-2.555474042892456,29,-146.23236083984375,-3.178964376449585,46,-146.73619079589844,-3.1899170875549316,46,701
-84.66841888427734,-2.645888090133667,32,-91.48633575439453,-2.858947992324829,32,-66.89823913574219,-2.0905699729919434,32,-65.74139404296875,-1.933570384979248,34,-92.19926452636719,-2.8812270164489746,32,-67.3103256225586,-2.103447675704956,32,702
-130.0834197998047,-3.423247814178467,38,-145.28610229492188,-3.8233184814453125,38,-154.46836853027344,-4.064957141876221,38,-128.96768188476562,-4.605988502502441,28,-129.65309143066406,-3.411923408508301,38,-160.58724975585938,-4.225980281829834,38,703
-89.33331298828125,-3.0804591178894043,29,-125.205810546875,-4.317441940307617,29,-114.5981674194336,-3.9516608715057373,29,-155.46499633789062,-3.886624813079834,40,-117.44009399414062,-4.049658298492432,29,-116.39796447753906,-4.013722896575928,29,704
-99.93516540527344,-2.855290412902832,35,-95.85663604736328,-2.7387609481811523,35,-83.440673828125,-2.384019136428833,35,-89.80506896972656,-2.4945852756500244,36,-98.93387603759766,-2.8266820907592773,35,-92.01835632324219,-2.6290957927703857,35,705
-33.18736267089844,-1.4429287910461426,23,-63.681312561035156,-2.7687528133392334,23,-74.47044372558594,-3.2378454208374023,23,-107.81399536132812,-2.9138917922973633,37,-71.11148071289062,-3.091803550720215,23,-83.10647583007812,-3.6133251190185547,23,706
-55.063140869140625,-1.4490300416946411,38,-88.7423095703125,-2.3353240489959717,38,-73.87146759033203,-1.943985939025879,38,-54.788536071777344,-1.6602586507797241,33,-90.54676818847656,-2.382809638977051,38,-84.62693786621094,-2.227024793624878,38,707
-98.53564453125,-2.7371013164520264,36,-89.36488342285156,-2.482357978820801,36,-68.9198226928711,-1.9144395589828491,36,-48.31842803955078,-1.61061429977417,30,-95.68789672851562,-2.6579971313476562,36,-66.07762908935547,-1.8354897499084473,36,708
-87.62722778320312,-1.86440908908844,47,-147.40396118164062,-3.1362545490264893,47,-133.7640380859375,-2.846043348312378,47,-88.40388488769531,-2.946796178817749,30,-146.23268127441406,-3.1113336086273193,47,-137.35842895507812,-2.9225196838378906,47,709
-52.336875915527344,-2.378948926925659,22,-71.44383239746094,-3.2474470138549805,22,-90.22270202636719,-4.10103178024292,22,-89.08618927001953,-2.6201820373535156,34,-69.12351989746094,-3.1419782638549805,22,-84.81965637207031,-3.8554389476776123,22,710
-45.07368469238281,-1.0731829404830933,42,-67.26620483398438,-1.601576328277588,42,-63.022560119628906,-1.5005371570587158,42,-39.587093353271484,-0.9896773099899292,40,-85.23066711425781,-2.029301643371582,42,-79.28767395019531,-1.8878017663955688,42,711
-81.172607421875,-2.3192174434661865,35,-105.6009750366211,-3.0171706676483154,35,-81.54719543457031,-2.3299198150634766,35,-76.78585052490234,-2.0752933025360107,37,-87.57453918457031,-2.5021297931671143,35,-69.18913269042969,-1.976832389831543,35,712
-54.367042541503906,-1.2081564664840698,45,-112.53031921386719,-2.500673770904541,45,-115.74366760253906,-2.5720815658569336,45,-43.247413635253906,-1.6633620262145996,26,-115.52723693847656,-2.5672719478607178,45,-106.91143798828125,-2.375809669494629,45,713
-58.7332763671875,-1.7797962427139282,33,-97.74118041992188,-2.9618539810180664,33,-89.53233337402344,-2.7131009101867676,33,-78.1720962524414,-3.1268837451934814,25,-100.74708557128906,-3.0529420375823975,33,-97.62956237792969,-2.9584715366363525,33,714
-87.98687744140625,-1.999701738357544,44,-133.3859405517578,-3.031498670578003,44,-137.19357299804688,-3.1180357933044434,44,-103.08958435058594,-2.8635995388031006,36,-136.97486877441406,-3.113065242767334,44,-145.02426147460938,-3.296005964279175,44,715
-87.99127197265625,-2.5879786014556885,34,-103.66500854492188,-3.048970937728882,34,-66.77410888671875,-1.963944435119629,34,-83.91519165039062,-1.2714422941207886,66,-90.63772583007812,-2.6658153533935547,34,-63.5723991394043,-1.8697764873504639,34,716
-101.99858856201172,-3.2902770042419434,31,-87.47908020019531,-2.8219058513641357,31,-91.93050384521484,-2.9655001163482666,31,-84.43148803710938,-2.814383029937744,30,-86.60653686523438,-2.793759346008301,31,-70.06233978271484,-2.260075569152832,31,717
-71.7769546508789,-2.111086845397949,34,-87.27861022949219,-2.5670180320739746,34,-85.96940612792969,-2.5285120010375977,34,-84.58358001708984,-2.1145894527435303,40,-93.92457580566406,-2.7624874114990234,34,-71.95366668701172,-2.1162843704223633,34,718
-103.13420104980469,-2.6444666385650635,39,-115.5927505493164,-2.963916778564453,39,-127.21475219726562,-3.2619166374206543,39,-98.56604766845703,-2.9868500232696533,33,-104.79218292236328,-2.686979055404663,39,-116.25251770019531,-2.9808337688446045,39,719
-54.56550598144531,-1.9487680196762085,28,-63.22819519042969,-2.2581498622894287,28,-54.03807830810547,-1.929931402206421,28,-67.08710479736328,-2.032942533493042,33,-73.15015411376953,-2.6125054359436035,28,-53.231231689453125,-1.9011154174804688,28,720
-74.50468444824219,-2.2577176094055176,33,-131.40048217773438,-3.98183274269104,33,-139.1680450439453,-4.2172136306762695,33,-166.6441650390625,-3.7032036781311035,45,-137.15042114257812,-4.156073570251465,33,-136.6297607421875,-4.14029598236084,33,721
-122.07620239257812,-2.7128045558929443,45,-156.90924072265625,-3.4868719577789307,45,-139.88365173339844,-3.108525514602661,45,-133.369140625,-3.509714126586914,38,-154.7063446044922,-3.4379186630249023,45,-139.8885498046875,-3.1086344718933105,45,722
-59.040042877197266,-1.4400010108947754,41,-92.74862670898438,-2.2621617317199707,41,-84.32331848144531,-2.056666374206543,41,-62.5728759765625,-1.7877964973449707,35,-83.18514251708984,-2.0289058685302734,41,-72.39335632324219,-1.7656916379928589,41,723
-65.89204406738281,-1.6473010778427124,40,-79.37224578857422,-1.9843060970306396,40,-90.52279663085938,-2.2630698680877686,40,-74.78514099121094,-2.077364921569824,36,-90.71046447753906,-2.267761707305908,40,-101.26521301269531,-2.531630277633667,40,724
-55.53932189941406,-1.7356038093566895,32,-54.833866119384766,-1.713558316230774,32,-44.698387145996094,-1.396824598312378,32,-37.028358459472656,-1.2768399715423584,29,-59.41110610961914,-1.8565970659255981,32,-48.619998931884766,-1.519374966621399,32,725
-83.08659362792969,-2.517775535583496,33,-92.01068878173828,-2.7882027626037598,33,-81.87554168701172,-2.481076955795288,33,-90.95174407958984,-2.8422420024871826,32,-109.1894760131836,-3.308772087097168,33,-93.15193176269531,-2.8227858543395996,33,726
-118.00535583496094,-2.458444833755493,48,-111.89323425292969,-2.331109046936035,48,-114.0389404296875,-2.3758113384246826,48,-75.99464416503906,-2.302867889404297,33,-120.44984436035156,-2.509371757507324,48,-111.6630859375,-2.3263142108917236,48,727
-71.77835083007812,-1.495382308959961,48,-131.69265747070312,-2.7435970306396484,48,-128.72174072265625,-2.6817028522491455,48,-72.1785659790039,-2.328340768814087,31,-143.33734130859375,-2.986194610595703,48,-141.2915802001953,-2.9435746669769287,48,728
-73.73591613769531,-1.675816297531128,44,-65.95584106445312,-1.498996376991272,44,-76.42849731445312,-1.7370113134384155,44,-64.81295776367188,-1.543165683746338,42,-82.84307098388672,-1.882797122001648,44,-76.65339660644531,-1.7421226501464844,44,729
-64.48748779296875,-1.7913191318511963,36,-108.6093978881836,-3.016927719116211,36,-101.8482437133789,-2.829117774963379,36,-69.6467514038086,-2.5795092582702637,27,-100.15107727050781,-2.7819743156433105,36,-98.53956604003906,-2.737210273742676,36,730
-92.5317611694336,-1.92774498462677,48,-108.60617065429688,-2.2626285552978516,48,-95.58343505859375,-1.9913215637207031,48,-66.46644592285156,-1.846290111541748,36,-139.73001098632812,-2.9110419750213623,48,-112.62410736083984,-2.3463356494903564,48,731
-54.416358947753906,-1.470712423324585,37,-62.479827880859375,-1.6886440515518188,37,-77.44508361816406,-2.0931103229522705,37,-81.94331359863281,-1.905658483505249,43,-77.63325500488281,-2.098196029663086,37,-85.00453186035156,-2.297419786453247,37,732
-78.40505981445312,-1.960126519203186,40,-124.31133270263672,-3.107783317565918,40,-130.8380889892578,-3.2709522247314453,40,-124.43171691894531,-3.4564366340637207,36,-127.97747039794922,-3.199436664581299,40,-130.81277465820312,-3.2703194618225098,40,733
-70.50574493408203,-1.5001221895217896,47,-96.87760162353516,-2.061225652694702,47,-87.56786346435547,-1.8631460666656494,47,-59.029518127441406,-1.3117671012878418,45,-100.65121459960938,-2.1415152549743652,47,-90.703125,-1.9298536777496338,47,734
-75.85432434082031,-2.167266368865967,35,-105.8392562866211,-3.0239787101745605,35,-98.22483825683594,-2.8064239025115967,35,-50.92425537109375,-2.6802239418029785,19,-107.86027526855469,-3.0817222595214844,35,-86.987060546875,-2.485344648361206,35,735
-70.57008361816406,-2.714233875274658,26,-76.61705017089844,-2.9468095302581787,26,-57.83380126953125,-2.224376916885376,26,-61.874969482421875,-2.0624990463256836,30,-79.55743408203125,-3.059901237487793,26,-64.45567321777344,-2.479064464569092,26,736
-74.12344360351562,-2.7453126907348633,27,-81.57145690917969,-3.021165132522583,27,-76.71734619140625,-2.841383218765259,27,-71.36146545410156,-2.54862380027771,28,-86.1453857421875,-3.1905698776245117,27,-79.67994689941406,-2.9511091709136963,27,737
-61.183319091796875,-2.1851184368133545,28,-61.13165283203125,-2.1832733154296875,28,-56.3120231628418,-2.011143684387207,28,-51.16218185424805,-1.9677761793136597,26,-73.46107482910156,-2.623609781265259,28,-66.04637145996094,-2.3587989807128906,28,738
-99.78824615478516,-2.169309616088867,46,-119.97232055664062,-2.6080939769744873,46,-112.79879760742188,-2.4521477222442627,46,-63.82207489013672,-1.7249209880828857,37,-127.75184631347656,-2.7772140502929688,46,-119.46002197265625,-2.596956968307495,46,739
-106.94892883300781,-3.342154026031494,32,-77.15989685058594,-2.4112467765808105,32,-77.18943786621094,-2.412169933319092,32,-61.959171295166016,-2.065305709838867,30,-82.23051452636719,-2.5697035789489746,32,-76.17999267578125,-2.380624771118164,32,740
-52.69548034667969,-1.7565159797668457,30,-59.07918167114258,-1.9693061113357544,30,-58.066551208496094,-1.9355517625808716,30,-50.7305908203125,-1.6364706754684448,31,-57.52410125732422,-1.917470097541809,30,-56.835784912109375,-1.8945261240005493,30,741
-126.2882080078125,-2.4762394428253174,51,-161.30262756347656,-3.16279673576355,51,-144.97314453125,-2.8426105976104736,51,-59.360008239746094,-2.2830772399902344,26,-144.50486755371094,-2.8334288597106934,51,-113.42706298828125,-2.22406005859375,51,742
-54.00322723388672,-1.7420395612716675,31,-82.81134033203125,-2.6713335514068604,31,-80.26829528808594,-2.5892999172210693,31,-73.71710205078125,-2.541969060897827,29,-87.41873168945312,-2.8199591636657715,31,-80.5613784790039,-2.5987541675567627,31,743
-70.12886047363281,-1.6697347164154053,42,-112.17343139648438,-2.6707959175109863,42,-114.45935821533203,-2.7252228260040283,42,-68.85087585449219,-2.2950291633605957,30,-113.87371826171875,-2.7112789154052734,42,-118.03587341308594,-2.810377836227417,42,744
-78.02544403076172,-1.7338987588882446,45,-129.1819610595703,-2.8707101345062256,45,-122.87915802001953,-2.7306480407714844,45,-64.19392395019531,-2.3775527477264404,27,-152.62185668945312,-3.391596794128418,45,-150.24822998046875,-3.3388495445251465,45,745
-143.4373779296875,-3.415175676345825,42,-130.89523315429688,-3.1165530681610107,42,-104.74885559082031,-2.494020462036133,42,-82.76422882080078,-2.364692211151123,35,-150.42156982421875,-3.58146595954895,42,-114.44208526611328,-2.724811553955078,42,746
-48.22954559326172,-1.7862794399261475,27,-68.32157897949219,-2.530428886413574,27,-67.300048828125,-2.4925944805145264,27,-50.38695526123047,-1.9379597902297974,26,-75.53890991210938,-2.7977373600006104,27,-75.114501953125,-2.7820186614990234,27,747
-96.81434631347656,-2.1514298915863037,45,-117.70573425292969,-2.615683078765869,45,-100.84742736816406,-2.241054058074951,45,-84.09022521972656,-2.2727088928222656,37,-111.14352416992188,-2.469856023788452,45,-114.82364654541016,-2.5516366958618164,45,748
-43.55835723876953,-0.9469208121299744,46,-79.32855224609375,-1.7245337963104248,46,-61.806026458740234,-1.3436092138290405,46,-68.56334686279297,-1.399251937866211,49,-85.14471435546875,-1.850972056388855,46,-64.86859130859375,-1.410186767578125,46,749
-96.16106414794922,-2.2895491123199463,42,-135.4046173095703,-3.22391939163208,42,-111.70918273925781,-2.6597423553466797,42,-87.17619323730469,-2.5640056133270264,34,-117.04206848144531,-2.7867159843444824,42,-106.95820617675781,-2.546623945236206,42,750
-25.77777862548828,-0.5858585834503174,44,-110.00171661376953,-2.5000391006469727,44,-114.08658599853516,-2.59287691116333,44,-120.31090545654297,-2.6154544353485107,46,-121.4239501953125,-2.7596352100372314,44,-119.038818359375,-2.705427646636963,44,751
-71.78169250488281,-1.560471534729004,46,-112.82416534423828,-2.4526991844177246,46,-130.6895751953125,-2.8410778045654297,46,-91.38423156738281,-3.38460111618042,27,-124.57066345214844,-2.7080578804016113,46,-131.60504150390625,-2.8609790802001953,46,752
-59.56108093261719,-1.5272072553634644,39,-93.15638732910156,-2.388625383377075,39,-91.50269317626953,-2.3462228775024414,39,-97.34007263183594,-2.116088628768921,46,-96.0605697631836,-2.4630916118621826,39,-96.68576049804688,-2.4791221618652344,39,753
-84.61311340332031,-2.169567108154297,39,-111.01470947265625,-2.8465309143066406,39,-112.32510375976562,-2.8801307678222656,39,-120.62678527832031,-3.015669584274292,40,-134.5142364501953,-3.449083089828491,39,-123.51509094238281,-3.167053699493408,39,754
-127.31153106689453,-2.767642021179199,46,-109.48673248291016,-2.3801462650299072,46,-129.28375244140625,-2.810516357421875,46,-67.47187042236328,-2.2490622997283936,30,-111.5958480834961,-2.425996780395508,46,-133.84153747558594,-2.9095985889434814,46,755
-82.46818542480469,-2.0114190578460693,41,-105.44000244140625,-2.5717074871063232,41,-93.15795135498047,-2.2721452713012695,41,-102.63145446777344,-2.6315758228302,39,-99.98348999023438,-2.438621759414673,41,-98.486083984375,-2.402099609375,41,756
-62.935646057128906,-2.860711097717285,22,-83.36361694335938,-3.789255380630493,22,-72.84449768066406,-3.3111135959625244,22,-73.39569091796875,-3.0581538677215576,24,-74.58287811279297,-3.3901307582855225,22,-75.83219909667969,-3.446918249130249,22,757
-54.059356689453125,-1.6893548965454102,32,-74.50291442871094,-2.328216075897217,32,-69.46514892578125,-2.170785903930664,32,-43.74823760986328,-1.9020973443984985,23,-84.01803588867188,-2.625563621520996,32,-63.7750244140625,-1.9929695129394531,32,758
-64.4125747680664,-1.7408803701400757,37,-80.35562896728516,-2.171773672103882,37,-95.37350463867188,-2.577662229537964,37,-61.800662994384766,-2.1310572624206543,29,-89.4992446899414,-2.418898582458496,37,-92.732177734375,-2.506275177001953,37,759
-45.42503356933594,-1.6824086904525757,27,-80.85676574707031,-2.994694948196411,27,-81.35342407226562,-3.013089895248413,27,-69.04936218261719,-1.866199016571045,37,-73.01835632324219,-2.704383611679077,27,-80.64450073242188,-2.986833333969116,27,760
-65.9760513305664,-1.94047212600708,34,-192.03829956054688,-5.6481852531433105,34,-214.07366943359375,-6.296284198760986,34,-275.0152587890625,-5.729484558105469,48,-179.2019500732422,-5.270645618438721,34,-207.26058959960938,-6.09589958190918,34,761
-109.65975189208984,-3.0461041927337646,36,-113.00485229492188,-3.139023780822754,36,-83.96263122558594,-2.3322954177856445,36,-49.56614303588867,-1.8357831239700317,27,-119.47002410888672,-3.3186118602752686,36,-77.70311737060547,-2.1584198474884033,36,762
-79.71339416503906,-2.952347993850708,27,-87.06195068359375,-3.2245166301727295,27,-73.06141662597656,-2.7059783935546875,27,-76.56332397460938,-1.9631621837615967,39,-82.02128601074219,-3.037825345993042,27,-82.32952117919922,-3.049241542816162,27,763
-54.847354888916016,-1.305889368057251,42,-41.72666549682617,-0.9934920072555542,42,-44.51436996459961,-1.059865951538086,42,-19.85875701904297,-0.5091989040374756,39,-60.04644012451172,-1.429677128791809,42,-49.367698669433594,-1.1754213571548462,42,764
-105.42694091796875,-3.6354117393493652,29,-168.2438507080078,-5.801512241363525,29,-214.6148681640625,-7.4005126953125,29,-287.8033142089844,-6.395629405975342,45,-195.50747680664062,-6.741637229919434,29,-203.47096252441406,-7.016240119934082,29,765
-68.50617980957031,-1.4575783014297485,47,-106.014892578125,-2.255635976791382,47,-129.65374755859375,-2.7585904598236084,47,-82.553955078125,-2.5798110961914062,32,-127.32644653320312,-2.709073305130005,47,-143.900146484375,-3.0617053508758545,47,766
-44.588043212890625,-0.9486817717552185,47,-79.97740173339844,-1.7016468048095703,47,-74.82227325439453,-1.591963291168213,47,-67.9878921508789,-1.4164143800735474,48,-89.75686645507812,-1.909720540046692,47,-106.9534912109375,-2.275606155395508,47,767
-47.751251220703125,-1.2243911027908325,39,-88.87908935546875,-2.2789509296417236,39,-85.86134338378906,-2.201572895050049,39,-61.34162902832031,-2.555901288986206,24,-85.18426513671875,-2.1842119693756104,39,-87.04105377197266,-2.2318217754364014,39,768
-88.10456848144531,-2.936818838119507,30,-72.25212097167969,-2.4084041118621826,30,-60.52553939819336,-2.0175180435180664,30,-63.71193313598633,-2.0552237033843994,31,-70.87826538085938,-2.3626089096069336,30,-58.44910430908203,-1.948303461074829,30,769
-86.67648315429688,-1.9261441230773926,45,-102.83524322509766,-2.2852275371551514,45,-82.13128662109375,-1.8251397609710693,45,-62.78727722167969,-1.609930157661438,39,-113.72381591796875,-2.527195930480957,45,-94.18089294433594,-2.0929086208343506,45,770
-65.84911346435547,-2.0577847957611084,32,-99.74603271484375,-3.117063522338867,32,-91.97972869873047,-2.874366521835327,32,-84.15594482421875,-3.0055694580078125,28,-89.11763000488281,-2.784925937652588,32,-96.68049621582031,-3.0212655067443848,32,771
-128.23672485351562,-2.9822494983673096,43,-159.38059997558594,-3.7065255641937256,43,-132.9615936279297,-3.092130184173584,43,-128.91217041015625,-3.791534423828125,34,-151.17999267578125,-3.5158138275146484,43,-131.78305053710938,-3.0647220611572266,43,772
-94.70106506347656,-2.705744743347168,35,-112.81377410888672,-3.2232506275177,35,-113.24264526367188,-3.235504150390625,35,-95.67256164550781,-3.1890854835510254,30,-124.33494567871094,-3.552427053451538,35,-121.02735900878906,-3.4579246044158936,35,773
-93.47441101074219,-3.73897647857666,25,-77.85574340820312,-3.114229679107666,25,-80.91494750976562,-3.236598014831543,25,-112.16671752929688,-2.6706361770629883,42,-88.96595001220703,-3.558638095855713,25,-90.89480590820312,-3.6357922554016113,25,774
-86.08505249023438,-1.7934385538101196,48,-111.63506317138672,-2.325730562210083,48,-107.8398666381836,-2.246663808822632,48,-83.79896545410156,-2.539362668991089,33,-107.73029327392578,-2.2443811893463135,48,-110.07005310058594,-2.293126106262207,48,775
-99.22666931152344,-3.2008602619171143,31,-76.77982330322266,-2.4767684936523438,31,-47.078460693359375,-1.518660068511963,31,-43.35449981689453,-1.4451500177383423,30,-96.73622131347656,-3.12052321434021,31,-52.993831634521484,-1.709478497505188,31,776
-95.74485778808594,-3.301546812057495,29,-97.30744934082031,-3.355429172515869,29,-68.06031036376953,-2.346907138824463,29,-76.97850036621094,-2.264073610305786,34,-87.47648620605469,-3.016430616378784,29,-72.21426391601562,-2.490147113800049,29,777
-72.86766815185547,-1.619281530380249,45,-111.42463684082031,-2.4761030673980713,45,-107.78387451171875,-2.3951971530914307,45,-113.33009338378906,-2.6355836391448975,43,-128.36419677734375,-2.8525376319885254,45,-113.71415710449219,-2.5269813537597656,45,778
-65.96566009521484,-1.7359384298324585,38,-80.56430053710938,-2.1201131343841553,38,-94.59420776367188,-2.489321231842041,38,-80.73433685302734,-1.7940963506698608,45,-91.94109344482422,-2.4195024967193604,38,-102.84285736083984,-2.7063910961151123,38,779
-82.39454650878906,-2.1682775020599365,38,-87.17250061035156,-2.294013261795044,38,-85.6778793334961,-2.25468111038208,38,-108.66355895996094,-2.414745807647705,45,-90.31410217285156,-2.3766868114471436,38,-90.33132934570312,-2.3771402835845947,38,780
-67.86669921875,-2.4238107204437256,28,-63.603607177734375,-2.271557331085205,28,-59.9913330078125,-2.142547607421875,28,-42.090267181396484,-1.8300116062164307,23,-78.66726684570312,-2.8095452785491943,28,-56.61399841308594,-2.021928548812866,28,781
-97.24988555908203,-2.2102246284484863,44,-282.09228515625,-6.411188125610352,44,-279.95458984375,-6.362604141235352,44,-291.5997009277344,-6.4799933433532715,45,-264.5579528808594,-6.012680530548096,44,-285.06842041015625,-6.478827953338623,44,782
-106.16596221923828,-2.7222042083740234,39,-115.80485534667969,-2.969355344772339,39,-85.42752075195312,-2.1904492378234863,39,-71.18558502197266,-2.3728528022766113,30,-114.09367370605469,-2.92547869682312,39,-94.36502075195312,-2.4196159839630127,39,783
-83.97697448730469,-2.7089345455169678,31,-90.61991119384766,-2.9232230186462402,31,-78.1710205078125,-2.5216457843780518,31,-40.58017349243164,-2.135798692703247,19,-75.35107421875,-2.4306797981262207,31,-78.09381866455078,-2.519155502319336,31,784
-90.00479888916016,-2.250119924545288,40,-197.6910400390625,-4.9422760009765625,40,-241.8048095703125,-6.0451202392578125,40,-261.36883544921875,-5.9402008056640625,44,-188.8852081298828,-4.722130298614502,40,-236.0528564453125,-5.9013214111328125,40,785
-58.98244094848633,-2.184534788131714,27,-83.06521606445312,-3.0764894485473633,27,-73.90164947509766,-2.737098217010498,27,-81.30257415771484,-1.9829896688461304,41,-78.93863677978516,-2.9236531257629395,27,-73.82980346679688,-2.7344372272491455,27,786
-71.21332550048828,-1.9781479835510254,36,-91.19505310058594,-2.533195972442627,36,-74.48526000976562,-2.069035053253174,36,-72.65908813476562,-1.912081241607666,38,-93.56159973144531,-2.598933219909668,36,-67.43391418457031,-1.8731642961502075,36,787
-53.07033920288086,-1.7119463682174683,31,-84.45884704589844,-2.7244789600372314,31,-76.19613647460938,-2.457939863204956,31,-132.1264190673828,-2.0327141284942627,65,-77.76373291015625,-2.508507490158081,31,-74.4001235961914,-2.4000039100646973,31,788
-84.38457489013672,-2.4109878540039062,35,-96.66755676269531,-2.761930227279663,35,-81.87763214111328,-2.3393609523773193,35,-77.23251342773438,-2.340379238128662,33,-77.56741333007812,-2.2162117958068848,35,-77.61042785644531,-2.2174408435821533,35,789
-68.982421875,-2.463657855987549,28,-67.04855346679688,-2.3945910930633545,28,-66.78641510009766,-2.3852291107177734,28,-65.54624938964844,-1.872749924659729,35,-80.99758911132812,-2.892771005630493,28,-70.39579010009766,-2.5141353607177734,28,790
-36.27495193481445,-1.1701596975326538,31,-57.643245697021484,-1.8594595193862915,31,-37.62029266357422,-1.2135578393936157,31,-32.3586311340332,-1.0438268184661865,31,-60.823020935058594,-1.9620329141616821,31,-45.837310791015625,-1.4786229133605957,31,791
-109.65032958984375,-2.3329856395721436,47,-131.482421875,-2.7974982261657715,47,-130.20458984375,-2.770310401916504,47,-81.49595642089844,-2.8102054595947266,29,-136.96351623535156,-2.9141173362731934,47,-148.1171875,-3.1514294147491455,47,792
-100.71345520019531,-2.397939443588257,42,-134.5687255859375,-3.204017162322998,42,-122.75393676757812,-2.922712802886963,42,-77.64749145507812,-2.588249683380127,30,-142.63174438476562,-3.395993947982788,42,-112.22588348388672,-2.6720447540283203,42,793
-50.22134017944336,-1.7936192750930786,28,-78.07814025878906,-2.7885050773620605,28,-55.04275894165039,-1.9658128023147583,28,-55.38198471069336,-1.5823423862457275,35,-87.67500305175781,-3.1312501430511475,28,-57.39747619628906,-2.049909830093384,28,794
-56.01374816894531,-1.6973862648010254,33,-124.9561996459961,-3.7865514755249023,33,-131.28701782226562,-3.9783945083618164,33,-139.5308380126953,-2.9687411785125732,47,-114.5556640625,-3.471383810043335,33,-124.91470336914062,-3.7852940559387207,33,795
-117.8936767578125,-3.1024651527404785,38,-93.68771362304688,-2.465466260910034,38,-98.94842529296875,-2.6039059162139893,38,-97.387451171875,-2.213351249694824,44,-105.71569061279297,-2.781991958618164,38,-105.34689331054688,-2.7722866535186768,38,796
-69.85163879394531,-2.587097644805908,27,-79.0859375,-2.9291088581085205,27,-89.85832214355469,-3.3280858993530273,27,-104.4324951171875,-2.7482235431671143,38,-87.56391906738281,-3.243108034133911,27,-95.50993347167969,-3.537405014038086,27,797
-91.40057373046875,-2.1255948543548584,43,-102.61415100097656,-2.386375665664673,43,-73.95377349853516,-1.7198551893234253,43,-62.75743103027344,-1.3352644443511963,47,-105.77967834472656,-2.4599924087524414,43,-87.3647232055664,-2.031737804412842,43,798
-72.49478149414062,-1.42146635055542,51,-109.51611328125,-2.1473748683929443,51,-127.56573486328125,-2.501288890838623,51,-55.43049621582031,-2.7715249061584473,20,-129.19252014160156,-2.533186674118042,51,-144.69093322753906,-2.8370771408081055,51,799
-98.87918853759766,-2.197315216064453,45,-121.51905822753906,-2.7004234790802,45,-129.44952392578125,-2.8766560554504395,45,-100.4094009399414,-2.868839979171753,35,-124.25440979003906,-2.761209011077881,45,-135.45953369140625,-3.010211944580078,45,800
-70.72279357910156,-1.81340491771698,39,-138.71023559570312,-3.5566728115081787,39,-139.96636962890625,-3.588881254196167,39,-115.05667114257812,-3.71150541305542,31,-150.66558837890625,-3.86322021484375,39,-142.10618591308594,-3.6437482833862305,39,801
-76.34795379638672,-2.93645977973938,26,-69.89617919921875,-2.68831467628479,26,-61.52784729003906,-2.366455554962158,26,-51.026893615722656,-1.594590425491333,32,-68.03227233886719,-2.6166257858276367,26,-62.4114990234375,-2.400442361831665,26,802
-82.94778442382812,-1.6928119659423828,49,-165.51239013671875,-3.3778038024902344,49,-135.55162048339844,-2.766359567642212,49,-83.23237609863281,-2.378067970275879,35,-153.67236328125,-3.1361706256866455,49,-115.6646957397461,-2.360503911972046,49,803
-44.9753532409668,-1.0969598293304443,41,-88.45808410644531,-2.1575143337249756,41,-95.09452819824219,-2.3193788528442383,41,-17.574222564697266,-0.9249590635299683,19,-118.42022705078125,-2.888298273086548,41,-109.6290283203125,-2.6738786697387695,41,804
-34.00544738769531,-1.1335148811340332,30,-54.874855041503906,-1.8291618824005127,30,-59.49311065673828,-1.983103632926941,30,-57.948577880859375,-1.5661777257919312,37,-69.20481872558594,-2.3068273067474365,30,-65.87544250488281,-2.195847988128662,30,805
-43.388633728027344,-1.606986403465271,27,-146.90057373046875,-5.440762042999268,27,-180.70921325683594,-6.692934036254883,27,-266.7196044921875,-5.798252105712891,46,-158.8356475830078,-5.882801532745361,27,-170.20106506347656,-6.303743362426758,27,806
-59.43608474731445,-2.049520254135132,29,-80.06664276123047,-2.760918617248535,29,-72.44131469726562,-2.497976303100586,29,-46.476463317871094,-2.3238232135772705,20,-75.62905883789062,-2.607898473739624,29,-85.39276123046875,-2.944577932357788,29,807
-93.9532470703125,-1.9990051984786987,47,-132.19757080078125,-2.8127143383026123,47,-101.732666015625,-2.164524793624878,47,-61.23700714111328,-1.91365647315979,32,-135.0986328125,-2.874439001083374,47,-113.58837890625,-2.416774034500122,47,808
-75.494384765625,-1.7974853515625,42,-81.12716674804688,-1.9315992593765259,42,-67.33485412597656,-1.6032108068466187,42,-80.40757751464844,-1.914466142654419,42,-96.5421142578125,-2.298621654510498,42,-78.06123352050781,-1.8586008548736572,42,809
-79.12283325195312,-1.6147516965866089,49,-164.3378143310547,-3.353832960128784,49,-178.26101684570312,-3.6379799842834473,49,-112.74491882324219,-3.4165127277374268,33,-175.67086791992188,-3.5851197242736816,49,-183.1145782470703,-3.737032175064087,49,810
-64.18675231933594,-2.1395583152770996,30,-114.72381591796875,-3.824127197265625,30,-93.17117309570312,-3.105705738067627,30,-91.1833267211914,-3.3771603107452393,27,-107.56954956054688,-3.5856516361236572,30,-108.50115966796875,-3.6167054176330566,30,811
-80.26748657226562,-1.911130666732788,42,-92.37693786621094,-2.199450969696045,42,-89.22560119628906,-2.1244189739227295,42,-75.15812683105469,-2.2105331420898438,34,-106.6119613647461,-2.5383801460266113,42,-101.1269302368164,-2.4077839851379395,42,812
-57.387107849121094,-2.6085050106048584,22,-83.13814544677734,-3.7790067195892334,22,-64.36360168457031,-2.9256181716918945,22,-56.41197204589844,-2.564180612564087,22,-84.43192291259766,-3.8378145694732666,22,-62.05665588378906,-2.8207571506500244,22,813
-124.96551513671875,-2.4503042697906494,51,-111.54275512695312,-2.187112808227539,51,-131.071044921875,-2.5700204372406006,51,-44.91217041015625,-1.4970723390579224,30,-118.04724884033203,-2.3146519660949707,51,-113.235595703125,-2.2203056812286377,51,814
-71.88421630859375,-1.6337321996688843,44,-106.72032928466797,-2.425462007522583,44,-92.87881469726562,-2.110882043838501,44,-75.53353881835938,-2.1581010818481445,35,-117.32634735107422,-2.6665079593658447,44,-104.05186462402344,-2.3648149967193604,44,815
-76.94538116455078,-2.404543161392212,32,-96.10447692871094,-3.003264904022217,32,-107.42293548583984,-3.356966733932495,32,-87.28955841064453,-1.9838535785675049,44,-102.32231140136719,-3.1975722312927246,32,-111.47264099121094,-3.483520030975342,32,816
-95.09072875976562,-3.2789907455444336,29,-100.40074157714844,-3.46209454536438,29,-98.32464599609375,-3.390505075454712,29,-104.03242492675781,-3.1524977684020996,33,-100.43655395507812,-3.463329553604126,29,-104.8974609375,-3.6171538829803467,29,817
-50.031986236572266,-1.6139349937438965,31,-80.48059844970703,-2.5961482524871826,31,-85.85540771484375,-2.769529342651367,31,-74.20700073242188,-2.8541154861450195,26,-81.80154418945312,-2.6387593746185303,31,-84.45687103271484,-2.7244153022766113,31,818
-38.69512176513672,-1.38196861743927,28,-68.0395278930664,-2.429983139038086,28,-60.34050750732422,-2.1550180912017822,28,-63.21474838256836,-2.1071581840515137,30,-73.20160675048828,-2.6143431663513184,28,-70.92894744873047,-2.5331766605377197,28,819
-75.05088806152344,-2.207379102706909,34,-104.30289459228516,-3.067732095718384,34,-74.84770202636719,-2.2014029026031494,34,-68.4267578125,-2.2073147296905518,31,-101.53681945800781,-2.986377000808716,34,-77.70833587646484,-2.285539388656616,34,820
-72.98011779785156,-2.2115187644958496,33,-168.78347778320312,-5.114650726318359,33,-214.85328674316406,-6.510705471038818,33,-285.7572937011719,-6.350162029266357,45,-179.48602294921875,-5.438970565795898,33,-214.93670654296875,-6.513233661651611,33,821
-73.75304412841797,-2.1072299480438232,35,-90.19644165039062,-2.5770411491394043,35,-85.9235610961914,-2.454958915710449,35,-74.01193237304688,-2.387481689453125,31,-104.6244888305664,-2.9892711639404297,35,-104.42254638671875,-2.983501434326172,35,822
-185.80702209472656,-4.531878471374512,41,-238.64208984375,-5.8205389976501465,41,-259.4111328125,-6.32710075378418,41,-297.72943115234375,-6.616209506988525,45,-251.38229370117188,-6.131275653839111,41,-261.7133483886719,-6.3832526206970215,41,823
-63.919525146484375,-1.5218935012817383,42,-102.85443115234375,-2.4489150047302246,42,-91.70542907714844,-2.183462619781494,42,-52.96233367919922,-1.7084623575210571,31,-113.54829406738281,-2.703530788421631,42,-103.990966796875,-2.475975513458252,42,824
-29.092998504638672,-1.5312104225158691,19,-87.47254943847656,-4.603818416595459,19,-76.8385009765625,-4.044131755828857,19,-92.69551086425781,-3.089850425720215,30,-92.32686614990234,-4.85930871963501,19,-77.49192810058594,-4.078522682189941,19,825
-84.93643188476562,-2.071620225906372,41,-140.2279815673828,-3.420194625854492,41,-144.94232177734375,-3.5351786613464355,41,-153.10447692871094,-3.4023218154907227,45,-132.20553588867188,-3.224525213241577,41,-146.91610717773438,-3.583319664001465,41,826
-112.66067504882812,-2.503570556640625,45,-89.84437561035156,-1.9965417385101318,45,-103.45355224609375,-2.2989678382873535,45,-62.741783142089844,-1.9606807231903076,32,-90.98463439941406,-2.021880865097046,45,-88.60597229003906,-1.9690215587615967,45,827
-44.20123291015625,-0.7491734623908997,59,-53.33940505981445,-0.9040577411651611,59,-64.65153503417969,-1.0957887172698975,59,-41.354183197021484,-0.7009183764457703,59,-83.38170623779297,-1.4132492542266846,59,-78.38957214355469,-1.3286367654800415,59,828
-75.68394470214844,-2.1023318767547607,36,-89.80945587158203,-2.4947071075439453,36,-96.15766906738281,-2.671046257019043,36,-95.42987823486328,-2.12066388130188,45,-94.57974243164062,-2.6272151470184326,36,-96.00740814208984,-2.666872501373291,36,829
-142.6777801513672,-2.5031189918518066,57,-199.60760498046875,-3.501887798309326,57,-187.9553680419922,-3.2974627017974854,57,-81.95339965820312,-4.3133368492126465,19,-219.117919921875,-3.8441741466522217,57,-200.431884765625,-3.5163488388061523,57,830
-121.01146697998047,-2.8142201900482178,43,-144.09564208984375,-3.3510613441467285,43,-127.50489807128906,-2.9652302265167236,43,-77.11254119873047,-2.965867042541504,26,-156.1483154296875,-3.6313562393188477,43,-123.97625732421875,-2.8831686973571777,43,831
-106.34412384033203,-2.3632028102874756,45,-148.28578186035156,-3.2952396869659424,45,-141.3654327392578,-3.141453981399536,45,-115.41671752929688,-3.119370698928833,37,-154.08567810058594,-3.424126148223877,45,-151.8836669921875,-3.375192642211914,45,832
-128.85638427734375,-3.142838716506958,41,-118.06732177734375,-2.8796908855438232,41,-101.49626159667969,-2.4755184650421143,41,-62.568328857421875,-2.4064741134643555,26,-117.29658508300781,-2.8608922958374023,41,-106.32489013671875,-2.593290090560913,41,833
-79.57207489013672,-1.808456301689148,44,-81.09235382080078,-1.843008041381836,44,-74.13665771484375,-1.6849240064620972,44,-53.340538024902344,-1.1853452920913696,45,-102.7140121459961,-2.334409475326538,44,-76.97409057617188,-1.7494111061096191,44,834
-108.49497985839844,-2.4657950401306152,44,-124.95713806152344,-2.839935064315796,44,-139.08975219726562,-3.161130666732788,44,-72.79926300048828,-2.599973678588867,28,-152.8820343017578,-3.4745917320251465,44,-160.62188720703125,-3.6504974365234375,44,835
-121.00616455078125,-3.781442642211914,32,-88.34252166748047,-2.7607038021087646,32,-100.4576416015625,-3.139301300048828,32,-72.0072250366211,-2.7695086002349854,26,-91.54524230957031,-2.8607888221740723,32,-100.54307556152344,-3.1419711112976074,32,836
-71.9264144897461,-2.0550403594970703,35,-94.66246032714844,-2.704641819000244,35,-80.38047790527344,-2.2965850830078125,35,-85.3984375,-2.2473273277282715,38,-85.61503601074219,-2.446143865585327,35,-90.39082336425781,-2.582594871520996,35,837
-73.5628433227539,-1.886226773262024,39,-100.01953125,-2.564603328704834,39,-109.02638244628906,-2.7955482006073,39,-117.61054229736328,-3.3603012561798096,35,-129.51300048828125,-3.3208460807800293,39,-137.3600311279297,-3.522052049636841,39,838
-120.61346435546875,-2.566243886947632,47,-124.43804931640625,-2.647618055343628,47,-121.0286636352539,-2.575078010559082,47,-89.2593994140625,-3.187835693359375,28,-140.75448608398438,-2.9947762489318848,47,-149.63177490234375,-3.18365478515625,47,839
-90.11811065673828,-2.252952814102173,40,-91.77803802490234,-2.2944509983062744,40,-91.70570373535156,-2.292642593383789,40,-83.51423645019531,-2.3198399543762207,36,-107.1598129272461,-2.678995370864868,40,-105.330322265625,-2.633258104324341,40,840
-99.90626525878906,-2.171875238418579,46,-125.09176635742188,-2.719386339187622,46,-121.41439819335938,-2.6394433975219727,46,-83.49057006835938,-2.3854448795318604,35,-148.9510498046875,-3.2380661964416504,46,-137.3902130126953,-2.986743688583374,46,841
-113.70649719238281,-2.7072975635528564,42,-83.34219360351562,-1.9843379259109497,42,-91.39518737792969,-2.1760759353637695,42,-83.08780670166016,-2.077195167541504,40,-102.97938537597656,-2.451890230178833,42,-119.46947479248047,-2.8445112705230713,42,842
-109.18025970458984,-3.308492660522461,33,-87.68669128417969,-2.657172441482544,33,-67.91177368164062,-2.0579326152801514,33,-70.3935546875,-1.7169159650802612,41,-88.15130615234375,-2.6712517738342285,33,-81.90351867675781,-2.4819247722625732,33,843
-13.171649932861328,-0.3874014616012573,34,-95.03446960449219,-2.7951314449310303,34,-86.61196899414062,-2.5474109649658203,34,-71.36277770996094,-2.9734489917755127,24,-101.58331298828125,-2.9877445697784424,34,-94.50016784667969,-2.779416799545288,34,844
-42.47028350830078,-0.832750678062439,51,-92.1551742553711,-1.8069641590118408,51,-69.86222076416016,-1.3698474168777466,51,-38.90768051147461,-0.8842654824256897,44,-93.66331481933594,-1.8365355730056763,51,-77.25885009765625,-1.5148794651031494,51,845
-93.81532287597656,-1.9145984649658203,49,-112.60324096679688,-2.298025369644165,49,-110.32450866699219,-2.2515206336975098,49,-56.7882080078125,-1.9582140445709229,29,-141.11431884765625,-2.8798840045928955,49,-145.52093505859375,-2.9698150157928467,49,846
-84.569580078125,-2.5627145767211914,33,-89.51576232910156,-2.7125988006591797,33,-80.9548568725586,-2.4531774520874023,33,-84.03477478027344,-2.271210193634033,37,-99.18978881835938,-3.005751132965088,33,-87.00942993164062,-2.6366493701934814,33,847
-75.53915405273438,-1.7167989015579224,44,-82.94949340820312,-1.8852157592773438,44,-62.89641189575195,-1.4294638633728027,44,-65.17745971679688,-1.5157548189163208,43,-83.52951049804688,-1.8983979225158691,44,-86.22671508789062,-1.9596980810165405,44,848
-80.27141571044922,-1.707902431488037,47,-118.86507415771484,-2.5290441513061523,47,-124.76826477050781,-2.654644012451172,47,-65.86302947998047,-2.3522510528564453,28,-129.93374633789062,-2.764547824859619,47,-130.54202270507812,-2.7774899005889893,47,849
-126.11481475830078,-3.408508539199829,37,-123.61965942382812,-3.341071844100952,37,-110.4886474609375,-2.9861795902252197,37,-114.54354858398438,-3.0143039226531982,38,-149.6398162841797,-4.044319152832031,37,-134.63192749023438,-3.6387007236480713,37,850
-73.31866455078125,-1.4962992668151855,49,-86.66880798339844,-1.7687511444091797,49,-74.3915786743164,-1.5181955099105835,49,-75.5382080078125,-1.4811413288116455,51,-103.17303466796875,-2.10557222366333,49,-96.40882873535156,-1.967527151107788,49,851
-113.93317413330078,-2.649608612060547,43,-125.28178405761719,-2.913529872894287,43,-114.26126098632812,-2.657238721847534,43,-78.63518524169922,-2.536618947982788,31,-115.95127868652344,-2.6965413093566895,43,-109.479736328125,-2.5460402965545654,43,852
-98.16053771972656,-2.3941595554351807,41,-70.86145782470703,-1.7283282279968262,41,-75.95964813232422,-1.8526743650436401,41,-57.91366958618164,-1.3162198066711426,44,-95.75679016113281,-2.33553147315979,41,-99.83714294433594,-2.4350521564483643,41,853
-91.7142562866211,-2.4135329723358154,38,-99.77840423583984,-2.6257474422454834,38,-67.80938720703125,-1.7844575643539429,38,-97.12004089355469,-2.1582231521606445,45,-98.90794372558594,-2.6028406620025635,38,-78.6351547241211,-2.0693461894989014,38,854
-117.59053802490234,-2.8680620193481445,41,-155.80264282226562,-3.8000645637512207,41,-147.88368225097656,-3.606919050216675,41,-130.72567749023438,-3.5331263542175293,37,-157.574951171875,-3.8432915210723877,41,-121.9861068725586,-2.975270986557007,41,855
-115.71829223632812,-2.6299612522125244,44,-113.098388671875,-2.570417881011963,44,-95.489990234375,-2.17022705078125,44,-98.883056640625,-2.060063600540161,48,-131.94284057617188,-2.9987008571624756,44,-109.75703430175781,-2.4944779872894287,44,856
-85.54115295410156,-2.444032907485962,35,-95.16764831542969,-2.7190756797790527,35,-87.84442138671875,-2.509840726852417,35,-51.236907958984375,-2.049476385116577,25,-121.55956268310547,-3.473130464553833,35,-111.04339599609375,-3.17266845703125,35,857
-58.36035919189453,-1.8825922012329102,31,-85.86100769042969,-2.769709825515747,31,-87.974853515625,-2.8378984928131104,31,-59.251953125,-2.1161410808563232,28,-112.04069519042969,-3.6142160892486572,31,-89.64176940917969,-2.891669988632202,31,858
-84.37640380859375,-2.109410047531128,40,-111.8141098022461,-2.7953526973724365,40,-96.5194320678711,-2.4129858016967773,40,-97.38113403320312,-2.16402530670166,45,-93.38597106933594,-2.3346493244171143,40,-101.49443054199219,-2.537360668182373,40,859
-47.979347229003906,-1.115798830986023,43,-88.46871948242188,-2.0574121475219727,43,-100.02957153320312,-2.3262691497802734,43,-79.09567260742188,-2.396838665008545,33,-94.94410705566406,-2.2080025672912598,43,-113.97087097167969,-2.6504852771759033,43,860
-74.1192855834961,-1.684529185295105,44,-96.57795715332031,-2.194953680038452,44,-95.86558532714844,-2.1787633895874023,44,-55.18388366699219,-1.5328856706619263,36,-115.93038177490234,-2.6347813606262207,44,-113.5051498413086,-2.579662561416626,44,861
-107.65562438964844,-2.070300579071045,52,-126.9103775024414,-2.440584182739258,52,-128.98934936523438,-2.4805643558502197,52,-83.68196105957031,-2.261674642562866,37,-134.96160888671875,-2.5954155921936035,52,-129.00167846679688,-2.480801582336426,52,862
-149.81356811523438,-3.1211159229278564,48,-140.9974365234375,-2.9374465942382812,48,-110.41400909423828,-2.3002917766571045,48,-86.71453857421875,-2.477558135986328,35,-176.7301025390625,-3.6818771362304688,48,-166.29745483398438,-3.4645302295684814,48,863
-60.43440628051758,-2.238311290740967,27,-167.64088439941406,-6.208921432495117,27,-193.55056762695312,-7.168539524078369,27,-321.0885314941406,-6.831670761108398,47,-161.97186279296875,-5.998958110809326,27,-180.6285400390625,-6.689945697784424,27,864
-90.3416748046875,-1.8437076807022095,49,-105.54788208007812,-2.154038429260254,49,-108.17271423339844,-2.207606315612793,49,-52.19667434692383,-1.5817173719406128,33,-141.0111846923828,-2.877779245376587,49,-126.05632019042969,-2.572577953338623,49,865
-49.953590393066406,-1.4272454977035522,35,-101.34219360351562,-2.895491361618042,35,-116.92289733886719,-3.340654134750366,35,-146.32217407226562,-3.1809167861938477,46,-119.19364929199219,-3.4055328369140625,35,-122.71939849853516,-3.5062685012817383,35,866
-87.48436737060547,-2.9161455631256104,30,-101.22052001953125,-3.3740172386169434,30,-86.94020080566406,-2.8980066776275635,30,-72.96113586425781,-3.316415309906006,22,-100.35572814941406,-3.34519100189209,30,-82.22642517089844,-2.7408807277679443,30,867
-64.58760070800781,-1.8996353149414062,34,-82.26676940917969,-2.4196109771728516,34,-84.62012481689453,-2.4888272285461426,34,-79.34243774414062,-1.9351813793182373,41,-101.545654296875,-2.9866368770599365,34,-108.95564270019531,-3.204577684402466,34,868
-83.31975555419922,-2.975705623626709,28,-87.17140197753906,-3.113264322280884,28,-76.74910736083984,-2.741039514541626,28,-87.70135498046875,-2.1925339698791504,40,-101.43772888183594,-3.6227760314941406,28,-90.10054016113281,-3.217876434326172,28,869
-148.52935791015625,-2.517446756362915,59,-151.94818115234375,-2.575392961502075,59,-138.5065460205078,-2.3475685119628906,59,-95.87518310546875,-2.338419198989868,41,-133.8394775390625,-2.268465757369995,59,-130.0897674560547,-2.204911231994629,59,870
-56.879150390625,-1.1152774095535278,51,-96.34846496582031,-1.8891855478286743,51,-120.2998275756836,-2.3588201999664307,51,-91.12123107910156,-2.024916172027588,45,-109.15144348144531,-2.1402244567871094,51,-115.0321273803711,-2.2555320262908936,51,871
-91.07266998291016,-2.2768168449401855,40,-89.94590759277344,-2.248647689819336,40,-102.48313903808594,-2.5620784759521484,40,-97.27711486816406,-2.372612476348877,41,-93.60604858398438,-2.340151309967041,40,-105.48700714111328,-2.6371750831604004,40,872
-90.40571594238281,-2.658991575241089,34,-99.80457305908203,-2.9354286193847656,34,-93.92476654052734,-2.762493133544922,34,-144.117919921875,-3.13299822807312,46,-107.31654357910156,-3.1563689708709717,34,-103.26470947265625,-3.0371973514556885,34,873
-70.47872924804688,-2.0136780738830566,35,-75.09713745117188,-2.14563250541687,35,-76.38764953613281,-2.182504177093506,35,-85.59101104736328,-2.087585687637329,41,-85.76496887207031,-2.450427770614624,35,-78.21217346191406,-2.234633445739746,35,874
-100.09930419921875,-2.3833167552948,42,-249.46786499023438,-5.939711093902588,42,-286.18170166015625,-6.813849925994873,42,-304.05657958984375,-6.609925746917725,46,-252.8929901123047,-6.021261692047119,42,-288.12744140625,-6.860177040100098,42,875
-111.98838806152344,-2.28547739982605,49,-135.16778564453125,-2.75852632522583,49,-143.02508544921875,-2.918879270553589,49,-103.51795959472656,-2.957655906677246,35,-151.13894653320312,-3.084468364715576,49,-159.0865478515625,-3.24666428565979,49,876
-174.33572387695312,-3.9621756076812744,44,-295.5205078125,-6.716375350952148,44,-289.400634765625,-6.577287197113037,44,-301.0826110839844,-6.406013011932373,47,-293.249267578125,-6.6647562980651855,44,-297.71795654296875,-6.766317367553711,44,877
-51.26118469238281,-1.5533692836761475,33,-49.82721710205078,-1.5099157094955444,33,-64.06582641601562,-1.941388726234436,33,-51.72180938720703,-1.6684454679489136,31,-56.25297927856445,-1.704635739326477,33,-67.55876159667969,-2.0472352504730225,33,878
-96.82911682128906,-1.5617599487304688,62,-148.78720092773438,-2.3997936248779297,62,-139.828857421875,-2.2553040981292725,62,-31.264522552490234,-1.5632261037826538,20,-161.56044006347656,-2.605813503265381,62,-144.50767517089844,-2.3307690620422363,62,879
-71.78718566894531,-1.6694694757461548,43,-110.04634094238281,-2.5592172145843506,43,-116.31700134277344,-2.7050466537475586,43,-110.94021606445312,-2.3604302406311035,47,-112.43680572509766,-2.614809513092041,43,-117.7491455078125,-2.7383522987365723,43,880
-106.76911926269531,-2.1353824138641357,50,-120.47848510742188,-2.40956974029541,50,-97.18484497070312,-1.9436968564987183,50,-59.979042053222656,-1.3631600141525269,44,-124.11717224121094,-2.4823434352874756,50,-108.68832397460938,-2.1737663745880127,50,881
-130.432373046875,-3.105532646179199,42,-141.93212890625,-3.379336357116699,42,-130.3997802734375,-3.1047565937042236,42,-126.09584045410156,-3.0755083560943604,41,-141.66595458984375,-3.3729989528656006,42,-124.98960876464844,-2.975943088531494,42,882
-44.899818420410156,-1.4483811855316162,31,-98.59420013427734,-3.1804580688476562,31,-103.52691650390625,-3.3395779132843018,31,-53.333457946777344,-2.424247980117798,22,-97.41753387451172,-3.14250111579895,31,-103.03694152832031,-3.3237721920013428,31,883
-62.269649505615234,-2.1472291946411133,29,-105.67766571044922,-3.644057512283325,29,-102.33197021484375,-3.528688669204712,29,-112.60608673095703,-2.3459601402282715,48,-104.65327453613281,-3.608733654022217,29,-102.8795166015625,-3.547569513320923,29,884
-55.209632873535156,-2.2083852291107178,25,-78.67208862304688,-3.146883487701416,25,-91.43492126464844,-3.6573967933654785,25,-88.96630859375,-2.965543508529663,30,-75.70878601074219,-3.0283515453338623,25,-93.47058868408203,-3.738823652267456,25,885
-90.80125427246094,-2.522257089614868,36,-86.68008422851562,-2.407780170440674,36,-80.840576171875,-2.2455716133117676,36,-66.38066101074219,-2.2889883518218994,29,-94.22877502441406,-2.6174659729003906,36,-92.80543518066406,-2.5779287815093994,36,886
-60.913978576660156,-1.6920549869537354,36,-70.96036529541016,-1.9711213111877441,36,-71.51850128173828,-1.986625075340271,36,-69.48479461669922,-1.7816613912582397,39,-122.18588256835938,-3.394052267074585,36,-119.46479034423828,-3.3184664249420166,36,887
-114.77989196777344,-2.7995095252990723,41,-87.41595458984375,-2.132096529006958,41,-59.46665954589844,-1.4504063129425049,41,-38.876708984375,-1.0230712890625,38,-117.20381927490234,-2.8586297035217285,41,-100.32472229003906,-2.44694447517395,41,888
-54.07453155517578,-2.079789638519287,26,-66.76206970214844,-2.5677719116210938,26,-73.89051818847656,-2.8419430255889893,26,-77.5774917602539,-1.6161977052688599,48,-76.24626159667969,-2.9325485229492188,26,-88.9671630859375,-3.42181396484375,26,889
-74.44426727294922,-2.658723831176758,28,-123.08891296386719,-4.396032810211182,28,-123.73002624511719,-4.418929576873779,28,-165.7555389404297,-3.6834564208984375,45,-107.01069641113281,-3.821810483932495,28,-94.3226318359375,-3.3686654567718506,28,890
-121.45878601074219,-2.6990840435028076,45,-110.68618774414062,-2.45969295501709,45,-112.6159896850586,-2.502577543258667,45,-84.94192504882812,-2.4982919692993164,34,-121.68605041503906,-2.704134464263916,45,-121.1478271484375,-2.692173957824707,45,891
-89.60271453857422,-3.584108591079712,25,-78.10002136230469,-3.1240007877349854,25,-72.20382690429688,-2.888153076171875,25,-72.71222686767578,-1.7734689712524414,41,-81.99340057373047,-3.279736042022705,25,-88.98260498046875,-3.5593042373657227,25,892
-96.93038940429688,-1.9781712293624878,49,-99.59860229492188,-2.0326244831085205,49,-114.95056915283203,-2.3459300994873047,49,-93.31321716308594,-2.1207549571990967,44,-115.16545104980469,-2.3503153324127197,49,-125.12457275390625,-2.553562641143799,49,893
-113.93637084960938,-2.531919240951538,45,-151.96690368652344,-3.377042293548584,45,-123.29669189453125,-2.73992657661438,45,-69.67937469482422,-2.5807175636291504,27,-144.60061645507812,-3.2133469581604004,45,-135.2557830810547,-3.0056841373443604,45,894
-79.56187438964844,-1.8082244396209717,44,-127.40768432617188,-2.8956291675567627,44,-156.31558227539062,-3.552626848220825,44,-101.82904052734375,-3.5113463401794434,29,-149.04896545410156,-3.3874764442443848,44,-156.4697265625,-3.5561301708221436,44,895
-98.4967269897461,-3.177313804626465,31,-83.13925170898438,-2.6819112300872803,31,-67.83558654785156,-2.1882448196411133,31,-68.19571685791016,-2.0665369033813477,33,-110.30740356445312,-3.5583033561706543,31,-88.44839477539062,-2.8531739711761475,31,896
-84.34732055664062,-2.811577320098877,30,-93.36996459960938,-3.1123321056365967,30,-90.40328979492188,-3.0134429931640625,30,-81.66876220703125,-2.816164255142212,29,-107.45968627929688,-3.5819895267486572,30,-99.37342834472656,-3.3124475479125977,30,897
-72.57133483886719,-2.6878271102905273,27,-67.64825439453125,-2.505491018295288,27,-58.00904846191406,-2.1484832763671875,27,-70.90901184082031,-1.6883097887039185,42,-80.23336791992188,-2.9716062545776367,27,-71.72361755371094,-2.656430244445801,27,898
-111.96443176269531,-2.7991108894348145,40,-179.109619140625,-4.477740287780762,40,-222.45458984375,-5.561364650726318,40,-275.2615051269531,-5.983945846557617,46,-187.99407958984375,-4.699851989746094,40,-216.4860076904297,-5.4121503829956055,40,899
-78.36222076416016,-2.2389206886291504,35,-76.11970520019531,-2.174848794937134,35,-37.40020751953125,-1.0685774087905884,35,-26.482603073120117,-0.7789000868797302,34,-85.2536849975586,-2.435819625854492,35,-46.001060485839844,-1.3143160343170166,35,900
-85.71196746826172,-2.597332239151001,33,-80.98542785644531,-2.454103946685791,33,-74.76203918457031,-2.2655162811279297,33,-72.04254150390625,-2.0011816024780273,36,-98.802490234375,-2.9940147399902344,33,-92.16212463378906,-2.7927916049957275,33,901
-69.79776000976562,-2.791910409927368,25,-69.6693344116211,-2.786773443222046,25,-66.27622985839844,-2.6510491371154785,25,-44.04926300048828,-1.4683088064193726,30,-74.108154296875,-2.9643261432647705,25,-62.978485107421875,-2.519139289855957,25,902
-59.566871643066406,-2.2061803340911865,27,-83.32856750488281,-3.086243152618408,27,-62.124061584472656,-2.300891160964966,27,-63.99753189086914,-1.9999228715896606,32,-78.23905181884766,-2.897742748260498,27,-69.49361419677734,-2.5738375186920166,27,903
-104.3794174194336,-2.609485387802124,40,-150.5355987548828,-3.763390064239502,40,-126.17607116699219,-3.1544017791748047,40,-128.30911254882812,-3.129490613937378,41,-139.0984344482422,-3.4774608612060547,40,-127.02806854248047,-3.17570161819458,40,904
-70.49507141113281,-1.719391942024231,41,-139.16091918945312,-3.3941688537597656,41,-145.378662109375,-3.545820951461792,41,-77.20152282714844,-3.0880608558654785,25,-143.58840942382812,-3.5021562576293945,41,-123.15599060058594,-3.0038046836853027,41,905
-97.323486328125,-3.0413589477539062,32,-104.6336441040039,-3.269801378250122,32,-99.78767395019531,-3.1183648109436035,32,-77.28610229492188,-1.6101270914077759,48,-100.72467041015625,-3.147645950317383,32,-103.61247253417969,-3.2378897666931152,32,906
-103.32572937011719,-2.1984198093414307,47,-139.22445678710938,-2.9622225761413574,47,-136.3790283203125,-2.901681423187256,47,-86.26213073730469,-2.9745562076568604,29,-141.19871520996094,-3.004227876663208,47,-146.60580444335938,-3.119272470474243,47,907
-63.57848358154297,-2.19236159324646,29,-95.93539428710938,-3.308117151260376,29,-86.31660461425781,-2.9764347076416016,29,-60.81517791748047,-3.0407588481903076,20,-96.84213256835938,-3.339383840560913,29,-90.58012390136719,-3.123452663421631,29,908
-82.35943603515625,-1.9609389305114746,42,-109.40103149414062,-2.6047863960266113,42,-125.68463134765625,-2.9924912452697754,42,-69.10540008544922,-2.7642159461975098,25,-118.21427154541016,-2.8146255016326904,42,-132.18927001953125,-3.1473636627197266,42,909
-91.58097839355469,-5.087831974029541,18,-83.08737182617188,-4.615964889526367,18,-74.27050018310547,-4.126138687133789,18,-89.64256286621094,-3.3200948238372803,27,-95.05481719970703,-5.280823230743408,18,-86.05607604980469,-4.780893325805664,18,910
-34.338401794433594,-1.492974042892456,23,-61.7452392578125,-2.6845755577087402,23,-74.08456420898438,-3.2210679054260254,23,-84.45558166503906,-3.016270875930786,28,-74.00923156738281,-3.2177927494049072,23,-71.20374298095703,-3.0958149433135986,23,911
-42.53185272216797,-1.4177284240722656,30,-87.81265258789062,-2.927088499069214,30,-78.27015686035156,-2.6090052127838135,30,-80.83424377441406,-2.6075563430786133,31,-91.23051452636719,-3.0410170555114746,30,-90.87271118164062,-3.029090404510498,30,912
-48.367835998535156,-1.4656920433044434,33,-77.96331024169922,-2.3625245094299316,33,-64.56046295166016,-1.956377625465393,33,-22.837390899658203,-1.2019679546356201,19,-71.4608383178711,-2.165479898452759,33,-58.58517074584961,-1.7753082513809204,33,913
-77.94964599609375,-2.6879189014434814,29,-72.72673797607422,-2.5078184604644775,29,-71.73886108398438,-2.4737539291381836,29,-81.1146240234375,-2.4580190181732178,33,-77.6607437133789,-2.6779565811157227,29,-78.41026306152344,-2.7038021087646484,29,914
-118.4874267578125,-2.9621856212615967,40,-82.48656463623047,-2.062164068222046,40,-90.21881103515625,-2.2554702758789062,40,-38.19084930419922,-1.6604716777801514,23,-104.24018096923828,-2.606004476547241,40,-86.13616943359375,-2.1534042358398438,40,915
-94.19420623779297,-3.4886744022369385,27,-97.94996643066406,-3.627776622772217,27,-93.34970092773438,-3.4573962688446045,27,-90.15940856933594,-3.0053136348724365,30,-84.9732894897461,-3.1471588611602783,27,-97.80108642578125,-3.622262477874756,27,916
-156.98410034179688,-3.7377166748046875,42,-98.25827026367188,-2.339482545852661,42,-92.41934204101562,-2.200460433959961,42,-94.30203247070312,-2.0956006050109863,45,-95.6551513671875,-2.277503490447998,42,-103.33270263671875,-2.4603023529052734,42,917
-105.28743743896484,-3.2902324199676514,32,-59.035614013671875,-1.844862937927246,32,-54.66106414794922,-1.708158254623413,32,-55.1563720703125,-1.9698704481124878,28,-68.71900939941406,-2.1474690437316895,32,-59.601741790771484,-1.8625544309616089,32,918
-77.38322448730469,-2.5794408321380615,30,-58.763607025146484,-1.9587868452072144,30,-63.560550689697266,-2.118685007095337,30,-53.21432876586914,-1.716591238975525,31,-52.609832763671875,-1.753661036491394,30,-59.00629425048828,-1.96687650680542,30,919
-126.0430679321289,-2.572307586669922,49,-119.72418212890625,-2.4433505535125732,49,-89.23617553710938,-1.8211464881896973,49,-88.50900268554688,-1.7354706525802612,51,-117.7190170288086,-2.4024288654327393,49,-89.68037414550781,-1.8302117586135864,49,920
-129.37496948242188,-3.2343742847442627,40,-107.719482421875,-2.6929869651794434,40,-98.0724105834961,-2.451810359954834,40,-78.7924575805664,-2.4622642993927,32,-100.71955108642578,-2.517988681793213,40,-88.76949310302734,-2.2192373275756836,40,921
-93.90133666992188,-2.8454949855804443,33,-44.85431671142578,-1.3592216968536377,33,-38.70568084716797,-1.1728993654251099,33,-20.910816192626953,-0.6150240302085876,34,-59.18000030517578,-1.7933332920074463,33,-34.379417419433594,-1.0418004989624023,33,922
-29.824928283691406,-0.7456232309341431,40,-103.24507141113281,-2.5811266899108887,40,-116.51083374023438,-2.9127707481384277,40,-95.90792083740234,-2.664108991622925,36,-108.70870971679688,-2.7177176475524902,40,-120.63247680664062,-3.0158119201660156,40,923
-76.91485595703125,-2.1975672245025635,35,-108.73298645019531,-3.106656789779663,35,-78.51013946533203,-2.2431468963623047,35,-55.840850830078125,-1.9943161010742188,28,-92.94215393066406,-2.6554901599884033,35,-77.66545104980469,-2.219012975692749,35,924
-67.46170806884766,-2.1081783771514893,32,-101.07719421386719,-3.1586623191833496,32,-83.28439331054688,-2.60263729095459,32,-71.64356231689453,-2.4704675674438477,29,-107.00080871582031,-3.3437752723693848,32,-83.46517944335938,-2.6082868576049805,32,925
-147.03634643554688,-2.535109519958496,58,-128.88795471191406,-2.2222061157226562,58,-125.67428588867188,-2.1667981147766113,58,-67.93962860107422,-1.6570640802383423,41,-145.82688903808594,-2.514256715774536,58,-135.91351318359375,-2.343336343765259,58,926
-65.79655456542969,-1.9351928234100342,34,-132.51278686523438,-3.897434949874878,34,-131.42388916015625,-3.865408420562744,34,-141.78204345703125,-3.150712013244629,45,-128.06280517578125,-3.7665531635284424,34,-125.56253814697266,-3.6930158138275146,34,927
-123.53791809082031,-3.4316089153289795,36,-133.98965454101562,-3.7219347953796387,36,-112.84709930419922,-3.134641647338867,36,-83.74781036376953,-3.221069574356079,26,-133.72808837890625,-3.7146692276000977,36,-115.19903564453125,-3.1999731063842773,36,928
-58.061614990234375,-1.8144254684448242,32,-83.53897094726562,-2.610592842102051,32,-101.33015441894531,-3.166567325592041,32,-132.3414764404297,-3.2278409004211426,41,-73.00782775878906,-2.281494617462158,32,-96.24491119384766,-3.0076534748077393,32,929
-135.0797882080078,-1.9864674806594849,68,-166.18431091308594,-2.4438869953155518,68,-162.05850219726562,-2.3832132816314697,68,-74.07237243652344,-2.1785991191864014,34,-161.19821166992188,-2.3705618381500244,68,-172.80557250976562,-2.5412583351135254,68,930
-82.07687377929688,-2.2799131870269775,36,-103.94245910644531,-2.8872904777526855,36,-105.08731842041016,-2.9190921783447266,36,-74.84271240234375,-2.7719523906707764,27,-105.05133819580078,-2.918092727661133,36,-110.82720947265625,-3.07853364944458,36,931
-55.329288482666016,-1.5369247198104858,36,-87.12567138671875,-2.4201574325561523,36,-81.25704193115234,-2.2571401596069336,36,-62.857139587402344,-2.3280422687530518,27,-101.72418975830078,-2.825671911239624,36,-104.46931457519531,-2.9019253253936768,36,932
-44.799041748046875,-1.4933013916015625,30,-73.07450103759766,-2.435816764831543,30,-103.12434387207031,-3.4374780654907227,30,-92.29114532470703,-3.296112298965454,28,-80.97669982910156,-2.699223279953003,30,-103.13603210449219,-3.4378676414489746,30,933
-93.97698211669922,-2.042977809906006,46,-128.36587524414062,-2.790562391281128,46,-124.97511291503906,-2.7168502807617188,46,-82.06969451904297,-2.4869604110717773,33,-131.69500732421875,-2.8629348278045654,46,-126.30154418945312,-2.7456858158111572,46,934
-77.82266998291016,-2.1033153533935547,37,-105.57679748535156,-2.853426933288574,37,-97.78974914550781,-2.6429662704467773,37,-138.17640686035156,-3.0038349628448486,46,-107.19425964355469,-2.897142171859741,37,-112.39118957519531,-3.037599802017212,37,935
-36.77802276611328,-1.671728253364563,22,-72.01094055175781,-3.2732245922088623,22,-69.39710998535156,-3.154414176940918,22,-65.98818969726562,-1.9408291578292847,34,-67.26626586914062,-3.0575575828552246,22,-62.52068328857422,-2.8418493270874023,22,936
-62.09868621826172,-1.8264319896697998,34,-63.24863815307617,-1.8602540493011475,34,-70.52606964111328,-2.074296236038208,34,-82.78643035888672,-1.7997050285339355,46,-72.35670471191406,-2.128138303756714,34,-68.96897888183594,-2.0284993648529053,34,937
-97.51028442382812,-2.4377570152282715,40,-127.01127624511719,-3.1752820014953613,40,-110.2306900024414,-2.755767345428467,40,-112.78619384765625,-3.2224626541137695,35,-123.4987564086914,-3.0874688625335693,40,-110.10498809814453,-2.752624750137329,40,938
-61.516517639160156,-1.8093093633651733,34,-87.58106231689453,-2.575913667678833,34,-80.6113510131836,-2.370922088623047,34,-65.41834259033203,-2.4229016304016113,27,-93.64689636230469,-2.7543203830718994,34,-83.86250305175781,-2.4665441513061523,34,939
-88.55855560302734,-2.0595014095306396,43,-85.14668273925781,-1.9801554679870605,43,-77.81495666503906,-1.809650182723999,43,-55.41464614868164,-1.6792316436767578,33,-89.21068572998047,-2.07466721534729,43,-86.76775360107422,-2.017854690551758,43,940
-96.64974212646484,-2.7614212036132812,35,-89.36763763427734,-2.553361177444458,35,-68.63600158691406,-1.9610285758972168,35,-71.75557708740234,-1.9932104349136353,36,-94.03681945800781,-2.6867663860321045,35,-79.57588195800781,-2.2735965251922607,35,941
-54.78501892089844,-1.9566078186035156,28,-71.54013061523438,-2.555004596710205,28,-75.01425170898438,-2.6790804862976074,28,-74.3753890991211,-2.479179620742798,30,-77.489501953125,-2.767482280731201,28,-75.88551330566406,-2.7101969718933105,28,942
-79.85940551757812,-1.9477903842926025,41,-61.823760986328125,-1.5078966617584229,41,-77.25202178955078,-1.8841956853866577,41,-46.379268646240234,-1.3640961647033691,34,-67.42745208740234,-1.6445720195770264,41,-75.9839096069336,-1.8532661199569702,41,943
-121.72046661376953,-2.5358431339263916,48,-121.66520690917969,-2.53469181060791,48,-106.8918228149414,-2.2269129753112793,48,-87.6019287109375,-2.1900482177734375,40,-112.47297668457031,-2.343187093734741,48,-111.72454833984375,-2.327594757080078,48,944
-54.23740768432617,-1.129945993423462,48,-118.95075988769531,-2.4781408309936523,48,-120.06788635253906,-2.5014142990112305,48,-62.92962646484375,-2.169987201690674,29,-129.5544891357422,-2.699051856994629,48,-113.24256896972656,-2.359220266342163,48,945
-106.91693115234375,-2.607729911804199,41,-125.8297348022461,-3.0690178871154785,41,-122.24921417236328,-2.9816882610321045,41,-148.84872436523438,-3.235841751098633,46,-138.6532745361328,-3.3817873001098633,41,-133.13330078125,-3.2471537590026855,41,946
-76.43501281738281,-2.8309264183044434,27,-77.97649383544922,-2.8880183696746826,27,-67.20094299316406,-2.4889237880706787,27,-64.84808349609375,-2.236140727996826,29,-83.16170501708984,-3.0800631046295166,27,-74.59166717529297,-2.7626543045043945,27,947
-123.92698669433594,-2.8820228576660156,43,-140.69618225097656,-3.2720041275024414,43,-143.27044677734375,-3.3318707942962646,43,-141.0982666015625,-3.4414210319519043,41,-144.65505981445312,-3.3640711307525635,43,-146.839599609375,-3.414874315261841,43,948
-54.97941589355469,-1.4859302043914795,37,-95.61708068847656,-2.584245443344116,37,-93.40414428710938,-2.5244362354278564,37,-84.26060485839844,-2.553351640701294,33,-84.94609069824219,-2.295840263366699,37,-97.38142395019531,-2.631930351257324,37,949
-115.99723815917969,-4.461432456970215,26,-111.37767028808594,-4.283756732940674,26,-75.25798034667969,-2.8945376873016357,26,-23.060962677001953,-1.3565272092819214,17,-113.97600555419922,-4.383692741394043,26,-78.01081848144531,-3.0004160404205322,26,950
-45.08818817138672,-1.409005880355835,32,-69.71195983886719,-2.1784987449645996,32,-70.39785766601562,-2.1999330520629883,32,-74.79093933105469,-2.021376848220825,37,-85.77996063232422,-2.680623769760132,32,-86.82843017578125,-2.713388442993164,32,951
-59.74824905395508,-2.4895102977752686,24,-68.54673767089844,-2.856114149093628,24,-69.63150024414062,-2.9013125896453857,24,-74.48741149902344,-3.385791540145874,22,-71.55654907226562,-2.981522798538208,24,-74.68382263183594,-3.111825942993164,24,952
-104.25056457519531,-2.424431800842285,43,-96.29736328125,-2.239473581314087,43,-90.50868225097656,-2.1048531532287598,43,-73.80126953125,-2.050035238265991,36,-107.31053924560547,-2.495594024658203,43,-98.78168487548828,-2.297248601913452,43,953
-54.88772964477539,-3.049318313598633,18,-62.24211120605469,-3.457895040512085,18,-59.10661697387695,-3.283700942993164,18,-60.35681915283203,-1.775200605392456,34,-70.5040512084961,-3.9168918132781982,18,-66.2701187133789,-3.681673288345337,18,954
-60.705711364746094,-1.4806270599365234,41,-104.10415649414062,-2.539125680923462,41,-97.36823272705078,-2.3748350143432617,41,-96.73652648925781,-2.3594274520874023,41,-94.7437744140625,-2.310823678970337,41,-93.19508361816406,-2.2730507850646973,41,955
-127.68205261230469,-2.901864767074585,44,-93.27527618408203,-2.1198925971984863,44,-88.76853942871094,-2.0174667835235596,44,-21.506511688232422,-0.7680897116661072,28,-93.4597396850586,-2.124084949493408,44,-86.97583770751953,-1.976723551750183,44,956
-78.16109466552734,-2.112462043762207,37,-103.75192260742188,-2.8041059970855713,37,-85.77249908447266,-2.3181755542755127,37,-88.6944580078125,-2.2173614501953125,40,-100.93255615234375,-2.7279069423675537,37,-84.30441284179688,-2.2784976959228516,37,957
-43.97569274902344,-0.8622685074806213,51,-148.36373901367188,-2.909092903137207,51,-140.9025421142578,-2.7627949714660645,51,-84.25879669189453,-2.808626651763916,30,-146.26809692382812,-2.868001937866211,51,-140.59884643554688,-2.756840229034424,51,958
-87.34331512451172,-1.8583683967590332,47,-69.38323211669922,-1.4762389659881592,47,-68.46186065673828,-1.4566353559494019,47,-62.69282913208008,-1.3338899612426758,47,-88.54498291015625,-1.883935809135437,47,-68.62203216552734,-1.46004319190979,47,959
-77.74809265136719,-2.7767176628112793,28,-75.6917953491211,-2.7032783031463623,28,-60.92744827270508,-2.17598032951355,28,-62.527923583984375,-2.0170297622680664,31,-86.02767944335938,-3.0724170207977295,28,-65.9301986694336,-2.3546500205993652,28,960
-115.58132934570312,-3.7284300327301025,31,-106.50970458984375,-3.4357969760894775,31,-96.02626037597656,-3.097621202468872,31,-22.898836135864258,-1.2052018642425537,19,-106.66597747802734,-3.440838098526001,31,-98.33206939697266,-3.1720023155212402,31,961
-174.27426147460938,-4.356856346130371,40,-249.95074462890625,-6.2487688064575195,40,-285.2523193359375,-7.131308078765869,40,-326.7855529785156,-7.104033946990967,46,-259.3720397949219,-6.4843010902404785,40,-286.4418029785156,-7.161045074462891,40,962
-70.96450805664062,-2.289177656173706,31,-62.76531982421875,-2.0246877670288086,31,-68.2836685180664,-2.2026989459991455,31,-62.16212844848633,-2.143521785736084,29,-71.00784301757812,-2.2905755043029785,31,-66.55982971191406,-2.1470913887023926,31,963
-89.9206314086914,-2.14096736907959,42,-99.563720703125,-2.3705646991729736,42,-99.46461486816406,-2.3682050704956055,42,-92.27374267578125,-2.563159465789795,36,-92.88228607177734,-2.2114830017089844,42,-95.01092529296875,-2.262164831161499,42,964
-84.68820190429688,-1.8410478830337524,46,-105.87877655029297,-2.3017125129699707,46,-121.60173034667969,-2.6435158252716064,46,-68.2350082397461,-2.1323440074920654,32,-127.75433349609375,-2.777268171310425,46,-132.1980743408203,-2.873871088027954,46,965
-119.50007629394531,-2.4895849227905273,48,-142.34451293945312,-2.965510606765747,48,-113.99639129638672,-2.374924898147583,48,-45.13116455078125,-1.7358139753341675,26,-136.54689025878906,-2.844726800918579,48,-107.94416046142578,-2.2488367557525635,48,966
-81.87467956542969,-2.5585837364196777,32,-73.23756408691406,-2.2886738777160645,32,-60.16138458251953,-1.8800432682037354,32,-80.5572738647461,-2.5174148082733154,32,-74.22190856933594,-2.319434642791748,32,-61.34364700317383,-1.9169889688491821,32,967
-86.80908966064453,-2.553208589553833,34,-81.4928207397461,-2.396847724914551,34,-72.84844970703125,-2.142601490020752,34,-85.8182601928711,-2.093128204345703,41,-98.35553741455078,-2.8928098678588867,34,-81.92256164550781,-2.409487009048462,34,968
-89.98455810546875,-2.3680145740509033,38,-76.49005126953125,-2.0128960609436035,38,-70.61360168457031,-1.8582526445388794,38,-68.68721008300781,-2.2157163619995117,31,-82.3365707397461,-2.1667518615722656,38,-81.85061645507812,-2.153963565826416,38,969
-62.7338981628418,-1.6085615158081055,39,-75.62034606933594,-1.9389832019805908,39,-77.46261596679688,-1.9862209558486938,39,-61.999229431152344,-1.7714065313339233,35,-76.30381774902344,-1.9565081596374512,39,-79.6059341430664,-2.041177749633789,39,970
-61.40457534790039,-1.705682635307312,36,-129.9041290283203,-3.608448028564453,36,-120.43499755859375,-3.34541654586792,36,-107.6814956665039,-3.4735965728759766,31,-133.8697509765625,-3.71860408782959,36,-121.96241760253906,-3.387845039367676,36,971
-73.02566528320312,-1.6227926015853882,45,-81.84629821777344,-1.8188066482543945,45,-80.41445922851562,-1.7869880199432373,45,-67.31034851074219,-1.6026273965835571,42,-87.38978576660156,-1.9419952630996704,45,-91.45840454101562,-2.0324089527130127,45,972
-69.08349609375,-1.8179867267608643,38,-93.16663360595703,-2.451753616333008,38,-92.43928527832031,-2.432612657546997,38,-41.7656135559082,-1.3051754236221313,32,-88.47423553466797,-2.3282692432403564,38,-78.925537109375,-2.0769877433776855,38,973
-48.668556213378906,-1.678226113319397,29,-84.28865051269531,-2.9065051078796387,29,-103.4454116821289,-3.5670831203460693,29,-88.99544525146484,-2.966514825820923,30,-86.2297592163086,-2.973439931869507,29,-96.04032135009766,-3.311735153198242,29,974
-49.867881774902344,-1.6622626781463623,30,-68.41409301757812,-2.2804696559906006,30,-58.466060638427734,-1.9488686323165894,30,-52.011695861816406,-1.6777966022491455,31,-58.16638946533203,-1.9388796091079712,30,-54.08246612548828,-1.8027489185333252,30,975
-78.19558715820312,-2.113394260406494,37,-99.65583801269531,-2.6934010982513428,37,-105.63511657714844,-2.8550031185150146,37,-74.86770629882812,-2.4150872230529785,31,-98.53309631347656,-2.6630566120147705,37,-106.8174819946289,-2.8869590759277344,37,976
-76.85748291015625,-1.7873833179473877,43,-85.46144104003906,-1.9874753952026367,43,-66.72746276855469,-1.5518014430999756,43,-52.36103820800781,-1.4151631593704224,37,-102.88790893554688,-2.392742156982422,43,-86.42865753173828,-2.0099687576293945,43,977
-82.51055908203125,-2.661630868911743,31,-208.2089080810547,-6.716416358947754,31,-185.68026733398438,-5.989686012268066,31,-274.11138916015625,-5.832157135009766,47,-184.40225219726562,-5.948459625244141,31,-178.16656494140625,-5.747308731079102,31,978
-142.78729248046875,-3.3996975421905518,42,-128.85079956054688,-3.067876100540161,42,-108.91519165039062,-2.5932188034057617,42,-116.29608154296875,-2.768954277038574,42,-134.25418090820312,-3.196528196334839,42,-120.9447021484375,-2.879635810852051,42,979
-93.08553314208984,-2.4496192932128906,38,-77.68861389160156,-2.0444371700286865,38,-76.80017852783203,-2.021057367324829,38,-113.69786834716797,-2.5266191959381104,45,-78.81053924560547,-2.0739614963531494,38,-78.34689331054688,-2.061760425567627,38,980
-102.37454223632812,-2.3266942501068115,44,-132.48841857910156,-3.0111005306243896,44,-122.9005355834961,-2.793194055557251,44,-92.20481872558594,-3.179476499557495,29,-140.84234619140625,-3.2009623050689697,44,-129.5623321533203,-2.944598436355591,44,981
-82.78398132324219,-2.122666120529175,39,-83.04441833496094,-2.1293439865112305,39,-93.68550872802734,-2.4021925926208496,39,-97.39945983886719,-2.3190348148345947,42,-103.02992248535156,-2.6417927742004395,39,-117.90276336669922,-3.0231478214263916,39,982
-49.95992660522461,-1.6653308868408203,30,-61.330078125,-2.0443358421325684,30,-59.595157623291016,-1.9865052700042725,30,-100.05004119873047,-2.38214373588562,42,-63.25320053100586,-2.1084399223327637,30,-76.4563217163086,-2.54854416847229,30,983
-48.13646697998047,-1.5042645931243896,32,-75.55429077148438,-2.3610715866088867,32,-68.54666137695312,-2.142083168029785,32,-93.51155090332031,-2.0328598022460938,46,-94.24984741210938,-2.945307731628418,32,-85.20860290527344,-2.662768840789795,32,984
-100.44677734375,-3.04384183883667,33,-121.00384521484375,-3.666783094406128,33,-112.7781982421875,-3.4175212383270264,33,-115.25820922851562,-2.955338716506958,39,-116.21165466308594,-3.5215651988983154,33,-110.6503677368164,-3.353041410446167,33,985
-82.97539520263672,-1.8858044147491455,44,-117.19325256347656,-2.663482904434204,44,-89.82769012451172,-2.0415384769439697,44,-89.71498107910156,-2.424729108810425,37,-123.4755859375,-2.8062632083892822,44,-101.83607482910156,-2.3144562244415283,44,986
-51.83565139770508,-1.5245779752731323,34,-70.85232543945312,-2.0838918685913086,34,-59.28217315673828,-1.7435933351516724,34,-52.74591827392578,-1.0764473676681519,49,-75.16818237304688,-2.2108287811279297,34,-71.2430648803711,-2.095384359359741,34,987
-54.84049606323242,-1.9585891962051392,28,-71.86431884765625,-2.5665829181671143,28,-59.23066329956055,-2.1153807640075684,28,-54.26506042480469,-1.9380378723144531,28,-88.72543334960938,-3.1687655448913574,28,-79.19739532470703,-2.8284783363342285,28,988
-82.86875915527344,-1.8415279388427734,45,-130.5353240966797,-2.900784969329834,45,-104.50181579589844,-2.3222625255584717,45,-94.88008880615234,-2.372002124786377,40,-136.6845703125,-3.0374348163604736,45,-111.76161193847656,-2.483591318130493,45,989
-96.2965316772461,-3.2098844051361084,30,-102.56005096435547,-3.418668270111084,30,-85.02809143066406,-2.8342697620391846,30,-84.78179931640625,-2.569145441055298,33,-100.25794219970703,-3.3419313430786133,30,-93.79340362548828,-3.1264467239379883,30,990
-39.989925384521484,-0.850849449634552,47,-108.97515869140625,-2.318620443344116,47,-107.13373565673828,-2.2794411182403564,47,-65.0992202758789,-1.8599777221679688,35,-133.9583740234375,-2.8501782417297363,47,-133.9640350341797,-2.8502986431121826,47,991
-93.75625610351562,-2.6043405532836914,36,-90.8551254272461,-2.5237534046173096,36,-94.29925537109375,-2.6194238662719727,36,-112.60775756835938,-2.963361978530884,38,-101.71485137939453,-2.8254125118255615,36,-102.79554748535156,-2.8554317951202393,36,992
-69.66790008544922,-1.6587594747543335,42,-110.25765991210938,-2.6251823902130127,42,-134.5714111328125,-3.2040812969207764,42,-107.46940612792969,-3.2566487789154053,33,-135.40830993652344,-3.2240073680877686,42,-154.30352783203125,-3.673893451690674,42,993
-74.03680419921875,-1.805775761604309,41,-95.96090698242188,-2.3405098915100098,41,-104.80894470214844,-2.5563156604766846,41,-112.33836364746094,-3.1205101013183594,36,-102.79681396484375,-2.50723934173584,41,-113.02301025390625,-2.7566587924957275,41,994
-61.49958038330078,-1.5374895334243774,40,-115.75856018066406,-2.8939640522003174,40,-95.52361297607422,-2.3880903720855713,40,-85.14659118652344,-2.2406997680664062,38,-112.08460235595703,-2.802114963531494,40,-103.10210418701172,-2.577552556991577,40,995
-71.44976043701172,-1.7862440347671509,40,-98.24887084960938,-2.45622181892395,40,-115.71449279785156,-2.892862319946289,40,-76.16696166992188,-2.5388987064361572,30,-97.76558685302734,-2.4441397190093994,40,-116.32523345947266,-2.9081308841705322,40,996
-51.94078063964844,-1.8550279140472412,28,-83.05476379394531,-2.9662415981292725,28,-77.62286376953125,-2.772245168685913,28,-73.01372528076172,-2.433790922164917,30,-81.28932189941406,-2.9031901359558105,28,-87.40508270263672,-3.121610164642334,28,997
-77.07484436035156,-3.082993745803833,25,-98.27638244628906,-3.9310553073883057,25,-77.35958862304688,-3.094383478164673,25,-87.13109588623047,-3.1118247509002686,28,-93.62556457519531,-3.7450225353240967,25,-71.05886840820312,-2.8423547744750977,25,998
-59.7022819519043,-2.4875950813293457,24,-70.133056640625,-2.922210693359375,24,-67.5870590209961,-2.8161275386810303,24,-86.52306365966797,-2.2185401916503906,39,-70.26383972167969,-2.9276599884033203,24,-64.62791442871094,-2.6928298473358154,24,999
-73.2016372680664,-1.7023636102676392,43,-86.24629974365234,-2.005728006362915,43,-69.54331970214844,-1.6172865629196167,43,-76.75798797607422,-1.4482638835906982,53,-93.65733337402344,-2.178077459335327,43,-66.27625274658203,-1.5413081645965576,43,1000
-78.10498046875,-2.4407806396484375,32,-97.0135726928711,-3.0316741466522217,32,-86.28189086914062,-2.6963090896606445,32,-83.96171569824219,-2.708442449569702,31,-111.15433502197266,-3.4735729694366455,32,-76.95478820800781,-2.404837131500244,32,1001
-67.80194091796875,-1.8324848413467407,37,-148.51222229003906,-4.013844013214111,37,-146.8377685546875,-3.968588352203369,37,-150.921875,-3.6810214519500732,41,-142.68565368652344,-3.8563690185546875,37,-138.57054138183594,-3.745149850845337,37,1002
-83.42875671386719,-1.6685751676559448,50,-111.36985778808594,-2.2273972034454346,50,-90.52157592773438,-1.8104314804077148,50,-83.98515319824219,-1.866336703300476,45,-113.08706665039062,-2.2617413997650146,50,-95.022705078125,-1.900454044342041,50,1003
-136.3636932373047,-3.030304193496704,45,-145.50006103515625,-3.23333477973938,45,-137.48849487304688,-3.055299997329712,45,-138.38674926757812,-2.8242194652557373,49,-167.2728271484375,-3.7171740531921387,45,-135.90478515625,-3.020106315612793,45,1004
-89.458740234375,-2.354177474975586,38,-132.6919403076172,-3.4918930530548096,38,-87.97935485839844,-2.315246105194092,38,-88.10747528076172,-2.2026867866516113,40,-135.75924682617188,-3.5726118087768555,38,-93.27252197265625,-2.4545400142669678,38,1005
-40.9835090637207,-1.4636967182159424,28,-61.604881286621094,-2.200174331665039,28,-50.94806671142578,-1.8195737600326538,28,-38.19526290893555,-1.0609794855117798,36,-56.59302520751953,-2.021179437637329,28,-51.48563003540039,-1.8387725353240967,28,1006
-110.55786895751953,-3.251702070236206,34,-204.61111450195312,-6.017973899841309,34,-233.9066619873047,-6.879607677459717,34,-295.02008056640625,-6.146251678466797,48,-192.7322998046875,-5.668597221374512,34,-231.64443969726562,-6.8130717277526855,34,1007
-84.9597396850586,-2.02285099029541,42,-169.40394592285156,-4.0334272384643555,42,-179.18130493164062,-4.266221523284912,42,-174.317626953125,-4.251649379730225,41,-163.36154174804688,-3.8895604610443115,42,-184.07498168945312,-4.382737636566162,42,1008
-65.22441101074219,-1.5908392667770386,41,-98.37235260009766,-2.3993256092071533,41,-95.55831146240234,-2.330690622329712,41,-95.10856628417969,-2.2644896507263184,42,-90.47189331054688,-2.206631660461426,41,-86.31103515625,-2.105147123336792,41,1009
-46.79187774658203,-1.1697969436645508,40,-125.69881439208984,-3.142470359802246,40,-96.49311065673828,-2.412327766418457,40,-74.08167266845703,-2.6457741260528564,28,-120.29043579101562,-3.007260799407959,40,-93.73049926757812,-2.3432624340057373,40,1010
-63.190834045410156,-1.504543662071228,42,-52.29536819458008,-1.24512779712677,42,-47.87730407714844,-1.139935851097107,42,-48.05588912963867,-1.1720948219299316,41,-68.73164367675781,-1.636467695236206,42,-58.76591491699219,-1.3991883993148804,42,1011
-115.68489074707031,-2.6903462409973145,43,-139.73379516601562,-3.2496230602264404,43,-123.94315338134766,-2.882398843765259,43,-115.60191345214844,-2.890047788619995,40,-134.30812072753906,-3.1234445571899414,43,-122.47618103027344,-2.848283290863037,43,1012
-62.53581237792969,-3.678577184677124,17,-85.87922668457031,-5.0517191886901855,17,-71.14485168457031,-4.184991359710693,17,-72.34529113769531,-2.4946651458740234,29,-78.49629211425781,-4.617428779602051,17,-69.76570129394531,-4.103864669799805,17,1013
-89.63929748535156,-2.8915903568267822,31,-77.84660339355469,-2.5111806392669678,31,-76.24183654785156,-2.459414005279541,31,-77.41413879394531,-2.276886463165283,34,-77.19485473632812,-2.490156650543213,31,-78.9931869506836,-2.5481672286987305,31,1014
-79.02769470214844,-2.725092887878418,29,-64.92373657226562,-2.2387495040893555,29,-51.60014343261719,-1.7793152332305908,29,-54.353424072265625,-1.8117808103561401,30,-75.92628479003906,-2.618147850036621,29,-65.35539245605469,-2.253634214401245,29,1015
-66.24996185302734,-2.0075745582580566,33,-100.79393005371094,-3.054361581802368,33,-89.00334930419922,-2.697071075439453,33,-84.9969482421875,-2.3610262870788574,36,-103.40983581542969,-3.133631467819214,33,-95.1605224609375,-2.8836522102355957,33,1016
-70.46295166015625,-1.6386733055114746,43,-102.7096939086914,-2.3885974884033203,43,-100.0970230102539,-2.3278377056121826,43,-69.6757583618164,-2.4026124477386475,29,-105.59841918945312,-2.455777168273926,43,-90.18738555908203,-2.097381114959717,43,1017
-130.97283935546875,-2.5680949687957764,51,-138.1524658203125,-2.708871841430664,51,-135.8181610107422,-2.6631011962890625,51,-82.58644104003906,-2.117601156234741,39,-156.87796020507812,-3.076038360595703,51,-151.99252319335938,-2.980245590209961,51,1018
-45.47838592529297,-0.9281303286552429,49,-102.73435974121094,-2.0966196060180664,49,-92.75715637207031,-1.893003225326538,49,-87.4044189453125,-1.90009605884552,46,-108.61033630371094,-2.2165374755859375,49,-102.00882720947266,-2.081812858581543,49,1019
-35.16385269165039,-1.3524558544158936,26,-119.11660766601562,-4.5814080238342285,26,-112.45108032226562,-4.325041770935059,26,-104.23683166503906,-3.7227439880371094,28,-109.02720642089844,-4.19335412979126,26,-106.19189453125,-4.084303855895996,26,1020
-78.45307159423828,-2.6151022911071777,30,-89.58831787109375,-2.9862773418426514,30,-86.1726303100586,-2.8724210262298584,30,-90.24082946777344,-2.82002592086792,32,-80.51460266113281,-2.6838200092315674,30,-81.43707275390625,-2.714569091796875,30,1021
-94.65010070800781,-2.0576109886169434,46,-219.60826110839844,-4.774092674255371,46,-234.61050415039062,-5.100228309631348,46,-232.40316772460938,-5.404724597930908,43,-223.24462890625,-4.85314416885376,46,-243.95921325683594,-5.303461074829102,46,1022
-83.97486877441406,-2.3992819786071777,35,-89.90650939941406,-2.5687572956085205,35,-91.67005920410156,-2.6191444396972656,35,-75.95183563232422,-2.6190288066864014,29,-100.30097198486328,-2.8657419681549072,35,-90.73921203613281,-2.5925488471984863,35,1023
-84.99199676513672,-1.8476520776748657,46,-130.3596954345703,-2.833906412124634,46,-132.29022216796875,-2.8758742809295654,46,-94.9618911743164,-2.8776330947875977,33,-137.81256103515625,-2.995925188064575,46,-139.11044311523438,-3.0241401195526123,46,1024
-114.62722778320312,-2.939159631729126,39,-209.18087768554688,-5.363612174987793,39,-244.59397888183594,-6.271640300750732,39,-284.584228515625,-5.8078413009643555,49,-204.74905395507812,-5.249975681304932,39,-238.05517578125,-6.103978633880615,39,1025
-139.09178161621094,-2.897745370864868,48,-115.41807556152344,-2.404543161392212,48,-105.06106567382812,-2.188772201538086,48,-92.84158325195312,-2.0631463527679443,45,-122.45423889160156,-2.5511300563812256,48,-108.16259765625,-2.253387451171875,48,1026
-115.47555541992188,-2.4569268226623535,47,-129.6451873779297,-2.758408308029175,47,-117.77613067626953,-2.5058751106262207,47,-87.22791290283203,-3.007858991622925,29,-144.74246215820312,-3.0796267986297607,47,-114.85090637207031,-2.443636417388916,47,1027
-45.26935958862305,-1.5089786052703857,30,-80.95585632324219,-2.698528528213501,30,-86.97283172607422,-2.899094343185425,30,-99.90616607666016,-2.9384167194366455,34,-93.88105773925781,-3.129368543624878,30,-93.59553527832031,-3.1198511123657227,30,1028
-91.02263641357422,-1.8576048612594604,49,-138.97402954101562,-2.836204767227173,49,-111.80609893798828,-2.281757116317749,49,-64.63688659667969,-1.958693504333496,33,-138.2700653076172,-2.821838140487671,49,-127.83453369140625,-2.60886812210083,49,1029
-167.23696899414062,-2.29091739654541,73,-168.79417419433594,-2.312248945236206,73,-142.4901885986328,-1.9519203901290894,73,-142.11410522460938,-1.9467685222625732,73,-212.67803955078125,-2.913397789001465,73,-186.82266235351562,-2.5592145919799805,73,1030
-84.02680969238281,-3.000957489013672,28,-75.25353240966797,-2.6876261234283447,28,-73.1858901977539,-2.613781690597534,28,-66.28699493408203,-2.209566593170166,30,-89.80679321289062,-3.207385540008545,28,-85.38265991210938,-3.0493807792663574,28,1031
-66.38267517089844,-2.458617687225342,27,-90.89405059814453,-3.3664462566375732,27,-74.43814086914062,-2.7569682598114014,27,-83.123291015625,-2.681396484375,31,-84.24513244628906,-3.120190143585205,27,-100.17091369628906,-3.710033893585205,27,1032
-51.896419525146484,-1.8534435033798218,28,-83.52218627929688,-2.9829351902008057,28,-73.59867858886719,-2.6285243034362793,28,-55.49036407470703,-1.6320695877075195,34,-90.1931381225586,-3.2211835384368896,28,-84.96237182617188,-3.0343704223632812,28,1033
-113.14905548095703,-3.232830047607422,35,-59.435733795166016,-1.6981638669967651,35,-48.87005615234375,-1.3962873220443726,35,-19.89154624938965,-0.7650594711303711,26,-74.54298400878906,-2.1297996044158936,35,-47.099334716796875,-1.3456952571868896,35,1034
-102.42243957519531,-2.438629627227783,42,-124.03140258789062,-2.9531285762786865,42,-128.92849731445312,-3.0697262287139893,42,-100.34003448486328,-2.7872231006622314,36,-135.3177490234375,-3.221851110458374,42,-128.63946533203125,-3.0628445148468018,42,1035
-61.87120819091797,-1.718644618988037,36,-103.54130554199219,-2.8761472702026367,36,-96.1317367553711,-2.670325994491577,36,-81.1960678100586,-2.7998642921447754,29,-99.87203216552734,-2.7742230892181396,36,-104.62452697753906,-2.9062368869781494,36,1036
-81.89378356933594,-1.9974093437194824,41,-121.58099365234375,-2.965390205383301,41,-118.97781372070312,-2.90189790725708,41,-110.44698333740234,-2.693828821182251,41,-143.61183166503906,-3.502727508544922,41,-133.9933319091797,-3.26813006401062,41,1037
-43.7468147277832,-1.1217131614685059,39,-84.24510192871094,-2.160130739212036,39,-64.9239501953125,-1.6647167205810547,39,-70.39120483398438,-1.6370047330856323,43,-114.64706420898438,-2.9396684169769287,39,-99.30409240722656,-2.5462586879730225,39,1038
-77.68270111083984,-1.9420675039291382,40,-143.63758850097656,-3.59093976020813,40,-124.13105773925781,-3.103276491165161,40,-122.64802551269531,-2.8522796630859375,43,-124.60513305664062,-3.1151282787323,40,-124.4051742553711,-3.1101293563842773,40,1039
-80.34225463867188,-2.0600578784942627,39,-109.31437683105469,-2.8029327392578125,39,-100.67646026611328,-2.5814476013183594,39,-86.28862762451172,-3.1958751678466797,27,-117.92544555664062,-3.0237293243408203,39,-108.30360412597656,-2.777015447616577,39,1040
-34.948673248291016,-1.4561947584152222,24,-60.58281326293945,-2.5242838859558105,24,-60.526153564453125,-2.521923065185547,24,-52.23352813720703,-1.8011561632156372,29,-60.704673767089844,-2.5293614864349365,24,-66.91663360595703,-2.7881929874420166,24,1041
-50.41981887817383,-1.3268373012542725,38,-88.74710845947266,-2.3354501724243164,38,-68.85995483398438,-1.8121041059494019,38,-62.390071868896484,-1.835002064704895,34,-81.86357879638672,-2.1543047428131104,38,-64.79310607910156,-1.7050817012786865,38,1042
-79.52141571044922,-1.7671425342559814,45,-117.24504089355469,-2.605445384979248,45,-102.6303482055664,-2.280674457550049,45,-50.69803237915039,-1.8777048587799072,27,-109.06010437011719,-2.423557758331299,45,-95.45684814453125,-2.121263265609741,45,1043
-99.47561645507812,-2.426234483718872,41,-131.36961364746094,-3.204136848449707,41,-129.51800537109375,-3.158975839614868,41,-92.53459167480469,-3.084486484527588,30,-141.34481811523438,-3.447434663772583,41,-129.85427856445312,-3.167177438735962,41,1044
-68.95240783691406,-2.0894668102264404,33,-116.45836639404297,-3.529041290283203,33,-85.64663696289062,-2.5953526496887207,33,-59.24578857421875,-2.3698315620422363,25,-118.48983764648438,-3.5906012058258057,33,-95.5089111328125,-2.894209384918213,33,1045
-65.52315521240234,-2.0475986003875732,32,-89.53114318847656,-2.7978482246398926,32,-76.1444091796875,-2.3795127868652344,32,-74.94876098632812,-2.271174669265747,33,-89.5176010131836,-2.7974250316619873,32,-85.3348388671875,-2.6667137145996094,32,1046
-59.832706451416016,-1.759785532951355,34,-91.6781997680664,-2.6964175701141357,34,-105.8399658203125,-3.1129400730133057,34,-108.68245697021484,-2.3123927116394043,47,-91.23114776611328,-2.6832690238952637,34,-126.2596664428711,-3.71351957321167,34,1047
-75.1815414428711,-1.9277318716049194,39,-74.39697265625,-1.9076147079467773,39,-64.38606262207031,-1.6509246826171875,39,-63.672515869140625,-1.447102665901184,44,-89.4425277709961,-2.293398141860962,39,-74.157958984375,-1.9014861583709717,39,1048
-88.33191680908203,-2.7603724002838135,32,-107.954833984375,-3.3735885620117188,32,-92.50215148925781,-2.8906922340393066,32,-96.4074478149414,-2.2954154014587402,42,-123.47077941894531,-3.858461856842041,32,-99.95162200927734,-3.123488187789917,32,1049
-37.285770416259766,-1.2027667760849,31,-39.9140739440918,-1.2875508069992065,31,-44.92073440551758,-1.4490559101104736,31,-44.227874755859375,-1.4267055988311768,31,-50.419189453125,-1.6264255046844482,31,-53.92455291748047,-1.739501714706421,31,1050
-92.47108459472656,-2.889721393585205,32,-187.19351196289062,-5.849797248840332,32,-198.15414428710938,-6.192317008972168,32,-293.22772216796875,-6.238887786865234,47,-193.46717834472656,-6.045849323272705,32,-190.9327392578125,-5.966648101806641,32,1051
-101.99278259277344,-2.2172343730926514,46,-165.84188842773438,-3.6052584648132324,46,-153.77981567382812,-3.3430395126342773,46,-107.44868469238281,-3.4660866260528564,31,-182.9141082763672,-3.976393699645996,46,-153.24264526367188,-3.331361770629883,46,1052
-84.87440490722656,-2.8291468620300293,30,-92.20353698730469,-3.073451280593872,30,-99.88103485107422,-3.3293678760528564,30,-75.19404602050781,-3.9575812816619873,19,-90.43450164794922,-3.0144834518432617,30,-101.80239868164062,-3.3934133052825928,30,1053
-74.95930480957031,-2.498643398284912,30,-73.91166687011719,-2.4637222290039062,30,-86.51285552978516,-2.8837618827819824,30,-85.11701965332031,-2.50344181060791,34,-94.10820007324219,-3.1369400024414062,30,-94.9262466430664,-3.164208173751831,30,1054
-66.94434356689453,-2.231478214263916,30,-74.6177978515625,-2.487259864807129,30,-101.35160827636719,-3.378386974334717,30,-65.41565704345703,-1.3350133895874023,49,-74.427001953125,-2.4809000492095947,30,-103.1971435546875,-3.4399046897888184,30,1055
-100.57022857666016,-2.0952131748199463,48,-146.28009033203125,-3.047501802444458,48,-166.41326904296875,-3.4669430255889893,48,-161.79019165039062,-3.370629072189331,48,-160.58358764648438,-3.345491409301758,48,-166.20724487304688,-3.462651014328003,48,1056
-67.50985717773438,-1.6465818881988525,41,-135.6697998046875,-3.3090195655822754,41,-136.90516662597656,-3.3391504287719727,41,-124.18098449707031,-3.7630600929260254,33,-141.30259704589844,-3.4464046955108643,41,-135.28097534179688,-3.2995359897613525,41,1057
-94.91293334960938,-2.966029167175293,32,-76.29237365722656,-2.38413667678833,32,-77.18612670898438,-2.4120664596557617,32,-69.62000274658203,-2.486428737640381,28,-96.22881317138672,-3.007150411605835,32,-98.43443298339844,-3.076076030731201,32,1058
-66.39344024658203,-2.371194362640381,28,-115.31822204589844,-4.1185078620910645,28,-116.90284729003906,-4.1751017570495605,28,-115.28826141357422,-4.434164047241211,26,-114.92842102050781,-4.104586601257324,28,-123.16160583496094,-4.3986287117004395,28,1059
-72.57919311523438,-1.7702242136001587,41,-70.80911254882812,-1.7270514965057373,41,-78.55790710449219,-1.9160465002059937,41,-71.43643951416016,-1.7008676528930664,42,-85.64500427246094,-2.088902473449707,41,-88.59234619140625,-2.1607890129089355,41,1060
-172.365966796875,-4.924741744995117,35,-104.63497924804688,-2.9895708560943604,35,-99.17143249511719,-2.8334693908691406,35,-111.5704345703125,-2.3738391399383545,47,-118.86907196044922,-3.396259307861328,35,-114.22130584716797,-3.2634658813476562,35,1061
-64.02204895019531,-2.0652272701263428,31,-68.5020980834961,-2.209745168685913,31,-57.47228240966797,-1.8539445400238037,31,-69.85467529296875,-1.5876063108444214,44,-61.161537170410156,-1.9729528427124023,31,-70.17118835449219,-2.2635867595672607,31,1062
-84.30802917480469,-2.9071733951568604,29,-88.54249572753906,-3.053189516067505,29,-75.15447235107422,-2.5915334224700928,29,-60.38404846191406,-1.3418676853179932,45,-98.41378021240234,-3.39357852935791,29,-80.85376739501953,-2.7880609035491943,29,1063
-58.97209930419922,-1.9023257493972778,31,-96.34396362304688,-3.107869863510132,31,-100.86627960205078,-3.253751039505005,31,-101.21775817871094,-2.300403594970703,44,-108.89004516601562,-3.5125820636749268,31,-107.72578430175781,-3.4750254154205322,31,1064
-73.10150146484375,-1.4918674230575562,49,-78.083984375,-1.593550682067871,49,-63.564247131347656,-1.297229528427124,49,-65.98873901367188,-1.4040157794952393,47,-94.84019470214844,-1.935514211654663,49,-94.12716674804688,-1.9209625720977783,49,1065
-76.94503784179688,-2.263089418411255,34,-85.51341247558594,-2.5151004791259766,34,-80.8539047241211,-2.378056049346924,34,-32.70826721191406,-1.3083306550979614,25,-101.34366607666016,-2.980695962905884,34,-90.3466567993164,-2.657254695892334,34,1066
-77.31074523925781,-2.208878517150879,35,-107.71381378173828,-3.0775375366210938,35,-88.46997833251953,-2.5277137756347656,35,-77.91902160644531,-2.885889768600464,27,-117.96600341796875,-3.370457172393799,35,-88.69083404541016,-2.5340237617492676,35,1067
-103.48359680175781,-2.406595230102539,43,-87.96243286132812,-2.045638084411621,43,-113.95198059082031,-2.6500461101531982,43,-76.62715148925781,-2.253739833831787,34,-107.0542221069336,-2.489633083343506,43,-121.39727783203125,-2.823192596435547,43,1068
-102.57295227050781,-2.3312034606933594,44,-106.23265075683594,-2.4143784046173096,44,-99.91560363769531,-2.2708091735839844,44,-95.08439636230469,-2.5698485374450684,37,-112.89974975585938,-2.565903425216675,44,-98.47882843017578,-2.2381551265716553,44,1069
-160.19601440429688,-4.215684413909912,38,-151.49595642089844,-3.9867355823516846,38,-127.23123168945312,-3.3481903076171875,38,-110.77899169921875,-3.819965124130249,29,-165.90438842773438,-4.365904808044434,38,-132.51605224609375,-3.487264633178711,38,1070
-52.5465087890625,-2.5022146701812744,21,-56.45793914794922,-2.6884732246398926,21,-75.64972686767578,-3.602367877960205,21,-67.17536163330078,-2.16694712638855,31,-76.55516052246094,-3.6454837322235107,21,-75.13475036621094,-3.577845335006714,21,1071
-75.30715942382812,-2.5967986583709717,29,-76.53471374511719,-2.6391279697418213,29,-82.80430603027344,-2.855320930480957,29,-85.11380004882812,-2.9349586963653564,29,-92.06015014648438,-3.174487829208374,29,-97.514404296875,-3.362565755844116,29,1072
-101.19320678710938,-1.9093058109283447,53,-163.89100646972656,-3.092283248901367,53,-141.65203857421875,-2.672679901123047,53,-96.4621810913086,-3.5726733207702637,27,-150.02911376953125,-2.830738067626953,53,-138.65406799316406,-2.616114377975464,53,1073
-106.21949005126953,-2.8707969188690186,37,-127.15962219238281,-3.436746597290039,37,-118.13631439208984,-3.192873477935791,37,-128.01019287109375,-2.909322500228882,44,-125.18869018554688,-3.3834781646728516,37,-105.09048461914062,-2.8402833938598633,37,1074
-81.42119598388672,-1.7323658466339111,47,-111.60274505615234,-2.3745265007019043,47,-78.69384765625,-1.6743371486663818,47,-49.13420867919922,-1.2930054664611816,38,-125.30133056640625,-2.6659858226776123,47,-84.97882080078125,-1.8080600500106812,47,1075
-56.529212951660156,-1.949283242225647,29,-79.68321990966797,-2.747697353363037,29,-62.86778259277344,-2.1678545475006104,29,-58.3619270324707,-2.0843546390533447,28,-95.35658264160156,-3.2881579399108887,29,-72.8105697631836,-2.510709285736084,29,1076
-88.82735443115234,-3.5530941486358643,25,-79.76382446289062,-3.1905529499053955,25,-77.99374389648438,-3.1197497844696045,25,-46.607627868652344,-2.330381393432617,20,-79.86210632324219,-3.194484233856201,25,-70.64820861816406,-2.8259284496307373,25,1077
-36.33201217651367,-1.1353753805160522,32,-60.93913269042969,-1.9043478965759277,32,-58.23594665527344,-1.819873332977295,32,-60.19415283203125,-1.7198328971862793,35,-70.68850708007812,-2.2090158462524414,32,-70.52249908447266,-2.2038280963897705,32,1078
-80.09669494628906,-2.3557851314544678,34,-78.57337951660156,-2.3109817504882812,34,-86.75704956054688,-2.551677942276001,34,-129.8264923095703,-3.0192208290100098,43,-77.85049438476562,-2.2897205352783203,34,-100.18093872070312,-2.946498155593872,34,1079
-66.30882263183594,-1.6577205657958984,40,-207.54898071289062,-5.188724517822266,40,-234.54849243164062,-5.863712310791016,40,-304.6934814453125,-6.770966053009033,45,-200.626708984375,-5.015667915344238,40,-234.38739013671875,-5.859684944152832,40,1080
-45.643253326416016,-1.3424485921859741,34,-60.654396057128906,-1.7839528322219849,34,-62.92835235595703,-1.8508338928222656,34,-47.51805114746094,-1.1589769124984741,41,-76.21002197265625,-2.241471290588379,34,-72.74911499023438,-2.1396799087524414,34,1081
-129.94561767578125,-3.248640537261963,40,-93.40107727050781,-2.335026979446411,40,-75.13322448730469,-1.8783305883407593,40,-23.206642150878906,-1.1050782203674316,21,-121.31790924072266,-3.0329477787017822,40,-74.33789825439453,-1.8584474325180054,40,1082
-55.56410598754883,-1.4247206449508667,39,-77.06333923339844,-1.9759830236434937,39,-104.19699096679688,-2.671717643737793,39,-67.89483642578125,-2.2631611824035645,30,-78.0811767578125,-2.0020813941955566,39,-104.06709289550781,-2.668386936187744,39,1083
-102.17178344726562,-3.9296839237213135,26,-83.52897644042969,-3.2126529216766357,26,-77.64618682861328,-2.98639178276062,26,-66.26033020019531,-1.4724518060684204,45,-80.85865020751953,-3.10994815826416,26,-76.18535614013672,-2.930206060409546,26,1084
-162.39736938476562,-3.3832786083221436,48,-140.7604522705078,-2.932509422302246,48,-123.68038940429688,-2.576674699783325,48,-104.30738830566406,-2.674548387527466,39,-138.56906127929688,-2.886855363845825,48,-127.69084167480469,-2.6602258682250977,48,1085
-93.130126953125,-3.004197597503662,31,-96.7170639038086,-3.1199052333831787,31,-90.45043182373047,-2.9177558422088623,31,-101.22222900390625,-2.410053014755249,42,-86.29722595214844,-2.7837815284729004,31,-95.01142120361328,-3.064884662628174,31,1086
-90.73272705078125,-2.4522359371185303,37,-94.67955780029297,-2.5589070320129395,37,-91.01005554199219,-2.459731340408325,37,-99.72280883789062,-2.493070125579834,40,-104.03172302246094,-2.8116681575775146,37,-105.29522705078125,-2.8458168506622314,37,1087
-18.407285690307617,-1.0226269960403442,18,-57.23396682739258,-3.1796648502349854,18,-74.07247924804688,-4.115137577056885,18,-131.22296142578125,-3.05169677734375,43,-63.49225997924805,-3.5273478031158447,18,-73.94735717773438,-4.108186721801758,18,1088
-85.12036895751953,-2.4320106506347656,35,-97.60919952392578,-2.7888343334198,35,-79.61042785644531,-2.274583578109741,35,-76.87803649902344,-1.6712616682052612,46,-104.69305419921875,-2.991230010986328,35,-92.12188720703125,-2.632053852081299,35,1089
-58.44047927856445,-1.6697279214859009,35,-70.74154663085938,-2.0211870670318604,35,-62.99502182006836,-1.79985773563385,35,-60.27604675292969,-1.4017685651779175,43,-72.96290588378906,-2.0846545696258545,35,-65.0332260131836,-1.858092188835144,35,1090
-62.67093276977539,-2.0890309810638428,30,-101.73175048828125,-3.3910584449768066,30,-87.13623046875,-2.904541015625,30,-87.33973693847656,-3.0117151737213135,29,-109.572998046875,-3.652433156967163,30,-86.7573013305664,-2.8919100761413574,30,1091
-124.2236328125,-2.8232643604278564,44,-137.79730224609375,-3.1317567825317383,44,-115.27738952636719,-2.619940757751465,44,-80.78788757324219,-2.5246214866638184,32,-127.61868286132812,-2.9004247188568115,44,-138.15048217773438,-3.1397836208343506,44,1092
-65.34622192382812,-1.921947717666626,34,-94.64292907714844,-2.7836155891418457,34,-81.70645141601562,-2.4031310081481934,34,-72.53902435302734,-2.2668445110321045,32,-110.62763977050781,-3.253754138946533,34,-94.80030822753906,-2.7882442474365234,34,1093
-102.649169921875,-3.2077865600585938,32,-99.309326171875,-3.1034164428710938,32,-96.48939514160156,-3.015293598175049,32,-43.97693634033203,-1.9989516735076904,22,-103.88763427734375,-3.246488571166992,32,-102.75027465820312,-3.2109460830688477,32,1094
-100.2864990234375,-2.9496028423309326,34,-92.89781188964844,-2.7322885990142822,34,-99.90109252929688,-2.938267469406128,34,-131.04757690429688,-2.674440383911133,49,-94.98606872558594,-2.793707847595215,34,-98.75001525878906,-2.904412269592285,34,1095
-137.69589233398438,-3.9341683387756348,35,-104.614501953125,-2.988985776901245,35,-96.64231872558594,-2.761209011077881,35,-83.86674499511719,-2.620835781097412,32,-113.45848083496094,-3.241670846939087,35,-113.06036376953125,-3.2302961349487305,35,1096
-84.68183135986328,-3.024351119995117,28,-73.62973022460938,-2.6296331882476807,28,-67.96319580078125,-2.4272570610046387,28,-64.75701904296875,-2.3984081745147705,27,-79.67256164550781,-2.8454487323760986,28,-84.75650787353516,-3.0270180702209473,28,1097
-46.44171142578125,-2.580095052719116,18,-47.724647521972656,-2.651369333267212,18,-30.435501098632812,-1.6908612251281738,18,-32.8008918762207,-1.3667038679122925,24,-55.3178596496582,-3.073214530944824,18,-27.27762222290039,-1.5154234170913696,18,1098
-56.84889221191406,-1.4960235357284546,38,-135.96929931640625,-3.578139543533325,38,-117.71147155761719,-3.097670316696167,38,-108.85613250732422,-3.887718915939331,28,-158.7637481689453,-4.177993297576904,38,-145.4027099609375,-3.8263871669769287,38,1099
-73.59031677246094,-1.6353403329849243,45,-84.12001037597656,-1.8693335056304932,45,-84.80525207519531,-1.8845611810684204,45,-81.42756652832031,-1.8095015287399292,45,-91.16795349121094,-2.025954484939575,45,-93.28533935546875,-2.073007583618164,45,1100
-90.74237823486328,-2.1605327129364014,42,-90.23454284667969,-2.1484415531158447,42,-83.60662841796875,-1.9906339645385742,42,-82.30723571777344,-1.8706189393997192,44,-98.89215850830078,-2.3545751571655273,42,-90.60043334960938,-2.1571531295776367,42,1101
-124.66717529296875,-3.462977170944214,36,-111.69149017333984,-3.102541446685791,36,-100.80239868164062,-2.8000667095184326,36,-96.07986450195312,-2.401996612548828,40,-112.53878784179688,-3.12607741355896,36,-101.51011657714844,-2.819725513458252,36,1102
-47.59625244140625,-1.6998661756515503,28,-86.59259796142578,-3.092592716217041,28,-83.02861785888672,-2.9653077125549316,28,-71.56814575195312,-1.8833723068237305,38,-89.1324462890625,-3.1833016872406006,28,-87.06480407714844,-3.10945725440979,28,1103
-89.72291564941406,-2.424943685531616,37,-80.98588562011719,-2.188807725906372,37,-61.4422607421875,-1.6606016159057617,37,-54.499610900878906,-1.602929711341858,34,-100.93638610839844,-2.728010416030884,37,-85.86322784423828,-2.3206276893615723,37,1104
-36.892333984375,-0.8783888816833496,42,-97.95465087890625,-2.3322536945343018,42,-102.4269790649414,-2.438737630844116,42,-54.627079010009766,-1.5607737302780151,35,-106.59638977050781,-2.5380091667175293,42,-116.97620391845703,-2.7851476669311523,42,1105
-71.32290649414062,-1.698164463043213,42,-85.77789306640625,-2.042330741882324,42,-73.86139678955078,-1.758604645729065,42,-66.8017807006836,-1.712866187095642,39,-82.1131591796875,-1.9550752639770508,42,-76.40092468261719,-1.8190696239471436,42,1106
-158.8111572265625,-3.3789608478546143,47,-167.17095947265625,-3.5568289756774902,47,-137.08847045898438,-2.916775941848755,47,-131.32644653320312,-4.52849817276001,29,-177.74627685546875,-3.7818357944488525,47,-136.8948974609375,-2.9126574993133545,47,1107
-24.043975830078125,-0.7513742446899414,32,-93.62400817871094,-2.925750255584717,32,-90.96849060058594,-2.8427653312683105,32,-110.38619232177734,-2.904899835586548,38,-90.99200439453125,-2.8435001373291016,32,-91.87616729736328,-2.8711302280426025,32,1108
-69.66072082519531,-2.6792585849761963,26,-80.5885009765625,-3.099557638168335,26,-67.03350830078125,-2.578211784362793,26,-68.63431549072266,-2.2878105640411377,30,-69.58544921875,-2.676363468170166,26,-78.18141174316406,-3.0069773197174072,26,1109
-120.85681915283203,-3.3571338653564453,36,-115.69805908203125,-3.2138350009918213,36,-98.18285369873047,-2.727301597595215,36,-81.86469268798828,-2.558271646499634,32,-111.4585952758789,-3.096072196960449,36,-94.45343780517578,-2.623706579208374,36,1110
-60.03765869140625,-1.2507845163345337,48,-95.0286865234375,-1.9797643423080444,48,-172.81011962890625,-3.6002109050750732,48,-79.01823425292969,-3.0391628742218018,26,-98.45331573486328,-2.0511107444763184,48,-169.18310546875,-3.5246479511260986,48,1111
-62.89204025268555,-1.462605595588684,43,-81.78511047363281,-1.9019793272018433,43,-102.19971466064453,-2.376737594604492,43,-86.59996032714844,-1.9244436025619507,45,-85.49502563476562,-1.9882564544677734,43,-101.70689392089844,-2.365276575088501,43,1112
-90.33090209960938,-2.580883026123047,35,-128.814453125,-3.680413007736206,35,-147.43142700195312,-4.212326526641846,35,-136.52102661132812,-4.7076215744018555,29,-123.84027099609375,-3.5382933616638184,35,-142.87344360351562,-4.082098484039307,35,1113
-113.17276763916016,-2.407931327819824,47,-130.20298767089844,-2.7702763080596924,47,-119.83501434326172,-2.5496811866760254,47,-113.01403045654297,-2.825350761413574,40,-134.57528686523438,-2.8633038997650146,47,-124.51298522949219,-2.64921236038208,47,1114
-93.65058898925781,-2.3412647247314453,40,-132.81036376953125,-3.3202590942382812,40,-99.65608215332031,-2.4914021492004395,40,-70.91676330566406,-2.4454057216644287,29,-130.53515625,-3.263378858566284,40,-105.5458984375,-2.6386475563049316,40,1115
-84.99812316894531,-1.7346556186676025,49,-182.47390747070312,-3.7239573001861572,49,-167.72711181640625,-3.423002243041992,49,-91.79667663574219,-3.16540265083313,29,-182.4710235595703,-3.723898410797119,49,-163.29220581054688,-3.332494020462036,49,1116
-70.35965728759766,-1.6362711191177368,43,-111.56202697753906,-2.594465732574463,43,-103.03544616699219,-2.3961732387542725,43,-81.17027282714844,-2.319150686264038,35,-103.26213073730469,-2.401444911956787,43,-100.26258850097656,-2.331688165664673,43,1117
-49.703636169433594,-1.2122838497161865,41,-83.2519760131836,-2.030535936355591,41,-91.527587890625,-2.2323801517486572,41,-47.746185302734375,-1.2242611646652222,39,-93.14069366455078,-2.271724224090576,41,-87.30094909667969,-2.129291534423828,41,1118
-148.33163452148438,-2.966632604598999,50,-119.27967834472656,-2.3855936527252197,50,-110.5440444946289,-2.210880994796753,50,-63.32549285888672,-2.042757749557495,31,-128.9610137939453,-2.5792202949523926,50,-124.17691040039062,-2.4835381507873535,50,1119
-83.427734375,-2.2548036575317383,37,-89.41934204101562,-2.416738986968994,37,-68.81576538085938,-1.859885573387146,37,-64.20915222167969,-1.7353824377059937,37,-85.14042663574219,-2.3010926246643066,37,-66.02039337158203,-1.7843348979949951,37,1120
-91.25997924804688,-3.1468958854675293,29,-73.47864532470703,-2.5337464809417725,29,-80.40010070800781,-2.7724173069000244,29,-81.76268005371094,-2.8194026947021484,29,-75.3540267944336,-2.598414659500122,29,-88.87866973876953,-3.064781665802002,29,1121
-81.04092407226562,-2.0260231494903564,40,-101.52509307861328,-2.5381274223327637,40,-108.245361328125,-2.706134080886841,40,-88.96875,-2.4713542461395264,36,-100.23271179199219,-2.5058178901672363,40,-106.3520278930664,-2.6588006019592285,40,1122
-125.83363342285156,-4.059149265289307,31,-118.93585205078125,-3.8366403579711914,31,-83.56562805175781,-2.6956653594970703,31,-112.48484802246094,-4.166105270385742,27,-110.59504699707031,-3.567582130432129,31,-89.06106567382812,-2.8729376792907715,31,1123
-69.02936553955078,-1.8656585216522217,37,-80.7777099609375,-2.1831812858581543,37,-83.4188003540039,-2.2545621395111084,37,-82.6046142578125,-2.1180670261383057,39,-91.05067443847656,-2.460829019546509,37,-108.62592315673828,-2.935835838317871,37,1124
-123.88079833984375,-1.998077392578125,62,-204.6776885986328,-3.301253080368042,62,-173.1755828857422,-2.79315447807312,62,-177.806884765625,-2.6940436363220215,66,-193.63938903808594,-3.123215913772583,62,-172.20863342285156,-2.7775585651397705,62,1125
-79.30313110351562,-2.0869245529174805,38,-99.115234375,-2.6082956790924072,38,-135.1288604736328,-3.5560226440429688,38,-163.9041748046875,-3.278083562850952,50,-111.04432678222656,-2.9222190380096436,38,-128.103759765625,-3.3711516857147217,38,1126
-95.75682830810547,-2.7359094619750977,35,-152.44912719726562,-4.355689525604248,35,-209.45419311523438,-5.984405517578125,35,-294.6888427734375,-6.139350891113281,48,-134.02398681640625,-3.829256772994995,35,-205.72471618652344,-5.877849102020264,35,1127
-62.2122802734375,-1.4812448024749756,42,-78.6229019165039,-1.8719738721847534,42,-88.30960845947266,-2.102609634399414,42,-76.8580322265625,-1.7873960733413696,43,-95.38322448730469,-2.271029233932495,42,-97.30482482910156,-2.316781520843506,42,1128
-82.63237762451172,-2.582261800765991,32,-90.05335998535156,-2.8141674995422363,32,-66.21522521972656,-2.069225788116455,32,-60.449134826660156,-1.6791425943374634,36,-94.96539306640625,-2.9676685333251953,32,-85.09207916259766,-2.6591274738311768,32,1129
-56.488243103027344,-1.3449581861495972,42,-87.77970886230469,-2.0899930000305176,42,-86.7220458984375,-2.0648105144500732,42,-70.0055923461914,-1.8920429944992065,37,-102.33570861816406,-2.4365644454956055,42,-103.17837524414062,-2.4566280841827393,42,1130
-95.1524887084961,-2.439807415008545,39,-115.40400695800781,-2.9590771198272705,39,-101.78752899169922,-2.6099367141723633,39,-63.39145278930664,-2.4381327629089355,26,-121.53105926513672,-3.116180896759033,39,-104.14002227783203,-2.670257091522217,39,1131
-70.10253143310547,-1.5239681005477905,46,-70.34204864501953,-1.5291749238967896,46,-68.19366455078125,-1.482470989227295,46,-60.65227508544922,-1.2130454778671265,50,-88.1582260131836,-1.9164831638336182,46,-69.66038513183594,-1.514356255531311,46,1132
-63.56092834472656,-3.531162738800049,18,-80.64456176757812,-4.480253219604492,18,-68.10227966308594,-3.7834599018096924,18,-69.93106079101562,-2.1191229820251465,33,-80.75111389160156,-4.486173152923584,18,-73.41702270507812,-4.078723430633545,18,1133
-123.09272003173828,-3.6203742027282715,34,-129.7212371826172,-3.8153305053710938,34,-115.27519989013672,-3.3904471397399902,34,-67.43911743164062,-3.2113864421844482,21,-142.4044189453125,-4.188365459442139,34,-132.7682342529297,-3.9049479961395264,34,1134
-92.96823120117188,-2.3242058753967285,40,-99.52215576171875,-2.488053798675537,40,-97.93643188476562,-2.448410749435425,40,-91.36800384521484,-2.6872942447662354,34,-97.62855529785156,-2.440713882446289,40,-100.18450927734375,-2.504612684249878,40,1135
-141.85203552246094,-3.223909854888916,44,-121.57579040527344,-2.7630860805511475,44,-107.45165252685547,-2.4420831203460693,44,-70.62000274658203,-2.3540000915527344,30,-151.329833984375,-3.439314365386963,44,-120.2844467163086,-2.7337374687194824,44,1136
-67.58467102050781,-2.330505847930908,29,-49.505638122558594,-1.707090973854065,29,-53.76020812988281,-1.8538002967834473,29,-50.28080368041992,-1.7338207960128784,29,-58.451377868652344,-2.0155646800994873,29,-60.23405456542969,-2.0770363807678223,29,1137
-75.62681579589844,-1.844556450843811,41,-118.4052963256836,-2.8879339694976807,41,-127.64510345458984,-3.113295316696167,41,-84.43700408935547,-3.24757719039917,26,-112.91384887695312,-2.7539963722229004,41,-119.35502624511719,-2.9110982418060303,41,1138
-47.101966857910156,-1.5194182395935059,31,-85.18354797363281,-2.747856378555298,31,-131.39248657226562,-4.238467216491699,31,-137.73284912109375,-3.1302919387817383,44,-97.74725341796875,-3.15313720703125,31,-143.81752014160156,-4.639275074005127,31,1139
-71.46204376220703,-2.305227279663086,31,-90.70394897460938,-2.925933837890625,31,-105.01338195800781,-3.387528419494629,31,-87.27926635742188,-3.6366360187530518,24,-116.7833251953125,-3.7672040462493896,31,-115.15170288085938,-3.714570999145508,31,1140
-28.513477325439453,-1.2960671186447144,22,-45.00506591796875,-2.045684814453125,22,-35.88526153564453,-1.6311482191085815,22,-33.5725212097168,-1.598691463470459,21,-63.00724792480469,-2.8639657497406006,22,-53.70442199707031,-2.441110134124756,22,1141
-83.07524871826172,-2.1301345825195312,39,-108.09280395507812,-2.7716102600097656,39,-107.99866485595703,-2.7691965103149414,39,-71.46884155273438,-2.464442729949951,29,-122.61936950683594,-3.1440863609313965,39,-108.69291687011719,-2.7869977951049805,39,1142
-87.09980010986328,-2.354048728942871,37,-119.30229187011719,-3.224386215209961,37,-94.86344146728516,-2.5638768672943115,37,-80.81784057617188,-2.4490253925323486,33,-124.74934387207031,-3.3716039657592773,37,-101.30738830566406,-2.738037586212158,37,1143
-54.9923095703125,-1.7185096740722656,32,-97.23233032226562,-3.038510322570801,32,-100.88764953613281,-3.1527390480041504,32,-122.8458480834961,-3.4123847484588623,36,-101.6561279296875,-3.1767539978027344,32,-101.9083251953125,-3.1846351623535156,32,1144
-67.9080581665039,-2.122126817703247,32,-72.19337463378906,-2.256042957305908,32,-76.3866195678711,-2.3870818614959717,32,-63.713600158691406,-1.7219891548156738,37,-77.73052978515625,-2.429079055786133,32,-80.44386291503906,-2.5138707160949707,32,1145
-34.97319412231445,-0.6029860973358154,58,-89.78597259521484,-1.5480339527130127,58,-97.57525634765625,-1.6823320388793945,58,-36.657936096191406,-0.7799561023712158,47,-98.73011779785156,-1.702243447303772,58,-115.91584777832031,-1.9985491037368774,58,1146
-78.09919738769531,-1.6978086233139038,46,-233.13693237304688,-5.068194389343262,46,-270.46441650390625,-5.8796610832214355,46,-263.8564453125,-5.863476753234863,45,-220.6800994873047,-4.797393321990967,46,-261.5313415527344,-5.685463905334473,46,1147
-14.87326717376709,-0.7828035354614258,19,-50.07933044433594,-2.635754346847534,19,-68.73609161376953,-3.6176891326904297,19,-108.42884063720703,-3.3884012699127197,32,-70.7662353515625,-3.724538803100586,19,-70.41900634765625,-3.706263542175293,19,1148
-74.89331817626953,-2.024143695831299,37,-143.38734436035156,-3.875333547592163,37,-140.63116455078125,-3.80084228515625,37,-84.81500244140625,-4.463947296142578,19,-132.39788818359375,-3.5783212184906006,37,-142.98345947265625,-3.864417791366577,37,1149
-123.33252716064453,-4.567871570587158,27,-85.05644226074219,-3.150238513946533,27,-49.72344970703125,-1.841609239578247,27,-74.26334381103516,-1.6878032684326172,44,-82.69978332519531,-3.062954902648926,27,-57.55961608886719,-2.1318376064300537,27,1150
-95.84663391113281,-2.2289915084838867,43,-108.71221923828125,-2.528191089630127,43,-84.90528869628906,-1.9745415449142456,43,-82.92013549804688,-1.8026115894317627,46,-113.08013916015625,-2.6297707557678223,43,-86.22943115234375,-2.005335569381714,43,1151
-69.12844848632812,-2.4688732624053955,28,-89.80420684814453,-3.2072930335998535,28,-75.44918823242188,-2.6946139335632324,28,-96.57788848876953,-2.610213279724121,37,-99.55181121826172,-3.555421829223633,28,-84.62652587890625,-3.0223758220672607,28,1152
-81.64359283447266,-1.6328718662261963,50,-113.15779113769531,-2.263155937194824,50,-105.84619903564453,-2.1169240474700928,50,-67.13192749023438,-2.486367702484131,27,-141.71035766601562,-2.834207057952881,50,-130.77182006835938,-2.615436315536499,50,1153
-102.33265686035156,-3.009783983230591,34,-155.60208129882812,-4.576531887054443,34,-214.98037719726562,-6.3229522705078125,34,-297.42657470703125,-6.069930076599121,49,-168.6378173828125,-4.959935665130615,34,-222.1693878173828,-6.534393787384033,34,1154
-91.25335693359375,-2.4014041423797607,38,-138.34188842773438,-3.640576124191284,38,-142.40475463867188,-3.7474935054779053,38,-143.78868103027344,-3.7839126586914062,38,-155.80532836914062,-4.10014009475708,38,-172.45693969726562,-4.5383405685424805,38,1155
-71.51361083984375,-2.043246030807495,35,-107.90396118164062,-3.082970380783081,35,-96.07691955566406,-2.7450549602508545,35,-96.02938079833984,-2.8243935108184814,34,-117.79158782958984,-3.365473985671997,35,-102.94184875488281,-2.9411957263946533,35,1156
-92.69749450683594,-3.310624837875366,28,-124.35140228271484,-4.441121578216553,28,-125.16162109375,-4.470057964324951,28,-124.47247314453125,-3.3641209602355957,37,-119.5998764038086,-4.271424293518066,28,-115.64096069335938,-4.130034446716309,28,1157
-100.69390869140625,-1.5028941631317139,67,-145.04986572265625,-2.1649234294891357,67,-152.47080993652344,-2.275683641433716,67,-46.65331268310547,-1.8661324977874756,25,-149.72837829589844,-2.2347519397735596,67,-164.12353515625,-2.4496049880981445,67,1158
-74.50485229492188,-1.5205072164535522,49,-120.1388168334961,-2.451812505722046,49,-113.73773956298828,-2.321178436279297,49,-60.19197082519531,-2.075585126876831,29,-105.98926544189453,-2.16304612159729,49,-102.959228515625,-2.1012086868286133,49,1159
-73.77153015136719,-2.107758045196533,35,-102.69404602050781,-2.9341156482696533,35,-89.7664794921875,-2.5647566318511963,35,-96.66697692871094,-2.47864031791687,39,-115.53996276855469,-3.3011417388916016,35,-104.60831451416016,-2.9888088703155518,35,1160
-104.21267700195312,-2.5417726039886475,41,-117.81206512451172,-2.873465061187744,41,-106.91658782958984,-2.6077215671539307,41,-86.238525390625,-2.613288640975952,33,-121.38263702392578,-2.960552215576172,41,-117.0655288696289,-2.8552567958831787,41,1161
-65.05992889404297,-2.0331227779388428,32,-80.08345031738281,-2.502607822418213,32,-86.84490966796875,-2.7139034271240234,32,-86.97564697265625,-2.415990114212036,36,-80.68497467041016,-2.5214054584503174,32,-81.86276245117188,-2.558211326599121,32,1162
-91.65935516357422,-2.3502399921417236,39,-113.52265167236328,-2.910837173461914,39,-102.37097930908203,-2.624897003173828,39,-74.80830383300781,-2.579596757888794,29,-125.08152770996094,-3.207218647003174,39,-113.1229019165039,-2.900587320327759,39,1163
-105.27778625488281,-2.6319446563720703,40,-108.13938903808594,-2.7034847736358643,40,-128.1131134033203,-3.2028279304504395,40,-122.47085571289062,-2.987093925476074,41,-106.92308807373047,-2.67307710647583,40,-130.80709838867188,-3.2701773643493652,40,1164
-92.41812896728516,-2.100412130355835,44,-190.87261962890625,-4.338014125823975,44,-193.122802734375,-4.389154434204102,44,-177.8352508544922,-4.806358337402344,37,-189.7572021484375,-4.312663555145264,44,-195.27276611328125,-4.43801736831665,44,1165
-60.481201171875,-2.1600430011749268,28,-70.23394775390625,-2.5083553791046143,28,-40.25675582885742,-1.4377412796020508,28,-32.952152252197266,-1.2204500436782837,27,-54.126220703125,-1.9330793619155884,28,-43.302005767822266,-1.5465002059936523,28,1166
-89.8221206665039,-2.3637399673461914,38,-169.86102294921875,-4.470026969909668,38,-205.28060913085938,-5.402121067047119,38,-264.9531555175781,-5.519857406616211,48,-180.51638793945312,-4.750431060791016,38,-210.24476623535156,-5.532756805419922,38,1167
-76.94511413574219,-2.024871349334717,38,-122.13463592529297,-3.214069366455078,38,-97.09547424316406,-2.5551440715789795,38,-111.7532730102539,-2.4834060668945312,45,-119.36900329589844,-3.141289472579956,38,-89.78010559082031,-2.3626344203948975,38,1168
-104.28837585449219,-2.8968992233276367,36,-115.69561004638672,-3.2137670516967773,36,-94.24864196777344,-2.6180179119110107,36,-76.53121948242188,-3.061248779296875,25,-114.43994140625,-3.178887367248535,36,-120.55791473388672,-3.3488309383392334,36,1169
-141.58737182617188,-3.3711278438568115,42,-185.46609497070312,-4.415859222412109,42,-190.34658813476562,-4.532061576843262,42,-214.12139892578125,-4.75825309753418,45,-175.14805603027344,-4.170191764831543,42,-174.832763671875,-4.162684917449951,42,1170
-84.24947357177734,-2.5530142784118652,33,-103.45603942871094,-3.1350314617156982,33,-101.91799926757812,-3.0884242057800293,33,-85.55094909667969,-3.168553590774536,27,-98.07189178466797,-2.9718754291534424,33,-97.22049713134766,-2.946075677871704,33,1171
-93.05770111083984,-2.51507306098938,37,-167.08877563476562,-4.515913009643555,37,-155.57330322265625,-4.204683780670166,37,-148.56936645507812,-4.126926898956299,36,-163.04641723632812,-4.406660079956055,37,-149.94419860839844,-4.05254602432251,37,1172
-135.14010620117188,-3.4651310443878174,39,-140.82186889648438,-3.6108171939849854,39,-125.24087524414062,-3.2113044261932373,39,-176.59410095214844,-3.679043769836426,48,-139.50241088867188,-3.5769848823547363,39,-134.01377868652344,-3.436250686645508,39,1173
-50.96889877319336,-1.6441580057144165,31,-71.8629150390625,-2.3181586265563965,31,-77.93170166015625,-2.513925790786743,31,-80.51376342773438,-2.3003933429718018,35,-72.67595672607422,-2.3443856239318848,31,-81.71612548828125,-2.6360039710998535,31,1174
-57.931007385253906,-1.8687422275543213,31,-84.35651397705078,-2.721177816390991,31,-80.90258026123047,-2.6097607612609863,31,-45.26885986328125,-1.8862024545669556,24,-86.90601348876953,-2.803419828414917,31,-75.19429779052734,-2.4256224632263184,31,1175
-57.51647186279297,-1.5976797342300415,36,-80.23660278320312,-2.228794574737549,36,-84.64140319824219,-2.3511500358581543,36,-94.79434204101562,-2.369858503341675,40,-77.14933776855469,-2.1430370807647705,36,-88.5948486328125,-2.460968017578125,36,1176
-74.65985107421875,-1.9647328853607178,38,-82.46067810058594,-2.170017957687378,38,-106.9554443359375,-2.8146169185638428,38,-74.440185546875,-2.6585781574249268,28,-77.66920471191406,-2.043926477432251,38,-97.75262451171875,-2.5724375247955322,38,1177
-77.82437896728516,-2.779442071914673,28,-69.33837890625,-2.4763705730438232,28,-79.36127471923828,-2.8343312740325928,28,-135.0390625,-2.75589919090271,49,-74.3587417602539,-2.6556694507598877,28,-85.97089385986328,-3.0703890323638916,28,1178
-103.93550872802734,-2.809067726135254,37,-141.33981323242188,-3.8199949264526367,37,-136.7247314453125,-3.695262908935547,37,-147.72409057617188,-4.220688343048096,35,-136.3497772216797,-3.685129165649414,37,-141.6356201171875,-3.8279898166656494,37,1179
-92.56928253173828,-3.0856428146362305,30,-94.7655029296875,-3.1588501930236816,30,-79.6595458984375,-2.655318260192871,30,-37.15104675292969,-1.6886839866638184,22,-76.96308898925781,-2.565436363220215,30,-76.75311279296875,-2.5584371089935303,30,1180
-81.64368438720703,-1.991309404373169,41,-119.54132080078125,-2.915642023086548,41,-131.92074584960938,-3.2175791263580322,41,-85.5333023071289,-3.1679000854492188,27,-114.12818145751953,-2.783614158630371,41,-119.1536636352539,-2.906186819076538,41,1181
-62.932891845703125,-2.4204957485198975,26,-49.88641357421875,-1.9187082052230835,26,-56.64548873901367,-2.1786725521087646,26,-56.434326171875,-1.9460113048553467,29,-59.35026550292969,-2.2827024459838867,26,-66.91078186035156,-2.5734915733337402,26,1182
-71.32356262207031,-2.2288613319396973,32,-70.97459411621094,-2.217956066131592,32,-70.71776580810547,-2.209930181503296,32,-88.39486694335938,-2.155972480773926,41,-67.22247314453125,-2.1007022857666016,32,-83.9351806640625,-2.622974395751953,32,1183
-63.82234191894531,-1.8234955072402954,35,-72.47200012207031,-2.0706286430358887,35,-69.98008728027344,-1.9994310140609741,35,-66.84873962402344,-1.9099639654159546,35,-67.0296630859375,-1.9151332378387451,35,-68.65776062011719,-1.9616502523422241,35,1184
-61.88392639160156,-3.640230894088745,17,-115.0372085571289,-6.766894817352295,17,-99.29997253417969,-5.841175079345703,17,-130.88575744628906,-3.6357154846191406,36,-106.64984130859375,-6.273519992828369,17,-90.92388153076172,-5.348463535308838,17,1185
-62.68974685668945,-2.7256412506103516,23,-55.46755599975586,-2.411632776260376,23,-53.72137451171875,-2.33571195602417,23,-47.81684875488281,-2.078993320465088,23,-64.5527114868164,-2.8066396713256836,23,-53.4470329284668,-2.323784112930298,23,1186
-65.87823486328125,-1.9375951290130615,34,-96.78997802734375,-2.846764087677002,34,-55.75972366333008,-1.6399918794631958,34,-41.95471954345703,-1.7481132745742798,24,-108.14976501464844,-3.180875539779663,34,-66.35372924804688,-1.951580286026001,34,1187
-89.30299377441406,-2.976766347885132,30,-88.09959411621094,-2.9366531372070312,30,-60.84589767456055,-2.0281965732574463,30,-22.314863204956055,-0.6973394751548767,32,-93.84969329833984,-3.1283230781555176,30,-57.210147857666016,-1.907004952430725,30,1188
-88.62852478027344,-2.014284610748291,44,-81.85302734375,-1.8602961301803589,44,-78.70542907714844,-1.788759708404541,44,-60.4437141418457,-1.5498387813568115,39,-107.88056182861328,-2.4518308639526367,44,-82.97392272949219,-1.8857709169387817,44,1189
-88.6099624633789,-2.461387872695923,36,-105.78482055664062,-2.938467264175415,36,-100.03890991210938,-2.7788586616516113,36,-75.22557830810547,-2.5939855575561523,29,-102.7779541015625,-2.85494327545166,36,-95.98788452148438,-2.666330099105835,36,1190
-91.2432632446289,-2.3395707607269287,39,-88.93336486816406,-2.2803425788879395,39,-90.37489318847656,-2.317304849624634,39,-82.9222412109375,-2.2411415576934814,37,-101.382080078125,-2.5995404720306396,39,-95.88304138183594,-2.4585394859313965,39,1191
-86.60037994384766,-2.1122043132781982,41,-77.3252182006836,-1.8859809637069702,41,-66.50537109375,-1.622082233428955,41,-68.44801330566406,-1.5210669040679932,45,-102.59961700439453,-2.502429723739624,41,-80.39947509765625,-1.9609627723693848,41,1192
-83.4818115234375,-1.9876621961593628,42,-81.49513244628906,-1.9403603076934814,42,-76.08270263671875,-1.811492919921875,42,-57.614990234375,-1.7459087371826172,33,-95.34131622314453,-2.270031452178955,42,-85.3074951171875,-2.031130790710449,42,1193
-129.51632690429688,-2.698256731033325,48,-156.54571533203125,-3.261368989944458,48,-125.27800750732422,-2.6099584102630615,48,-101.44270324707031,-2.741694688796997,37,-152.25564575195312,-3.171992540359497,48,-125.81672668457031,-2.6211817264556885,48,1194
-129.55506896972656,-2.8790016174316406,45,-114.07418060302734,-2.5349817276000977,45,-104.33527374267578,-2.318561553955078,45,-76.84201049804688,-2.3285458087921143,33,-105.25387573242188,-2.338974952697754,45,-103.16944885253906,-2.292654514312744,45,1195
-77.57913970947266,-2.8733015060424805,27,-71.59103393554688,-2.651519775390625,27,-68.11415100097656,-2.5227463245391846,27,-80.83026123046875,-1.971469759941101,41,-62.5184211730957,-2.3154971599578857,27,-58.6342658996582,-2.1716394424438477,27,1196
-74.38978576660156,-2.1879348754882812,34,-87.00431060791016,-2.558950424194336,34,-80.04779052734375,-2.354346752166748,34,-56.89497375488281,-2.709284543991089,21,-76.18452453613281,-2.2407212257385254,34,-90.70610046386719,-2.6678264141082764,34,1197
-134.39276123046875,-2.535712480545044,53,-133.56060791015625,-2.5200114250183105,53,-121.52740478515625,-2.2929699420928955,53,-68.36625671386719,-2.010772228240967,34,-132.58013916015625,-2.501512050628662,53,-127.23811340332031,-2.400719165802002,53,1198
-75.64292907714844,-2.8015899658203125,27,-73.17585754394531,-2.710216999053955,27,-98.95256042480469,-3.664909601211548,27,-79.83969116210938,-2.661323070526123,30,-87.19227600097656,-3.2293436527252197,27,-103.17424774169922,-3.821268320083618,27,1199
-97.76876068115234,-2.384603977203369,41,-111.3167724609375,-2.715043306350708,41,-102.71949768066406,-2.5053536891937256,41,-99.54927825927734,-2.488731861114502,40,-119.03687286376953,-2.9033384323120117,41,-113.9202880859375,-2.778543710708618,41,1200
-59.95746994018555,-1.9341119527816772,31,-85.90753936767578,-2.7712109088897705,31,-101.07183837890625,-3.2603819370269775,31,-97.4671401977539,-3.0458481311798096,32,-101.79241943359375,-3.2836263179779053,31,-104.251708984375,-3.3629584312438965,31,1201
-40.900550842285156,-1.048732042312622,39,-93.97920989990234,-2.4097232818603516,39,-92.07852172851562,-2.360987663269043,39,-74.43702697753906,-2.2556674480438232,33,-99.8197021484375,-2.5594794750213623,39,-89.186279296875,-2.286827564239502,39,1202
-150.05233764648438,-3.410280466079712,44,-129.77532958984375,-2.949439287185669,44,-118.47100830078125,-2.6925230026245117,44,-53.34080505371094,-2.2225334644317627,24,-123.60800170898438,-2.8092727661132812,44,-110.02738952636719,-2.500622510910034,44,1203
-104.20436096191406,-3.157707929611206,33,-88.395263671875,-2.6786444187164307,33,-101.61292266845703,-3.079179525375366,33,-77.7243423461914,-1.8957157135009766,41,-93.53300476074219,-2.8343334197998047,33,-96.28620910644531,-2.9177639484405518,33,1204
-70.3674545288086,-2.0104987621307373,35,-124.080078125,-3.545145034790039,35,-109.87589263916016,-3.1393113136291504,35,-169.2776336669922,-3.679948568344116,46,-124.58061981201172,-3.559446334838867,35,-114.11036682128906,-3.260296106338501,35,1205
-139.19175720214844,-2.108966112136841,66,-190.69607543945312,-2.8893344402313232,66,-189.087646484375,-2.864964246749878,66,-75.97543334960938,-2.374232292175293,32,-178.44223022460938,-2.7036702632904053,66,-185.20533752441406,-2.8061413764953613,66,1206
-109.30972290039062,-2.73274302482605,40,-124.25003051757812,-3.106250762939453,40,-110.54304504394531,-2.763576030731201,40,-93.94023132324219,-3.131340980529785,30,-125.062255859375,-3.126556396484375,40,-119.85435485839844,-2.996358871459961,40,1207
-60.87663269042969,-1.5219157934188843,40,-150.4434814453125,-3.761086940765381,40,-119.84807586669922,-2.996201992034912,40,-71.82344055175781,-2.6601274013519287,27,-142.86904907226562,-3.5717263221740723,40,-118.84009552001953,-2.9710023403167725,40,1208
-89.21502685546875,-2.2303757667541504,40,-99.65432739257812,-2.4913582801818848,40,-99.7236328125,-2.493090867996216,40,-94.4632568359375,-2.6989502906799316,35,-100.95539093017578,-2.5238847732543945,40,-120.00503540039062,-3.0001258850097656,40,1209
-83.35939025878906,-2.381696939468384,35,-181.55191040039062,-5.187197208404541,35,-218.9190673828125,-6.254830360412598,35,-281.5992126464844,-5.866650104522705,48,-181.2482147216797,-5.178520202636719,35,-233.85797119140625,-6.681656360626221,35,1210
-64.5853271484375,-1.3455276489257812,48,-66.15492248535156,-1.3782275915145874,48,-67.54378509521484,-1.4071621894836426,48,-58.377403259277344,-1.1913756132125854,49,-71.24992370605469,-1.4843734502792358,48,-71.21537780761719,-1.4836536645889282,48,1211
-101.38841247558594,-3.49615216255188,29,-118.15143585205078,-4.074187278747559,29,-118.22505950927734,-4.076725959777832,29,-117.359619140625,-4.046883583068848,29,-111.38712310791016,-3.840935230255127,29,-118.77298736572266,-4.095620155334473,29,1212
-77.60641479492188,-2.9848620891571045,26,-178.3409423828125,-6.859267234802246,26,-185.48751831054688,-7.1341352462768555,26,-261.34783935546875,-6.222567558288574,42,-183.13624572753906,-7.043701648712158,26,-205.79165649414062,-7.915063858032227,26,1213
-111.3278579711914,-3.591221332550049,31,-128.7632293701172,-4.153652667999268,31,-95.18643188476562,-3.0705301761627197,31,-93.24220275878906,-2.3908257484436035,39,-136.67874145507812,-4.408991813659668,31,-103.86992645263672,-3.350642681121826,31,1214
-85.98249816894531,-3.3070192337036133,26,-100.32929229736328,-3.858819007873535,26,-94.09136962890625,-3.618898868560791,26,-81.60920715332031,-2.473006248474121,33,-101.12860870361328,-3.889561891555786,26,-98.68756103515625,-3.79567551612854,26,1215
-55.84991455078125,-1.2141286134719849,46,-114.46499633789062,-2.4883694648742676,46,-126.41047668457031,-2.748053789138794,46,-98.48501586914062,-2.896618127822876,34,-119.99577331542969,-2.6086037158966064,46,-129.60202026367188,-2.8174352645874023,46,1216
-116.90465545654297,-2.9975552558898926,39,-123.411865234375,-3.1644067764282227,39,-107.12693786621094,-2.746844530105591,39,-58.486263275146484,-2.3394505977630615,25,-130.32272338867188,-3.3416082859039307,39,-121.8487319946289,-3.124326467514038,39,1217
-77.00706481933594,-2.0265016555786133,38,-83.81129455566406,-2.2055604457855225,38,-90.20481872558594,-2.3738110065460205,38,-110.64572143554688,-2.6344218254089355,42,-87.94798278808594,-2.314420700073242,38,-85.8581314086914,-2.2594244480133057,38,1218
-94.59576416015625,-2.199901580810547,43,-136.87796020507812,-3.183208465576172,43,-138.37901306152344,-3.218116521835327,43,-91.69538879394531,-3.396125555038452,27,-137.8097686767578,-3.204878330230713,43,-145.2838134765625,-3.3786933422088623,43,1219
-62.48250961303711,-1.7356252670288086,36,-77.18174743652344,-2.143937349319458,36,-63.220191955566406,-1.7561163902282715,36,-37.101226806640625,-1.325043797492981,28,-87.17882537841797,-2.4216339588165283,36,-79.22789764404297,-2.200774908065796,36,1220
-69.18000793457031,-1.5722728967666626,44,-93.92526245117188,-2.134665012359619,44,-98.86006164550781,-2.246819496154785,44,-66.09134674072266,-2.065354585647583,32,-113.23902893066406,-2.5736143589019775,44,-99.88581848144531,-2.270132303237915,44,1221
-84.73604583740234,-3.2590787410736084,26,-54.82953643798828,-2.10882830619812,26,-51.97949981689453,-1.9992115497589111,26,-51.998779296875,-1.5293759107589722,34,-78.66188049316406,-3.0254569053649902,26,-64.75189208984375,-2.49045729637146,26,1222
-98.300048828125,-2.0914905071258545,47,-105.92240905761719,-2.2536683082580566,47,-78.46934509277344,-1.6695605516433716,47,-92.32733917236328,-1.9234862327575684,48,-107.47709655761719,-2.2867467403411865,47,-95.90511322021484,-2.040534257888794,47,1223
-56.58965301513672,-2.176525115966797,26,-96.63044738769531,-3.716555595397949,26,-91.86788940429688,-3.5333802700042725,26,-109.01496887207031,-2.5955944061279297,42,-103.01942443847656,-3.9622855186462402,26,-100.23060607910156,-3.8550233840942383,26,1224
-32.97246551513672,-0.7493742108345032,44,-42.96164321899414,-0.9764009714126587,44,-40.38605499267578,-0.9178648591041565,44,-29.02818489074707,-0.6450707912445068,45,-66.03118896484375,-1.500708818435669,44,-65.3817138671875,-1.485948085784912,44,1225
-78.16239929199219,-2.171177864074707,36,-187.9923095703125,-5.22200870513916,36,-215.11874389648438,-5.975520610809326,36,-267.17901611328125,-5.93731164932251,45,-174.32095336914062,-4.842248916625977,36,-208.7743377685547,-5.79928731918335,36,1226
-72.57454681396484,-2.1345455646514893,34,-88.43767547607422,-2.6011080741882324,34,-87.20042419433594,-2.564718246459961,34,-84.03813934326172,-2.5466103553771973,33,-95.14263153076172,-2.7983126640319824,34,-96.58792114257812,-2.8408212661743164,34,1227
-87.81529235839844,-2.9271764755249023,30,-93.63605499267578,-3.121201753616333,30,-92.83531951904297,-3.094510555267334,30,-88.2251205444336,-3.150897264480591,28,-99.91319274902344,-3.330439805984497,30,-97.73127746582031,-3.257709264755249,30,1228
-88.33531188964844,-3.154832601547241,28,-165.2533721923828,-5.9019060134887695,28,-184.64840698242188,-6.59458589553833,28,-290.7458801269531,-6.320562839508057,46,-168.44021606445312,-6.015721797943115,28,-190.1473388671875,-6.790976524353027,28,1229
-92.37089538574219,-2.309272289276123,40,-120.30142211914062,-3.007535457611084,40,-81.16603088378906,-2.0291507244110107,40,-50.494781494140625,-2.1039493083953857,24,-128.887939453125,-3.222198486328125,40,-102.1749496459961,-2.5543737411499023,40,1230
-78.8267593383789,-1.7915172576904297,44,-140.63909912109375,-3.196343183517456,44,-157.79217529296875,-3.5861856937408447,44,-87.20166015625,-3.7913765907287598,23,-145.29714965820312,-3.3022079467773438,44,-159.78866577148438,-3.6315605640411377,44,1231
-75.76555633544922,-1.9938304424285889,38,-88.88888549804688,-2.3391811847686768,38,-90.12278747558594,-2.371652364730835,38,-62.43751525878906,-2.014113426208496,31,-102.65513610839844,-2.701451063156128,38,-116.22544860839844,-3.0585644245147705,38,1232
-36.80004119873047,-0.9200010299682617,40,-57.13701248168945,-1.4284253120422363,40,-55.57571029663086,-1.3893927335739136,40,-59.65087127685547,-1.569759726524353,38,-84.2174301147461,-2.105435848236084,40,-71.68023681640625,-1.7920058965682983,40,1233
-54.286006927490234,-2.171440362930298,25,-52.96973419189453,-2.1187894344329834,25,-60.87873077392578,-2.4351491928100586,25,-54.99932861328125,-2.1999731063842773,25,-56.881710052490234,-2.275268316268921,25,-56.709774017333984,-2.2683908939361572,25,1234
-48.7150764465332,-1.1071608066558838,44,-109.91900634765625,-2.498159170150757,44,-86.42931365966797,-1.9643025398254395,44,-46.35851287841797,-1.3245289325714111,35,-112.78713989257812,-2.5633440017700195,44,-105.38633728027344,-2.395143985748291,44,1235
-129.8430633544922,-3.019606113433838,43,-168.3712921142578,-3.915611505508423,43,-154.4124298095703,-3.590986728668213,43,-144.29815673828125,-4.00828218460083,36,-179.30136108398438,-4.169799327850342,43,-167.69175720214844,-3.899808406829834,43,1236
-110.06517028808594,-2.501481056213379,44,-268.1099853515625,-6.093408584594727,44,-281.93463134765625,-6.407605171203613,44,-275.98577880859375,-6.272404193878174,44,-259.141357421875,-5.889576435089111,44,-280.63970947265625,-6.378175258636475,44,1237
-85.31011962890625,-1.3541288375854492,63,-74.09756469726562,-1.1761518716812134,63,-36.94522476196289,-0.586432158946991,63,-19.721281051635742,-0.29434746503829956,67,-81.30296325683594,-1.2905231714248657,63,-45.05747604370117,-0.7151980400085449,63,1238
-116.16936492919922,-3.226926803588867,36,-111.04647064208984,-3.0846242904663086,36,-96.50570678710938,-2.6807141304016113,36,-43.1427001953125,-1.9610317945480347,22,-119.11341857910156,-3.308706045150757,36,-102.95147705078125,-2.8597631454467773,36,1239
-115.83909606933594,-3.0483973026275635,38,-138.65716552734375,-3.6488728523254395,38,-113.53460693359375,-2.987752914428711,38,-109.66915130615234,-2.3841118812561035,46,-142.090087890625,-3.73921275138855,38,-112.0484390258789,-2.948643207550049,38,1240
-77.65126037597656,-2.5883753299713135,30,-86.57121276855469,-2.885707139968872,30,-69.84478759765625,-2.3281595706939697,30,-68.3331069946289,-2.356313943862915,29,-82.17735290527344,-2.7392451763153076,30,-70.99069213867188,-2.366356372833252,30,1241
-43.98200225830078,-1.1574211120605469,38,-95.62808227539062,-2.516528367996216,38,-86.58125305175781,-2.278454065322876,38,-91.3299560546875,-2.4034199714660645,38,-103.6382064819336,-2.727321147918701,38,-108.01233673095703,-2.8424298763275146,38,1242
-81.0515365600586,-2.38386869430542,34,-112.48077392578125,-3.308258056640625,34,-101.42881774902344,-2.9832005500793457,34,-90.63656616210938,-2.1078271865844727,43,-107.29977416992188,-3.1558756828308105,34,-95.74812316894531,-2.8161213397979736,34,1243
-92.90896606445312,-1.8961013555526733,49,-106.02340698242188,-2.163743019104004,49,-102.28103637695312,-2.0873680114746094,49,-68.01998138427734,-1.5459086894989014,44,-120.21123504638672,-2.4532904624938965,49,-101.46978759765625,-2.0708119869232178,49,1244
-91.36750793457031,-2.68727970123291,34,-106.097900390625,-3.1205265522003174,34,-108.04681396484375,-3.177847385406494,34,-101.74356079101562,-3.1794862747192383,32,-115.75457763671875,-3.4045464992523193,34,-108.02240753173828,-3.1771297454833984,34,1245
-90.2530517578125,-1.9620229005813599,46,-108.67414855957031,-2.3624815940856934,46,-126.63839721679688,-2.7530086040496826,46,-102.34848022460938,-2.6933810710906982,38,-119.44300842285156,-2.5965871810913086,46,-116.14921569824219,-2.5249829292297363,46,1246
-73.01022338867188,-1.8252556324005127,40,-109.59833526611328,-2.7399582862854004,40,-94.74856567382812,-2.3687140941619873,40,-57.059120178222656,-1.9675558805465698,29,-112.42167663574219,-2.810541868209839,40,-100.11695861816406,-2.5029239654541016,40,1247
-77.84062194824219,-1.769105076789856,44,-242.01548767089844,-5.500351905822754,44,-275.03216552734375,-6.250730991363525,44,-284.128173828125,-6.31395959854126,45,-246.292236328125,-5.597550868988037,44,-295.3931884765625,-6.713481426239014,44,1248
-96.67838287353516,-2.1017038822174072,46,-107.81041717529297,-2.3437047004699707,46,-108.41220092773438,-2.3567869663238525,46,-60.58562088012695,-2.1637721061706543,28,-132.59588623046875,-2.882519245147705,46,-132.07627868652344,-2.8712234497070312,46,1249
-51.45416259765625,-2.858564615249634,18,-63.65022277832031,-3.536123514175415,18,-62.69774627685547,-3.483208179473877,18,-53.23821258544922,-1.9717856645584106,27,-61.63656234741211,-3.424253463745117,18,-60.79693603515625,-3.377607583999634,18,1250
-103.63195037841797,-3.342966079711914,31,-81.3792495727539,-2.6251370906829834,31,-70.89251708984375,-2.286855459213257,31,-80.64271545410156,-2.371844530105591,34,-89.57120513916016,-2.8893938064575195,31,-85.99954223632812,-2.7741787433624268,31,1251
-74.8364028930664,-1.918882131576538,39,-75.90779876708984,-1.946353793144226,39,-68.61357879638672,-1.7593225240707397,39,-50.61144256591797,-1.874497890472412,27,-104.41671752929688,-2.677351713180542,39,-97.68368530273438,-2.5047099590301514,39,1252
-46.590335845947266,-2.0256667137145996,23,-48.76814270019531,-2.120353937149048,23,-50.35696792602539,-2.1894333362579346,23,-43.95624542236328,-2.3134865760803223,19,-59.21436309814453,-2.574537515640259,23,-64.34847259521484,-2.797759771347046,23,1253
-83.3250503540039,-2.252028465270996,37,-115.19170379638672,-3.1132893562316895,37,-119.93094635009766,-3.2413768768310547,37,-110.02056884765625,-2.750514268875122,40,-123.1890869140625,-3.329434871673584,37,-119.15522003173828,-3.2204113006591797,37,1254
-116.92697143554688,-2.3862648010253906,49,-139.2173309326172,-2.841170072555542,49,-148.99266052246094,-3.0406665802001953,49,-66.62889862060547,-2.4677369594573975,27,-144.31704711914062,-2.9452457427978516,49,-150.64511108398438,-3.074389934539795,49,1255
-19.884201049804688,-0.6025515198707581,33,-94.89534759521484,-2.8756165504455566,33,-96.70205688476562,-2.9303653240203857,33,-93.63816833496094,-2.9261927604675293,32,-131.25799560546875,-3.9775149822235107,33,-123.80311584472656,-3.7516095638275146,33,1256
-86.6564712524414,-2.342066764831543,37,-50.21684265136719,-1.357211947441101,37,-47.959686279296875,-1.2962077856063843,37,-42.183380126953125,-1.2052394151687622,35,-75.42738342285156,-2.0385780334472656,37,-63.968284606933594,-1.728872537612915,37,1257
-57.15398406982422,-1.5447022914886475,37,-93.32334899902344,-2.5222525596618652,37,-81.77095794677734,-2.2100257873535156,37,-77.86079406738281,-2.162799835205078,36,-108.0284194946289,-2.919687032699585,37,-100.57630920410156,-2.718278646469116,37,1258
-48.071754455566406,-1.4567198753356934,33,-74.36372375488281,-2.253446102142334,33,-74.71660614013672,-2.2641396522521973,33,-75.59306335449219,-1.9892911911010742,38,-96.30391693115234,-2.9183006286621094,33,-86.98493194580078,-2.635906934738159,33,1259
-42.18756866455078,-1.45474374294281,29,-70.47237396240234,-2.430081844329834,29,-97.0146484375,-3.345332622528076,29,-42.524986267089844,-2.362499237060547,18,-84.18960571289062,-2.903089761734009,29,-95.69989776611328,-3.2999963760375977,29,1260
-60.95951843261719,-2.1771256923675537,28,-80.71173095703125,-2.8825619220733643,28,-65.4301528930664,-2.3367912769317627,28,-71.15185546875,-1.9764404296875,36,-91.94891357421875,-3.2838897705078125,28,-80.85501861572266,-2.8876793384552,28,1261
-83.13215637207031,-2.2468149662017822,37,-70.76515197753906,-1.912571668624878,37,-81.42202758789062,-2.2005953788757324,37,-56.919532775878906,-1.7248343229293823,33,-73.22190856933594,-1.9789705276489258,37,-91.69895935058594,-2.4783501625061035,37,1262
-81.53509521484375,-1.6986478567123413,48,-85.02033233642578,-1.771256923675537,48,-89.64215850830078,-1.8675450086593628,48,-51.60920715332031,-1.3233129978179932,39,-118.83601379394531,-2.475750207901001,48,-112.17254638671875,-2.336928129196167,48,1263
-139.95005798339844,-3.1100013256073,45,-126.37071990966797,-2.8082382678985596,45,-121.3830795288086,-2.697401762008667,45,-83.26423645019531,-2.3128955364227295,36,-151.45440673828125,-3.3656535148620605,45,-146.012939453125,-3.244731903076172,45,1264
-85.42666625976562,-2.033968210220337,42,-114.25880432128906,-2.7204477787017822,42,-90.02899169921875,-2.143547534942627,42,-80.57894897460938,-2.441786289215088,33,-109.0773696899414,-2.5970802307128906,42,-91.51316833496094,-2.178884983062744,42,1265
-115.72550201416016,-2.5157718658447266,46,-104.92047119140625,-2.2808797359466553,46,-108.87662506103516,-2.3668830394744873,46,-90.03181457519531,-2.0937631130218506,43,-105.04449462890625,-2.283576011657715,46,-109.20726776123047,-2.3740711212158203,46,1266
-87.11909484863281,-1.979979395866394,44,-147.84671020507812,-3.36015248298645,44,-138.82421875,-3.1550958156585693,44,-136.61734008789062,-4.018157005310059,34,-163.88461303710938,-3.7246503829956055,44,-162.6652374267578,-3.696937322616577,44,1267
-91.56720733642578,-3.0522401332855225,30,-103.78099060058594,-3.4593663215637207,30,-92.59813690185547,-3.086604595184326,30,-100.64899444580078,-3.594606876373291,28,-111.068603515625,-3.702286720275879,30,-103.60891723632812,-3.4536306858062744,30,1268
-139.0918426513672,-2.3574888706207275,59,-151.32516479492188,-2.564833402633667,59,-138.97129821777344,-2.355445623397827,59,-177.64337158203125,-2.691566228866577,66,-154.96853637695312,-2.6265852451324463,59,-138.46041870117188,-2.3467867374420166,59,1269
-71.54000091552734,-2.555000066757202,28,-67.37997436523438,-2.4064276218414307,28,-54.66448211669922,-1.9523029327392578,28,-53.38800811767578,-2.053385019302368,26,-77.79499053955078,-2.7783925533294678,28,-66.28429412841797,-2.3672962188720703,28,1270
-67.23160552978516,-2.4011287689208984,28,-82.33578491210938,-2.940563678741455,28,-86.82861328125,-3.1010220050811768,28,-92.14241027832031,-2.36262583732605,39,-99.19628143310547,-3.542724370956421,28,-89.58014678955078,-3.1992909908294678,28,1271
-106.81124877929688,-2.225234270095825,48,-243.0142822265625,-5.062797546386719,48,-282.2607421875,-5.88043212890625,48,-285.9495849609375,-6.354435443878174,45,-241.7301025390625,-5.036043643951416,48,-301.38848876953125,-6.278926849365234,48,1272
-88.3136215209961,-1.802318811416626,49,-183.57308959960938,-3.746389627456665,49,-214.35006713867188,-4.374491214752197,49,-182.80856323242188,-4.94077205657959,37,-189.58139038085938,-3.8690080642700195,49,-226.62152099609375,-4.624928951263428,49,1273
-69.34988403320312,-3.302375316619873,21,-55.32417297363281,-2.6344845294952393,21,-66.57929992675781,-3.170442819595337,21,-76.55381774902344,-2.469477891921997,31,-49.823326110839844,-2.3725392818450928,21,-64.76256561279297,-3.0839316844940186,21,1274
-73.59115600585938,-2.2300350666046143,33,-110.11393737792969,-3.3367860317230225,33,-97.90365600585938,-2.9667775630950928,33,-103.06388092041016,-2.8628854751586914,36,-100.99158477783203,-3.0603511333465576,33,-93.75944519042969,-2.8411953449249268,33,1275
-52.18962097167969,-1.30474054813385,40,-64.29925537109375,-1.6074813604354858,40,-78.07193756103516,-1.951798439025879,40,-79.12803649902344,-2.198000907897949,36,-67.3939208984375,-1.6848480701446533,40,-84.71170043945312,-2.1177926063537598,40,1276
-99.92989349365234,-2.700808048248291,37,-103.97398376464844,-2.810107707977295,37,-90.52218627929688,-2.4465456008911133,37,-83.46768951416016,-2.2558834552764893,37,-98.47250366210938,-2.661418914794922,37,-88.52774047851562,-2.392641544342041,37,1277
-82.31584930419922,-2.743861675262451,30,-124.1480712890625,-4.138268947601318,30,-171.24703979492188,-5.708234786987305,30,-253.58770751953125,-5.5127763748168945,46,-136.47259521484375,-4.549086570739746,30,-174.09555053710938,-5.803184986114502,30,1278
-75.6148910522461,-2.1004135608673096,36,-93.6826171875,-2.602294921875,36,-97.67040252685547,-2.713066816329956,36,-94.22313690185547,-2.4795563220977783,38,-88.70159912109375,-2.463933229446411,36,-95.30158996582031,-2.647266387939453,36,1279
-45.20070266723633,-1.7384885549545288,26,-45.965885162353516,-1.7679187059402466,26,-69.5710678100586,-2.6758103370666504,26,-67.749267578125,-1.8310612440109253,37,-55.352317810058594,-2.1289353370666504,26,-70.76907348632812,-2.7218873500823975,26,1280
-92.23045349121094,-2.3057613372802734,40,-89.66117095947266,-2.2415292263031006,40,-63.820804595947266,-1.5955201387405396,40,-67.01234436035156,-1.4257946014404297,47,-91.90196228027344,-2.29754900932312,40,-75.69328308105469,-1.8923320770263672,40,1281
-62.536231994628906,-1.7867494821548462,35,-88.40682983398438,-2.525909423828125,35,-82.72979736328125,-2.36370849609375,35,-100.17662811279297,-2.177752733230591,46,-102.93009185791016,-2.940859794616699,35,-106.02340698242188,-3.029240131378174,35,1282
-106.37283325195312,-4.0912628173828125,26,-56.2449951171875,-2.16326904296875,26,-62.207611083984375,-2.3926005363464355,26,-81.880859375,-2.274468421936035,36,-73.99369812011719,-2.8459115028381348,26,-78.38165283203125,-3.014678955078125,26,1283
-120.81723022460938,-2.4656577110290527,49,-111.73535919189453,-2.280313491821289,49,-137.54263305664062,-2.806992530822754,49,-74.62071990966797,-2.1947269439697266,34,-132.80535888671875,-2.710313558578491,49,-138.61666870117188,-2.828911542892456,49,1284
-80.11788177490234,-2.054304599761963,39,-90.07494354248047,-2.3096139430999756,39,-67.77220153808594,-1.7377487421035767,39,-57.05836868286133,-1.5849547386169434,36,-89.95413208007812,-2.306516170501709,39,-83.5349349975586,-2.1419215202331543,39,1285
-109.97091674804688,-2.443798065185547,45,-123.662109375,-2.748046875,45,-111.50259399414062,-2.4778354167938232,45,-72.47799682617188,-1.9588648080825806,37,-123.84259033203125,-2.7520575523376465,45,-111.110595703125,-2.4691243171691895,45,1286
-35.827308654785156,-0.7961624264717102,45,-63.828330993652344,-1.4184073209762573,45,-67.24298858642578,-1.494288682937622,45,-54.53040313720703,-1.1360501050949097,48,-88.88902282714844,-1.9753116369247437,45,-84.52146911621094,-1.8782548904418945,45,1287
-91.01703643798828,-3.500655174255371,26,-120.3744125366211,-4.629785060882568,26,-159.29344177246094,-6.126670837402344,26,-283.70489501953125,-6.036274433135986,47,-113.83154296875,-4.378136157989502,26,-168.91372680664062,-6.4966816902160645,26,1288
-44.606422424316406,-1.0137823820114136,44,-58.65106964111328,-1.3329788446426392,44,-52.893104553222656,-1.2021160125732422,44,-44.118865966796875,-1.0260201692581177,43,-72.4962158203125,-1.6476413011550903,44,-63.505767822265625,-1.4433128833770752,44,1289
-93.87235260009766,-3.1290783882141113,30,-75.23280334472656,-2.5077600479125977,30,-66.646240234375,-2.221541404724121,30,-54.612510681152344,-2.1004812717437744,26,-80.92411804199219,-2.6974706649780273,30,-65.24156951904297,-2.1747190952301025,30,1290
-117.08163452148438,-3.443577527999878,34,-110.7417221069336,-3.2571094036102295,34,-104.76910400390625,-3.081444263458252,34,-140.82876586914062,-2.996356725692749,47,-108.99929809570312,-3.205861806869507,34,-97.06421661376953,-2.854829788208008,34,1291
-69.24031066894531,-2.098191261291504,33,-88.40469360351562,-2.6789300441741943,33,-86.79414367675781,-2.6301255226135254,33,-74.25536346435547,-2.18398118019104,34,-77.82938385009766,-2.358466148376465,33,-90.02037048339844,-2.7278900146484375,33,1292
-56.15449523925781,-1.811435341835022,31,-59.151763916015625,-1.9081214666366577,31,-63.759925842285156,-2.056771755218506,31,-35.38834762573242,-1.4745144844055176,24,-51.498600006103516,-1.6612451076507568,31,-62.151512145996094,-2.004887580871582,31,1293
-77.40048217773438,-1.6826192140579224,46,-106.2890625,-2.31063175201416,46,-109.02569580078125,-2.370123863220215,46,-61.989356994628906,-1.9996566772460938,31,-96.57408142089844,-2.0994365215301514,46,-120.07687377929688,-2.6103668212890625,46,1294
-109.21025848388672,-2.374135971069336,46,-99.53160095214844,-2.1637303829193115,46,-110.71443176269531,-2.4068355560302734,46,-36.40380096435547,-1.2553035020828247,29,-123.69332122802734,-2.6889853477478027,46,-112.703369140625,-2.4500732421875,46,1295
-41.1322135925293,-0.9348230361938477,44,-88.94894409179688,-2.021566867828369,44,-91.1773910522461,-2.0722134113311768,44,-61.87845993041992,-1.9960793256759644,31,-82.29288482666016,-1.8702927827835083,44,-94.2076644897461,-2.141083240509033,44,1296
-79.67774963378906,-2.5702500343322754,31,-96.761962890625,-3.1213536262512207,31,-72.44535064697266,-2.336946725845337,31,-75.99481201171875,-2.4514455795288086,31,-90.19512939453125,-2.909520387649536,31,-74.67523956298828,-2.408878803253174,31,1297
-23.624004364013672,-0.694823682308197,34,-63.32286834716797,-1.8624372482299805,34,-74.60824584960938,-2.1943602561950684,34,-28.895723342895508,-1.6997483968734741,17,-62.70945739746094,-1.8443957567214966,34,-78.92985534667969,-2.3214664459228516,34,1298
-72.3460693359375,-2.494692087173462,29,-83.42955017089844,-2.8768811225891113,29,-95.00814819335938,-3.2761430740356445,29,-127.79615783691406,-2.411248207092285,53,-79.69770812988281,-2.748196840286255,29,-87.0795669555664,-3.002743721008301,29,1299
-93.93101501464844,-2.23645281791687,42,-78.67205810546875,-1.873144268989563,42,-107.61170959472656,-2.5621836185455322,42,-42.18653106689453,-1.622558832168579,26,-96.21302795410156,-2.2907862663269043,42,-90.6588134765625,-2.158543109893799,42,1300
-82.70820617675781,-1.837960124015808,45,-222.54156494140625,-4.94536828994751,45,-257.9267578125,-5.731705665588379,45,-281.5146179199219,-5.864887714385986,48,-215.77993774414062,-4.795109748840332,45,-255.4315185546875,-5.67625617980957,45,1301
-98.0578384399414,-3.3813047409057617,29,-80.1427230834961,-2.7635421752929688,29,-84.82630157470703,-2.9250447750091553,29,-89.42267608642578,-2.4168291091918945,37,-86.18598937988281,-2.971930742263794,29,-86.33545684814453,-2.9770846366882324,29,1302
-40.18849182128906,-1.0304741859436035,39,-71.15719604492188,-1.8245434761047363,39,-55.26103973388672,-1.41694974899292,39,-51.156524658203125,-1.2477201223373413,41,-70.84823608398438,-1.8166214227676392,39,-63.58460235595703,-1.6303744316101074,39,1303
-76.44294738769531,-2.123415231704712,36,-105.69114685058594,-2.9358651638031006,36,-89.52206420898438,-2.4867238998413086,36,-102.89765930175781,-2.3929688930511475,43,-102.64295959472656,-2.851193428039551,36,-101.48239135742188,-2.818955421447754,36,1304
-31.14281463623047,-0.8650782108306885,36,-83.96693420410156,-2.3324148654937744,36,-66.26571655273438,-1.8407143354415894,36,-55.45950698852539,-1.2604433298110962,44,-88.88142395019531,-2.468928337097168,36,-52.57109832763672,-1.460308313369751,36,1305
-91.03099822998047,-2.5286388397216797,36,-100.7998275756836,-2.799995183944702,36,-104.28094482421875,-2.896692991256714,36,-63.43486785888672,-2.265531063079834,28,-105.08039855957031,-2.9189000129699707,36,-105.26300811767578,-2.9239723682403564,36,1306
-62.56169891357422,-1.5640424489974976,40,-84.65589904785156,-2.1163973808288574,40,-85.20928955078125,-2.130232334136963,40,-80.61166381835938,-1.8746898174285889,43,-90.05899810791016,-2.2514748573303223,40,-90.18258666992188,-2.2545647621154785,40,1307
-86.76278686523438,-2.0657806396484375,42,-110.979248046875,-2.6423630714416504,42,-105.31906127929688,-2.507596731185913,42,-95.40895080566406,-3.0777080059051514,31,-121.9386215209961,-2.9033005237579346,42,-120.54035949707031,-2.8700084686279297,42,1308
-113.29615783691406,-3.4332168102264404,33,-102.41172790527344,-3.1033856868743896,33,-73.84073638916016,-2.237598180770874,33,-63.56640625,-1.6728001832962036,38,-94.78380584716797,-2.872236490249634,33,-65.58279418945312,-1.9873573780059814,33,1309
-104.80158996582031,-2.9111552238464355,36,-89.55731201171875,-2.4877030849456787,36,-90.44310760498047,-2.5123085975646973,36,-65.58182525634766,-2.1155426502227783,31,-88.23175048828125,-2.4508819580078125,36,-86.6648941040039,-2.407358169555664,36,1310
-107.37471008300781,-3.1580796241760254,34,-169.24972534179688,-4.977932929992676,34,-195.53256225585938,-5.750957489013672,34,-261.53497314453125,-5.564573764801025,47,-172.99249267578125,-5.088014602661133,34,-206.03152465820312,-6.059750556945801,34,1311
-98.92259979248047,-2.300525665283203,43,-128.60752868652344,-2.990872859954834,43,-124.75418853759766,-2.9012601375579834,43,-101.22529602050781,-3.374176502227783,30,-116.93466186523438,-2.7194106578826904,43,-109.7339859008789,-2.551953077316284,43,1312
-48.963836669921875,-1.6321278810501099,30,-79.86798095703125,-2.6622660160064697,30,-87.63206481933594,-2.9210689067840576,30,-88.9879150390625,-1.8539148569107056,48,-89.28018188476562,-2.976006031036377,30,-85.88113403320312,-2.8627045154571533,30,1313
-63.42985534667969,-1.4095523357391357,45,-116.76283264160156,-2.5947296619415283,45,-86.45135498046875,-1.921141266822815,45,-63.69746398925781,-1.8734548091888428,34,-102.74300384521484,-2.2831778526306152,45,-94.8311538696289,-2.107358932495117,45,1314
-37.991275787353516,-0.7598255276679993,50,-71.34391021728516,-1.4268782138824463,50,-54.81288528442383,-1.0962576866149902,50,-46.03977584838867,-0.9027407169342041,51,-89.97357940673828,-1.7994716167449951,50,-70.22654724121094,-1.4045310020446777,50,1315
-92.88209533691406,-2.322052478790283,40,-135.1996307373047,-3.379990816116333,40,-113.02313232421875,-2.825578212738037,40,-79.51588439941406,-2.741927146911621,29,-133.86404418945312,-3.3466010093688965,40,-119.62722778320312,-2.990680694580078,40,1316
-87.12596130371094,-2.420165538787842,36,-86.21283721923828,-2.394801139831543,36,-66.41822814941406,-1.844950795173645,36,-75.40570831298828,-1.7953740358352661,42,-95.17948913574219,-2.6438746452331543,36,-73.98258972167969,-2.0550718307495117,36,1317
-55.64640808105469,-1.7950453758239746,31,-75.73481750488281,-2.443058729171753,31,-73.83012390136719,-2.3816168308258057,31,-79.5866470336914,-1.8949201107025146,42,-72.82499694824219,-2.3491933345794678,31,-70.59825134277344,-2.2773630619049072,31,1318
-101.90519714355469,-3.287264347076416,31,-99.04730224609375,-3.1950743198394775,31,-105.37162780761719,-3.3990848064422607,31,-76.7082290649414,-3.3351404666900635,23,-109.888671875,-3.5447957515716553,31,-104.14405822753906,-3.3594858646392822,31,1319
-60.40102005004883,-1.4046748876571655,43,-100.60943603515625,-2.339754343032837,43,-102.47518920898438,-2.383143901824951,43,-84.51319122314453,-2.1128296852111816,40,-116.14083099365234,-2.7009496688842773,43,-112.84248352050781,-2.62424373626709,43,1320
-51.99168395996094,-1.1302540302276611,46,-92.33645629882812,-2.0073142051696777,46,-94.09237670898438,-2.0454864501953125,46,-38.56236267089844,-1.285412073135376,30,-111.86129760742188,-2.431767225265503,46,-107.91783905029297,-2.3460400104522705,46,1321
-104.59402465820312,-3.3740007877349854,31,-73.9317855834961,-2.3848962783813477,31,-84.94844055175781,-2.740272283554077,31,-75.51437377929688,-2.6039438247680664,29,-82.623291015625,-2.6652674674987793,31,-80.89411926269531,-2.609487771987915,31,1322
-104.23790740966797,-3.257434606552124,32,-119.42193603515625,-3.731935501098633,32,-116.14073181152344,-3.6293978691101074,32,-87.28852844238281,-1.8975766897201538,46,-113.42304992675781,-3.5444703102111816,32,-115.57328796386719,-3.6116652488708496,32,1323
-85.86631774902344,-2.2596399784088135,38,-97.0807113647461,-2.554755449295044,38,-102.78363037109375,-2.7048323154449463,38,-66.70616149902344,-2.5656216144561768,26,-107.00743103027344,-2.8159849643707275,38,-115.24174499511719,-3.032677412033081,38,1324
-52.92904281616211,-1.9603348970413208,27,-59.75162887573242,-2.2130231857299805,27,-65.46194458007812,-2.424516439437866,27,-57.022220611572266,-1.7279460430145264,33,-58.25368118286133,-2.157543659210205,27,-66.7566146850586,-2.4724671840667725,27,1325
-64.50287628173828,-2.2242372035980225,29,-52.38432312011719,-1.8063559532165527,29,-60.59894561767578,-2.0896189212799072,29,-70.40776062011719,-1.852835774421692,38,-60.885711669921875,-2.0995073318481445,29,-71.24108123779297,-2.4565889835357666,29,1326
-79.75947570800781,-3.0676722526550293,26,-85.55811309814453,-3.290696620941162,26,-70.41519165039062,-2.7082765102386475,26,-60.12660217285156,-1.8220182657241821,33,-94.88819122314453,-3.649545907974243,26,-75.92384338378906,-2.9201478958129883,26,1327
-89.8367919921875,-2.364126205444336,38,-108.99222564697266,-2.8682165145874023,38,-108.16719818115234,-2.8465051651000977,38,-113.28955078125,-2.8322386741638184,40,-138.95846557617188,-3.656801700592041,38,-141.1339111328125,-3.71405029296875,38,1328
-58.806121826171875,-1.8969717025756836,31,-81.5394287109375,-2.6303040981292725,31,-94.67636108398438,-3.0540761947631836,31,-133.32005310058594,-3.4184629917144775,39,-89.0487289428711,-2.872539758682251,31,-94.38278198242188,-3.0446059703826904,31,1329
-92.19364929199219,-2.3639397621154785,39,-120.89189147949219,-3.099792003631592,39,-116.851806640625,-2.9962000846862793,39,-112.3145751953125,-4.319791316986084,26,-125.20690155029297,-3.2104334831237793,39,-123.61355590820312,-3.1695783138275146,39,1330
-79.47563171386719,-2.1479899883270264,37,-100.715576171875,-2.7220425605773926,37,-78.62875366210938,-2.1251015663146973,37,-82.65362548828125,-2.233881711959839,37,-133.30093383789062,-3.6027278900146484,37,-109.76713562011719,-2.966679334640503,37,1331
-79.98426818847656,-2.104849100112915,38,-121.46359252929688,-3.1964104175567627,38,-119.38123321533203,-3.141611337661743,38,-64.00269317626953,-3.0477473735809326,21,-117.1324691772461,-3.0824334621429443,38,-113.98526000976562,-2.9996120929718018,38,1332
-89.92645263671875,-2.4304447174072266,37,-106.34487915039062,-2.8741860389709473,37,-82.3035888671875,-2.224421262741089,37,-109.16470336914062,-2.373145818710327,46,-110.71315002441406,-2.9922473430633545,37,-86.23963928222656,-2.330801010131836,37,1333
-49.7298469543457,-1.0810836553573608,46,-106.07868194580078,-2.306058406829834,46,-111.6900634765625,-2.4280447959899902,46,-99.93534851074219,-2.775981903076172,36,-100.7354736328125,-2.18990159034729,46,-91.22500610351562,-1.9831522703170776,46,1334
-94.24082946777344,-2.4800217151641846,38,-128.55911254882812,-3.383134603500366,38,-92.956298828125,-2.446218490600586,38,-16.151058197021484,-0.9500622749328613,17,-120.30899047851562,-3.1660261154174805,38,-111.98511505126953,-2.946976661682129,38,1335
-40.52449035644531,-1.0664339065551758,38,-104.67324829101562,-2.754559278488159,38,-86.98773193359375,-2.2891509532928467,38,-59.90431213378906,-2.3040120601654053,26,-118.33732604980469,-3.114140272140503,38,-109.51719665527344,-2.8820314407348633,38,1336
-115.11518859863281,-2.349289655685425,49,-150.216796875,-3.0656490325927734,49,-172.0938262939453,-3.5121188163757324,49,-151.86256408691406,-3.3013601303100586,46,-149.35516357421875,-3.0480644702911377,49,-177.50274658203125,-3.622504949569702,49,1337
-95.46810913085938,-2.6518919467926025,36,-122.37344360351562,-3.3992624282836914,36,-102.83065795898438,-2.8564071655273438,36,-89.53518676757812,-2.7979745864868164,32,-135.38351440429688,-3.760653257369995,36,-121.89012145996094,-3.385836601257324,36,1338
-99.97824096679688,-2.7771732807159424,36,-98.26319885253906,-2.7295331954956055,36,-73.93854522705078,-2.0538485050201416,36,-50.70838928222656,-1.58463716506958,32,-100.3553695678711,-2.787649154663086,36,-83.96078491210938,-2.3322439193725586,36,1339
-76.0445327758789,-2.7158761024475098,28,-80.14155578613281,-2.8621983528137207,28,-65.9965591430664,-2.3570199012756348,28,-64.61664581298828,-2.5846657752990723,25,-91.99347686767578,-3.2854812145233154,28,-84.41195678710938,-3.0147128105163574,28,1340
-60.20033264160156,-1.3681893348693848,44,-118.96040344238281,-2.7036454677581787,44,-100.97621154785156,-2.2949140071868896,44,-80.110595703125,-2.42759370803833,33,-140.504638671875,-3.1932871341705322,44,-137.50656127929688,-3.1251490116119385,44,1341
-96.44490814208984,-2.3523149490356445,41,-109.35559844970703,-2.6672096252441406,41,-109.47118377685547,-2.6700289249420166,41,-112.03880310058594,-2.489751100540161,45,-131.04359436035156,-3.1961851119995117,41,-121.944580078125,-2.9742579460144043,41,1342
-93.2421646118164,-2.027003526687622,46,-104.26748657226562,-2.2666845321655273,46,-93.80363464355469,-2.0392093658447266,46,-40.51667785644531,-1.266146183013916,32,-118.3487548828125,-2.57279896736145,46,-112.50712585449219,-2.4458069801330566,46,1343
-60.633209228515625,-1.5956107378005981,38,-61.96714782714844,-1.6307144165039062,38,-68.27146911621094,-1.7966176271438599,38,-68.78897857666016,-1.8102363348007202,38,-73.45176696777344,-1.932941198348999,38,-74.4862060546875,-1.9601633548736572,38,1344
-122.16326141357422,-2.776437759399414,44,-127.50227355957031,-2.8977789878845215,44,-122.6967544555664,-2.788562536239624,44,-98.96553039550781,-2.9107508659362793,34,-117.62901306152344,-2.673386573791504,44,-116.70355224609375,-2.652353525161743,44,1345
-65.9556884765625,-1.9986572265625,33,-121.79956817626953,-3.6908960342407227,33,-88.37007904052734,-2.6778812408447266,33,-77.41947937011719,-2.4974026679992676,31,-111.62763977050781,-3.3826558589935303,33,-82.62486267089844,-2.503783702850342,33,1346
-91.27178192138672,-1.8626893758773804,49,-106.83360290527344,-2.1802775859832764,49,-111.29562377929688,-2.271339178085327,49,-94.1141357421875,-2.2408127784729004,42,-109.85995483398438,-2.242039918899536,49,-119.07586669921875,-2.430119752883911,49,1347
-79.9945068359375,-2.3527796268463135,34,-90.47434997558594,-2.661010265350342,34,-76.38814544677734,-2.2467100620269775,34,-67.76190185546875,-2.4200680255889893,28,-90.09487915039062,-2.6498494148254395,34,-77.445068359375,-2.2777960300445557,34,1348
-62.42524719238281,-1.950788974761963,32,-80.11845397949219,-2.503701686859131,32,-65.06156921386719,-2.0331740379333496,32,-71.57316589355469,-1.9881434440612793,36,-71.68798828125,-2.2402496337890625,32,-65.46066284179688,-2.0456457138061523,32,1349
-81.34101867675781,-2.8048627376556396,29,-117.66680908203125,-4.057476043701172,29,-74.25965118408203,-2.5606775283813477,29,-86.84424591064453,-2.5542426109313965,34,-107.78543090820312,-3.7167389392852783,29,-70.9552993774414,-2.4467344284057617,29,1350
-107.29515838623047,-2.823556900024414,38,-110.9280776977539,-2.9191598892211914,38,-104.54206085205078,-2.7511069774627686,38,-127.22813415527344,-2.958793878555298,43,-103.81314086914062,-2.7319247722625732,38,-104.05782318115234,-2.738363742828369,38,1351
-69.75060272216797,-1.5163174867630005,46,-119.68904876708984,-2.601935863494873,46,-110.73226928710938,-2.4072232246398926,46,-105.77572631835938,-2.5798957347869873,41,-130.44461059570312,-2.835752487182617,46,-122.62496948242188,-2.6657602787017822,46,1352
-64.92082977294922,-1.4113223552703857,46,-104.85174560546875,-2.279385805130005,46,-110.44180297851562,-2.4009087085723877,46,-118.94270324707031,-2.9010415077209473,41,-110.6093521118164,-2.4045510292053223,46,-116.33975219726562,-2.5291249752044678,46,1353
-72.17965698242188,-2.4059884548187256,30,-88.50105285644531,-2.9500350952148438,30,-76.0300064086914,-2.5343334674835205,30,-92.4623031616211,-2.37082839012146,39,-112.5357666015625,-3.751192331314087,30,-90.65380859375,-3.0217936038970947,30,1354
-58.95563888549805,-2.0329530239105225,29,-99.62126159667969,-3.435215950012207,29,-68.90609741210938,-2.376072406768799,29,-67.52604675292969,-2.1101889610290527,32,-93.69640350341797,-3.230910539627075,29,-69.68484497070312,-2.402925729751587,29,1355
-153.52340698242188,-3.4116313457489014,45,-155.51388549804688,-3.455864191055298,45,-102.27413177490234,-2.2727584838867188,45,-91.16963958740234,-2.170705795288086,42,-139.89125061035156,-3.108694553375244,45,-101.6331558227539,-2.258514642715454,45,1356
-113.0403823852539,-4.186680793762207,27,-104.84516906738281,-3.8831543922424316,27,-82.18385314941406,-3.043846368789673,27,-85.4065933227539,-2.6689560413360596,32,-102.65774536132812,-3.8021388053894043,27,-74.47809600830078,-2.7584478855133057,27,1357
-104.86779022216797,-3.4955930709838867,30,-122.73146057128906,-4.091048717498779,30,-113.05175018310547,-3.7683916091918945,30,-121.36247253417969,-3.5694844722747803,34,-127.2156982421875,-4.240523338317871,30,-119.84568786621094,-3.994856357574463,30,1358
-80.43396759033203,-2.0108492374420166,40,-109.86951446533203,-2.7467379570007324,40,-107.88499450683594,-2.69712495803833,40,-87.32736206054688,-2.72898006439209,32,-99.53132629394531,-2.488283157348633,40,-103.53760528564453,-2.588440179824829,40,1359
-95.79032897949219,-2.280722141265869,42,-113.73863220214844,-2.7080626487731934,42,-119.12752532958984,-2.836369752883911,42,-75.97795104980469,-2.5325982570648193,30,-119.94163513183594,-2.855753183364868,42,-109.75247192382812,-2.613154172897339,42,1360
-79.70588684082031,-1.6605392694473267,48,-122.67755889892578,-2.5557825565338135,48,-121.3892593383789,-2.528942823410034,48,-107.93849182128906,-2.510197401046753,43,-128.50286865234375,-2.677143096923828,48,-114.27091217041016,-2.3806440830230713,48,1361
-76.46757507324219,-1.9607070684432983,39,-84.10958099365234,-2.15665602684021,39,-61.61994552612305,-1.5799986124038696,39,-49.94755172729492,-1.4270728826522827,35,-78.32997131347656,-2.008460760116577,39,-64.85264587402344,-1.6628884077072144,39,1362
-74.80816650390625,-2.137376070022583,35,-67.0450439453125,-1.9155726432800293,35,-85.0531005859375,-2.430088520050049,35,-84.7701644897461,-2.2307937145233154,38,-76.0750961303711,-2.173574209213257,35,-82.84456634521484,-2.366987705230713,35,1363
-131.04852294921875,-2.8488810062408447,46,-137.72332763671875,-2.993985414505005,46,-128.93582153320312,-2.802952527999878,46,-56.969139099121094,-2.1099681854248047,27,-142.50668334960938,-3.0979714393615723,46,-125.34675598144531,-2.7249295711517334,46,1364
-122.12265014648438,-2.907682180404663,42,-57.779510498046875,-1.3757026195526123,42,-45.68586730957031,-1.0877587795257568,42,-66.27330017089844,-1.2994765043258667,51,-69.23957824707031,-1.6485613584518433,42,-54.524131774902344,-1.2981935739517212,42,1365
-61.447425842285156,-1.6170375347137451,38,-66.47373962402344,-1.7493089437484741,38,-65.24278259277344,-1.7169153690338135,38,-55.604434967041016,-1.588698148727417,35,-71.16935729980469,-1.872877836227417,38,-71.57261657714844,-1.883489966392517,38,1366
-75.92510986328125,-2.3007609844207764,33,-92.97020721435547,-2.817279100418091,33,-85.72071838378906,-2.597597599029541,33,-69.74061584472656,-2.490736246109009,28,-88.00624084472656,-2.666855812072754,33,-83.46440124511719,-2.529224395751953,33,1367
-82.70980834960938,-1.8379957675933838,45,-113.4404296875,-2.5208983421325684,45,-121.73973846435547,-2.7053275108337402,45,-71.7712631225586,-2.242851972579956,32,-113.87224578857422,-2.530494451522827,45,-119.70745086669922,-2.660165548324585,45,1368
-72.54812622070312,-2.501659631729126,29,-106.232177734375,-3.6631784439086914,29,-99.89128112792969,-3.4445269107818604,29,-101.72334289550781,-2.749279499053955,37,-97.26654052734375,-3.3540186882019043,29,-87.04503631591797,-3.0015530586242676,29,1369
-62.90348434448242,-1.747318983078003,36,-90.67666625976562,-2.51879620552063,36,-89.8485336303711,-2.4957926273345947,36,-90.7518539428711,-2.1105082035064697,43,-77.77816772460938,-2.1605045795440674,36,-71.43562316894531,-1.9843229055404663,36,1370
-77.43159484863281,-2.1508777141571045,36,-77.77726745605469,-2.1604795455932617,36,-80.45259094238281,-2.2347941398620605,36,-54.65276336669922,-1.7629923820495605,31,-81.73660278320312,-2.270461082458496,36,-89.84735107421875,-2.4957597255706787,36,1371
-86.68991088867188,-1.8845633268356323,46,-93.49755859375,-2.03255558013916,46,-85.08424377441406,-1.849657416343689,46,-75.85079193115234,-1.9448920488357544,39,-91.67528533935547,-1.9929410219192505,46,-89.00261688232422,-1.9348394870758057,46,1372
-66.19361114501953,-2.282538414001465,29,-87.79417419433594,-3.0273852348327637,29,-84.75642395019531,-2.922635316848755,29,-87.77627563476562,-3.2509732246398926,27,-90.11896514892578,-3.107550621032715,29,-83.84857177734375,-2.8913300037384033,29,1373
-94.82205200195312,-1.663544774055481,57,-121.8659439086914,-2.1379990577697754,57,-108.5450439453125,-1.904299020767212,57,-52.02311706542969,-1.3339260816574097,39,-125.58171081542969,-2.203187942504883,57,-119.05816650390625,-2.0887398719787598,57,1374
-94.04937744140625,-3.4833102226257324,27,-82.64891052246094,-3.061070680618286,27,-52.07863235473633,-1.9288382530212402,27,-56.09567642211914,-2.0034170150756836,28,-105.34243774414062,-3.901571750640869,27,-61.10246658325195,-2.263054370880127,27,1375
-70.45443725585938,-2.6094236373901367,27,-83.04056549072266,-3.0755765438079834,27,-88.99844360351562,-3.296238660812378,27,-53.759376525878906,-2.3373641967773438,23,-76.62591552734375,-2.8379969596862793,27,-77.3534927368164,-2.8649442195892334,27,1376
-105.98342895507812,-2.2079880237579346,48,-137.8980712890625,-2.8728764057159424,48,-119.93359375,-2.4986164569854736,48,-93.02242279052734,-3.445274829864502,27,-138.96392822265625,-2.8950817584991455,48,-118.10906982421875,-2.4606056213378906,48,1377
-66.11447143554688,-2.1327250003814697,31,-98.9513168334961,-3.1919779777526855,31,-89.99262237548828,-2.9029877185821533,31,-114.43965148925781,-2.5431034564971924,45,-84.62832641601562,-2.7299458980560303,31,-79.03948974609375,-2.5496609210968018,31,1378
-91.40481567382812,-2.0773820877075195,44,-107.34307861328125,-2.439615488052368,44,-118.18194580078125,-2.685953378677368,44,-110.90925598144531,-2.84382700920105,39,-118.85335540771484,-2.7012126445770264,44,-128.38314819335938,-2.9177987575531006,44,1379
-63.589820861816406,-2.1927523612976074,29,-79.83596801757812,-2.752964496612549,29,-61.61681365966797,-2.1247177124023438,29,-51.91114807128906,-1.5267984867095947,34,-81.86783599853516,-2.823028802871704,29,-62.46595764160156,-2.153998613357544,29,1380
-85.50660705566406,-2.850220203399658,30,-104.87120819091797,-3.4957070350646973,30,-104.66065979003906,-3.4886887073516846,30,-53.752994537353516,-2.9862775802612305,18,-108.5801773071289,-3.6193392276763916,30,-106.34504699707031,-3.544834852218628,30,1381
-65.68181610107422,-2.0525567531585693,32,-67.9087905883789,-2.122149705886841,32,-64.61976623535156,-2.0193676948547363,32,-56.65536117553711,-2.0234057903289795,28,-85.92237854003906,-2.6850743293762207,32,-72.45174407958984,-2.2641170024871826,32,1382
-111.12461853027344,-2.415752649307251,46,-150.5166015625,-3.2720999717712402,46,-140.31640625,-3.05035662651062,46,-64.89545440673828,-2.23777437210083,29,-140.55596923828125,-3.0555646419525146,46,-118.09800720214844,-2.567348003387451,46,1383
-81.17425537109375,-2.0813910961151123,39,-102.81942749023438,-2.6363956928253174,39,-80.24174499511719,-2.057480573654175,39,-84.3827133178711,-2.1636593341827393,39,-104.23750305175781,-2.6727564334869385,39,-86.94864654541016,-2.22945237159729,39,1384
-148.46290588378906,-2.9110374450683594,51,-144.97915649414062,-2.842728614807129,51,-119.93724060058594,-2.351710557937622,51,-60.239349365234375,-2.077219009399414,29,-158.87350463867188,-3.115166664123535,51,-133.4217529296875,-2.61611270904541,51,1385
-122.97669219970703,-2.794924736022949,44,-131.65847778320312,-2.9922380447387695,44,-109.08955383300781,-2.4793081283569336,44,-55.61153030395508,-1.5889009237289429,35,-129.7831268310547,-2.9496164321899414,44,-95.13203430175781,-2.1620917320251465,44,1386
-59.13469314575195,-1.739255666732788,34,-87.83074951171875,-2.5832574367523193,34,-88.18711853027344,-2.5937387943267822,34,-89.02252197265625,-2.4060142040252686,37,-83.00721740722656,-2.4413888454437256,34,-91.5654296875,-2.693100929260254,34,1387
-125.82061767578125,-3.2261695861816406,39,-111.7384033203125,-2.8650872707366943,39,-88.46212768554688,-2.2682597637176514,39,-76.68855285644531,-2.191101551055908,35,-113.95855712890625,-2.9220142364501953,39,-91.15292358398438,-2.337254524230957,39,1388
-115.45492553710938,-2.9603826999664307,39,-126.66206359863281,-3.2477452754974365,39,-162.00267028808594,-4.153914451599121,39,-108.40663146972656,-4.169486045837402,26,-146.8466033935547,-3.7652974128723145,39,-183.33612060546875,-4.700926303863525,39,1389
-81.009765625,-2.53155517578125,32,-127.35708618164062,-3.9799089431762695,32,-110.03950500488281,-3.438734531402588,32,-115.16063690185547,-2.5591251850128174,45,-130.72438049316406,-4.085136890411377,32,-112.73538208007812,-3.5229806900024414,32,1390
-121.36146545410156,-3.2800395488739014,37,-151.29515075683594,-4.089057922363281,37,-148.02493286132812,-4.000673770904541,37,-161.504638671875,-3.9391374588012695,41,-144.37875366210938,-3.9021284580230713,37,-139.82940673828125,-3.7791731357574463,37,1391
-18.01343536376953,-0.5003731846809387,36,-105.43924713134766,-2.928868055343628,36,-104.33732604980469,-2.898259162902832,36,-68.93482971191406,-2.651339530944824,26,-113.05406188964844,-3.140390634536743,36,-110.69535064697266,-3.0748708248138428,36,1392
-69.99884033203125,-1.7499710321426392,40,-117.14236450195312,-2.9285590648651123,40,-109.03851318359375,-2.7259628772735596,40,-105.66644287109375,-2.8558497428894043,37,-132.7330322265625,-3.3183257579803467,40,-129.83480834960938,-3.2458701133728027,40,1393
-55.78217315673828,-1.5076262950897217,37,-104.82009887695312,-2.8329756259918213,37,-100.1680908203125,-2.7072455883026123,37,-99.79789733886719,-1.9568215608596802,51,-114.98893737792969,-3.107809066772461,37,-112.06187438964844,-3.0286993980407715,37,1394
-65.31401062011719,-1.8142781257629395,36,-97.92694854736328,-2.7201929092407227,36,-72.20512390136719,-2.0056979656219482,36,-63.420501708984375,-1.8653088808059692,34,-120.10806274414062,-3.3363351821899414,36,-110.68080139160156,-3.0744667053222656,36,1395
-95.12608337402344,-2.717888116836548,35,-71.79400634765625,-2.051257371902466,35,-82.22207641601562,-2.3492021560668945,35,-71.63921356201172,-2.238725423812866,32,-93.56507110595703,-2.6732876300811768,35,-105.55595397949219,-3.0158843994140625,35,1396
-79.22232818603516,-2.330068588256836,34,-93.34612274169922,-2.745474100112915,34,-80.04655456542969,-2.3543105125427246,34,-70.9803237915039,-1.5773404836654663,45,-114.85297393798828,-3.378028631210327,34,-99.62215423583984,-2.930063247680664,34,1397
-83.91830444335938,-2.4681854248046875,34,-82.66189575195312,-2.431232213973999,34,-72.76945495605469,-2.1402781009674072,34,-63.22178268432617,-1.9756807088851929,32,-98.8072738647461,-2.9060962200164795,34,-90.6627426147461,-2.666551351547241,34,1398
-81.98529052734375,-2.2158186435699463,37,-81.18577575683594,-2.1942100524902344,37,-79.48225402832031,-2.1481690406799316,37,-62.691810607910156,-1.4926621913909912,42,-89.9230728149414,-2.4303534030914307,37,-95.18978881835938,-2.5726969242095947,37,1399
-73.35527038574219,-2.095864772796631,35,-99.93032836914062,-2.855152130126953,35,-75.93973541259766,-2.1697068214416504,35,-70.12809753417969,-2.2621967792510986,31,-133.9055938720703,-3.825874090194702,35,-125.97079467773438,-3.599165678024292,35,1400
-27.90160369873047,-0.9300534725189209,30,-56.86503601074219,-1.8955012559890747,30,-41.85498809814453,-1.395166277885437,30,-35.498199462890625,-1.1451032161712646,31,-71.61163330078125,-2.387054443359375,30,-55.12175750732422,-1.837391972541809,30,1401
-158.29693603515625,-2.931424856185913,54,-123.5060043334961,-2.2871482372283936,54,-116.70907592773438,-2.1612792015075684,54,-28.16196632385254,-0.9387322068214417,30,-136.95736694335938,-2.536247491836548,54,-113.503173828125,-2.1019105911254883,54,1402
-77.5767593383789,-1.9394190311431885,40,-181.30128479003906,-4.532532215118408,40,-228.1373748779297,-5.703434467315674,40,-259.1107177734375,-5.758016109466553,45,-174.53353881835938,-4.363338470458984,40,-233.94200134277344,-5.848549842834473,40,1403
-73.32217407226562,-1.5939602851867676,46,-105.7933120727539,-2.2998545169830322,46,-112.40653228759766,-2.443620204925537,46,-92.57049560546875,-2.103874921798706,44,-129.84954833984375,-2.8228163719177246,46,-134.61642456054688,-2.9264440536499023,46,1404
-102.56674194335938,-2.7720742225646973,37,-96.04356384277344,-2.5957720279693604,37,-95.57095336914062,-2.582998752593994,37,-59.010353088378906,-2.682288885116577,22,-103.5592269897461,-2.7988979816436768,37,-99.5555419921875,-2.690690279006958,37,1405
-96.14529418945312,-2.0901150703430176,46,-113.25960540771484,-2.462165355682373,46,-104.09657287597656,-2.2629690170288086,46,-97.42300415039062,-2.117891311645508,46,-141.1206817626953,-3.067840814590454,46,-132.0906524658203,-2.8715360164642334,46,1406
-95.737060546875,-2.901123046875,33,-90.56655883789062,-2.744441270828247,33,-83.00477600097656,-2.515296220779419,33,-68.19593048095703,-2.273197650909424,30,-92.05690002441406,-2.7896029949188232,33,-85.4910888671875,-2.590639114379883,33,1407
-96.165283203125,-2.185574531555176,44,-116.6370849609375,-2.6508429050445557,44,-107.09213256835938,-2.4339120388031006,44,-99.25083923339844,-2.4812710285186768,40,-111.43547058105469,-2.5326242446899414,44,-112.17561340332031,-2.549445867538452,44,1408
-151.0547332763672,-3.7763683795928955,40,-115.62294006347656,-2.890573501586914,40,-123.39952087402344,-3.0849881172180176,40,-75.33261108398438,-2.690450429916382,28,-135.36439514160156,-3.3841099739074707,40,-123.91415405273438,-3.097853899002075,40,1409
-64.30821228027344,-2.009631633758545,32,-118.74855041503906,-3.7108922004699707,32,-139.55665588378906,-4.361145496368408,32,-167.10592651367188,-3.632737636566162,46,-116.42185974121094,-3.638183116912842,32,-130.83384704589844,-4.088557720184326,32,1410
-102.16415405273438,-2.619593620300293,39,-112.48542785644531,-2.884241819381714,39,-100.66011047363281,-2.581028461456299,39,-100.26001739501953,-2.6384215354919434,38,-112.83853912353516,-2.8932957649230957,39,-104.78719329833984,-2.6868510246276855,39,1411
-66.81419372558594,-1.9651232957839966,34,-197.9102783203125,-5.820890426635742,34,-221.8954315185547,-6.526336193084717,34,-281.8446044921875,-5.9966936111450195,47,-202.59402465820312,-5.958647727966309,34,-212.8402557373047,-6.260007381439209,34,1412
-48.639808654785156,-1.8707618713378906,26,-86.3506851196289,-3.3211801052093506,26,-89.72229766845703,-3.450857639312744,26,-100.30619812011719,-2.865891456604004,35,-91.09587097167969,-3.5036873817443848,26,-98.63145446777344,-3.793517589569092,26,1413
-112.65563201904297,-2.7476983070373535,41,-110.08181762695312,-2.684922456741333,41,-52.326454162597656,-1.2762550115585327,41,-47.13108825683594,-1.1782772541046143,40,-107.63453674316406,-2.625232696533203,41,-61.67443084716797,-1.5042544603347778,41,1414
-103.42903137207031,-2.795379161834717,37,-78.38346862792969,-2.118472099304199,37,-91.6193618774414,-2.47619891166687,37,-78.28640747070312,-2.060168504714966,38,-87.43022918701172,-2.3629791736602783,37,-75.47108459472656,-2.0397591590881348,37,1415
-77.28324890136719,-1.8849573135375977,41,-102.1478271484375,-2.491410493850708,41,-105.82516479492188,-2.581101655960083,41,-88.02165222167969,-2.316359281539917,38,-111.5809555053711,-2.721486806869507,41,-99.34040832519531,-2.4229366779327393,41,1416
-52.74817657470703,-1.1721817255020142,45,-99.02529907226562,-2.2005622386932373,45,-83.63644409179688,-1.858587622642517,45,-63.612083435058594,-1.5515142679214478,41,-105.77513122558594,-2.3505585193634033,45,-96.39783477783203,-2.142174005508423,45,1417
-73.3364486694336,-2.095327138900757,35,-66.6458969116211,-1.9041684865951538,35,-87.1878433227539,-2.4910812377929688,35,-101.0361328125,-2.4056222438812256,42,-79.63067626953125,-2.2751622200012207,35,-91.31257629394531,-2.608930826187134,35,1418
-90.07827758789062,-1.8766307830810547,48,-136.9544677734375,-2.8532180786132812,48,-126.47593688964844,-2.634915351867676,48,-119.7343521118164,-2.4435582160949707,49,-132.60931396484375,-2.7626941204071045,48,-128.19178771972656,-2.6706621646881104,48,1419
-76.2138671875,-2.721923828125,28,-99.1040267944336,-3.5394294261932373,28,-90.85922241210938,-3.2449722290039062,28,-96.22746276855469,-2.9159836769104004,33,-88.65473937988281,-3.166240692138672,28,-94.79240417480469,-3.3854429721832275,28,1420
-299.5129089355469,-6.511150360107422,46,-203.46815490722656,-4.423220634460449,46,-114.60084533691406,-2.4913227558135986,46,-68.2923355102539,-2.0085980892181396,34,-211.11383056640625,-4.589431285858154,46,-118.30876922607422,-2.571929693222046,46,1421
-97.6937026977539,-2.6403703689575195,37,-114.96986389160156,-3.1072936058044434,37,-140.63307189941406,-3.800893783569336,37,-119.7034683227539,-3.7407333850860596,32,-123.21329498291016,-3.3300890922546387,37,-144.78038024902344,-3.9129831790924072,37,1422
-91.75131225585938,-2.133751392364502,43,-135.38641357421875,-3.1485211849212646,43,-143.00013732910156,-3.325584650039673,43,-72.00393676757812,-2.7693822383880615,26,-140.99122619628906,-3.2788658142089844,43,-135.4898223876953,-3.150926113128662,43,1423
-100.47245788574219,-3.2410471439361572,31,-91.49073791503906,-2.9513142108917236,31,-81.70632934570312,-2.635688066482544,31,-101.25688171386719,-2.301292657852173,44,-87.87850952148438,-2.8347907066345215,31,-92.57666778564453,-2.9863440990448,31,1424
-68.51353454589844,-2.0761678218841553,33,-67.81124877929688,-2.0548863410949707,33,-82.45968627929688,-2.4987783432006836,33,-74.8932876586914,-2.496443033218384,30,-69.38912200927734,-2.102700710296631,33,-86.74795532226562,-2.628726005554199,33,1425
-44.01802444458008,-1.6302971839904785,27,-53.08660125732422,-1.9661704301834106,27,-67.20645904541016,-2.4891281127929688,27,-81.00994873046875,-3.115767240524292,26,-55.92634201049805,-2.0713460445404053,27,-68.8143310546875,-2.5486788749694824,27,1426
-60.66902160644531,-1.784382939338684,34,-56.16446304321289,-1.6518959999084473,34,-64.24996948242188,-1.889704942703247,34,-78.41243743896484,-2.1192550659179688,37,-62.653541564941406,-1.8427512645721436,34,-71.86701202392578,-2.1137356758117676,34,1427
-34.01078414916992,-1.06283700466156,32,-84.66934967041016,-2.6459171772003174,32,-76.95686340332031,-2.4049019813537598,32,-59.84276580810547,-1.2732503414154053,47,-82.71652221679688,-2.5848913192749023,32,-69.22701263427734,-2.163344144821167,32,1428
-102.86196899414062,-2.637486457824707,39,-91.33477783203125,-2.3419172763824463,39,-84.6044692993164,-2.1693453788757324,39,-75.41218566894531,-2.0381672382354736,37,-93.0516357421875,-2.385939359664917,39,-85.94876861572266,-2.2038145065307617,39,1429
-79.61634826660156,-2.5682692527770996,31,-87.72500610351562,-2.829838991165161,31,-80.48139953613281,-2.5961742401123047,31,-87.87737274169922,-2.7461678981781006,32,-90.57254791259766,-2.9216949939727783,31,-88.50392150878906,-2.8549652099609375,31,1430
-76.61973571777344,-2.0163087844848633,38,-101.16587829589844,-2.662260055541992,38,-103.19790649414062,-2.7157344818115234,38,-85.87651824951172,-2.60231876373291,33,-92.88185119628906,-2.4442591667175293,38,-93.0306396484375,-2.4481747150421143,38,1431
-73.03356170654297,-1.8258390426635742,40,-99.95475769042969,-2.498868942260742,40,-92.81558990478516,-2.320389747619629,40,-82.546142578125,-1.8760486841201782,44,-126.35365295410156,-3.158841371536255,40,-116.50918579101562,-2.9127297401428223,40,1432
-57.126953125,-1.632198691368103,35,-74.1016616821289,-2.117190361022949,35,-75.89114379882812,-2.168318510055542,35,-77.85508728027344,-1.946377158164978,40,-87.6646728515625,-2.5047049522399902,35,-93.72607421875,-2.6778879165649414,35,1433
-58.13575744628906,-2.076277017593384,28,-124.27899169921875,-4.438535213470459,28,-115.17943572998047,-4.113551139831543,28,-114.7417984008789,-4.097921371459961,28,-122.88275146484375,-4.388669490814209,28,-125.10684967041016,-4.468101978302002,28,1434
-71.73931121826172,-2.473769426345825,29,-84.26384735107422,-2.9056499004364014,29,-82.28488159179688,-2.837409734725952,29,-77.89176940917969,-2.360356569290161,33,-91.92233276367188,-3.1697356700897217,29,-76.93582916259766,-2.6529595851898193,29,1435
-88.27851867675781,-2.3859059810638428,37,-123.18951416015625,-3.329446315765381,37,-113.24745178222656,-3.060741901397705,37,-118.56562042236328,-3.7051756381988525,32,-119.70945739746094,-3.2353906631469727,37,-109.61516571044922,-2.9625720977783203,37,1436
-36.9980354309082,-0.8408644199371338,44,-64.40263366699219,-1.4636962413787842,44,-64.98939514160156,-1.4770317077636719,44,-8.665874481201172,-0.3094955086708069,28,-79.27693176269531,-1.8017483949661255,44,-72.66792297363281,-1.6515437364578247,44,1437
-99.18446350097656,-2.1103076934814453,47,-174.84088134765625,-3.7200188636779785,47,-169.99343872070312,-3.6168816089630127,47,-150.14495849609375,-3.8498706817626953,39,-177.8729248046875,-3.7845304012298584,47,-174.23046875,-3.70703125,47,1438
-88.91935729980469,-2.2799835205078125,39,-122.05076599121094,-3.129506826400757,39,-132.01341247558594,-3.3849592208862305,39,-122.29696655273438,-3.7059686183929443,33,-121.55230712890625,-3.1167259216308594,39,-140.62802124023438,-3.605846643447876,39,1439
-82.07023620605469,-2.4869768619537354,33,-122.04034423828125,-3.6981923580169678,33,-125.59722900390625,-3.805976629257202,33,-113.70806884765625,-3.790268898010254,30,-128.58673095703125,-3.8965675830841064,33,-129.112548828125,-3.912501573562622,33,1440
-36.90959930419922,-0.997556746006012,37,-75.8323974609375,-2.0495243072509766,37,-91.53254699707031,-2.4738526344299316,37,-61.4380989074707,-1.8617606163024902,33,-73.86528015136719,-1.996358871459961,37,-88.98123168945312,-2.404898166656494,37,1441
-76.89144897460938,-2.8478314876556396,27,-82.3479232788086,-3.0499231815338135,27,-97.83311462402344,-3.623448610305786,27,-133.28948974609375,-3.4176793098449707,39,-67.02915954589844,-2.4825613498687744,27,-86.43588256835938,-3.201328992843628,27,1442
-90.95834350585938,-2.526620626449585,36,-81.91389465332031,-2.275385856628418,36,-74.86404418945312,-2.079556703567505,36,-79.252197265625,-2.141951322555542,37,-84.34877014160156,-2.3430213928222656,36,-90.64292907714844,-2.5178592205047607,36,1443
-64.39541625976562,-1.6098854541778564,40,-112.77839660644531,-2.819459915161133,40,-96.626953125,-2.4156737327575684,40,-71.59527587890625,-2.105743408203125,34,-118.49626922607422,-2.962406635284424,40,-95.80815124511719,-2.3952038288116455,40,1444
-130.085205078125,-3.0252373218536377,43,-119.73771667480469,-2.7845981121063232,43,-107.99468994140625,-2.5115044116973877,43,-61.41350555419922,-1.9191720485687256,32,-114.53523254394531,-2.6636099815368652,43,-108.72473907470703,-2.52848219871521,43,1445
-46.51677703857422,-1.6613134145736694,28,-84.24220275878906,-3.008650064468384,28,-61.761775970458984,-2.205777645111084,28,-50.5853385925293,-1.2970600128173828,39,-76.83363342285156,-2.74405837059021,28,-66.85393524169922,-2.3876404762268066,28,1446
-51.758514404296875,-1.7252838611602783,30,-61.276771545410156,-2.0425591468811035,30,-62.915863037109375,-2.0971953868865967,30,-56.904727935791016,-1.8968242406845093,30,-71.13188171386719,-2.371062755584717,30,-63.32080078125,-2.1106934547424316,30,1447
-95.89103698730469,-3.6881167888641357,26,-80.26750946044922,-3.087211847305298,26,-81.32571411132812,-3.1279120445251465,26,-75.35279083251953,-2.5117597579956055,30,-81.46946716308594,-3.1334409713745117,26,-81.60575103759766,-3.1386828422546387,26,1448
-71.69916534423828,-2.0485475063323975,35,-85.86212158203125,-2.4532034397125244,35,-85.19502258300781,-2.434143543243408,35,-88.73670196533203,-2.862474203109741,31,-96.38885498046875,-2.75396728515625,35,-101.44408416748047,-2.898402452468872,35,1449
-75.81919860839844,-2.369349956512451,32,-89.71612548828125,-2.803628921508789,32,-81.13093566894531,-2.535341739654541,32,-79.02584838867188,-2.3947227001190186,33,-90.31986999511719,-2.822495937347412,32,-90.45829772949219,-2.826821804046631,32,1450
-45.88911056518555,-2.2944555282592773,20,-55.42920684814453,-2.7714602947235107,20,-64.74267578125,-3.237133741378784,20,-88.17947387695312,-2.449429750442505,36,-59.77818298339844,-2.9889092445373535,20,-77.64742279052734,-3.882371187210083,20,1451
-247.88771057128906,-5.764830589294434,43,-161.7618408203125,-3.7619032859802246,43,-84.83021545410156,-1.9727957248687744,43,-58.77961730957031,-1.5468320846557617,38,-181.60308837890625,-4.22332763671875,43,-73.25962829589844,-1.7037123441696167,43,1452
-83.24462127685547,-1.8498804569244385,45,-101.44833374023438,-2.2544074058532715,45,-92.06202697753906,-2.045822858810425,45,-51.91240310668945,-1.6222625970840454,32,-108.34095764160156,-2.4075767993927,45,-96.13906860351562,-2.1364238262176514,45,1453
-52.39478302001953,-2.1831159591674805,24,-47.237159729003906,-1.968214988708496,24,-44.75239562988281,-1.8646831512451172,24,-43.2225341796875,-1.5436619520187378,28,-58.77682113647461,-2.4490342140197754,24,-48.79644012451172,-2.0331850051879883,24,1454
-136.81459045410156,-2.7362918853759766,50,-142.76974487304688,-2.8553948402404785,50,-143.38172912597656,-2.8676345348358154,50,-114.22187805175781,-2.7858994007110596,41,-138.8302459716797,-2.7766048908233643,50,-136.4300079345703,-2.728600263595581,50,1455
-69.3079833984375,-1.5401774644851685,45,-107.15713500976562,-2.381269693374634,45,-92.46793365478516,-2.054842948913574,45,-76.30255889892578,-1.816727638244629,42,-126.17521667480469,-2.803893804550171,45,-102.05525970458984,-2.267894744873047,45,1456
-85.58908081054688,-2.0378353595733643,42,-115.33885192871094,-2.7461631298065186,42,-96.40748596191406,-2.2954163551330566,42,-128.84893798828125,-2.5769786834716797,50,-146.32553100585938,-3.4839413166046143,42,-126.63235473632812,-3.0150561332702637,42,1457
-100.52691650390625,-2.8721976280212402,35,-121.10049438476562,-3.4600141048431396,35,-116.81912231445312,-3.337689161300659,35,-90.51028442382812,-3.935229778289795,23,-120.93627166748047,-3.455322027206421,35,-120.35271453857422,-3.4386489391326904,35,1458
-31.26223373413086,-0.8226903676986694,38,-87.13135528564453,-2.2929303646087646,38,-75.86071014404297,-1.996334433555603,38,-72.97679138183594,-1.7799217700958252,41,-109.07051086425781,-2.870276689529419,38,-108.73995971679688,-2.8615779876708984,38,1459
-96.70437622070312,-3.4537277221679688,28,-96.30575561523438,-3.4394912719726562,28,-95.42945861816406,-3.4081950187683105,28,-93.0960693359375,-2.4498965740203857,38,-120.57762145996094,-4.3063435554504395,28,-102.23191833496094,-3.651139974594116,28,1460
-110.70172119140625,-2.460038185119629,45,-120.85154724121094,-2.6855900287628174,45,-93.22015380859375,-2.071558952331543,45,-72.3045883178711,-2.4932615756988525,29,-133.64422607421875,-2.969871759414673,45,-118.65165710449219,-2.6367034912109375,45,1461
-110.23104858398438,-4.239655494689941,26,-94.23622131347656,-3.6244699954986572,26,-78.71073150634766,-3.0273358821868896,26,-72.4001693725586,-2.7846219539642334,26,-95.10151672363281,-3.6577506065368652,26,-91.95917510986328,-3.536891460418701,26,1462
-52.35795593261719,-1.636186122894287,32,-77.04901123046875,-2.4077816009521484,32,-56.694007873535156,-1.7716877460479736,32,-56.42717742919922,-1.2824358940124512,44,-95.25930786132812,-2.976853370666504,32,-79.51705932617188,-2.484908103942871,32,1463
-114.97564697265625,-2.6738522052764893,43,-118.13034057617188,-2.7472171783447266,43,-94.58012390136719,-2.199537754058838,43,-77.77290344238281,-1.994176983833313,39,-142.28359985351562,-3.3089208602905273,43,-118.31187438964844,-2.751438856124878,43,1464
-66.31861114501953,-1.507241129875183,44,-108.57054138183594,-2.467512369155884,44,-124.8906021118164,-2.8384227752685547,44,-101.17035675048828,-2.6623778343200684,38,-136.91571044921875,-3.1117208003997803,44,-161.71621704101562,-3.675368547439575,44,1465
-121.72416687011719,-3.580122470855713,34,-115.84724426269531,-3.4072718620300293,34,-88.07337951660156,-2.590393543243408,34,-75.84458923339844,-2.4465997219085693,31,-120.68330383300781,-3.549509048461914,34,-97.47360229492188,-2.866870641708374,34,1466
-55.836246490478516,-1.6920074224472046,33,-74.07535552978516,-2.2447078227996826,33,-68.9355239868164,-2.0889551639556885,33,-77.0748519897461,-2.335601568222046,33,-101.45159149169922,-3.0742907524108887,33,-97.57017517089844,-2.956671953201294,33,1467
-82.78931427001953,-1.9711741209030151,42,-151.40957641601562,-3.604990005493164,42,-94.02088928222656,-2.2385926246643066,42,-91.48332214355469,-2.9510748386383057,31,-165.82723999023438,-3.948267698287964,42,-126.09098815917969,-3.002166271209717,42,1468
-146.6868438720703,-4.731833457946777,31,-125.37273406982422,-4.044281959533691,31,-111.32171630859375,-3.5910232067108154,31,-101.25489044189453,-3.3751630783081055,30,-133.08477783203125,-4.293057441711426,31,-114.63443756103516,-3.697885036468506,31,1469
-82.91096496582031,-2.022218704223633,41,-99.88377380371094,-2.436189651489258,41,-91.92864990234375,-2.2421622276306152,41,-96.46208953857422,-2.53847599029541,38,-103.38751983642578,-2.521646738052368,41,-139.9540557861328,-3.413513660430908,41,1470
-51.62849426269531,-1.0984785556793213,47,-114.94853210449219,-2.445713520050049,47,-106.77465057373047,-2.271800994873047,47,-57.51274108886719,-1.8552497625350952,31,-136.7650146484375,-2.9098939895629883,47,-127.24610900878906,-2.707364082336426,47,1471
-79.2559585571289,-2.0856831073760986,38,-108.42878723144531,-2.853389024734497,38,-114.06175231933594,-3.0016250610351562,38,-130.9408721923828,-3.1936798095703125,41,-131.64581298828125,-3.4643635749816895,38,-118.08493041992188,-3.1074981689453125,38,1472
-60.275146484375,-2.078453302383423,29,-86.85916137695312,-2.995143413543701,29,-77.0289306640625,-2.656170129776001,29,-70.34719848632812,-2.069035291671753,34,-82.79193115234375,-2.8548941612243652,29,-73.06098175048828,-2.5193440914154053,29,1473
-55.234107971191406,-1.1751937866210938,47,-66.17761993408203,-1.4080344438552856,47,-84.76329803466797,-1.8034744262695312,47,-50.25025939941406,-1.116672396659851,45,-90.39912414550781,-1.9233856201171875,47,-92.53218078613281,-1.9687697887420654,47,1474
-46.231529235839844,-1.5941907167434692,29,-52.614288330078125,-1.8142857551574707,29,-52.601295471191406,-1.8138377666473389,29,-53.0989990234375,-1.5617352724075317,34,-67.16960144042969,-2.316193103790283,29,-73.82440948486328,-2.5456693172454834,29,1475
-106.17184448242188,-2.869509220123291,37,-95.75823211669922,-2.5880603790283203,37,-74.93692779541016,-2.025322437286377,37,-21.69730567932129,-1.0848653316497803,20,-107.21844482421875,-2.8977959156036377,37,-91.32390594482422,-2.4682135581970215,37,1476
-66.99227142333984,-1.914064884185791,35,-99.84208679199219,-2.852631092071533,35,-84.0456314086914,-2.401303768157959,35,-68.72455596923828,-1.762168049812317,39,-113.77728271484375,-3.250779390335083,35,-111.54605102539062,-3.187030076980591,35,1477
-89.80293273925781,-2.7213010787963867,33,-68.33220672607422,-2.0706729888916016,33,-60.436214447021484,-1.8314003944396973,33,-50.8304328918457,-1.337643027305603,38,-76.75798797607422,-2.3259997367858887,33,-81.46855163574219,-2.4687440395355225,33,1478
-67.60691833496094,-1.6901729106903076,40,-113.20686340332031,-2.830171585083008,40,-80.62956237792969,-2.0157389640808105,40,-112.58653259277344,-1.5422812700271606,73,-124.0843734741211,-3.102109432220459,40,-94.80780029296875,-2.370194911956787,40,1479
-30.37058448791504,-0.8436273336410522,36,-50.36594772338867,-1.3990540504455566,36,-68.34359741210938,-1.8984332084655762,36,-52.120689392089844,-1.2712363004684448,41,-67.5730972290039,-1.8770304918289185,36,-75.02272033691406,-2.0839643478393555,36,1480
-51.720787048339844,-1.124364972114563,46,-84.20592498779297,-1.8305635452270508,46,-93.6416244506836,-2.0356874465942383,46,-26.42854881286621,-0.8809516429901123,30,-90.67391204833984,-1.9711719751358032,46,-94.91339111328125,-2.0633347034454346,46,1481
-98.65242004394531,-2.098987579345703,47,-132.83042907714844,-2.826179265975952,47,-89.002685546875,-1.8936741352081299,47,-74.84200286865234,-1.8710501194000244,40,-136.82737731933594,-2.9112207889556885,47,-95.83768463134766,-2.03909969329834,47,1482
-54.861534118652344,-2.0319087505340576,27,-83.88886260986328,-3.106994867324829,27,-71.81996154785156,-2.659998655319214,27,-79.0901107788086,-2.2597174644470215,35,-90.83206176757812,-3.3641505241394043,27,-66.18655395507812,-2.4513537883758545,27,1483
-117.5015869140625,-2.6111464500427246,45,-128.47549438476562,-2.855010986328125,45,-122.59938049316406,-2.724430561065674,45,-83.89993286132812,-2.9964261054992676,28,-138.1093292236328,-3.069096088409424,45,-119.63150787353516,-2.658478021621704,45,1484
-34.16534423828125,-1.7082672119140625,20,-60.86058807373047,-3.043029308319092,20,-45.5501823425293,-2.2775092124938965,20,-56.80186080932617,-1.7212685346603394,33,-65.17213439941406,-3.2586066722869873,20,-57.83458709716797,-2.8917293548583984,20,1485
-49.70335388183594,-1.461863398551941,34,-104.88909912109375,-3.0849735736846924,34,-106.14781188964844,-3.1219944953918457,34,-131.03680419921875,-3.1199238300323486,42,-113.70245361328125,-3.3441898822784424,34,-123.99407196044922,-3.6468844413757324,34,1486
-117.86721801757812,-3.101768970489502,38,-92.88978576660156,-2.4444680213928223,38,-81.56371307373047,-2.146413564682007,38,-74.03289794921875,-2.056469440460205,36,-88.89665222167969,-2.339385509490967,38,-73.88456726074219,-1.9443306922912598,38,1487
-304.0335693359375,-6.909853935241699,44,-143.26321411132812,-3.2559821605682373,44,-115.66043090820312,-2.6286461353302,44,-89.97145080566406,-2.4316608905792236,37,-153.0433349609375,-3.478257656097412,44,-120.05624389648438,-2.728550910949707,44,1488
-78.08146667480469,-1.8158481121063232,43,-79.38786315917969,-1.8462294340133667,43,-80.09148406982422,-1.8625926971435547,43,-91.5970458984375,-1.99124014377594,46,-80.28791809082031,-1.8671609163284302,43,-85.34683990478516,-1.98481023311615,43,1489
-128.12220764160156,-3.3716371059417725,38,-111.63944244384766,-2.937880039215088,38,-79.1361312866211,-2.0825297832489014,38,-68.63581848144531,-1.9065505266189575,36,-120.87516784667969,-3.1809253692626953,38,-75.20848083496094,-1.979170560836792,38,1490
-114.612548828125,-2.9387834072113037,39,-97.440185546875,-2.4984662532806396,39,-87.91035461425781,-2.2541117668151855,39,-86.03579711914062,-2.4581656455993652,35,-100.10360717773438,-2.5667591094970703,39,-80.70619201660156,-2.069389581680298,39,1491
-52.33422088623047,-1.4144383668899536,37,-93.69160461425781,-2.532205581665039,37,-107.20399475097656,-2.8974051475524902,37,-111.35053253173828,-2.8551418781280518,39,-95.61966705322266,-2.584315299987793,37,-107.79231262207031,-2.9133057594299316,37,1492
-102.12588500976562,-2.8368301391601562,36,-146.09713745117188,-4.058253765106201,36,-130.99917602539062,-3.6388659477233887,36,-136.9017791748047,-3.9114794731140137,35,-166.6407470703125,-4.628909587860107,36,-137.9639129638672,-3.8323309421539307,36,1493
-111.7698974609375,-2.4837756156921387,45,-92.3402328491211,-2.0520052909851074,45,-108.09815979003906,-2.402181386947632,45,-67.27555084228516,-2.1701791286468506,31,-90.39290618896484,-2.0087313652038574,45,-96.59153747558594,-2.1464786529541016,45,1494
-47.56826400756836,-1.5856088399887085,30,-94.280517578125,-3.142683982849121,30,-89.77012634277344,-2.992337465286255,30,-99.63472747802734,-2.8467063903808594,35,-90.341796875,-3.0113933086395264,30,-92.36182403564453,-3.0787274837493896,30,1495
-80.26065063476562,-2.432140827178955,33,-100.00631713867188,-3.030494451522827,33,-82.09066009521484,-2.487595796585083,33,-79.57511901855469,-2.411367177963257,33,-102.31379699707031,-3.1004180908203125,33,-81.9564437866211,-2.4835286140441895,33,1496
-38.50532531738281,-1.1668280363082886,33,-69.0539321899414,-2.092543363571167,33,-68.89857482910156,-2.0878355503082275,33,-59.57422637939453,-1.6101142168045044,37,-83.48929595947266,-2.5299787521362305,33,-70.11571502685547,-2.12471866607666,33,1497
-49.074127197265625,-1.1153210401535034,44,-83.07676696777344,-1.8881083726882935,44,-80.73735046386719,-1.8349398374557495,44,-84.65554809570312,-2.0647695064544678,41,-75.75667572021484,-1.7217426300048828,44,-88.39515686035156,-2.0089807510375977,44,1498
-90.85813903808594,-2.2160520553588867,41,-102.39445495605469,-2.4974257946014404,41,-86.31730651855469,-2.105300188064575,41,-81.25910949707031,-1.8897467851638794,43,-94.5191421508789,-2.305344820022583,41,-81.3352279663086,-1.9837861061096191,41,1499
-142.8324737548828,-3.4837188720703125,41,-105.18343353271484,-2.5654497146606445,41,-94.42512512207031,-2.3030519485473633,41,-109.259765625,-2.3752121925354004,46,-94.07432556152344,-2.2944958209991455,41,-88.61656188964844,-2.16137957572937,41,1500
-52.91961669921875,-1.0799921751022339,49,-178.40196228027344,-3.6408562660217285,49,-168.86398315429688,-3.4462037086486816,49,-131.12681579589844,-4.229897499084473,31,-179.820556640625,-3.669807195663452,49,-166.3440399169922,-3.3947763442993164,49,1501
-99.900146484375,-2.1717422008514404,46,-147.9888458251953,-3.217148780822754,46,-136.3789825439453,-2.9647605419158936,46,-145.16912841796875,-3.4564077854156494,42,-137.8963623046875,-2.9977469444274902,46,-146.38177490234375,-3.1822125911712646,46,1502
-85.6120376586914,-2.25294828414917,38,-107.28564453125,-2.8233063220977783,38,-103.05858612060547,-2.7120680809020996,38,-56.098934173583984,-2.0777382850646973,27,-100.46501159667969,-2.6438159942626953,38,-99.07235717773438,-2.6071672439575195,38,1503
-54.5106201171875,-1.5574462413787842,35,-98.80767059326172,-2.8230762481689453,35,-74.27523803710938,-2.122149705886841,35,-63.775264739990234,-2.2776880264282227,28,-99.22773742675781,-2.835078239440918,35,-80.06939697265625,-2.2876970767974854,35,1504
-74.8843765258789,-1.7414971590042114,43,-86.95502471923828,-2.022209882736206,43,-90.46769714355469,-2.1038999557495117,43,-23.267879486083984,-0.8949184417724609,26,-94.05900573730469,-2.1874186992645264,43,-102.3255615234375,-2.379664182662964,43,1505
-42.671268463134766,-1.2191791534423828,35,-96.47543334960938,-2.7564408779144287,35,-104.67579650878906,-2.990736961364746,35,-82.16362762451172,-2.833228588104248,29,-102.60430908203125,-2.931551694869995,35,-110.51935577392578,-3.157695770263672,35,1506
-61.0245361328125,-1.6493117809295654,37,-116.72317504882812,-3.1546804904937744,37,-113.9856948852539,-3.0806944370269775,37,-108.1496353149414,-3.1808717250823975,34,-111.79835510253906,-3.0215771198272705,37,-111.28279113769531,-3.007642984390259,37,1507
-90.8802261352539,-3.365934371948242,27,-79.85836029052734,-2.957716941833496,27,-65.45913696289062,-2.424412488937378,27,-89.2862319946289,-2.2893905639648438,39,-93.12429809570312,-3.4490480422973633,27,-70.89684295654297,-2.6258089542388916,27,1508
-78.27608489990234,-2.3022377490997314,34,-94.9796142578125,-2.79351806640625,34,-77.42328643798828,-2.2771553993225098,34,-97.58084869384766,-2.1684632301330566,45,-105.92583465576172,-3.1154656410217285,34,-86.19678497314453,-2.5351996421813965,34,1509
-116.14666748046875,-2.7653968334198,42,-132.13482666015625,-3.1460673809051514,42,-158.57366943359375,-3.7755634784698486,42,-178.81118774414062,-3.887199640274048,46,-131.4775848388672,-3.1304187774658203,42,-158.36146545410156,-3.7705111503601074,42,1510
-82.58171844482422,-2.3594777584075928,35,-99.9001235961914,-2.8542892932891846,35,-86.35484313964844,-2.4672813415527344,35,-79.22398376464844,-2.4757494926452637,32,-105.51318359375,-3.014662504196167,35,-85.22102355957031,-2.4348864555358887,35,1511
-49.65785217285156,-1.3793847560882568,36,-103.08592987060547,-2.8634979724884033,36,-95.23458862304688,-2.6454052925109863,36,-119.15738677978516,-2.482445478439331,48,-93.76080322265625,-2.604466676712036,36,-105.74372863769531,-2.9373257160186768,36,1512
-93.75331115722656,-2.5338733196258545,37,-120.62339782714844,-3.260091781616211,37,-121.00475311279297,-3.2703986167907715,37,-105.56118774414062,-3.198823928833008,33,-122.58915710449219,-3.313220500946045,37,-122.3010025024414,-3.3054325580596924,37,1513
-84.33778381347656,-1.8334300518035889,46,-94.10260009765625,-2.045708656311035,46,-102.22834014892578,-2.2223551273345947,46,-68.3108901977539,-2.3555479049682617,29,-91.40876770019531,-1.9871470928192139,46,-107.67021179199219,-2.3406567573547363,46,1514
-77.19572448730469,-2.661921501159668,29,-67.59371948242188,-2.330817937850952,29,-81.37821960449219,-2.806145429611206,29,-84.0494613647461,-2.5469534397125244,33,-75.25209045410156,-2.5948996543884277,29,-81.17100524902344,-2.7990002632141113,29,1515
-52.65627670288086,-1.8157336711883545,29,-79.95962524414062,-2.757228374481201,29,-83.74899291992188,-2.8878962993621826,29,-87.26726531982422,-2.128469944000244,41,-90.26639556884766,-3.1126344203948975,29,-86.36944580078125,-2.9782567024230957,29,1516
-148.82394409179688,-3.3071987628936768,45,-114.41846466064453,-2.542632579803467,45,-116.56840515136719,-2.59040904045105,45,-58.70953369140625,-1.6774152517318726,35,-124.27835845947266,-2.7617413997650146,45,-109.55995178222656,-2.4346656799316406,45,1517
-76.44136810302734,-2.011615037918091,38,-119.70083618164062,-3.150022029876709,38,-131.10137939453125,-3.4500362873077393,38,-129.68145751953125,-3.087653636932373,42,-119.96867370605469,-3.1570703983306885,38,-121.44078063964844,-3.195810079574585,38,1518
-78.96302032470703,-1.836349368095398,43,-90.59056091308594,-2.106757164001465,43,-87.55729675292969,-2.0362162590026855,43,-87.27597045898438,-1.9835448265075684,44,-93.6918716430664,-2.1788806915283203,43,-88.8409194946289,-2.066067934036255,43,1519
-66.3826904296875,-2.0115966796875,33,-78.83171081542969,-2.3888397216796875,33,-76.40924072265625,-2.315431594848633,33,-65.22218322753906,-1.6723636388778687,39,-85.22306060791016,-2.58251690864563,33,-77.31539154052734,-2.342890739440918,33,1520
-69.67243194580078,-1.6993275880813599,41,-90.85374450683594,-2.21594500541687,41,-72.80392456054688,-1.7757054567337036,41,-69.9737548828125,-1.6660417318344116,42,-83.9996337890625,-2.048771619796753,41,-88.47288513183594,-2.1578752994537354,41,1521
-110.11013793945312,-2.6856131553649902,41,-50.11537551879883,-1.2223262786865234,41,-31.725875854492188,-0.773801863193512,41,-20.927631378173828,-0.5231907963752747,40,-72.54902648925781,-1.7694884538650513,41,-75.26438903808594,-1.8357168436050415,41,1522
-67.29077911376953,-2.1706702709198,31,-72.56693267822266,-2.3408687114715576,31,-69.4329833984375,-2.239773750305176,31,-64.66732025146484,-2.4872045516967773,26,-73.85336303710938,-2.38236665725708,31,-72.53675842285156,-2.339895486831665,31,1523
-53.68464660644531,-1.7317627668380737,31,-80.59847259521484,-2.5999507904052734,31,-70.79808807373047,-2.283809185028076,31,-65.10740661621094,-1.9729517698287964,33,-78.07899475097656,-2.518677234649658,31,-77.7684555053711,-2.508659839630127,31,1524
-116.15553283691406,-2.4199068546295166,48,-125.034912109375,-2.604893922805786,48,-108.62495422363281,-2.2630198001861572,48,-59.73344421386719,-1.6144174337387085,37,-123.11045837402344,-2.5648012161254883,48,-112.29852294921875,-2.339552640914917,48,1525
-84.25225830078125,-2.2171647548675537,38,-103.26490783691406,-2.7174975872039795,38,-113.35912322998047,-2.9831347465515137,38,-91.25494384765625,-3.379812717437744,27,-128.99542236328125,-3.3946163654327393,38,-134.76470947265625,-3.5464396476745605,38,1526
-141.3177490234375,-3.8193986415863037,37,-119.88094329833984,-3.240025520324707,37,-108.04924011230469,-2.9202497005462646,37,-93.18154907226562,-3.4511685371398926,27,-113.18319702148438,-3.0590052604675293,37,-109.42029571533203,-2.9573051929473877,37,1527
-95.40922546386719,-2.891188621520996,33,-79.83424377441406,-2.419219493865967,33,-77.38365936279297,-2.344959259033203,33,-60.48011779785156,-2.0855212211608887,29,-98.77391052246094,-2.9931488037109375,33,-68.10870361328125,-2.0638999938964844,33,1528
-85.53422546386719,-3.0547938346862793,28,-112.91915893554688,-4.032826900482178,28,-95.98470306396484,-3.428025007247925,28,-95.812744140625,-3.193758249282837,30,-118.81269836425781,-4.243310451507568,28,-94.44450378417969,-3.3730180263519287,28,1529
-130.80026245117188,-2.97273325920105,44,-142.55355834960938,-3.239853620529175,44,-123.8862075805664,-2.8155956268310547,44,-76.83435821533203,-2.744084119796753,28,-147.42320251464844,-3.350527286529541,44,-117.3470687866211,-2.6669788360595703,44,1530
-93.70843505859375,-2.532660484313965,37,-122.12043762207031,-3.3005523681640625,37,-101.12939453125,-2.733226776123047,37,-122.14767456054688,-2.908277988433838,42,-109.60250091552734,-2.9622297286987305,37,-87.341552734375,-2.3605825901031494,37,1531
-52.56385040283203,-1.877280354499817,28,-78.33019256591797,-2.797506809234619,28,-46.30119323730469,-1.6536140441894531,28,-45.2745246887207,-1.6169472932815552,28,-52.7601318359375,-1.8842904567718506,28,-43.195091247558594,-1.5426818132400513,28,1532
-78.646728515625,-2.711956262588501,29,-73.32061767578125,-2.528297185897827,29,-68.64921569824219,-2.3672144412994385,29,-112.58753967285156,-2.6183149814605713,43,-76.25470733642578,-2.6294727325439453,29,-72.57120513916016,-2.502455234527588,29,1533
-83.53136444091797,-1.670627236366272,50,-112.96382141113281,-2.2592763900756836,50,-87.15521240234375,-1.7431042194366455,50,-45.96501922607422,-1.2422977685928345,37,-108.47335815429688,-2.1694672107696533,50,-97.16571044921875,-1.9433141946792603,50,1534
-101.16885375976562,-2.152528762817383,47,-163.6385498046875,-3.4816713333129883,47,-129.893310546875,-2.7636873722076416,47,-105.31598663330078,-2.8463780879974365,37,-164.857666015625,-3.5076098442077637,47,-140.78306579589844,-2.995384454727173,47,1535
-74.34089660644531,-1.9563393592834473,38,-60.773338317871094,-1.599298357963562,38,-51.32575988769531,-1.3506778478622437,38,-48.65266418457031,-1.2475042343139648,39,-66.0662612915039,-1.7385858297348022,38,-62.87850570678711,-1.6546975374221802,38,1536
-95.74449920654297,-3.5460925102233887,27,-85.64942932128906,-3.172201156616211,27,-71.19940185546875,-2.637014865875244,27,-62.631187438964844,-1.6481891870498657,38,-86.06033325195312,-3.1874196529388428,27,-78.63575744628906,-2.912435531616211,27,1537
-101.82046508789062,-2.8283462524414062,36,-152.37332153320312,-4.2325921058654785,36,-130.23281860351562,-3.6175782680511475,36,-140.62986755371094,-3.605894088745117,39,-160.3768768310547,-4.454913139343262,36,-135.82135009765625,-3.772815227508545,36,1538
-48.97923278808594,-1.749258279800415,28,-53.246849060058594,-1.9016731977462769,28,-48.68399429321289,-1.7387140989303589,28,-23.486074447631836,-0.9785864353179932,24,-54.83788299560547,-1.958495855331421,28,-54.84877014160156,-1.958884596824646,28,1539
-103.73399353027344,-2.803621530532837,37,-108.06005859375,-2.9205422401428223,37,-81.64738464355469,-2.206686019897461,37,-77.71977233886719,-2.1588826179504395,36,-95.41111755371094,-2.578678846359253,37,-102.88896179199219,-2.780782699584961,37,1540
-109.0902099609375,-2.727255344390869,40,-94.72749328613281,-2.368187427520752,40,-91.71892547607422,-2.292973041534424,40,-96.7302017211914,-2.249539613723755,43,-104.24732971191406,-2.6061832904815674,40,-92.85624694824219,-2.321406126022339,40,1541
-52.24280548095703,-2.009338617324829,26,-61.36341857910156,-2.3601315021514893,26,-70.335693359375,-2.705219030380249,26,-91.50125122070312,-2.0795738697052,44,-58.09061050415039,-2.2342543601989746,26,-73.83474731445312,-2.8397979736328125,26,1542
-94.89677429199219,-2.3724193572998047,40,-132.76837158203125,-3.319209337234497,40,-97.8814926147461,-2.4470372200012207,40,-101.18583679199219,-2.662785291671753,38,-123.88140106201172,-3.0970349311828613,40,-110.73291778564453,-2.7683229446411133,40,1543
-20.866905212402344,-0.9072567224502563,23,-77.15768432617188,-3.354681968688965,23,-81.5870361328125,-3.54726243019104,23,-107.27156066894531,-2.494687557220459,43,-57.015899658203125,-2.478952169418335,23,-71.34103393554688,-3.1017839908599854,23,1544
-62.343910217285156,-1.3854202032089233,45,-73.264404296875,-1.6280978918075562,45,-68.176025390625,-1.5150227546691895,45,-53.4808349609375,-1.3044105768203735,41,-86.95970916748047,-1.9324380159378052,45,-82.51260375976562,-1.833613395690918,45,1545
-60.70585632324219,-2.1680662631988525,28,-70.7234115600586,-2.525836229324341,28,-75.94334411621094,-2.7122623920440674,28,-85.1740493774414,-1.9357738494873047,44,-71.20573425292969,-2.5430619716644287,28,-87.17085266113281,-3.1132447719573975,28,1546
-87.47805786132812,-2.9159352779388428,30,-84.44725799560547,-2.814908504486084,30,-78.99868774414062,-2.6332895755767822,30,-79.01520538330078,-2.4692251682281494,32,-81.46931457519531,-2.715643882751465,30,-86.24578857421875,-2.874859571456909,30,1547
-68.53630828857422,-2.447725296020508,28,-93.70541381835938,-3.3466219902038574,28,-101.21688079833984,-3.6148886680603027,28,-96.32012939453125,-2.0493645668029785,47,-107.9487075805664,-3.8553109169006348,28,-86.1364517211914,-3.0763018131256104,28,1548
-91.19126892089844,-2.849727153778076,32,-131.2340850830078,-4.101065158843994,32,-136.24295043945312,-4.25759220123291,32,-139.61953735351562,-3.773500919342041,37,-139.41749572753906,-4.356796741485596,32,-120.035400390625,-3.7511062622070312,32,1549
-101.20162963867188,-3.26456880569458,31,-110.36504364013672,-3.5601627826690674,31,-116.43121337890625,-3.755845546722412,31,-145.83465576171875,-3.556942939758301,41,-123.37353515625,-3.9797914028167725,31,-125.76275634765625,-4.056863307952881,31,1550
-42.288246154785156,-1.566231369972229,27,-68.42726135253906,-2.5343430042266846,27,-88.89059448242188,-3.2922441959381104,27,-75.78610229492188,-3.2950479984283447,23,-84.17807006835938,-3.117706298828125,27,-100.63261413574219,-3.7271337509155273,27,1551
-42.992034912109375,-2.149601697921753,20,-71.17744445800781,-3.5588722229003906,20,-52.430580139160156,-2.6215291023254395,20,-24.818580627441406,-0.49637162685394287,50,-78.15845489501953,-3.9079227447509766,20,-63.660240173339844,-3.183012008666992,20,1552
-82.1058349609375,-2.0526459217071533,40,-127.47576904296875,-3.186894178390503,40,-131.68539428710938,-3.2921347618103027,40,-125.5675048828125,-3.219679594039917,39,-135.63156127929688,-3.390789031982422,40,-146.19793701171875,-3.6549484729766846,40,1553
-121.86663818359375,-2.9015865325927734,42,-111.68640899658203,-2.6592001914978027,42,-111.89466857910156,-2.664158821105957,42,-142.5670166015625,-3.1681559085845947,45,-119.23001098632812,-2.8388097286224365,42,-115.94783020019531,-2.76066255569458,42,1554
-39.67951583862305,-1.8036143779754639,22,-70.07854461669922,-3.1853883266448975,22,-67.92871856689453,-3.0876691341400146,22,-138.4349365234375,-2.825202703475952,49,-74.89915466308594,-3.4045069217681885,22,-74.57424926757812,-3.3897385597229004,22,1555
-53.69658660888672,-1.193257451057434,45,-75.03178405761719,-1.6673729419708252,45,-59.23351287841797,-1.3163002729415894,45,-55.59592056274414,-1.2929283380508423,43,-84.8156509399414,-1.8847922086715698,45,-63.45872497558594,-1.410193920135498,45,1556
-73.74861145019531,-2.048572540283203,36,-114.19747161865234,-3.172152042388916,36,-89.76685333251953,-2.493523597717285,36,-76.95780944824219,-2.332054853439331,33,-118.4401626586914,-3.2900044918060303,36,-99.7147445678711,-2.7698540687561035,36,1557
-81.19074249267578,-2.1943442821502686,37,-47.633487701416016,-1.2873915433883667,37,-48.461631774902344,-1.3097738027572632,37,-37.37481689453125,-0.9343703985214233,40,-78.02742004394531,-2.108849287033081,37,-68.82003021240234,-1.8600008487701416,37,1558
-74.19735717773438,-2.119924545288086,35,-70.89244079589844,-2.025498390197754,35,-69.54953002929688,-1.9871294498443604,35,-73.28648376464844,-1.744916319847107,42,-92.95619201660156,-2.655891180038452,35,-97.64830017089844,-2.7899513244628906,35,1559
-73.76319885253906,-1.6035478115081787,46,-134.20297241210938,-2.9174559116363525,46,-149.75323486328125,-3.255505084991455,46,-121.02430725097656,-3.4578373432159424,35,-127.24119567871094,-2.766113042831421,46,-146.51768493652344,-3.185167074203491,46,1560
-102.73358917236328,-2.7035155296325684,38,-103.71633911132812,-2.729377269744873,38,-90.74826049804688,-2.3881120681762695,38,-81.2490463256836,-2.5390326976776123,32,-115.63668060302734,-3.0430705547332764,38,-109.05372619628906,-2.8698348999023438,38,1561
-49.88257598876953,-1.2470643520355225,40,-108.96351623535156,-2.724087953567505,40,-101.91063690185547,-2.5477659702301025,40,-92.57048034667969,-2.5714023113250732,36,-112.37081909179688,-2.8092703819274902,40,-108.21746063232422,-2.7054364681243896,40,1562
-66.63204193115234,-1.708513855934143,39,-95.47886657714844,-2.448176145553589,39,-82.06035614013672,-2.104111671447754,39,-85.46112823486328,-2.136528253555298,40,-115.97109985351562,-2.9736180305480957,39,-98.87384033203125,-2.535226583480835,39,1563
-62.308082580566406,-1.7307801246643066,36,-103.12783813476562,-2.8646621704101562,36,-98.06378173828125,-2.723994016647339,36,-95.93077087402344,-2.7408790588378906,35,-111.00798034667969,-3.083554983139038,36,-105.20156860351562,-2.9222657680511475,36,1564
-54.159889221191406,-2.256662130355835,24,-72.17166900634766,-3.007152795791626,24,-88.44746398925781,-3.6853110790252686,24,-111.49772644042969,-3.0134520530700684,37,-74.71871185302734,-3.1132795810699463,24,-89.1388931274414,-3.714120626449585,24,1565
-60.17679214477539,-2.1491711139678955,28,-83.25591278076172,-2.9734253883361816,28,-69.15403747558594,-2.469787120819092,28,-64.80009460449219,-2.59200382232666,25,-74.019775390625,-2.6435635089874268,28,-70.5699462890625,-2.520355224609375,28,1566
-102.8160629272461,-2.507708787918091,41,-101.55303192138672,-2.476903200149536,41,-87.80662536621094,-2.141624927520752,41,-91.76270294189453,-2.7806880474090576,33,-113.31526947021484,-2.763787031173706,41,-109.59683227539062,-2.673093557357788,41,1567
-66.90048217773438,-2.5730955600738525,26,-133.10252380371094,-5.119328022003174,26,-148.87657165527344,-5.726021766662598,26,-256.023681640625,-5.818719863891602,44,-145.58901977539062,-5.599577903747559,26,-151.99021911621094,-5.84577751159668,26,1568
-85.38496398925781,-2.6682801246643066,32,-87.12748718261719,-2.722733974456787,32,-73.93450927734375,-2.310453414916992,32,-95.49900817871094,-3.6730387210845947,26,-87.39826965332031,-2.7311959266662598,32,-79.37406921386719,-2.4804396629333496,32,1569
-68.68062591552734,-1.6751371622085571,41,-128.87506103515625,-3.143294095993042,41,-117.78388977050781,-2.8727777004241943,41,-102.55785369873047,-3.204932928085327,32,-141.38597106933594,-3.4484384059906006,41,-142.5554656982422,-3.4769625663757324,41,1570
-91.52774047851562,-2.6919922828674316,34,-100.3714599609375,-2.952101707458496,34,-83.2454833984375,-2.448396682739258,34,-129.5265655517578,-2.7558844089508057,47,-86.78560638427734,-2.552517890930176,34,-91.11972045898438,-2.6799917221069336,34,1571
-119.36888122558594,-4.421069622039795,27,-95.58538818359375,-3.5401995182037354,27,-76.21273040771484,-2.8226938247680664,27,-85.60345458984375,-2.0878891944885254,41,-114.41402435302734,-4.237556457519531,27,-80.51927185058594,-2.9821951389312744,27,1572
-71.07987213134766,-1.8225607872009277,39,-120.7968978881836,-3.0973563194274902,39,-112.47827911376953,-2.8840584754943848,39,-130.9273681640625,-2.909497022628784,45,-110.53457641601562,-2.8342199325561523,39,-106.87252807617188,-2.740321159362793,39,1573
-65.41759490966797,-1.817155361175537,36,-81.78105163574219,-2.271695852279663,36,-59.653045654296875,-1.6570290327072144,36,-54.30695724487305,-1.6456654071807861,33,-89.71273040771484,-2.49202036857605,36,-67.14241027832031,-1.8650670051574707,36,1574
-88.48582458496094,-2.3915088176727295,37,-98.13583374023438,-2.65231990814209,37,-101.16363525390625,-2.734152317047119,37,-81.73729705810547,-2.554290533065796,32,-98.61033630371094,-2.665144205093384,37,-103.03844451904297,-2.784822940826416,37,1575
-46.548316955566406,-1.5516105890274048,30,-63.90937805175781,-2.13031268119812,30,-68.58914184570312,-2.2863047122955322,30,-60.544921875,-2.2424044609069824,27,-70.03004455566406,-2.3343348503112793,30,-74.39410400390625,-2.4798035621643066,30,1576
-78.41638946533203,-1.742586374282837,45,-96.44495391845703,-2.143221139907837,45,-75.51256561279297,-1.6780569553375244,45,-67.71231079101562,-1.934637427330017,35,-115.25338745117188,-2.5611863136291504,45,-92.84844970703125,-2.0632989406585693,45,1577
-42.10795974731445,-1.6843184232711792,25,-57.591156005859375,-2.3036463260650635,25,-55.01708984375,-2.20068359375,25,-60.50037384033203,-2.326937437057495,26,-62.71482467651367,-2.5085930824279785,25,-63.9074592590332,-2.55629825592041,25,1578
-53.95917510986328,-1.92711341381073,28,-79.47201538085938,-2.8382861614227295,28,-79.64802551269531,-2.8445723056793213,28,-74.2671127319336,-2.8564274311065674,26,-101.88613891601562,-3.6387906074523926,28,-99.06648254394531,-3.53808856010437,28,1579
-53.114593505859375,-1.7704864740371704,30,-92.20465087890625,-3.073488473892212,30,-95.05106353759766,-3.1683688163757324,30,-92.40350341796875,-2.8001060485839844,33,-91.18035888671875,-3.0393452644348145,30,-95.22979736328125,-3.1743266582489014,30,1580
-79.88458251953125,-2.1022257804870605,38,-97.04117584228516,-2.553715229034424,38,-86.10150146484375,-2.265829086303711,38,-73.01600646972656,-1.7808781862258911,41,-91.4705810546875,-2.4071204662323,38,-92.18222045898438,-2.4258480072021484,38,1581
-98.27896118164062,-2.6561882495880127,37,-125.97509002685547,-3.4047322273254395,37,-113.44158172607422,-3.065988779067993,37,-66.33549499511719,-2.6534197330474854,25,-127.18315887451172,-3.437382698059082,37,-123.91650390625,-3.3490946292877197,37,1582
-116.3309555053711,-3.6353423595428467,32,-127.08045959472656,-3.971264362335205,32,-103.97966003417969,-3.2493643760681152,32,-102.50679016113281,-2.4406378269195557,42,-125.56939697265625,-3.924043655395508,32,-106.45445251464844,-3.3267016410827637,32,1583
-85.78453826904297,-2.0424890518188477,42,-128.20751953125,-3.0525600910186768,42,-103.3641586303711,-2.4610514640808105,42,-91.17713165283203,-2.3993980884552,38,-142.383544921875,-3.3900845050811768,42,-116.77571868896484,-2.78037428855896,42,1584
-68.77880096435547,-2.2186710834503174,31,-106.84325408935547,-3.446556568145752,31,-99.07252502441406,-3.195887804031372,31,-116.08647155761719,-3.137472152709961,37,-116.35556030273438,-3.7534050941467285,31,-111.81004333496094,-3.6067755222320557,31,1585
-104.4179458618164,-2.3203988075256348,45,-128.529296875,-2.8562066555023193,45,-104.34327697753906,-2.318739414215088,45,-72.95303344726562,-2.3533236980438232,31,-137.66233825683594,-3.0591630935668945,45,-113.39665222167969,-2.519925594329834,45,1586
-182.32186889648438,-4.143678665161133,44,-166.81387329101562,-3.791224479675293,44,-102.58868408203125,-2.3315610885620117,44,-71.83921813964844,-2.7630467414855957,26,-187.0889892578125,-4.2520222663879395,44,-112.84014892578125,-2.5645487308502197,44,1587
-154.04373168945312,-3.5009939670562744,44,-222.49183654785156,-5.0566325187683105,44,-240.31222534179688,-5.461641311645508,44,-279.61761474609375,-5.949310779571533,47,-226.48379516601562,-5.1473588943481445,44,-237.98046875,-5.408647060394287,44,1588
-71.86385345458984,-2.2457454204559326,32,-86.13253784179688,-2.6916418075561523,32,-91.52894592285156,-2.8602795600891113,32,-94.89573669433594,-2.497256278991699,38,-94.64077758789062,-2.957524299621582,32,-87.05859375,-2.7205810546875,32,1589
-68.5184326171875,-1.4274673461914062,48,-154.23587036132812,-3.213247299194336,48,-143.65484619140625,-2.992809295654297,48,-130.7190704345703,-3.5329477787017822,37,-158.0247802734375,-3.2921829223632812,48,-151.0125732421875,-3.1460952758789062,48,1590
-137.6996307373047,-2.8101966381073,49,-190.28277587890625,-3.88332200050354,49,-150.07264709472656,-3.0627071857452393,49,-114.49229431152344,-2.86230731010437,40,-194.7366943359375,-3.9742183685302734,49,-150.4889678955078,-3.0712034702301025,49,1591
-90.83982849121094,-2.390521764755249,38,-125.5029525756836,-3.3027093410491943,38,-123.63423156738281,-3.2535324096679688,38,-120.95735168457031,-3.269117593765259,37,-127.6233901977539,-3.3585102558135986,38,-120.49507904052734,-3.1709232330322266,38,1592
-24.27609634399414,-0.6936027407646179,35,-59.17556381225586,-1.6907304525375366,35,-55.43989944458008,-1.583997130393982,35,-23.334732055664062,-0.5185496211051941,45,-58.530948638916016,-1.67231285572052,35,-56.13994598388672,-1.6039984226226807,35,1593
-95.25303649902344,-3.1751012802124023,30,-99.09538269042969,-3.3031795024871826,30,-115.32907104492188,-3.8443024158477783,30,-98.04041290283203,-2.7233448028564453,36,-97.61003875732422,-3.2536680698394775,30,-103.70742797851562,-3.456914186477661,30,1594
-57.37114715576172,-2.0489695072174072,28,-65.85000610351562,-2.351785898208618,28,-75.41056823730469,-2.69323468208313,28,-79.81865692138672,-2.494333028793335,32,-76.96939086914062,-2.7489068508148193,28,-89.53783416748047,-3.197779893875122,28,1595
-58.59376907348633,-1.3020837306976318,45,-76.97421264648438,-1.7105380296707153,45,-95.47465515136719,-2.12165904045105,45,-88.00538635253906,-2.200134754180908,40,-78.39027404785156,-1.7420060634613037,45,-90.25218200683594,-2.0056040287017822,45,1596
-72.79103088378906,-1.967325210571289,37,-77.47695922851562,-2.0939719676971436,37,-81.56912994384766,-2.204571008682251,37,-76.77008819580078,-1.7060019969940186,45,-64.55139923095703,-1.744632363319397,37,-70.33137512207031,-1.9008480310440063,37,1597
-54.77028274536133,-2.1908113956451416,25,-77.455810546875,-3.0982325077056885,25,-81.0704116821289,-3.24281644821167,25,-102.95101928710938,-3.550035238265991,29,-83.32923126220703,-3.3331692218780518,25,-87.09516906738281,-3.483806848526001,25,1598
-112.0906982421875,-2.6067605018615723,43,-108.88538360595703,-2.5322182178497314,43,-71.27965545654297,-1.6576664447784424,43,-33.102439880371094,-1.0344512462615967,32,-130.94764709472656,-3.0452940464019775,43,-93.71453857421875,-2.179407835006714,43,1599
-44.51887893676758,-2.023585319519043,22,-70.20792388916016,-3.1912691593170166,22,-75.71405029296875,-3.4415476322174072,22,-66.795654296875,-3.036166191101074,22,-72.18926239013672,-3.281330108642578,22,-85.55360412597656,-3.8888001441955566,22,1600
-123.05856323242188,-2.796785593032837,44,-126.86845397949219,-2.883373975753784,44,-108.66959381103516,-2.4697635173797607,44,-31.9625244140625,-1.77569580078125,18,-140.8740234375,-3.2016823291778564,44,-125.55439758300781,-2.853508949279785,44,1601
-122.84815216064453,-2.456963062286377,50,-123.23896026611328,-2.4647791385650635,50,-100.37657928466797,-2.0075316429138184,50,-27.59186553955078,-1.0612256526947021,26,-133.52464294433594,-2.6704928874969482,50,-117.4583740234375,-2.349167585372925,50,1602
-28.855056762695312,-0.9308083057403564,31,-116.78459167480469,-3.767244815826416,31,-103.59164428710938,-3.3416659832000732,31,-128.6622772216797,-3.1381044387817383,41,-117.15190124511719,-3.7790935039520264,31,-103.1180419921875,-3.326388359069824,31,1603
-95.57275390625,-2.583047389984131,37,-144.8865966796875,-3.915853977203369,37,-122.84555053710938,-3.3201498985290527,37,-79.14093017578125,-3.2975387573242188,24,-152.5799560546875,-4.123782634735107,37,-139.72784423828125,-3.77642822265625,37,1604
-88.6241226196289,-1.926611304283142,46,-100.67247772216797,-2.1885321140289307,46,-100.76541137695312,-2.1905524730682373,46,-85.45479583740234,-2.2488105297088623,38,-105.84260559082031,-2.3009262084960938,46,-102.66038513183594,-2.2317473888397217,46,1605
-68.47113800048828,-2.074882984161377,33,-112.20204162597656,-3.400061845779419,33,-103.28057861328125,-3.1297144889831543,33,-32.41669464111328,-1.9068644046783447,17,-107.97245788574219,-3.271892547607422,33,-103.68693542480469,-3.142028331756592,33,1606
-71.86506652832031,-2.2457833290100098,32,-185.84776306152344,-5.807742595672607,32,-185.1211700439453,-5.785036563873291,32,-251.82510375976562,-5.596113204956055,45,-164.3521728515625,-5.136005401611328,32,-180.0199432373047,-5.6256232261657715,32,1607
-90.52659606933594,-1.775031328201294,51,-141.5525360107422,-2.7755398750305176,51,-143.59432983398438,-2.815575122833252,51,-97.10665130615234,-2.6245040893554688,37,-151.305419921875,-2.96677303314209,51,-160.73287963867188,-3.151625156402588,51,1608
-44.50157165527344,-1.1410659551620483,39,-99.11589050292969,-2.541433095932007,39,-121.70104217529297,-3.120539426803589,39,-72.28526306152344,-2.677232027053833,27,-105.9731216430664,-2.717259645462036,39,-124.41126251220703,-3.190032482147217,39,1609
-55.30877685546875,-1.4181737899780273,39,-107.73271942138672,-2.7623775005340576,39,-110.83448028564453,-2.841909646987915,39,-66.77668762207031,-2.3026444911956787,29,-108.30509948730469,-2.7770538330078125,39,-109.55152893066406,-2.809013605117798,39,1610
-125.97179412841797,-2.680250883102417,47,-136.00518798828125,-2.8937273025512695,47,-127.32960510253906,-2.7091405391693115,47,-74.66110229492188,-2.4084227085113525,31,-158.58677673339844,-3.3741867542266846,47,-144.3141632080078,-3.07051420211792,47,1611
-73.0171890258789,-1.9215049743652344,38,-99.15826416015625,-2.6094279289245605,38,-96.88253784179688,-2.5495405197143555,38,-87.10110473632812,-2.488602876663208,35,-120.73429870605469,-3.177218437194824,38,-121.21476745605469,-3.1898622512817383,38,1612
-60.776588439941406,-1.6882386207580566,36,-106.22113037109375,-2.950587034225464,36,-96.07638549804688,-2.668788433074951,36,-60.024139404296875,-2.5010058879852295,24,-113.17920684814453,-3.143866777420044,36,-100.04100036621094,-2.778916597366333,36,1613
-93.50282287597656,-2.4606006145477295,38,-119.67435455322266,-3.149325132369995,38,-93.75475311279297,-2.4672303199768066,38,-73.66777038574219,-2.9467108249664307,25,-133.63108825683594,-3.5166075229644775,38,-102.15122985839844,-2.688190221786499,38,1614
-54.87442398071289,-1.1432172060012817,48,-83.62737274169922,-1.7422369718551636,48,-92.375,-1.9244791269302368,48,-44.081947326660156,-1.102048635482788,40,-93.56101989746094,-1.9491878747940063,48,-94.54692077636719,-1.9697275161743164,48,1615
-63.38318634033203,-1.3485784530639648,47,-89.1915512084961,-1.8976925611495972,47,-106.07855224609375,-2.256990432739258,47,-73.98202514648438,-1.9468953609466553,38,-115.07011413574219,-2.448300361633301,47,-111.93930053710938,-2.3816871643066406,47,1616
-83.80360412597656,-1.9046273231506348,44,-105.48808288574219,-2.397456407546997,44,-101.07778930664062,-2.297222375869751,44,-43.218467712402344,-1.490291953086853,29,-110.6009521484375,-2.513658046722412,44,-105.8653564453125,-2.4060308933258057,44,1617
-33.37548065185547,-1.6687740087509155,20,-59.120689392089844,-2.9560344219207764,20,-66.69525146484375,-3.3347625732421875,20,-62.05479431152344,-2.482191801071167,25,-61.73382568359375,-3.086691379547119,20,-70.91605377197266,-3.545802593231201,20,1618
-89.00061798095703,-2.6176652908325195,34,-90.42810821533203,-2.6596503257751465,34,-126.97801208496094,-3.734647512435913,34,-143.91102600097656,-4.111743450164795,35,-84.65345764160156,-2.489807605743408,34,-124.2629165649414,-3.6547915935516357,34,1619
-67.48098754882812,-2.249366283416748,30,-137.94827270507812,-4.598275661468506,30,-176.31192016601562,-5.877064228057861,30,-262.8756103515625,-6.113386154174805,43,-143.98080444335938,-4.799360275268555,30,-170.42262268066406,-5.6807541847229,30,1620
-33.85137176513672,-1.611970067024231,21,-58.86088562011719,-2.8028993606567383,21,-68.75749206542969,-3.2741663455963135,21,-62.98487854003906,-2.1718924045562744,29,-62.681175231933594,-2.9848179817199707,21,-75.42207336425781,-3.591527223587036,21,1621
-85.6938247680664,-2.448395013809204,35,-120.38253021240234,-3.4395008087158203,35,-86.30580139160156,-2.4658801555633545,35,-74.28907775878906,-2.3964219093322754,31,-124.307861328125,-3.5516531467437744,35,-89.52716064453125,-2.5579187870025635,35,1622
-166.6621856689453,-3.623090982437134,46,-123.20075988769531,-2.6782774925231934,46,-95.4960708618164,-2.0760016441345215,46,-79.11164855957031,-2.028503894805908,39,-124.7276611328125,-2.71147084236145,46,-100.35574340820312,-2.1816465854644775,46,1623
-98.08243560791016,-2.9721949100494385,33,-113.83863830566406,-3.449655771255493,33,-138.22032165527344,-4.188494682312012,33,-203.37075805664062,-4.327037334442139,47,-108.06953430175781,-3.274834394454956,33,-145.05418395996094,-4.395581245422363,33,1624
-55.35995101928711,-2.050368547439575,27,-69.77021026611328,-2.5840818881988525,27,-64.98472595214844,-2.40684175491333,27,-41.75141906738281,-1.8977917432785034,22,-69.67928314208984,-2.580714225769043,27,-64.57329559326172,-2.391603469848633,27,1625
-51.695186614990234,-1.6675866842269897,31,-87.58211517333984,-2.8252294063568115,31,-93.24938201904297,-3.008044481277466,31,-66.53934478759766,-2.5592055320739746,26,-92.76383209228516,-2.9923815727233887,31,-98.25550842285156,-3.169532537460327,31,1626
-110.84292602539062,-2.9957547187805176,37,-65.79424285888672,-1.7782227993011475,37,-68.30682373046875,-1.84613037109375,37,-23.26108169555664,-0.8021062612533569,29,-66.63539123535156,-1.8009564876556396,37,-59.15675354003906,-1.5988311767578125,37,1627
-99.38108825683594,-3.5493245124816895,28,-114.60478210449219,-4.0930280685424805,28,-110.46471405029297,-3.9451682567596436,28,-147.27114868164062,-3.1334288120269775,47,-121.00895690917969,-4.32174825668335,28,-117.24533081054688,-4.187333106994629,28,1628
-69.37174224853516,-2.3921289443969727,29,-76.90130615234375,-2.6517691612243652,29,-64.33230590820312,-2.218355417251587,29,-64.91293334960938,-1.967058539390564,33,-93.24925231933594,-3.215491533279419,29,-73.04141998291016,-2.518669605255127,29,1629
-63.037086486816406,-2.334707021713257,27,-92.05939483642578,-3.409607172012329,27,-83.80450439453125,-3.1038706302642822,27,-101.96870422363281,-2.913391590118408,35,-80.55034637451172,-2.9833462238311768,27,-88.345458984375,-3.2720539569854736,27,1630
-34.500282287597656,-0.9583411812782288,36,-96.27391052246094,-2.6742753982543945,36,-114.07402801513672,-3.1687231063842773,36,-116.3505859375,-3.1446104049682617,37,-107.06785583496094,-2.974107027053833,36,-109.19844818115234,-3.033290147781372,36,1631
-101.23854064941406,-2.1540114879608154,47,-114.06767272949219,-2.426971673965454,47,-99.21310424804688,-2.110917091369629,47,-85.3494873046875,-2.188448429107666,39,-117.84719848632812,-2.507387161254883,47,-87.94099426269531,-1.8710849285125732,47,1632
-106.57801055908203,-2.2203752994537354,48,-84.58546447753906,-1.7621971368789673,48,-89.86378479003906,-1.8721622228622437,48,-19.062707901000977,-0.7331810593605042,26,-99.06828308105469,-2.063922643661499,48,-97.03813171386719,-2.02162766456604,48,1633
-70.69551849365234,-1.8604084253311157,38,-80.33052062988281,-2.1139609813690186,38,-62.85050582885742,-1.6539607048034668,38,-65.61056518554688,-1.98819899559021,33,-69.2454833984375,-1.8222495317459106,38,-55.22782897949219,-1.4533638954162598,38,1634
-99.20916748046875,-3.006338357925415,33,-114.94830322265625,-3.4832818508148193,33,-97.68264770507812,-2.960080146789551,33,-97.09307098388672,-2.489565849304199,39,-119.54541778564453,-3.6225883960723877,33,-96.98274993896484,-2.938871145248413,33,1635
-115.680908203125,-3.6150283813476562,32,-81.72705078125,-2.5539703369140625,32,-79.01223754882812,-2.469132423400879,32,-74.39302062988281,-1.957711100578308,38,-88.07945251464844,-2.7524828910827637,32,-73.8829116821289,-2.3088409900665283,32,1636
-73.57440185546875,-1.9884973764419556,37,-125.29011535644531,-3.3862192630767822,37,-131.32742309570312,-3.5493898391723633,37,-110.54434204101562,-3.4545106887817383,32,-121.35749816894531,-3.2799324989318848,37,-138.18634033203125,-3.7347660064697266,37,1637
-117.69989776611328,-2.615553379058838,45,-186.85711669921875,-4.152380466461182,45,-170.1056365966797,-3.780125141143799,45,-138.1885986328125,-3.4547150135040283,40,-193.97454833984375,-4.310545444488525,45,-183.85733032226562,-4.085718631744385,45,1638
-102.02123260498047,-2.2671384811401367,45,-126.75164794921875,-2.8167033195495605,45,-115.18753051757812,-2.559722900390625,45,-67.5917739868164,-2.253059148788452,30,-132.59765625,-2.9466145038604736,45,-118.46730041503906,-2.6326067447662354,45,1639
-96.78913879394531,-2.8467392921447754,34,-115.79632568359375,-3.4057743549346924,34,-92.03999328613281,-2.7070586681365967,34,-101.93989562988281,-3.185621738433838,32,-122.44131469726562,-3.601215124130249,34,-93.9248046875,-2.7624943256378174,34,1640
-106.26117706298828,-2.1252236366271973,50,-124.80831909179688,-2.496166467666626,50,-140.09835815429688,-2.801967144012451,50,-71.13416290283203,-2.222942590713501,32,-125.7490234375,-2.5149805545806885,50,-135.14352416992188,-2.7028703689575195,50,1641
-124.36618041992188,-2.8922367095947266,43,-120.0955581665039,-2.792919874191284,43,-116.42456817626953,-2.707548141479492,43,-91.16771697998047,-2.8489911556243896,32,-134.38795471191406,-3.1253013610839844,43,-120.74048614501953,-2.8079183101654053,43,1642
-122.64643096923828,-2.787418842315674,44,-108.72953796386719,-2.471125841140747,44,-84.9188232421875,-1.9299732446670532,44,-26.486534118652344,-0.9809827208518982,27,-127.06773376464844,-2.8879029750823975,44,-106.21310424804688,-2.4139342308044434,44,1643
-77.18760681152344,-1.8826245069503784,41,-111.32691955566406,-2.7152907848358154,41,-113.08121490478516,-2.7580783367156982,41,-113.22833251953125,-2.3107821941375732,49,-117.4652099609375,-2.8650050163269043,41,-100.52658081054688,-2.4518678188323975,41,1644
-80.29837799072266,-1.824963092803955,44,-132.19631958007812,-3.0044617652893066,44,-139.53958129882812,-3.171354055404663,44,-92.01470947265625,-2.875459671020508,32,-126.12026977539062,-2.8663697242736816,44,-143.08065795898438,-3.251833200454712,44,1645
-82.5939712524414,-1.8771357536315918,44,-171.9849090576172,-3.908747911453247,44,-170.19944763183594,-3.8681693077087402,44,-187.4402618408203,-4.0747880935668945,46,-151.7620849609375,-3.4491384029388428,44,-164.23614501953125,-3.7326395511627197,44,1646
-62.398780822753906,-2.311065912246704,27,-110.32789611816406,-4.086218357086182,27,-82.10326385498047,-3.0408616065979004,27,-87.41441345214844,-1.8598811626434326,47,-104.17955780029297,-3.858502149581909,27,-88.72018432617188,-3.285932779312134,27,1647
-79.86312866210938,-1.857282042503357,43,-129.59291076660156,-3.0137887001037598,43,-91.5528793334961,-2.129136800765991,43,-84.47669982910156,-2.111917495727539,40,-130.93475341796875,-3.044994354248047,43,-102.11023712158203,-2.3746566772460938,43,1648
-62.199275970458984,-1.5948532819747925,39,-83.75039672851562,-2.1474461555480957,39,-81.03797912597656,-2.0778968334198,39,-77.0045394897461,-1.8334413766860962,42,-85.27806091308594,-2.186616897583008,39,-89.5499496459961,-2.2961525917053223,39,1649
-47.26754379272461,-1.8907017707824707,25,-66.33770751953125,-2.653508186340332,25,-74.96382141113281,-2.9985527992248535,25,-114.62388610839844,-3.09794282913208,37,-66.68567657470703,-2.6674270629882812,25,-75.81059265136719,-3.032423734664917,25,1650
-64.19546508789062,-2.213636636734009,29,-73.14884948730469,-2.522374153137207,29,-62.42029571533203,-2.1524240970611572,29,-67.69073486328125,-1.8294793367385864,37,-76.84259796142578,-2.649744749069214,29,-68.071533203125,-2.347294330596924,29,1651
-83.60813903808594,-3.215697765350342,26,-93.5596923828125,-3.59844970703125,26,-87.92447662353516,-3.3817105293273926,26,-83.94422912597656,-2.398406505584717,35,-81.4044189453125,-3.130939245223999,26,-76.6036605834961,-2.9462945461273193,26,1652
-109.08964538574219,-3.4090514183044434,32,-128.6938018798828,-4.021681308746338,32,-111.63756561279297,-3.4886739253997803,32,-110.58834075927734,-2.8355984687805176,39,-116.39945983886719,-3.6374831199645996,32,-100.58319854736328,-3.1432249546051025,32,1653
-68.38374328613281,-2.532731294631958,27,-107.60693359375,-3.9854419231414795,27,-88.17344665527344,-3.265683174133301,27,-95.81825256347656,-3.992427110671997,24,-102.69993591308594,-3.803701400756836,27,-93.75189208984375,-3.472292184829712,27,1654
-95.27141571044922,-2.442856788635254,39,-117.7501449584961,-3.0192344188690186,39,-109.52904510498047,-2.8084371089935303,39,-121.91248321533203,-2.973475217819214,41,-124.63652801513672,-3.1958084106445312,39,-117.29838562011719,-3.007650852203369,39,1655
-105.36261749267578,-2.7016055583953857,39,-97.92631530761719,-2.5109312534332275,39,-111.9764404296875,-2.8711907863616943,39,-134.72238159179688,-2.866433620452881,47,-108.74070739746094,-2.7882232666015625,39,-105.9394302368164,-2.716395616531372,39,1656
-98.96076965332031,-2.9106109142303467,34,-76.24351501464844,-2.2424564361572266,34,-69.13629150390625,-2.0334203243255615,34,-54.63698196411133,-1.8212326765060425,30,-82.73371887207031,-2.433344602584839,34,-68.95219421386719,-2.028005599975586,34,1657
-50.35673522949219,-1.481080412864685,34,-91.31422424316406,-2.6857125759124756,34,-77.01988220214844,-2.2652907371520996,34,-21.052461624145508,-1.1695811748504639,18,-96.95150756835938,-2.8515148162841797,34,-75.6681900024414,-2.2255349159240723,34,1658
-133.3271484375,-3.418644905090332,39,-117.90151977539062,-3.023115873336792,39,-88.73426055908203,-2.275237560272217,39,-96.49563598632812,-2.412390947341919,40,-112.44755554199219,-2.883270740509033,39,-104.36934661865234,-2.6761372089385986,39,1659
-134.75921630859375,-1.6844902038574219,80,-209.8214569091797,-2.6227681636810303,80,-216.7977294921875,-2.7099716663360596,80,-39.34717559814453,-2.1859540939331055,18,-231.17330932617188,-2.8896663188934326,80,-215.34226989746094,-2.6917784214019775,80,1660
-65.23387908935547,-1.6308469772338867,40,-86.54179382324219,-2.1635448932647705,40,-88.32185363769531,-2.2080464363098145,40,-46.831085205078125,-1.6148650646209717,29,-126.53704833984375,-3.163426160812378,40,-122.4195785522461,-3.0604894161224365,40,1661
-59.441253662109375,-1.6983215808868408,35,-72.98190307617188,-2.0851972103118896,35,-78.01838684082031,-2.2290966510772705,35,-75.68282318115234,-1.8459224700927734,41,-85.38633728027344,-2.4396095275878906,35,-92.5016860961914,-2.6429052352905273,35,1662
-93.49472045898438,-3.015958786010742,31,-100.77220153808594,-3.250716209411621,31,-107.31332397460938,-3.4617202281951904,31,-80.9375,-2.890625,28,-98.76611328125,-3.1860036849975586,31,-101.57755279541016,-3.2766952514648438,31,1663
-119.86614990234375,-3.866650104522705,31,-69.69979858398438,-2.248380661010742,31,-70.26023864746094,-2.2664592266082764,31,-68.08013916015625,-2.2693378925323486,30,-98.3077392578125,-3.171217441558838,31,-84.45636749267578,-2.7243988513946533,31,1664
-107.39260864257812,-3.8354504108428955,28,-89.42915344238281,-3.1938984394073486,28,-87.46240234375,-3.1236572265625,28,-73.3995132446289,-1.7476074695587158,42,-93.68663024902344,-3.3459510803222656,28,-91.83995056152344,-3.279998302459717,28,1665
-63.8582649230957,-1.8245218992233276,35,-73.23330688476562,-2.0923802852630615,35,-63.59137725830078,-1.8168964385986328,35,-48.30410385131836,-1.7251465320587158,28,-81.37530517578125,-2.3250086307525635,35,-85.16127014160156,-2.4331791400909424,35,1666
-91.63298797607422,-2.476567268371582,37,-80.02894592285156,-2.1629445552825928,37,-89.46119689941406,-2.417870283126831,37,-90.21405029296875,-2.7337591648101807,33,-103.53936004638672,-2.79836106300354,37,-101.54331970214844,-2.7444140911102295,37,1667
-93.99874877929688,-2.848446846008301,33,-84.7424087524414,-2.5679516792297363,33,-95.0119400024414,-2.8791496753692627,33,-49.959808349609375,-2.497990369796753,20,-88.48394775390625,-2.6813316345214844,33,-98.2275390625,-2.9765920639038086,33,1668
-51.12948989868164,-1.7043163776397705,30,-55.51180648803711,-1.850393533706665,30,-60.143348693847656,-2.0047783851623535,30,-56.5852165222168,-1.768288016319275,32,-80.85931396484375,-2.695310354232788,30,-84.095703125,-2.803189992904663,30,1669
-69.47412872314453,-1.7368532419204712,40,-90.846923828125,-2.2711730003356934,40,-75.78947448730469,-1.894736886024475,40,-23.242603302001953,-0.8608371615409851,27,-113.22815704345703,-2.8307039737701416,40,-89.78857421875,-2.2447142601013184,40,1670
-69.17158508300781,-1.6871118545532227,41,-135.21392822265625,-3.297900676727295,41,-120.20355987548828,-2.9317941665649414,41,-154.3571319580078,-2.2699577808380127,68,-151.5127716064453,-3.6954333782196045,41,-124.60856628417969,-3.0392332077026367,41,1671
-78.93479919433594,-2.0239691734313965,39,-139.90444946289062,-3.5872936248779297,39,-130.3040313720703,-3.3411290645599365,39,-140.25286865234375,-3.4208016395568848,41,-141.20240783691406,-3.620574474334717,39,-130.61891174316406,-3.349202871322632,39,1672
-84.90464782714844,-2.358462333679199,36,-85.29139709472656,-2.3692054748535156,36,-87.0493392944336,-2.418037176132202,36,-105.62091827392578,-3.017740488052368,35,-93.27737426757812,-2.591038227081299,36,-93.84225463867188,-2.60672926902771,36,1673
-40.70579147338867,-1.6282316446304321,25,-68.41461944580078,-2.7365846633911133,25,-70.83387756347656,-2.833355188369751,25,-79.01492309570312,-2.4692163467407227,32,-73.50262451171875,-2.9401049613952637,25,-84.9075698852539,-3.3963027000427246,25,1674
-113.19955444335938,-2.3583240509033203,48,-216.2925567626953,-4.506094932556152,48,-249.17547607421875,-5.191155910491943,48,-286.044921875,-6.218368053436279,46,-196.30477905273438,-4.0896830558776855,48,-226.81817626953125,-4.725378513336182,48,1675
-83.51714324951172,-1.7769604921340942,47,-126.0423355102539,-2.6817517280578613,47,-139.253173828125,-2.9628334045410156,47,-52.874732971191406,-2.2031137943267822,24,-140.20281982421875,-2.9830386638641357,47,-147.00460815429688,-3.1277575492858887,47,1676
-83.60968780517578,-1.9907068014144897,42,-88.01898193359375,-2.0956900119781494,42,-99.64714050292969,-2.3725509643554688,42,-67.9447021484375,-2.3429207801818848,29,-80.96035766601562,-1.9276275634765625,42,-89.54295349121094,-2.1319751739501953,42,1677
-84.22830963134766,-2.2764408588409424,37,-113.33180236816406,-3.063021659851074,37,-110.21084594726562,-2.9786715507507324,37,-82.57365417480469,-2.847367286682129,29,-116.30033111572266,-3.14325213432312,37,-102.99713897705078,-2.7837064266204834,37,1678
-115.73661041259766,-3.404017925262451,34,-101.29818725585938,-2.979358434677124,34,-73.76602172851562,-2.169588804244995,34,-72.21829223632812,-2.0633797645568848,35,-113.2645263671875,-3.3313095569610596,34,-84.01763153076172,-2.471106767654419,34,1679
-62.73473358154297,-2.851578712463379,22,-57.654815673828125,-2.620673418045044,22,-60.63252258300781,-2.756023645401001,22,-73.35910034179688,-2.366422653198242,31,-64.3638916015625,-2.925631523132324,22,-55.609222412109375,-2.5276918411254883,22,1680
-60.995445251464844,-2.1784088611602783,28,-70.50316619873047,-2.517970323562622,28,-62.277164459228516,-2.224184513092041,28,-50.70864486694336,-1.58464515209198,32,-65.7364501953125,-2.3477303981781006,28,-51.50791931152344,-1.8395684957504272,28,1681
-43.96363830566406,-2.4424242973327637,18,-63.361244201660156,-3.520069122314453,18,-61.89302062988281,-3.4385011196136475,18,-78.2509765625,-1.956274390220642,40,-51.78099822998047,-2.8767220973968506,18,-58.19508743286133,-3.233060359954834,18,1682
-58.2927131652832,-1.9430904388427734,30,-117.18293762207031,-3.906097888946533,30,-189.74844360351562,-6.324948310852051,30,-287.16473388671875,-6.109888076782227,47,-116.60295104980469,-3.8867650032043457,30,-193.34805297851562,-6.444935321807861,30,1683
-47.67241668701172,-1.402129888534546,34,-95.63835144042969,-2.8128926753997803,34,-113.05934143066406,-3.325274705886841,34,-99.39544677734375,-3.3131816387176514,30,-97.60832214355469,-2.870832920074463,34,-114.32095336914062,-3.3623809814453125,34,1684
-114.8876953125,-2.945838451385498,39,-119.8510971069336,-3.0731050968170166,39,-112.28834533691406,-2.879188299179077,39,-109.38838195800781,-2.4308528900146484,45,-119.73506164550781,-3.070129871368408,39,-119.92708587646484,-3.0750534534454346,39,1685
-55.78246307373047,-2.0660171508789062,27,-84.51153564453125,-3.130056858062744,27,-79.92947387695312,-2.96035099029541,27,-70.30416870117188,-1.9001126289367676,37,-68.86672973632812,-2.550619602203369,27,-62.713375091552734,-2.3227176666259766,27,1686
-87.08262634277344,-1.8142213821411133,48,-268.71832275390625,-5.5982985496521,48,-308.99395751953125,-6.437374114990234,48,-300.81634521484375,-6.400347709655762,47,-249.5999755859375,-5.1999993324279785,48,-302.9822692871094,-6.312130451202393,48,1687
-81.33634948730469,-2.623753309249878,31,-106.8365478515625,-3.446340322494507,31,-87.22090148925781,-2.81357741355896,31,-89.48358917236328,-2.556674003601074,35,-128.08670043945312,-4.131829261779785,31,-90.68797302246094,-2.9254183769226074,31,1688
-92.7586441040039,-2.157177686691284,43,-105.35951232910156,-2.450221300125122,43,-106.64718627929688,-2.4801671504974365,43,-69.79217529296875,-2.1810054779052734,32,-112.19237518310547,-2.6091248989105225,43,-104.27195739746094,-2.424929141998291,43,1689
-54.54473876953125,-1.8181579113006592,30,-67.42813110351562,-2.2476043701171875,30,-85.6043701171875,-2.8534789085388184,30,-76.62648010253906,-2.838017702102661,27,-76.60025024414062,-2.5533416271209717,30,-88.42646026611328,-2.9475486278533936,30,1690
-63.074951171875,-2.522998094558716,25,-83.96489715576172,-3.358595848083496,25,-78.60000610351562,-3.144000291824341,25,-106.78823852539062,-2.1357648372650146,50,-85.76339721679688,-3.4305357933044434,25,-78.95132446289062,-3.158052921295166,25,1691
-80.09941101074219,-1.8627769947052002,43,-134.27696228027344,-3.1227200031280518,43,-123.99037170410156,-2.8834969997406006,43,-81.8795166015625,-2.6412746906280518,31,-137.7200927734375,-3.2027928829193115,43,-125.70376586914062,-2.9233434200286865,43,1692
-69.90111541748047,-1.9971747398376465,35,-70.10720825195312,-2.003063201904297,35,-75.25868225097656,-2.1502480506896973,35,-99.4816665649414,-2.426382064819336,41,-75.98738861083984,-2.1710681915283203,35,-75.30340576171875,-2.1515259742736816,35,1693
-92.8658447265625,-2.9956724643707275,31,-108.65904998779297,-3.5051305294036865,31,-100.08502960205078,-3.2285492420196533,31,-105.28655242919922,-4.049482822418213,26,-132.04946899414062,-4.259660243988037,31,-127.28634643554688,-4.106011390686035,31,1694
-63.67476272583008,-1.9295382499694824,33,-83.78026580810547,-2.5387959480285645,33,-84.01603698730469,-2.545940399169922,33,-73.45741271972656,-2.369593858718872,31,-81.31600952148438,-2.4641215801239014,33,-79.42253875732422,-2.4067435264587402,33,1695
-57.9696159362793,-1.704988718032837,34,-82.81318664550781,-2.4356820583343506,34,-72.14537811279297,-2.1219229698181152,34,-63.684410095214844,-1.8195545673370361,35,-68.08131408691406,-2.0023915767669678,34,-70.73005676269531,-2.0802958011627197,34,1696
-78.45176696777344,-2.3074049949645996,34,-105.9922866821289,-3.117420196533203,34,-97.73872375488281,-2.8746683597564697,34,-89.31474304199219,-1.9416248798370361,46,-102.06427764892578,-3.0018904209136963,34,-107.61589813232422,-3.1651735305786133,34,1697
-82.3269271850586,-2.7442309856414795,30,-92.21099853515625,-3.073699951171875,30,-89.54701232910156,-2.98490047454834,30,-87.77810668945312,-2.1944527626037598,40,-98.79898834228516,-3.293299674987793,30,-101.98670959472656,-3.399556875228882,30,1698
-41.851234436035156,-1.268219232559204,33,-85.33831787109375,-2.5860097408294678,33,-63.34693908691406,-1.9196041822433472,33,-34.531524658203125,-1.43881356716156,24,-87.48562622070312,-2.6510796546936035,33,-85.9908447265625,-2.605783224105835,33,1699
-44.550987243652344,-1.1423330307006836,39,-105.00796508789062,-2.692512035369873,39,-105.56874084472656,-2.706890821456909,39,-59.15053176879883,-2.4646055698394775,24,-100.9259033203125,-2.587843656539917,39,-105.04592895507812,-2.6934852600097656,39,1700
-93.76359558105469,-2.0836355686187744,45,-132.92144775390625,-2.953809976577759,45,-123.29400634765625,-2.7398667335510254,45,-101.2548828125,-2.812635660171509,36,-127.71290588378906,-2.838064670562744,45,-119.4406967163086,-2.654237747192383,45,1701
-60.56834411621094,-1.4085661172866821,43,-124.73846435546875,-2.9008944034576416,43,-107.54651641845703,-2.501081705093384,43,-76.38043212890625,-2.5460143089294434,30,-123.89204406738281,-2.8812103271484375,43,-113.62738037109375,-2.6424973011016846,43,1702
-68.97630310058594,-1.8642244338989258,37,-96.48614501953125,-2.607733726501465,37,-70.23359680175781,-1.898205280303955,37,-68.70320129394531,-1.8568432331085205,37,-103.30567169189453,-2.7920451164245605,37,-76.46652221679688,-2.0666627883911133,37,1703
-75.66715240478516,-1.940183401107788,39,-100.886962890625,-2.5868451595306396,39,-106.33735656738281,-2.7265989780426025,39,-97.50343322753906,-2.9546494483947754,33,-105.9329605102539,-2.7162296772003174,39,-116.36289978027344,-2.983664035797119,39,1704
-67.71832275390625,-2.184462070465088,31,-94.36521911621094,-3.044039249420166,31,-78.85404968261719,-2.5436789989471436,31,-134.95355224609375,-2.9337728023529053,46,-93.23663330078125,-3.0076334476470947,31,-88.79208374023438,-2.864260673522949,31,1705
-74.2226791381836,-2.0060184001922607,37,-74.28242492675781,-2.0076332092285156,37,-63.06364059448242,-1.7044227123260498,37,-59.275535583496094,-1.7433980703353882,34,-86.35699462890625,-2.333972930908203,37,-84.24313354492188,-2.276841402053833,37,1706
-86.89563751220703,-3.342139959335327,26,-102.94337463378906,-3.9593605995178223,26,-94.53011322021484,-3.6357736587524414,26,-92.47843933105469,-2.2018675804138184,42,-108.47084045410156,-4.171955585479736,26,-107.84652709960938,-4.147943496704102,26,1707
-76.03374481201172,-1.900843620300293,40,-73.00689697265625,-1.8251724243164062,40,-72.37041473388672,-1.809260368347168,40,-74.98411560058594,-2.0828921794891357,36,-77.10478973388672,-1.9276196956634521,40,-73.64421081542969,-1.8411052227020264,40,1708
-103.74574279785156,-3.842434883117676,27,-137.95355224609375,-5.109390735626221,27,-142.6485137939453,-5.283278465270996,27,-130.2435302734375,-2.713406801223755,48,-145.41546630859375,-5.385757923126221,27,-142.3202362060547,-5.271120071411133,27,1709
-104.55917358398438,-2.178316116333008,48,-146.61431884765625,-3.0544650554656982,48,-117.74044799804688,-2.45292592048645,48,-104.36170959472656,-2.54540753364563,41,-132.9531707763672,-2.76985764503479,48,-115.01506042480469,-2.3961470127105713,48,1710
-60.9710693359375,-1.2702306509017944,48,-61.23745346069336,-1.2757803201675415,48,-46.791847229003906,-0.974830150604248,48,-58.988243103027344,-1.2550690174102783,47,-69.16604614257812,-1.4409593343734741,48,-61.56753921508789,-1.2826570272445679,48,1711
-92.88047790527344,-3.202775001525879,29,-80.99300384521484,-2.7928621768951416,29,-65.26866912841797,-2.250643730163574,29,-69.8519058227539,-2.328396797180176,30,-85.8288345336914,-2.9596149921417236,29,-78.49645233154297,-2.7067742347717285,29,1712
-42.55323028564453,-0.9250702261924744,46,-74.7743148803711,-1.6255285739898682,46,-80.06461334228516,-1.740535020828247,46,-67.92939758300781,-1.5095422267913818,45,-90.32516479492188,-1.9635905027389526,46,-91.020751953125,-1.9787119626998901,46,1713
-59.86669158935547,-2.217284917831421,27,-76.90341186523438,-2.8482744693756104,27,-76.69020080566406,-2.8403778076171875,27,-41.72921371459961,-1.987105369567871,21,-87.59166717529297,-3.244135856628418,27,-82.48475646972656,-3.0549910068511963,27,1714
-69.7862319946289,-1.8364797830581665,38,-72.64002990722656,-1.9115797281265259,38,-87.08795928955078,-2.291788339614868,38,-66.89494323730469,-2.1579012870788574,31,-84.97339630126953,-2.2361419200897217,38,-88.12760925292969,-2.3191475868225098,38,1715
-73.28683471679688,-2.1554951667785645,34,-85.80741119384766,-2.523747444152832,34,-68.65451049804688,-2.0192503929138184,34,-85.15032958984375,-2.1833417415618896,39,-94.6369857788086,-2.7834408283233643,34,-95.77749633789062,-2.8169851303100586,34,1716
-82.59230041503906,-1.9664833545684814,42,-106.18618774414062,-2.528242588043213,42,-92.48727416992188,-2.202077865600586,42,-105.27735137939453,-2.448310613632202,43,-126.302490234375,-3.0072021484375,42,-105.57730102539062,-2.5137453079223633,42,1717
-95.28861999511719,-3.1762874126434326,30,-91.39338684082031,-3.0464463233947754,30,-91.13571166992188,-3.0378570556640625,30,-102.67471313476562,-2.281660318374634,45,-102.01748657226562,-3.400582790374756,30,-99.47627258300781,-3.315875768661499,30,1718
-135.81024169921875,-2.9523966312408447,46,-107.29063415527344,-2.3324050903320312,46,-98.17288208007812,-2.134193181991577,46,-43.21092987060547,-1.6004048585891724,27,-131.57891845703125,-2.8604111671447754,46,-116.81150817871094,-2.5393805503845215,46,1719
-55.120357513427734,-1.9007019996643066,29,-86.24285125732422,-2.973891496658325,29,-88.25347900390625,-3.0432233810424805,29,-107.77471923828125,-3.4766037464141846,31,-87.11375427246094,-3.003922462463379,29,-89.5076904296875,-3.0864720344543457,29,1720
-60.59849548339844,-2.2443888187408447,27,-78.566650390625,-2.9098758697509766,27,-77.13687133789062,-2.8569211959838867,27,-88.9656753540039,-2.695929527282715,33,-93.4454574584961,-3.4609429836273193,27,-90.90299987792969,-3.3667776584625244,27,1721
-19.941028594970703,-0.5113084316253662,39,-96.21219635009766,-2.466979503631592,39,-90.9747314453125,-2.3326854705810547,39,-98.75142669677734,-1.9363025426864624,51,-96.25172424316406,-2.4679930210113525,39,-91.29508972167969,-2.340899705886841,39,1722
-79.70177459716797,-2.2139382362365723,36,-131.8521728515625,-3.66256046295166,36,-118.10011291503906,-3.2805585861206055,36,-114.502197265625,-3.271491289138794,35,-135.1597442626953,-3.7544374465942383,36,-116.57310485839844,-3.2381417751312256,36,1723
-96.72296905517578,-2.9309990406036377,33,-111.99609375,-3.3938210010528564,33,-93.86204528808594,-2.844304323196411,33,-84.2870864868164,-2.107177257537842,40,-108.44686889648438,-3.286268711090088,33,-96.83261108398438,-2.934321641921997,33,1724
-58.13200759887695,-2.004551887512207,29,-63.19670867919922,-2.179196834564209,29,-67.45068359375,-2.325885534286499,29,-90.49537658691406,-2.2072043418884277,41,-61.11893081665039,-2.1075494289398193,29,-62.38308334350586,-2.1511406898498535,29,1725
-52.437644958496094,-1.5422836542129517,34,-89.33697509765625,-2.6275579929351807,34,-77.05022430419922,-2.2661831378936768,34,-89.42543029785156,-2.235635757446289,40,-98.33164978027344,-2.8921072483062744,34,-90.04656219482422,-2.648428201675415,34,1726
-67.46382904052734,-1.5332688093185425,44,-123.1423110961914,-2.7986888885498047,44,-125.25675964355469,-2.8467445373535156,44,-105.8827133178711,-3.0252203941345215,35,-132.13600158691406,-3.0030908584594727,44,-132.947998046875,-3.02154541015625,44,1727
-82.946533203125,-1.8432562351226807,45,-252.88743591308594,-5.619720935821533,45,-300.4892578125,-6.677538871765137,45,-315.4058837890625,-7.00901985168457,45,-259.19757080078125,-5.759945869445801,45,-301.3790588378906,-6.697312355041504,45,1728
-35.38837432861328,-1.5386250019073486,23,-47.16529083251953,-2.0506649017333984,23,-54.688106536865234,-2.377743721008301,23,-64.025390625,-1.6006348133087158,40,-49.70305633544922,-2.1610023975372314,23,-63.213226318359375,-2.748401165008545,23,1729
-89.8668212890625,-2.808338165283203,32,-113.21200561523438,-3.537875175476074,32,-106.34412384033203,-3.323253870010376,32,-114.29768371582031,-3.0891265869140625,37,-100.52494812011719,-3.141404628753662,32,-110.00326538085938,-3.4376020431518555,32,1730
-85.88006591796875,-2.6837520599365234,32,-93.45756530761719,-2.920548915863037,32,-86.207763671875,-2.6939926147460938,32,-67.57806396484375,-2.9381766319274902,23,-107.94446563720703,-3.3732645511627197,32,-105.52542114257812,-3.2976694107055664,32,1731
-53.62226867675781,-2.3314030170440674,23,-88.39195251464844,-3.8431284427642822,23,-85.9884033203125,-3.73862624168396,23,-95.78082275390625,-2.3945205211639404,40,-75.09159851074219,-3.2648520469665527,23,-84.41985321044922,-3.670428514480591,23,1732
-60.85569763183594,-1.560402512550354,39,-72.56636810302734,-1.8606760501861572,39,-48.220245361328125,-1.2364165782928467,39,-35.491249084472656,-0.8066192865371704,44,-82.58358001708984,-2.117527723312378,39,-55.27977752685547,-1.4174301624298096,39,1733
-78.63385772705078,-2.53657603263855,31,-81.68247985839844,-2.634918689727783,31,-75.88817596435547,-2.4480056762695312,31,-72.16162872314453,-2.6726529598236084,27,-79.27838134765625,-2.5573670864105225,31,-88.79984283447266,-2.864511013031006,31,1734
-39.68624496459961,-1.2401951551437378,32,-97.35157775878906,-3.042236804962158,32,-94.74771118164062,-2.9608659744262695,32,-67.77650451660156,-2.6067886352539062,26,-97.79330444335938,-3.0560407638549805,32,-92.19468688964844,-2.8810839653015137,32,1735
-19.683900833129883,-0.6151219010353088,32,-66.23696899414062,-2.0699052810668945,32,-70.65845489501953,-2.2080767154693604,32,-61.91728591918945,-1.9349151849746704,32,-73.6824951171875,-2.3025779724121094,32,-65.7557601928711,-2.0548675060272217,32,1736
-116.09749603271484,-2.5238585472106934,46,-127.58435821533203,-2.7735729217529297,46,-129.61630249023438,-2.8177456855773926,46,-113.584228515625,-2.7703471183776855,41,-127.13800048828125,-2.763869524002075,46,-144.29373168945312,-3.1368203163146973,46,1737
-121.53421783447266,-2.7007603645324707,45,-107.66671752929688,-2.3925936222076416,45,-95.45603942871094,-2.1212453842163086,45,-93.26156616210938,-2.072479248046875,45,-112.6158447265625,-2.5025744438171387,45,-102.56864166259766,-2.2793030738830566,45,1738
-96.35395812988281,-2.1898627281188965,44,-138.22381591796875,-3.1414504051208496,44,-130.04075622558594,-2.9554717540740967,44,-67.71627044677734,-2.3350439071655273,29,-139.66766357421875,-3.174265146255493,44,-134.61195373535156,-3.0593626499176025,44,1739
-73.51133728027344,-1.413679599761963,52,-107.83939361572266,-2.0738344192504883,52,-95.70454406738281,-1.8404719829559326,52,-31.664936065673828,-0.8795815706253052,36,-118.64794921875,-2.281691312789917,52,-104.7204818725586,-2.013855457305908,52,1740
-39.984642028808594,-1.0522273778915405,38,-70.46458435058594,-1.854331135749817,38,-73.94351196289062,-1.9458818435668945,38,-75.97142028808594,-1.582737922668457,48,-63.19843292236328,-1.663116693496704,38,-96.04690551757812,-2.527550220489502,38,1741
-27.255535125732422,-0.7366361021995544,37,-79.35355377197266,-2.144690752029419,37,-76.86445617675781,-2.0774178504943848,37,-74.69255065917969,-2.0187175273895264,37,-90.9005126953125,-2.456770658493042,37,-72.6947021484375,-1.9647216796875,37,1742
-75.29621887207031,-2.428910255432129,31,-93.70842742919922,-3.0228524208068848,31,-107.10986328125,-3.4551568031311035,31,-65.03101348876953,-3.6128339767456055,18,-106.66754150390625,-3.4408884048461914,31,-102.94624328613281,-3.3208465576171875,31,1743
-77.89933776855469,-1.9474834203720093,40,-101.4975357055664,-2.53743839263916,40,-75.80252838134766,-1.8950631618499756,40,-67.86375427246094,-1.9389643669128418,35,-75.95513153076172,-1.8988783359527588,40,-73.69125366210938,-1.8422813415527344,40,1744
-44.95893096923828,-1.0217938423156738,44,-132.53521728515625,-3.0121641159057617,44,-133.2642822265625,-3.028733730316162,44,-86.58362579345703,-2.8861207962036133,30,-132.04959106445312,-3.001127004623413,44,-135.92161560058594,-3.089127540588379,44,1745
-69.11723327636719,-2.229588270187378,31,-85.11032104492188,-2.7454941272735596,31,-80.59068298339844,-2.5996994972229004,31,-51.980316162109375,-2.0792126655578613,25,-69.60559844970703,-2.2453417778015137,31,-74.46722412109375,-2.4021685123443604,31,1746
-136.13427734375,-2.7782504558563232,49,-118.01429748535156,-2.4084551334381104,49,-120.35794830322266,-2.456284761428833,49,-52.627418518066406,-1.8147385120391846,29,-128.69833374023438,-2.6264965534210205,49,-101.77251434326172,-2.0769901275634766,49,1747
-107.69412231445312,-2.0319645404815674,53,-115.71044921875,-2.183216094970703,53,-117.86673736572266,-2.22390079498291,53,-41.39558792114258,-2.178715229034424,19,-133.66177368164062,-2.5219202041625977,53,-131.77957153320312,-2.4864070415496826,53,1748
-76.461181640625,-2.940814733505249,26,-95.37467956542969,-3.668256998062134,26,-75.90858459472656,-2.9195609092712402,26,-74.17239379882812,-2.247648239135742,33,-102.79707336425781,-3.9537336826324463,26,-87.35054016113281,-3.359636068344116,26,1749
-95.90176391601562,-2.3975441455841064,40,-95.19786071777344,-2.37994647026062,40,-102.15919494628906,-2.5539798736572266,40,-90.83897399902344,-2.4551074504852295,37,-105.48164367675781,-2.6370410919189453,40,-102.33332824707031,-2.558333158493042,40,1750
-70.20704650878906,-1.5262401103973389,46,-112.20761108398438,-2.439296007156372,46,-135.06536865234375,-2.936203718185425,46,-77.89576721191406,-2.781991720199585,28,-129.97537231445312,-2.8255515098571777,46,-140.62184143066406,-3.0569965839385986,46,1751
-18.677326202392578,-0.5188146233558655,36,-117.86669921875,-3.2740750312805176,36,-110.09848022460938,-3.05829119682312,36,-136.3175048828125,-3.0981252193450928,44,-107.06474304199219,-2.9740207195281982,36,-119.2607650756836,-3.3127989768981934,36,1752
-74.6607666015625,-1.820994257926941,41,-107.66761016845703,-2.6260392665863037,41,-100.57233428955078,-2.452983856201172,41,-75.04669189453125,-2.680238962173462,28,-121.76202392578125,-2.9698054790496826,41,-105.27772521972656,-2.567749500274658,41,1753
-88.54536437988281,-3.5418145656585693,25,-118.13874053955078,-4.725549697875977,25,-106.86040496826172,-4.274415969848633,25,-123.90129089355469,-2.95003080368042,42,-109.90293884277344,-4.396117687225342,25,-111.94538879394531,-4.477815628051758,25,1754
-111.74718475341797,-2.725541114807129,41,-96.66967010498047,-2.3577969074249268,41,-77.07756042480469,-1.8799405097961426,41,-54.81987762451172,-1.6123493909835815,34,-88.70709228515625,-2.1635875701904297,41,-80.9618148803711,-1.97467839717865,41,1755
-135.32376098632812,-2.374101161956787,57,-118.80178833007812,-2.0842418670654297,57,-81.06211853027344,-1.4221423864364624,57,-50.89242935180664,-0.7829604744911194,65,-159.79541015625,-2.8034281730651855,57,-141.40667724609375,-2.4808189868927,57,1756
-67.31876373291016,-1.641921043395996,41,-63.56334686279297,-1.5503255128860474,41,-52.345340728759766,-1.276715636253357,41,-51.479095458984375,-1.2256927490234375,42,-87.99026489257812,-2.146104097366333,41,-84.83492279052734,-2.0691444873809814,41,1757
-87.79629516601562,-1.9953703880310059,44,-103.03742218017578,-2.34175968170166,44,-90.57313537597656,-2.0584802627563477,44,-85.14779663085938,-1.8116552829742432,47,-118.421875,-2.69140625,44,-111.85514068603516,-2.5421621799468994,44,1758
-104.4620361328125,-2.089240789413452,50,-117.5105209350586,-2.350210428237915,50,-91.49969482421875,-1.8299938440322876,50,-46.73638153076172,-1.7975531816482544,26,-120.21761322021484,-2.4043521881103516,50,-121.02958679199219,-2.4205918312072754,50,1759
-105.14836883544922,-2.564594268798828,41,-90.05778503417969,-2.196531295776367,41,-66.50260162353516,-1.6220146417617798,41,-60.42694854736328,-1.5494089126586914,39,-95.75613403320312,-2.3355154991149902,41,-89.3880844116211,-2.180197238922119,41,1760
-84.13002014160156,-2.9010350704193115,29,-96.43738555908203,-3.3254270553588867,29,-97.03749084472656,-3.3461203575134277,29,-88.4642333984375,-2.764507293701172,32,-106.06205749511719,-3.6573123931884766,29,-100.5904769897461,-3.468637228012085,29,1761
-52.612545013427734,-1.8790194988250732,28,-89.86669158935547,-3.209524631500244,28,-86.52993774414062,-3.0903549194335938,28,-71.12026977539062,-3.0921857357025146,23,-101.63694763183594,-3.6298909187316895,28,-90.98953247070312,-3.2496261596679688,28,1762
-83.13948059082031,-1.807379961013794,46,-99.40968322753906,-2.1610801219940186,46,-116.56475830078125,-2.5340163707733154,46,-74.15116882324219,-2.3919732570648193,31,-95.15045166015625,-2.068488121032715,46,-107.41677856445312,-2.3351473808288574,46,1763
-46.81290054321289,-1.800496220588684,26,-99.4388656616211,-3.8245718479156494,26,-87.50758361816406,-3.3656764030456543,26,-96.8231430053711,-2.48264479637146,39,-86.92536926269531,-3.3432834148406982,26,-100.1530532836914,-3.8520405292510986,26,1764
-20.888212203979492,-0.44443005323410034,47,-43.700138092041016,-0.929790198802948,47,-48.05868911743164,-1.0225253105163574,47,-41.860652923583984,-0.8906521797180176,47,-61.95115661621094,-1.3181097507476807,47,-71.34455108642578,-1.5179691314697266,47,1765
-112.18109130859375,-3.6187448501586914,31,-99.97913360595703,-3.2251334190368652,31,-97.41146850585938,-3.142305374145508,31,-106.82829284667969,-2.5435307025909424,42,-102.17816162109375,-3.296069622039795,31,-99.33253479003906,-3.204275369644165,31,1766
-53.6673469543457,-1.7312047481536865,31,-58.77573776245117,-1.895991563796997,31,-49.19050979614258,-1.586790680885315,31,-55.556121826171875,-1.3227647542953491,42,-66.7919692993164,-2.1545796394348145,31,-62.56035614013672,-2.018075942993164,31,1767
-64.33289337158203,-1.6495614051818848,39,-74.28306579589844,-1.9046939611434937,39,-62.91082000732422,-1.613097906112671,39,-54.165611267089844,-1.5475889444351196,35,-88.56915283203125,-2.2710039615631104,39,-75.13706970214844,-1.9265915155410767,39,1768
-80.3585433959961,-2.511204481124878,32,-91.59805297851562,-2.8624391555786133,32,-86.16389465332031,-2.6926217079162598,32,-76.24298858642578,-2.722963809967041,28,-106.11882781982422,-3.316213369369507,32,-108.95205688476562,-3.404751777648926,32,1769
-116.23666381835938,-2.526884078979492,46,-116.79009246826172,-2.5389151573181152,46,-110.92012023925781,-2.411306858062744,46,-55.91080093383789,-2.1504154205322266,26,-136.874755859375,-2.9755382537841797,46,-124.57212829589844,-2.708089828491211,46,1770
-57.53395080566406,-1.9839293956756592,29,-86.90801239013672,-2.996828079223633,29,-79.02521514892578,-2.7250075340270996,29,-66.0058822631836,-2.5386877059936523,26,-87.77772521972656,-3.026818037033081,29,-93.89399719238281,-3.2377240657806396,29,1771
-53.80640411376953,-1.5373258590698242,35,-78.74353790283203,-2.2498154640197754,35,-78.03938293457031,-2.229696750640869,35,-75.4487075805664,-2.3577721118927,32,-87.0274658203125,-2.486499071121216,35,-100.96700286865234,-2.8847715854644775,35,1772
-49.437599182128906,-1.64792001247406,30,-103.82420349121094,-3.4608068466186523,30,-108.43148040771484,-3.614382743835449,30,-110.16098022460938,-2.295020341873169,48,-110.72964477539062,-3.690988063812256,30,-115.9290542602539,-3.864301919937134,30,1773
-67.76699829101562,-1.9931470155715942,34,-91.15809631347656,-2.6811203956604004,34,-85.01045227050781,-2.500307321548462,34,-57.73382568359375,-1.9908215999603271,29,-107.25555419921875,-3.1545751094818115,34,-103.70416259765625,-3.0501224994659424,34,1774
-71.3119888305664,-2.7427687644958496,26,-72.64447021484375,-2.794018030166626,26,-75.78273010253906,-2.914720296859741,26,-104.1456298828125,-2.4219913482666016,43,-89.04119873046875,-3.42466139793396,26,-82.24156188964844,-3.1631369590759277,26,1775
-65.87898254394531,-1.9963327646255493,33,-93.50614929199219,-2.833519697189331,33,-127.30612182617188,-3.8577613830566406,33,-108.26782989501953,-3.6089277267456055,30,-107.45339965820312,-3.2561635971069336,33,-119.73410034179688,-3.6283061504364014,33,1776
-88.38338470458984,-2.0087132453918457,44,-106.68222045898438,-2.424595832824707,44,-101.29513549804688,-2.3021621704101562,44,-110.39688110351562,-2.453263998031616,45,-141.27606201171875,-3.2108194828033447,44,-143.89373779296875,-3.2703123092651367,44,1777
-81.88573455810547,-1.9972130060195923,41,-118.38471984863281,-2.887432098388672,41,-106.60282135009766,-2.6000688076019287,41,-122.08976745605469,-2.9777991771698,41,-117.44031524658203,-2.8643980026245117,41,-121.970703125,-2.9748952388763428,41,1778
-95.02926635742188,-2.7151219844818115,35,-94.02127075195312,-2.686321973800659,35,-78.86183166503906,-2.253195285797119,35,-67.20439147949219,-2.2401463985443115,30,-116.50969696044922,-3.3288486003875732,35,-88.62030792236328,-2.5320088863372803,35,1779
-103.92189025878906,-2.309375286102295,45,-94.70726776123047,-2.1046059131622314,45,-90.97581481933594,-2.0216848850250244,45,-85.64232635498047,-1.9916820526123047,43,-124.28627014160156,-2.7619171142578125,45,-120.30471801757812,-2.67343807220459,45,1780
-56.56662368774414,-1.0475300550460815,54,-126.43266296386719,-2.3413455486297607,54,-142.5799560546875,-2.6403696537017822,54,-68.67446899414062,-1.807222843170166,38,-138.04238891601562,-2.556340456008911,54,-136.6089630126953,-2.5297956466674805,54,1781
-131.3141632080078,-3.8621811866760254,34,-102.7168197631836,-3.021082878112793,34,-109.21607208251953,-3.2122373580932617,34,-83.95570373535156,-2.895024299621582,29,-123.55911254882812,-3.63409161567688,34,-117.7053451538086,-3.4619219303131104,34,1782
-67.35831451416016,-1.4643112421035767,46,-117.56754302978516,-2.555816173553467,46,-127.18675994873047,-2.7649295330047607,46,-94.2006607055664,-2.7706077098846436,34,-123.54975128173828,-2.685864210128784,46,-116.49205780029297,-2.5324361324310303,46,1783
-116.04458618164062,-3.053804874420166,38,-86.97895812988281,-2.2889199256896973,38,-69.19532775878906,-1.8209296464920044,38,-61.51309585571289,-1.577258825302124,39,-79.25536346435547,-2.085667371749878,38,-76.49996948242188,-2.0131571292877197,38,1784
-50.01430892944336,-1.8523818254470825,27,-60.091766357421875,-2.225620985031128,27,-50.349143981933594,-1.8647831678390503,27,-49.68426513671875,-1.2739554643630981,39,-73.09235382080078,-2.7071242332458496,27,-60.13922882080078,-2.2273788452148438,27,1785
-151.6129608154297,-3.3691768646240234,45,-134.32647705078125,-2.985032796859741,45,-113.80597686767578,-2.529021739959717,45,-99.28191375732422,-2.6126818656921387,38,-173.0774383544922,-3.846165180206299,45,-149.2025604248047,-3.315612554550171,45,1786
-147.77801513671875,-3.1442131996154785,47,-134.86561584472656,-2.869481086730957,47,-126.36705017089844,-2.6886606216430664,47,-75.40533447265625,-2.356416702270508,32,-145.50115966796875,-3.0957694053649902,47,-137.27035522460938,-2.9206459522247314,47,1787
-85.04232025146484,-2.0742030143737793,41,-85.8883056640625,-2.094836711883545,41,-92.605224609375,-2.258664131164551,41,-70.59310913085938,-2.076267957687378,34,-74.78880310058594,-1.8241171836853027,41,-78.15959167480469,-1.9063315391540527,41,1788
-78.01107788085938,-2.4378461837768555,32,-103.20124053955078,-3.225038766860962,32,-88.36201477050781,-2.761312961578369,32,-95.35861206054688,-2.0289065837860107,47,-120.598876953125,-3.7687149047851562,32,-77.98110961914062,-2.4369096755981445,32,1789
-107.17451477050781,-3.6956729888916016,29,-74.40441131591797,-2.565669298171997,29,-90.31878662109375,-3.11444091796875,29,-117.29061889648438,-2.932265520095825,40,-83.12748718261719,-2.8664650917053223,29,-90.45268249511719,-3.119058132171631,29,1790
-24.533531188964844,-0.681486964225769,36,-91.42770385742188,-2.539658546447754,36,-97.97443389892578,-2.7215120792388916,36,-100.42747497558594,-3.239595890045166,31,-100.35977935791016,-2.787771701812744,36,-102.79631042480469,-2.8554530143737793,36,1791
-44.306182861328125,-1.1360559463500977,39,-106.54902648925781,-2.7320263385772705,39,-86.8041000366211,-2.2257461547851562,39,-63.91522979736328,-1.3598984479904175,47,-98.74308776855469,-2.531873941421509,39,-92.11631774902344,-2.361956834793091,39,1792
-69.48007202148438,-1.7815402746200562,39,-70.80836486816406,-1.8155990839004517,39,-89.0234375,-2.2826521396636963,39,-93.80863952636719,-2.23353910446167,42,-70.37747192382812,-1.8045505285263062,39,-81.7115478515625,-2.095167875289917,39,1793
-15.403165817260742,-0.3348514437675476,46,-123.13113403320312,-2.6767637729644775,46,-131.62338256835938,-2.8613779544830322,46,-112.46984100341797,-2.811746120452881,40,-123.71829223632812,-2.689527988433838,46,-142.98806762695312,-3.108436346054077,46,1794
-100.69053649902344,-2.581808567047119,39,-124.8581314086914,-3.201490640640259,39,-101.66364288330078,-2.606760025024414,39,-96.75242614746094,-3.583423137664795,27,-130.07501220703125,-3.335256814956665,39,-95.34916687011719,-2.444850444793701,39,1795
-65.56300354003906,-2.8505654335021973,23,-77.48245239257812,-3.368802309036255,23,-75.03977966308594,-3.262599229812622,23,-76.66867065429688,-3.1945278644561768,24,-73.16220092773438,-3.1809651851654053,23,-73.61134338378906,-3.200493097305298,23,1796
-68.22216796875,-2.1319427490234375,32,-68.95349884033203,-2.154796838760376,32,-86.37276458740234,-2.6991488933563232,32,-93.8646469116211,-2.8443832397460938,33,-75.53887939453125,-2.3605899810791016,32,-79.49678039550781,-2.484274387359619,32,1797
-74.35429382324219,-2.7538626194000244,27,-68.5040054321289,-2.5371854305267334,27,-70.63909912109375,-2.616262912750244,27,-70.84002685546875,-2.2851622104644775,31,-72.88152313232422,-2.6993157863616943,27,-83.05267333984375,-3.0760250091552734,27,1798
-100.05882263183594,-2.128911018371582,47,-142.86868286132812,-3.0397591590881348,47,-137.4435272216797,-2.924330472946167,47,-58.993038177490234,-2.9496519565582275,20,-148.82052612304688,-3.1663942337036133,47,-148.9130401611328,-3.168362617492676,47,1799
-73.97999572753906,-2.175882339477539,34,-80.50382232666016,-2.3677594661712646,34,-69.20236206054688,-2.0353636741638184,34,-62.191558837890625,-1.943486213684082,32,-94.80598449707031,-2.7884113788604736,34,-73.94857788085938,-2.1749582290649414,34,1800
-62.330265045166016,-1.2720462083816528,49,-85.36185455322266,-1.7420786619186401,49,-114.57646179199219,-2.3382952213287354,49,-55.21238708496094,-1.6238937377929688,34,-87.29486846923828,-1.7815278768539429,49,-124.08904266357422,-2.5324294567108154,49,1801
-39.15909194946289,-1.0877525806427002,36,-95.3909912109375,-2.649749755859375,36,-105.08097076416016,-2.9189157485961914,36,-52.700218200683594,-2.1958425045013428,24,-95.05245971679688,-2.640346050262451,36,-96.22891235351562,-2.673025369644165,36,1802
-88.97975158691406,-2.617051601409912,34,-172.82461547851562,-5.0830769538879395,34,-202.60104370117188,-5.9588541984558105,34,-278.250732421875,-6.048928737640381,46,-180.59689331054688,-5.311673164367676,34,-201.9952850341797,-5.941037654876709,34,1803
-78.01530456542969,-3.0005886554718018,26,-71.68061828613281,-2.7569468021392822,26,-66.00385284423828,-2.538609743118286,26,-60.925537109375,-1.9039230346679688,32,-77.76874542236328,-2.991105556488037,26,-67.13667297363281,-2.5821797847747803,26,1804
-85.91044616699219,-3.579602003097534,24,-79.3978271484375,-3.3082427978515625,24,-63.799503326416016,-2.6583125591278076,24,-48.47229766845703,-2.551173448562622,19,-81.92994689941406,-3.413747787475586,24,-65.61273193359375,-2.7338638305664062,24,1805
-78.763671875,-2.2503905296325684,35,-69.18028259277344,-1.9765795469284058,35,-69.18852233886719,-1.976814866065979,35,-74.90080261230469,-1.9205334186553955,39,-77.10873413085938,-2.203106641769409,35,-76.52381896972656,-2.1863949298858643,35,1806
-56.40053939819336,-1.4842246770858765,38,-73.8819580078125,-1.9442620277404785,38,-69.37551879882812,-1.8256715536117554,38,-62.53510284423828,-1.5252463817596436,41,-72.72868347167969,-1.9139127731323242,38,-69.93582153320312,-1.8404163122177124,38,1807
-107.85911560058594,-2.451343536376953,44,-111.05341339111328,-2.5239412784576416,44,-86.61363983154297,-1.968491792678833,44,-63.784217834472656,-1.8224061727523804,35,-117.29737854003906,-2.665849447250366,44,-96.88619995117188,-2.2019591331481934,44,1808
-74.17570495605469,-2.747248411178589,27,-91.38801574707031,-3.3847413063049316,27,-93.73483276367188,-3.4716603755950928,27,-89.53218841552734,-3.197578191757202,28,-102.03941345214844,-3.7792375087738037,27,-96.84481048583984,-3.5868449211120605,27,1809
-98.55599975585938,-2.463900089263916,40,-141.93450927734375,-3.5483627319335938,40,-129.42813110351562,-3.235703229904175,40,-172.27975463867188,-2.9199957847595215,59,-144.08566284179688,-3.6021416187286377,40,-129.33615112304688,-3.2334036827087402,40,1810
-79.7762680053711,-2.750905752182007,29,-87.98606872558594,-3.0340023040771484,29,-95.65054321289062,-3.2982945442199707,29,-75.90544128417969,-3.03621768951416,25,-101.38858032226562,-3.4961578845977783,29,-98.74207305908203,-3.4048991203308105,29,1811
-105.90817260742188,-2.7155940532684326,39,-110.90328979492188,-2.8436741828918457,39,-113.62378692626953,-2.9134304523468018,39,-113.47789001464844,-3.152163505554199,36,-108.99256896972656,-2.7946813106536865,39,-106.94819641113281,-2.7422614097595215,39,1812
-130.697998046875,-2.722874879837036,48,-114.53582763671875,-2.3861629962921143,48,-102.91218566894531,-2.1440038681030273,48,-58.23277282714844,-1.7127286195755005,34,-120.145263671875,-2.503026247024536,48,-116.72582244873047,-2.4317879676818848,48,1813
-58.86543655395508,-2.180201292037964,27,-78.0116958618164,-2.88932204246521,27,-77.62059020996094,-2.8748366832733154,27,-32.599388122558594,-1.8110771179199219,18,-84.95964050292969,-3.146653413772583,27,-76.3144760131836,-2.8264620304107666,27,1814
-72.41093444824219,-1.4777741432189941,49,-109.31890869140625,-2.2309980392456055,49,-116.0376968383789,-2.3681163787841797,49,-74.16032409667969,-2.118866443634033,35,-122.33875274658203,-2.4967093467712402,49,-124.39628601074219,-2.5386996269226074,49,1815
-85.98528289794922,-1.7913600206375122,48,-82.16181945800781,-1.7117046117782593,48,-72.98933410644531,-1.5206111669540405,48,-76.47991943359375,-1.4996062517166138,51,-92.38358306884766,-1.924657940864563,48,-89.13140869140625,-1.85690438747406,48,1816
-125.47115325927734,-3.1367788314819336,40,-108.56523132324219,-2.7141308784484863,40,-82.81674194335938,-2.0704185962677,40,-56.404930114746094,-1.880164384841919,30,-107.41722106933594,-2.6854305267333984,40,-89.585205078125,-2.2396302223205566,40,1817
-118.11874389648438,-2.624861001968384,45,-111.45194244384766,-2.4767098426818848,45,-88.0810775756836,-1.9573572874069214,45,-79.49838256835938,-2.741323471069336,29,-128.72964477539062,-2.860658884048462,45,-109.15031433105469,-2.425562620162964,45,1818
-49.065494537353516,-1.6919136047363281,29,-92.94082641601562,-3.2048561573028564,29,-76.96441650390625,-2.6539454460144043,29,-100.26055908203125,-2.1332032680511475,47,-93.65303039550781,-3.229414939880371,29,-74.84166717529297,-2.580747127532959,29,1819
-91.81494140625,-3.2791049480438232,28,-82.62486267089844,-2.95088791847229,28,-80.2857666015625,-2.8673489093780518,28,-79.98656463623047,-2.75815749168396,29,-76.71662902832031,-2.739879608154297,28,-77.58804321289062,-2.7710015773773193,28,1820
-44.291114807128906,-1.7035044431686401,26,-65.61463928222656,-2.5236399173736572,26,-67.8614273071289,-2.6100549697875977,26,-60.428836822509766,-1.8884011507034302,32,-66.94306182861328,-2.574733257293701,26,-69.59309387207031,-2.6766574382781982,26,1821
-60.76422119140625,-2.095318078994751,29,-62.84544372558594,-2.167084217071533,29,-77.43102264404297,-2.6700353622436523,29,-68.08351135253906,-1.945243239402771,35,-65.0064697265625,-2.2416024208068848,29,-70.90632629394531,-2.4450457096099854,29,1822
-82.88998413085938,-2.7629995346069336,30,-100.80782318115234,-3.3602607250213623,30,-88.25326538085938,-2.9417755603790283,30,-89.0399169921875,-3.2977747917175293,27,-96.32279968261719,-3.2107598781585693,30,-95.11360168457031,-3.1704533100128174,30,1823
-91.86953735351562,-2.240720510482788,41,-107.67700958251953,-2.6262686252593994,41,-112.70059967041016,-2.7487950325012207,41,-114.67742919921875,-2.8669357299804688,40,-125.08368682861328,-3.050821542739868,41,-137.13787841796875,-3.3448262214660645,41,1824
-102.31813049316406,-2.842170238494873,36,-79.56513977050781,-2.2101428508758545,36,-78.25656127929688,-2.173793315887451,36,-81.11965942382812,-1.9785282611846924,41,-81.07931518554688,-2.2522032260894775,36,-79.83010864257812,-2.217503070831299,36,1825
-41.90403747558594,-1.0476009845733643,40,-63.826351165771484,-1.595658779144287,40,-66.71157836914062,-1.6677894592285156,40,-57.144622802734375,-1.3605862855911255,42,-74.00335693359375,-1.8500839471817017,40,-75.81460571289062,-1.8953651189804077,40,1826
-77.74189758300781,-1.9933819770812988,39,-91.11245727539062,-2.336216926574707,39,-76.1077880859375,-1.9514816999435425,39,-76.55293273925781,-2.0145509243011475,38,-92.87609100341797,-2.3814382553100586,39,-91.63311767578125,-2.349567174911499,39,1827
-90.96858978271484,-1.977578043937683,46,-121.215087890625,-2.63511061668396,46,-125.05855560302734,-2.7186641693115234,46,-70.28202056884766,-2.423517942428589,29,-125.8199234008789,-2.735215663909912,46,-129.44869995117188,-2.8141021728515625,46,1828
-80.10958099365234,-2.427562952041626,33,-61.38489532470703,-1.860148310661316,33,-51.5044059753418,-1.560739517211914,33,-33.004581451416016,-0.7858233451843262,42,-68.81885528564453,-2.0854198932647705,33,-62.32483673095703,-1.8886314630508423,33,1829
-107.29698181152344,-2.235353708267212,48,-154.06895446777344,-3.2097699642181396,48,-138.8793487548828,-2.893319845199585,48,-120.18209838867188,-2.7949326038360596,43,-158.6993865966797,-3.30623722076416,48,-136.0300750732422,-2.8339598178863525,48,1830
-91.5347900390625,-2.128715991973877,43,-118.78340148925781,-2.762404680252075,43,-110.37989044189453,-2.56697416305542,43,-103.22309875488281,-2.8673083782196045,36,-112.55767822265625,-2.6176204681396484,43,-105.29247283935547,-2.448662042617798,43,1831
-50.03971862792969,-0.9811709523200989,51,-112.59251403808594,-2.2076964378356934,51,-109.09964752197266,-2.1392087936401367,51,-103.28060150146484,-1.912603735923767,54,-115.572998046875,-2.26613712310791,51,-107.67633056640625,-2.1113007068634033,51,1832
-48.96689224243164,-1.1387649774551392,43,-96.12420654296875,-2.2354466915130615,43,-109.10711669921875,-2.53737473487854,43,-74.3368148803711,-2.3979618549346924,31,-98.34420013427734,-2.287074327468872,43,-103.78665161132812,-2.4136431217193604,43,1833
-89.66371154785156,-2.5618202686309814,35,-77.42428588867188,-2.2121224403381348,35,-70.65884399414062,-2.0188241004943848,35,-51.54091262817383,-1.7772728204727173,29,-84.96910095214844,-2.4276885986328125,35,-74.11858367919922,-2.117673873901367,35,1834
-85.90628814697266,-2.6845715045928955,32,-71.59437561035156,-2.2373242378234863,32,-69.76449584960938,-2.180140495300293,32,-62.70382308959961,-2.162200689315796,29,-82.6043472290039,-2.581385850906372,32,-74.83169555664062,-2.3384904861450195,32,1835
-64.20519256591797,-1.783477544784546,36,-75.35871124267578,-2.0932974815368652,36,-82.4738998413086,-2.2909417152404785,36,-81.91038513183594,-2.2752885818481445,36,-98.54556274414062,-2.7373766899108887,36,-89.31476593017578,-2.4809656143188477,36,1836
-115.30950927734375,-2.882737636566162,40,-91.57313537597656,-2.2893283367156982,40,-83.70462799072266,-2.0926156044006348,40,-80.87150573730469,-2.021787643432617,40,-90.33968353271484,-2.2584919929504395,40,-95.18705749511719,-2.379676342010498,40,1837
-109.34756469726562,-2.6670138835906982,41,-89.93128967285156,-2.193446159362793,41,-95.36558532714844,-2.3259899616241455,41,-79.54862213134766,-2.841022253036499,28,-110.65765380859375,-2.698967218399048,41,-92.41390228271484,-2.253997564315796,41,1838
-51.199928283691406,-2.047997236251831,25,-83.23030090332031,-3.329211950302124,25,-72.20181274414062,-2.8880724906921387,25,-67.45682525634766,-2.698272943496704,25,-78.80020141601562,-3.152008056640625,25,-73.56141662597656,-2.9424567222595215,25,1839
-143.98020935058594,-3.5995051860809326,40,-101.97152709960938,-2.549288272857666,40,-86.36930847167969,-2.1592326164245605,40,-54.155120849609375,-1.692347526550293,32,-120.30229187011719,-3.0075573921203613,40,-104.43988037109375,-2.610996961593628,40,1840
-98.14389038085938,-2.8041112422943115,35,-79.58222961425781,-2.273777961730957,35,-83.35676574707031,-2.381621837615967,35,-59.722137451171875,-2.1329333782196045,28,-72.83016204833984,-2.080861806869507,35,-80.61580657958984,-2.3033087253570557,35,1841
-93.37748718261719,-3.1125829219818115,30,-72.57699584960938,-2.4192330837249756,30,-68.45524597167969,-2.281841516494751,30,-64.7011489868164,-2.3107552528381348,28,-71.13189697265625,-2.371063232421875,30,-67.27753448486328,-2.242584466934204,30,1842
-122.80863189697266,-2.791105270385742,44,-153.7988739013672,-3.495429039001465,44,-128.83250427246094,-2.928011417388916,44,-59.22385025024414,-1.9741283655166626,30,-152.68466186523438,-3.4701058864593506,44,-118.04776000976562,-2.682903528213501,44,1843
-99.19796752929688,-2.2544991970062256,44,-99.723876953125,-2.266451835632324,44,-117.28238677978516,-2.66550874710083,44,-89.85099792480469,-2.428405284881592,37,-107.34837341308594,-2.4397356510162354,44,-120.73420715332031,-2.7439591884613037,44,1844
-46.963706970214844,-1.235887050628662,38,-79.49335479736328,-2.091930389404297,38,-83.80209350585938,-2.2053182125091553,38,-40.745201110839844,-1.4050068855285645,29,-78.2884292602539,-2.0602219104766846,38,-82.72222900390625,-2.176900863647461,38,1845
-27.16396141052246,-0.9701414704322815,28,-60.51103973388672,-2.1611084938049316,28,-54.87948226928711,-1.9599815607070923,28,-42.68849563598633,-1.7075397968292236,25,-56.314727783203125,-2.011240243911743,28,-49.56217575073242,-1.7700777053833008,28,1846
-75.32432556152344,-1.8371787071228027,41,-95.81431579589844,-2.3369345664978027,41,-97.1236343383789,-2.3688690662384033,41,-45.57574462890625,-1.6879905462265015,27,-85.10813903808594,-2.07580828666687,41,-97.01123809814453,-2.3661277294158936,41,1847
-69.67984008789062,-2.9033267498016357,24,-54.02635955810547,-2.251098394393921,24,-60.477508544921875,-2.5198962688446045,24,-65.21099853515625,-2.037843704223633,32,-57.55126953125,-2.3979694843292236,24,-73.01406860351562,-3.042252779006958,24,1848
-109.17549133300781,-2.5389649868011475,43,-120.79279327392578,-2.8091347217559814,43,-108.76660919189453,-2.52945613861084,43,-82.59403991699219,-2.581063747406006,32,-123.517578125,-2.872501850128174,43,-103.94969177246094,-2.4174346923828125,43,1849
-43.28759002685547,-1.4429196119308472,30,-67.32261657714844,-2.2440872192382812,30,-68.08876037597656,-2.269625425338745,30,-60.13005065917969,-1.5823698043823242,38,-65.21852111816406,-2.173950672149658,30,-58.84344482421875,-1.9614481925964355,30,1850
-37.97391891479492,-1.8082818984985352,21,-67.58187103271484,-3.218184232711792,21,-92.31946563720703,-4.396164894104004,21,-160.2877197265625,-3.8163743019104004,42,-58.66195297241211,-2.793426275253296,21,-94.76790618896484,-4.512757301330566,21,1851
-98.15193176269531,-3.0672478675842285,32,-107.54949951171875,-3.360921859741211,32,-95.49439239501953,-2.9841997623443604,32,-95.11053466796875,-2.7174439430236816,35,-96.5207290649414,-3.016272783279419,32,-86.43336486816406,-2.701042652130127,32,1852
-80.4874267578125,-2.1180901527404785,38,-129.6840362548828,-3.4127378463745117,38,-93.85408020019531,-2.469844102859497,38,-83.22610473632812,-2.3778886795043945,35,-119.85343933105469,-3.1540379524230957,38,-86.25471496582031,-2.2698609828948975,38,1853
-82.46507263183594,-2.577033519744873,32,-114.99212646484375,-3.593503952026367,32,-110.84547424316406,-3.463921070098877,32,-63.94987487792969,-3.045232057571411,21,-135.5525665283203,-4.23601770401001,32,-109.99302673339844,-3.437282085418701,32,1854
-106.55604553222656,-2.959890127182007,36,-125.51824951171875,-3.4866180419921875,36,-72.82012939453125,-2.0227813720703125,36,-74.78025817871094,-2.492675304412842,30,-108.77056121826172,-3.021404504776001,36,-83.06543731689453,-2.307373285293579,36,1855
-93.16817474365234,-1.8268269300460815,51,-120.59203338623047,-2.3645496368408203,51,-124.99691009521484,-2.4509198665618896,51,-43.77079772949219,-2.0843236446380615,21,-134.61016845703125,-2.6394150257110596,51,-140.04913330078125,-2.746061325073242,51,1856
-82.53823852539062,-2.947794198989868,28,-107.32500457763672,-3.833035945892334,28,-99.78312683105469,-3.563683032989502,28,-143.70303344726562,-4.354637145996094,33,-106.48713684082031,-3.803112030029297,28,-99.29994201660156,-3.54642653465271,28,1857
-97.83731842041016,-2.644251823425293,37,-112.56651306152344,-3.0423381328582764,37,-105.10182189941406,-2.840589761734009,37,-73.2340087890625,-2.816692590713501,26,-120.10420989990234,-3.2460596561431885,37,-103.70199584960938,-2.8027565479278564,37,1858
-91.66825866699219,-1.9097553491592407,48,-105.5247802734375,-2.1984329223632812,48,-107.28208923339844,-2.235043525695801,48,-107.7645263671875,-2.3947672843933105,45,-112.9847640991211,-2.353849172592163,48,-110.48485565185547,-2.3017678260803223,48,1859
-89.44805145263672,-2.484668016433716,36,-113.6322250366211,-3.1564507484436035,36,-102.342529296875,-2.842848062515259,36,-74.39308166503906,-3.2344818115234375,23,-113.2162094116211,-3.144894599914551,36,-104.90916442871094,-2.9141435623168945,36,1860
-61.494476318359375,-1.8634690046310425,33,-58.965003967285156,-1.786818265914917,33,-58.23362350463867,-1.7646552324295044,33,-42.362220764160156,-1.0086243152618408,42,-75.24423217773438,-2.280128240585327,33,-59.36870574951172,-1.7990516424179077,33,1861
-86.99938201904297,-2.121936082839966,41,-69.36237335205078,-1.6917651891708374,41,-71.43160247802734,-1.742234230041504,41,-82.35556030273438,-1.8301235437393188,45,-103.18020629882812,-2.5165903568267822,41,-93.10758972167969,-2.2709169387817383,41,1862
-110.2529296875,-3.556546211242676,31,-92.77450561523438,-2.9927260875701904,31,-90.25370788574219,-2.911409854888916,31,-110.53779602050781,-2.9875080585479736,37,-98.53524780273438,-3.178556442260742,31,-98.506591796875,-3.1776320934295654,31,1863
-83.27314758300781,-2.031052350997925,41,-102.02311706542969,-2.4883687496185303,41,-103.44973754882812,-2.5231642723083496,41,-135.72906494140625,-2.714581251144409,50,-104.83110046386719,-2.556856155395508,41,-102.43689727783203,-2.4984610080718994,41,1864
-127.26078033447266,-3.0300185680389404,42,-121.7850112915039,-2.8996431827545166,42,-120.45661926269531,-2.8680148124694824,42,-93.6199951171875,-2.7535293102264404,34,-135.26710510253906,-3.2206454277038574,42,-128.19406127929688,-3.0522396564483643,42,1865
-31.34998321533203,-0.7837495803833008,40,-55.22981262207031,-1.3807452917099,40,-44.37156677246094,-1.1092891693115234,40,-30.392803192138672,-0.7998105883598328,38,-53.2996826171875,-1.3324921131134033,40,-55.08124542236328,-1.3770310878753662,40,1866
-16.518136978149414,-0.9176743030548096,18,-83.99000549316406,-4.666111469268799,18,-83.52487182617188,-4.640270709991455,18,-112.70925903320312,-3.886526107788086,29,-82.12498474121094,-4.562499046325684,18,-78.13221740722656,-4.340678691864014,18,1867
-86.03276062011719,-2.4580788612365723,35,-80.75137329101562,-2.3071820735931396,35,-79.46306610107422,-2.2703733444213867,35,-89.30612182617188,-2.289900541305542,39,-86.55322265625,-2.472949266433716,35,-87.63861083984375,-2.503960371017456,35,1868
-51.12120056152344,-1.5975375175476074,32,-65.74773406982422,-2.054616689682007,32,-62.190711975097656,-1.9434597492218018,32,-57.807498931884766,-1.9933620691299438,29,-71.8917236328125,-2.2466163635253906,32,-76.30250549316406,-2.384453296661377,32,1869
-42.78633117675781,-0.9724166393280029,44,-117.51119995117188,-2.6707091331481934,44,-101.3446044921875,-2.303286552429199,44,-56.55279541015625,-1.6633175611495972,34,-128.93753051757812,-2.930398464202881,44,-108.98684692382812,-2.47697377204895,44,1870
-112.28348541259766,-2.4409453868865967,46,-139.45004272460938,-3.031522750854492,46,-122.40957641601562,-2.6610777378082275,46,-115.27806091308594,-2.680885076522827,43,-135.53073120117188,-2.9463202953338623,46,-114.48552703857422,-2.4888157844543457,46,1871
-105.78919982910156,-3.305912494659424,32,-88.13643646240234,-2.7542636394500732,32,-65.47714233398438,-2.0461606979370117,32,-67.25170135498047,-1.9779912233352661,34,-96.45088195800781,-3.014090061187744,32,-85.23088073730469,-2.6634650230407715,32,1872
-51.502750396728516,-1.7759568691253662,29,-82.26982879638672,-2.836890697479248,29,-86.60099792480469,-2.986241340637207,29,-98.76553344726562,-2.1947896480560303,45,-91.8088607788086,-3.165822744369507,29,-94.1158676147461,-3.2453746795654297,29,1873
-120.47341918945312,-3.089061975479126,39,-186.251708984375,-4.775684833526611,39,-218.39566040039062,-5.599888801574707,39,-266.6903381347656,-5.926452159881592,45,-175.19924926757812,-4.492288589477539,39,-196.115478515625,-5.028602123260498,39,1874
-76.48231506347656,-2.3900723457336426,32,-81.11500549316406,-2.534843921661377,32,-82.4197998046875,-2.5756187438964844,32,-94.45122528076172,-2.623645067214966,36,-100.03564453125,-3.1261138916015625,32,-99.88236999511719,-3.121324062347412,32,1875
-167.1693572998047,-3.4826948642730713,48,-161.77011108398438,-3.370210647583008,48,-127.62698364257812,-2.658895492553711,48,-59.012367248535156,-2.185643196105957,27,-155.8342742919922,-3.2465474605560303,48,-128.84051513671875,-2.6841773986816406,48,1876
-104.33060455322266,-2.0866119861602783,50,-150.4449920654297,-3.0088999271392822,50,-145.25201416015625,-2.9050402641296387,50,-131.36166381835938,-2.985492467880249,44,-172.0010528564453,-3.44002103805542,50,-158.39593505859375,-3.1679186820983887,50,1877
-116.99642181396484,-3.2499005794525146,36,-206.0679168701172,-5.724108695983887,36,-217.66876220703125,-6.046354293823242,36,-286.48931884765625,-6.366429328918457,45,-196.36886596679688,-5.454690933227539,36,-236.73757934570312,-6.576044082641602,36,1878
-78.51332092285156,-2.0661399364471436,38,-88.91851806640625,-2.339961051940918,38,-92.47817993164062,-2.433636426925659,38,-60.995208740234375,-2.904533863067627,21,-101.83524322509766,-2.679874897003174,38,-97.00691223144531,-2.5528135299682617,38,1879
-65.28823852539062,-2.2513184547424316,29,-62.32492446899414,-2.1491353511810303,29,-79.97490692138672,-2.7577555179595947,29,-84.32888793945312,-2.5554208755493164,33,-65.87821197509766,-2.271662473678589,29,-72.1513442993164,-2.4879775047302246,29,1880
-129.8076171875,-3.415989875793457,38,-100.27725982666016,-2.6388752460479736,38,-77.76085662841797,-2.0463383197784424,38,-63.966739654541016,-2.1322245597839355,30,-110.82202911376953,-2.9163691997528076,38,-90.18531799316406,-2.373297929763794,38,1881
-67.95414733886719,-2.426933765411377,28,-78.85199737548828,-2.8161427974700928,28,-73.38751220703125,-2.6209826469421387,28,-73.01307678222656,-2.4337692260742188,30,-85.88053131103516,-3.067161798477173,28,-69.86796569824219,-2.4952845573425293,28,1882
-100.00939178466797,-2.702956438064575,37,-175.51052856445312,-4.743527889251709,37,-197.14871215820312,-5.328343391418457,37,-225.19766235351562,-5.237154960632324,43,-180.14186096191406,-4.868699073791504,37,-200.51065063476562,-5.419206619262695,37,1883
-70.3281021118164,-2.3442699909210205,30,-92.50367736816406,-3.083455801010132,30,-103.74710083007812,-3.4582366943359375,30,-214.916015625,-3.256303310394287,66,-94.56278991699219,-3.152092933654785,30,-94.36367797851562,-3.145455837249756,30,1884
-110.07925415039062,-2.4462056159973145,45,-93.20851135253906,-2.0713002681732178,45,-79.81495666503906,-1.7736656665802002,45,-82.08177185058594,-1.9088784456253052,43,-99.68433380126953,-2.21520733833313,45,-79.81372833251953,-1.773638367652893,45,1885
-57.61650085449219,-2.618931770324707,22,-68.385986328125,-3.1084539890289307,22,-65.88140106201172,-2.9946091175079346,22,-57.33261489868164,-1.5087530612945557,38,-77.81814575195312,-3.5371885299682617,22,-73.46405029296875,-3.3392751216888428,22,1886
-91.73841094970703,-2.4141685962677,38,-112.0626449584961,-2.94901704788208,38,-98.42406463623047,-2.590106964111328,38,-83.36674499511719,-2.8747153282165527,29,-126.07144927978516,-3.317669630050659,38,-128.4241485595703,-3.3795828819274902,38,1887
-103.12269592285156,-3.9662575721740723,26,-93.67633819580078,-3.602936029434204,26,-61.71220397949219,-2.3735463619232178,26,-63.442474365234375,-2.0465314388275146,31,-100.42086029052734,-3.8623406887054443,26,-69.73768615722656,-2.6822187900543213,26,1888
-103.54684448242188,-3.2358388900756836,32,-108.62005615234375,-3.394376754760742,32,-93.44278717041016,-2.9200870990753174,32,-107.96556091308594,-3.7229504585266113,29,-113.73461151123047,-3.554206609725952,32,-113.3815689086914,-3.5431740283966064,32,1889
-31.93668556213379,-1.2283340692520142,26,-44.3497314453125,-1.7057589292526245,26,-43.56946563720703,-1.6757487058639526,26,-37.35404968261719,-1.4941619634628296,25,-51.53508377075195,-1.9821186065673828,26,-46.62879180908203,-1.7934150695800781,26,1890
-86.71005249023438,-1.9268900156021118,45,-132.37112426757812,-2.9415805339813232,45,-135.36746215820312,-3.0081658363342285,45,-62.00447082519531,-2.4801788330078125,25,-140.8046417236328,-3.1289920806884766,45,-136.44216918945312,-3.032048225402832,45,1891
-49.02088165283203,-1.4854812622070312,33,-98.64689636230469,-2.989299774169922,33,-90.50767517089844,-2.742656707763672,33,-129.36557006835938,-2.6951160430908203,48,-104.7342758178711,-3.1737658977508545,33,-98.30836486816406,-2.979041337966919,33,1892
-79.80465698242188,-1.7348839044570923,46,-135.52691650390625,-2.946237325668335,46,-106.67141723632812,-2.318943738937378,46,-63.146331787109375,-1.9135252237319946,33,-140.26437377929688,-3.0492255687713623,46,-122.15898132324219,-2.655630111694336,46,1893
-56.48945999145508,-1.8829820156097412,30,-62.07408905029297,-2.069136381149292,30,-61.061363220214844,-2.0353786945343018,30,-68.02986907958984,-1.838645100593567,37,-71.61721801757812,-2.3872406482696533,30,-75.55351257324219,-2.5184504985809326,30,1894
-53.04154968261719,-1.560045599937439,34,-64.4892807006836,-1.8967435359954834,34,-61.35445785522461,-1.804542899131775,34,-61.42741394042969,-1.806688666343689,34,-60.40028381347656,-1.776478886604309,34,-61.28419494628906,-1.8024762868881226,34,1895
-114.21562194824219,-3.6843748092651367,31,-77.83396911621094,-2.510773181915283,31,-77.15118408203125,-2.4887478351593018,31,-86.42113494873047,-1.9641166925430298,44,-93.78689575195312,-3.025383710861206,31,-89.52993774414062,-2.8880624771118164,31,1896
-86.82969665527344,-1.9734021425247192,44,-110.18775177001953,-2.5042669773101807,44,-110.85737609863281,-2.5194857120513916,44,-78.21239471435547,-2.1725664138793945,36,-126.86310577392578,-2.8832523822784424,44,-124.44708251953125,-2.8283426761627197,44,1897
-59.76948547363281,-1.4577922821044922,41,-93.4091567993164,-2.2782721519470215,41,-98.37455749511719,-2.3993794918060303,41,-81.50369262695312,-1.8111932277679443,45,-118.4359359741211,-2.888681411743164,41,-117.27623748779297,-2.860396146774292,41,1898
-81.9840316772461,-2.5620009899139404,32,-69.36418151855469,-2.167630672454834,32,-68.9002685546875,-2.1531333923339844,32,-41.845703125,-2.4615118503570557,17,-68.39303588867188,-2.137282371520996,32,-80.11865234375,-2.5037078857421875,32,1899
-59.405609130859375,-1.6055569648742676,37,-103.98737335205078,-2.810469627380371,37,-104.40386199951172,-2.821726083755493,37,-86.659423828125,-3.0949795246124268,28,-105.99508666992188,-2.864732027053833,37,-103.73056030273438,-2.8035285472869873,37,1900
-74.21978759765625,-2.24908447265625,33,-99.44056701660156,-3.013350486755371,33,-110.26030731201172,-3.341221332550049,33,-102.72317504882812,-2.5680794715881348,40,-93.25887298583984,-2.826026439666748,33,-114.32723999023438,-3.4644618034362793,33,1901
-45.193782806396484,-1.4578639268875122,31,-113.05397033691406,-3.646902322769165,31,-99.01921081542969,-3.1941680908203125,31,-106.51165008544922,-3.4358596801757812,31,-109.76129150390625,-3.540686845779419,31,-99.51597595214844,-3.2101926803588867,31,1902
-72.65420532226562,-2.270443916320801,32,-84.70753479003906,-2.6471104621887207,32,-72.4206314086914,-2.2631447315216064,32,-104.9510726928711,-2.2815451622009277,46,-88.63941955566406,-2.769981861114502,32,-87.72201538085938,-2.7413129806518555,32,1903
-42.79048538208008,-1.584832787513733,27,-81.0617446899414,-3.002286911010742,27,-75.79215240478516,-2.807116746902466,27,-69.4853286743164,-2.7794132232666016,25,-100.52755737304688,-3.72324275970459,27,-85.93193054199219,-3.182664155960083,27,1904
-20.905593872070312,-0.49775224924087524,42,-57.15245056152344,-1.3607726097106934,42,-62.96474838256836,-1.499160647392273,42,-36.244163513183594,-1.066004753112793,34,-73.72911071777344,-1.7554550170898438,42,-75.18986511230469,-1.790234923362732,42,1905
-104.17021179199219,-3.3603293895721436,31,-98.86679077148438,-3.18925142288208,31,-77.51493835449219,-2.5004818439483643,31,-71.23583984375,-1.6189963817596436,44,-96.96906280517578,-3.1280343532562256,31,-91.50929260253906,-2.9519126415252686,31,1906
-101.23950958251953,-2.7362029552459717,37,-108.39987182617188,-2.9297263622283936,37,-113.88180541992188,-3.0778865814208984,37,-69.15682983398438,-3.1434922218322754,22,-108.11830139160156,-2.922116279602051,37,-133.79510498046875,-3.616083860397339,37,1907
-87.82754516601562,-2.251988410949707,39,-87.43243408203125,-2.2418572902679443,39,-92.39320373535156,-2.369056463241577,39,-88.46733856201172,-2.5276381969451904,35,-77.28471374511719,-1.9816592931747437,39,-107.8830337524414,-2.7662315368652344,39,1908
-57.77642822265625,-1.1791107654571533,49,-251.57388305664062,-5.134160995483398,49,-289.1763610839844,-5.9015583992004395,49,-280.65673828125,-5.971419811248779,47,-252.74017333984375,-5.157962799072266,49,-273.23443603515625,-5.5762128829956055,49,1909
-53.54660415649414,-2.2311084270477295,24,-78.617431640625,-3.275726318359375,24,-64.98648071289062,-2.7077701091766357,24,-66.17646789550781,-2.363445281982422,28,-88.00820922851562,-3.667008638381958,24,-64.13558197021484,-2.672315835952759,24,1910
-85.04454040527344,-2.0742571353912354,41,-114.69953918457031,-2.7975497245788574,41,-118.18965148925781,-2.8826744556427,41,-80.01734161376953,-2.9636051654815674,27,-119.28262329101562,-2.909332275390625,41,-120.79720306396484,-2.9462733268737793,41,1911
-43.75840759277344,-1.067278265953064,41,-67.1232681274414,-1.637152910232544,41,-85.64593505859375,-2.088925361633301,41,-62.422508239746094,-1.9507033824920654,32,-73.18003845214844,-1.7848789691925049,41,-88.713134765625,-2.1637349128723145,41,1912
-65.43435668945312,-1.7684961557388306,37,-93.75353240966797,-2.533879280090332,37,-99.51421356201172,-2.689573287963867,37,-92.2227783203125,-2.249336004257202,41,-97.29625701904297,-2.6296286582946777,37,-91.9979476928711,-2.486431121826172,37,1913
-78.31507110595703,-2.116623640060425,37,-67.62911987304688,-1.8278141021728516,37,-63.234867095947266,-1.7090504169464111,37,-49.75111770629883,-1.5547224283218384,32,-65.81648254394531,-1.7788238525390625,37,-67.74412536621094,-1.8309223651885986,37,1914
-85.63150024414062,-2.1956794261932373,39,-103.76517486572266,-2.6606454849243164,39,-101.94501495361328,-2.6139748096466064,39,-120.80157470703125,-2.745490312576294,44,-93.00135803222656,-2.384650230407715,39,-100.73561096191406,-2.5829644203186035,39,1915
-105.03318786621094,-2.234748601913452,47,-94.28977966308594,-2.0061655044555664,47,-101.97900390625,-2.1697659492492676,47,-51.254493713378906,-1.5531665086746216,33,-90.89654541015625,-1.9339690208435059,47,-96.07947540283203,-2.0442440509796143,47,1916
-82.80671691894531,-1.9715884923934937,42,-98.62572479248047,-2.348231554031372,42,-91.92918395996094,-2.1887900829315186,42,-53.73906707763672,-1.6284565925598145,33,-104.54597473144531,-2.489189863204956,42,-81.34690856933594,-1.9368311166763306,42,1917
-77.79174041748047,-2.4309918880462646,32,-88.61534881591797,-2.7692296504974365,32,-103.85600280761719,-3.245500087738037,32,-82.11079406738281,-2.831406593322754,29,-77.50027465820312,-2.4218835830688477,32,-94.76251220703125,-2.9613285064697266,32,1918
-43.587921142578125,-0.8224136233329773,53,-123.20650482177734,-2.324651002883911,53,-114.95713806152344,-2.1690025329589844,53,-59.0357666015625,-1.967858910560608,30,-118.92727661132812,-2.243910789489746,53,-128.52413940429688,-2.4249837398529053,53,1919
-45.45226287841797,-1.3368312120437622,34,-81.64439392089844,-2.401305675506592,34,-103.00306701660156,-3.0295019149780273,34,-42.95302963256836,-1.590852975845337,27,-69.92057037353516,-2.0564873218536377,34,-89.42366027832031,-2.6301076412200928,34,1920
-109.5580825805664,-4.057706832885742,27,-67.60275268554688,-2.503805637359619,27,-40.039241790771484,-1.482934832572937,27,-22.871662139892578,-0.7623887658119202,30,-57.50633239746094,-2.12986421585083,27,-31.658588409423828,-1.172540307044983,27,1921
-128.1201171875,-2.7259600162506104,47,-162.07391357421875,-3.448381185531616,47,-145.35023498535156,-3.0925581455230713,47,-103.63496398925781,-3.0480871200561523,34,-181.10549926757812,-3.8533084392547607,47,-146.63900756835938,-3.119978904724121,47,1922
-92.93040466308594,-1.9360500574111938,48,-120.04474639892578,-2.500932216644287,48,-95.46660614013672,-1.9888876676559448,48,-67.18795776367188,-2.035998821258545,33,-127.84841918945312,-2.663508653640747,48,-93.35154724121094,-1.9448238611221313,48,1923
-57.96220779418945,-2.0700788497924805,28,-107.4173812866211,-3.8363349437713623,28,-125.2215805053711,-4.472199440002441,28,-235.88279724121094,-5.24183988571167,45,-116.09329986572266,-4.146189212799072,28,-137.08963012695312,-4.896058082580566,28,1924
-43.173301696777344,-1.4391100406646729,30,-84.15311431884766,-2.8051037788391113,30,-73.74232482910156,-2.4580774307250977,30,-48.947837829589844,-1.1654247045516968,42,-84.84091186523438,-2.8280303478240967,30,-69.7008056640625,-2.3233602046966553,30,1925
-78.42276000976562,-2.306551694869995,34,-97.10237121582031,-2.855952024459839,34,-83.64723205566406,-2.4602127075195312,34,-66.03128051757812,-2.201042652130127,30,-92.41848754882812,-2.718190908432007,34,-82.5589828491211,-2.4282054901123047,34,1926
-42.571353912353516,-1.7738064527511597,24,-46.36524200439453,-1.9318851232528687,24,-56.032066345214844,-2.334669351577759,24,-48.26244354248047,-1.5082013607025146,32,-53.21805953979492,-2.217419147491455,24,-56.74781036376953,-2.364492177963257,24,1927
-104.67726135253906,-2.227175712585449,47,-75.07036590576172,-1.5972418785095215,47,-83.58635711669922,-1.778433084487915,47,-31.01830291748047,-1.0695966482162476,29,-84.57981872558594,-1.7995705604553223,47,-102.63502502441406,-2.1837239265441895,47,1928
-56.685245513916016,-1.717734694480896,33,-68.66747283935547,-2.0808324813842773,33,-66.16629791259766,-2.0050392150878906,33,-67.92294311523438,-2.0582709312438965,33,-70.67217254638672,-2.1415810585021973,33,-72.82792663574219,-2.206906795501709,33,1929
-34.40575408935547,-1.109863042831421,31,-74.06069946289062,-2.389054775238037,31,-77.77586364746094,-2.5088987350463867,31,-59.80110168457031,-2.6000478267669678,23,-78.28925323486328,-2.5254597663879395,31,-66.52947998046875,-2.1461122035980225,31,1930
-58.108863830566406,-1.4527215957641602,40,-84.25503540039062,-2.1063759326934814,40,-82.7417221069336,-2.068542957305908,40,-80.57389068603516,-2.0143473148345947,40,-90.64154052734375,-2.266038417816162,40,-89.59854888916016,-2.2399637699127197,40,1931
-31.61639976501465,-1.0198838710784912,31,-74.46354675292969,-2.4020497798919678,31,-76.455322265625,-2.4663007259368896,31,-71.63081359863281,-2.6529932022094727,27,-94.7066650390625,-3.0550537109375,31,-95.77672576904297,-3.089571714401245,31,1932
-120.31732177734375,-2.2701382637023926,53,-133.3229522705078,-2.5155274868011475,53,-129.69786071777344,-2.447129487991333,53,-125.69256591796875,-2.7324471473693848,46,-142.98184204101562,-2.697770595550537,53,-134.45742797851562,-2.5369327068328857,53,1933
-78.78192138671875,-2.387331008911133,33,-105.38267517089844,-3.1934144496917725,33,-87.12076568603516,-2.6400232315063477,33,-96.82844543457031,-2.9341952800750732,33,-90.98692321777344,-2.7571794986724854,33,-79.16563415527344,-2.398958683013916,33,1934
-66.39627075195312,-2.141815185546875,31,-198.9357452392578,-6.4172821044921875,31,-222.35987854003906,-7.17289924621582,31,-303.99456787109375,-6.4679694175720215,47,-170.17730712890625,-5.489590644836426,31,-197.55064392089844,-6.372601509094238,31,1935
-39.85499954223633,-1.0219230651855469,39,-89.04904174804688,-2.283308744430542,39,-62.8926887512207,-1.6126329898834229,39,-61.686588287353516,-1.6233313083648682,38,-86.53964233398438,-2.2189652919769287,39,-70.91250610351562,-1.8182693719863892,39,1936
-131.26046752929688,-3.201474905014038,41,-122.07540893554688,-2.9774489402770996,41,-114.80313110351562,-2.800076484680176,41,-92.2697982788086,-2.976445198059082,31,-126.1294174194336,-3.076327323913574,41,-113.41267395019531,-2.766162872314453,41,1937
-63.57577896118164,-1.3244954347610474,48,-103.02832794189453,-2.146423578262329,48,-107.84663391113281,-2.24680495262146,48,-105.89094543457031,-2.206061363220215,48,-123.18318939208984,-2.5663163661956787,48,-121.11779022216797,-2.523287296295166,48,1938
-37.12493896484375,-0.9769721031188965,38,-97.84435272216797,-2.5748512744903564,38,-92.47149658203125,-2.4334604740142822,38,-75.52243041992188,-2.4362075328826904,31,-105.40321350097656,-2.773768663406372,38,-96.69825744628906,-2.5446910858154297,38,1939
-123.91494750976562,-2.4297049045562744,51,-113.0925521850586,-2.217500925064087,51,-118.35014343261719,-2.3205909729003906,51,-105.58697509765625,-1.5527496337890625,68,-118.99319458007812,-2.333199977874756,51,-128.24969482421875,-2.514699935913086,51,1940
-69.06947326660156,-2.0930142402648926,33,-65.95470428466797,-1.9986274242401123,33,-63.24106216430664,-1.9163957834243774,33,-65.658935546875,-1.9896646738052368,33,-71.26396942138672,-2.1595141887664795,33,-70.90164184570312,-2.1485345363616943,33,1941
-85.53366088867188,-2.311720609664917,37,-91.62307739257812,-2.476299285888672,37,-99.65625,-2.6934120655059814,37,-67.59910583496094,-2.5999655723571777,26,-94.77820587158203,-2.561573028564453,37,-104.85990142822266,-2.8340513706207275,37,1942
-64.21778106689453,-2.7920775413513184,23,-90.05329895019531,-3.915360927581787,23,-81.0338134765625,-3.5232093334198,23,-103.51326751708984,-3.450442314147949,30,-97.59132385253906,-4.243101119995117,23,-94.03518676757812,-4.088486194610596,23,1943
-46.56135177612305,-1.5520451068878174,30,-109.12744140625,-3.6375813484191895,30,-103.56266784667969,-3.4520888328552246,30,-113.58389282226562,-2.9890499114990234,38,-103.72562408447266,-3.4575207233428955,30,-97.78036499023438,-3.259345531463623,30,1944
-45.856834411621094,-1.1464208364486694,40,-139.25674438476562,-3.4814186096191406,40,-148.97097778320312,-3.7242743968963623,40,-144.26718139648438,-4.243152618408203,34,-139.15283203125,-3.47882080078125,40,-147.73802185058594,-3.693450450897217,40,1945
-99.4225845336914,-2.6870968341827393,37,-94.69393920898438,-2.559295654296875,37,-101.81262969970703,-2.751692771911621,37,-84.3994140625,-2.2810652256011963,37,-119.10545349121094,-3.2190663814544678,37,-111.3630142211914,-3.0098111629486084,37,1946
-126.61955261230469,-2.694033145904541,47,-123.41389465332031,-2.6258275508880615,47,-116.66622161865234,-2.48225998878479,47,-111.12458801269531,-2.7781147956848145,40,-136.41171264648438,-2.902376890182495,47,-138.9064483642578,-2.955456256866455,47,1947
-118.15858459472656,-3.029707193374634,39,-125.14892578125,-3.208946704864502,39,-121.09371185302734,-3.104966878890991,39,-113.11693572998047,-3.142137050628662,36,-131.77783203125,-3.3789188861846924,39,-122.97181701660156,-3.153123617172241,39,1948
-91.34101867675781,-2.609743356704712,35,-73.82991027832031,-2.1094260215759277,35,-74.93247985839844,-2.140928030014038,35,-65.12194061279297,-2.100707769393921,31,-76.16825103759766,-2.1762356758117676,35,-76.17713928222656,-2.1764895915985107,35,1949
-76.419189453125,-2.7292568683624268,28,-66.68310546875,-2.3815395832061768,28,-66.02464294433594,-2.358022928237915,28,-69.27452087402344,-1.8230136632919312,38,-90.50921630859375,-3.2324719429016113,28,-87.76348114013672,-3.1344101428985596,28,1950
-61.998985290527344,-1.4418368339538574,43,-120.37397003173828,-2.7993946075439453,43,-118.63860321044922,-2.7590372562408447,43,-63.805233001708984,-2.454047441482544,26,-103.50675201416016,-2.4071338176727295,43,-103.91535186767578,-2.4166359901428223,43,1951
-93.03416442871094,-2.0674259662628174,45,-127.47792053222656,-2.8328425884246826,45,-95.39778137207031,-2.119950771331787,45,-103.68388366699219,-2.356451988220215,44,-133.09852600097656,-2.95774507522583,45,-104.10523986816406,-2.3134498596191406,45,1952
-228.90200805664062,-4.976130485534668,46,-147.31524658203125,-3.202505350112915,46,-117.112548828125,-2.5459249019622803,46,-79.4827651977539,-2.563960075378418,31,-146.836181640625,-3.1920909881591797,46,-121.41484069824219,-2.639453172683716,46,1953
-54.382789611816406,-1.5994938611984253,34,-54.57743835449219,-1.605218768119812,34,-70.43943786621094,-2.0717482566833496,34,-40.15763854980469,-1.9122685194015503,21,-87.77284240722656,-2.5815541744232178,34,-93.90504455566406,-2.7619130611419678,34,1954
-96.1380615234375,-2.670501708984375,36,-64.68575286865234,-1.7968264818191528,36,-50.98617935180664,-1.4162827730178833,36,-45.862770080566406,-1.310364842414856,35,-62.65729904174805,-1.7404805421829224,36,-66.65078735351562,-1.8514107465744019,36,1955
-128.64898681640625,-2.522529125213623,51,-147.24639892578125,-2.8871843814849854,51,-125.69619750976562,-2.4646313190460205,51,-109.7522964477539,-2.494370460510254,44,-155.84371948242188,-3.0557591915130615,51,-134.68731689453125,-2.640927791595459,51,1956
-74.7158203125,-2.7672526836395264,27,-76.87905883789062,-2.847372531890869,27,-54.920013427734375,-2.034074544906616,27,-79.6776351928711,-1.943356990814209,41,-89.37702941894531,-3.31026029586792,27,-67.55974578857422,-2.5022127628326416,27,1957
-95.30934143066406,-2.443829298019409,39,-218.66481018066406,-5.606790065765381,39,-262.97100830078125,-6.742846488952637,39,-317.8642883300781,-6.910093307495117,46,-206.818603515625,-5.303040981292725,39,-274.620849609375,-7.041560173034668,39,1958
-51.32746887207031,-1.9741333723068237,26,-86.00028991699219,-3.3077034950256348,26,-83.25157165527344,-3.2019834518432617,26,-96.10267639160156,-2.135615110397339,45,-95.22669219970703,-3.662564992904663,26,-84.20996856689453,-3.238844871520996,26,1959
-98.66758728027344,-3.288919687271118,30,-92.00389099121094,-3.06679630279541,30,-76.60882568359375,-2.5536274909973145,30,-74.63217163085938,-2.40748929977417,31,-95.22737121582031,-3.174245595932007,30,-82.40433502197266,-2.7468111515045166,30,1960
-227.80215454101562,-4.846854209899902,47,-121.40762329101562,-2.5831408500671387,47,-102.69692993164062,-2.1850409507751465,47,-61.162601470947266,-2.0387532711029053,30,-125.57416534423828,-2.671790838241577,47,-101.00398254394531,-2.1490209102630615,47,1961
-150.35952758789062,-3.4967331886291504,43,-147.27069091796875,-3.4248998165130615,43,-131.88046264648438,-3.0669875144958496,43,-146.3440704345703,-3.048834800720215,48,-146.7110595703125,-3.4118850231170654,43,-135.1269989013672,-3.1424882411956787,43,1962
-47.917022705078125,-1.0416743755340576,46,-64.28228759765625,-1.397441029548645,46,-51.3531494140625,-1.11637282371521,46,-31.911895751953125,-0.8624836802482605,37,-65.44746398925781,-1.4227709770202637,46,-75.5595474243164,-1.6425988674163818,46,1963
-63.79903030395508,-2.278536796569824,28,-52.00109100341797,-1.8571817874908447,28,-60.226463317871094,-2.1509451866149902,28,-36.10498809814453,-1.5043745040893555,24,-65.73416900634766,-2.347648859024048,28,-53.952823638916016,-1.9268865585327148,28,1964
-113.61997985839844,-2.5822722911834717,44,-108.7559814453125,-2.471726894378662,44,-97.95811462402344,-2.226320743560791,44,-63.38934326171875,-2.3477535247802734,27,-132.57522583007812,-3.013073205947876,44,-129.29156494140625,-2.9384446144104004,44,1965
-48.44977569580078,-1.4249933958053589,34,-83.83184814453125,-2.4656426906585693,34,-110.05831909179688,-3.237009286880493,34,-94.71600341796875,-3.3827145099639893,28,-92.41146850585938,-2.717984437942505,34,-117.06906127929688,-3.4432077407836914,34,1966
-62.228355407714844,-2.0742785930633545,30,-51.96661376953125,-1.7322204113006592,30,-37.16999816894531,-1.2389999628067017,30,-22.473464965820312,-0.8323505520820618,27,-58.50572967529297,-1.9501910209655762,30,-49.9479866027832,-1.6649328470230103,30,1967
-60.63710021972656,-1.4101650714874268,43,-56.45832061767578,-1.3129842281341553,43,-45.56182098388672,-1.059577226638794,43,-39.952980041503906,-1.0798102617263794,37,-75.71763610839844,-1.7608752250671387,43,-57.590755462646484,-1.3393199443817139,43,1968
-72.28611755371094,-2.0079476833343506,36,-112.47256469726562,-3.1242380142211914,36,-113.34387969970703,-3.1484410762786865,36,-154.19790649414062,-2.4093422889709473,64,-103.83438110351562,-2.8842883110046387,36,-101.51669311523438,-2.8199081420898438,36,1969
-92.43611907958984,-2.4325294494628906,38,-87.56417846679688,-2.3043205738067627,38,-97.0373306274414,-2.5536139011383057,38,-62.14299011230469,-2.142861843109131,29,-90.6899185180664,-2.3865768909454346,38,-98.10464477539062,-2.5817012786865234,38,1970
-103.36380004882812,-2.720099925994873,38,-71.449462890625,-1.8802490234375,38,-71.05379486083984,-1.869836688041687,38,-79.54534912109375,-1.8078488111495972,44,-89.6531982421875,-2.3592946529388428,38,-85.14865112304688,-2.2407538890838623,38,1971
-55.74540710449219,-1.5484834909439087,36,-101.9836196899414,-2.832878351211548,36,-101.4529800415039,-2.818138360977173,36,-73.13851928710938,-2.8130199909210205,26,-100.93550109863281,-2.8037638664245605,36,-106.95947265625,-2.9710965156555176,36,1972
-94.67538452148438,-2.8689510822296143,33,-103.017578125,-3.1217448711395264,33,-106.77398681640625,-3.2355754375457764,33,-90.13154602050781,-2.9074692726135254,31,-107.56658935546875,-3.2595937252044678,33,-95.77129364013672,-2.902160406112671,33,1973
-45.86453628540039,-1.6380192041397095,28,-74.7667236328125,-2.6702401638031006,28,-48.38616180419922,-1.7280771732330322,28,-88.67405700683594,-2.015319585800171,44,-75.32847595214844,-2.690302610397339,28,-64.37628173828125,-2.2991528511047363,28,1974
-101.29694366455078,-2.355742931365967,43,-91.76173400878906,-2.1339938640594482,43,-94.81706237792969,-2.205047845840454,43,-38.58201217651367,-1.7537277936935425,22,-88.50604248046875,-2.0582799911499023,43,-110.163818359375,-2.5619492530822754,43,1975
-66.8685531616211,-2.305812120437622,29,-67.69355010986328,-2.3342604637145996,29,-67.2123031616211,-2.3176655769348145,29,-94.37062072753906,-2.696303367614746,35,-66.49217987060547,-2.2928338050842285,29,-78.74040222167969,-2.715186357498169,29,1976
-73.46697235107422,-2.1607933044433594,34,-75.29882049560547,-2.2146711349487305,34,-79.39823913574219,-2.33524227142334,34,-61.36198806762695,-2.2726662158966064,27,-85.28731536865234,-2.508450508117676,34,-94.90180969238281,-2.791229724884033,34,1977
-62.42489242553711,-1.9507778882980347,32,-78.62173461914062,-2.4569292068481445,32,-80.73785400390625,-2.5230579376220703,32,-82.20036315917969,-2.490920066833496,33,-84.70492553710938,-2.647028923034668,32,-88.042724609375,-2.7513351440429688,32,1978
