chosen_logp,chosen_mean_logp,chosen_tokens,rejected_prime_logp,rejected_prime_mean_logp,rejected_prime_tokens,rejected_double_prime_logp,rejected_double_prime_mean_logp,rejected_double_prime_tokens,rejected_logp,rejected_mean_logp,rejected_tokens,rejected_prime_v2_logp,rejected_prime_v2_mean_logp,rejected_prime_v2_tokens,rejected_double_prime_v2_logp,rejected_double_prime_v2_mean_logp,rejected_double_prime_v2_tokens,index
-62.988243103027344,-2.0996081829071045,30,-75.28376007080078,-2.5094587802886963,30,-56.417381286621094,-1.8805793523788452,30,-59.83066177368164,-1.8697081804275513,32,-88.463134765625,-2.9487712383270264,30,-55.98094177246094,-1.8660314083099365,30,0
-86.33641052246094,-1.8768784999847412,46,-133.5050811767578,-2.9022843837738037,46,-137.5939178466797,-2.9911720752716064,46,-55.30335998535156,-1.626569390296936,34,-120.91064453125,-2.6284923553466797,46,-135.12867736816406,-2.937579870223999,46,1
-66.75899505615234,-1.3624284267425537,49,-116.09916687011719,-2.369370698928833,49,-107.73328399658203,-2.198638439178467,49,-86.86833190917969,-2.068293571472168,42,-108.2063217163086,-2.208292245864868,49,-111.99916076660156,-2.2856972217559814,49,2
-71.69056701660156,-1.629331111907959,44,-82.68355560302734,-1.8791717290878296,44,-78.89208984375,-1.7930020093917847,44,-22.531749725341797,-0.7510583400726318,30,-77.26483154296875,-1.756018877029419,44,-100.10798645019531,-2.275181531906128,44,3
-108.85540771484375,-3.401731491088867,32,-87.04957580566406,-2.720299243927002,32,-61.57375717163086,-1.9241799116134644,32,-89.19755554199219,-1.9390772581100464,46,-90.06675720214844,-2.8145861625671387,32,-70.75804138183594,-2.211188793182373,32,4
-59.30035400390625,-3.4882562160491943,17,-87.14861297607422,-5.126389026641846,17,-54.108978271484375,-3.1828811168670654,17,-71.20277404785156,-2.6371397972106934,27,-84.75587463378906,-4.985639572143555,17,-53.75008010864258,-3.161769390106201,17,5
-103.10578918457031,-2.9458796977996826,35,-111.31430053710938,-3.180408477783203,35,-120.16598510742188,-3.4333138465881348,35,-90.12316131591797,-3.604926347732544,25,-106.09422302246094,-3.031263589859009,35,-119.99935913085938,-3.4285531044006348,35,6
-83.44328308105469,-2.454214096069336,34,-103.65576171875,-3.048698902130127,34,-90.77133178710938,-2.6697449684143066,34,-22.13344955444336,-1.1649184226989746,19,-103.03195190429688,-3.0303516387939453,34,-107.48765563964844,-3.1614017486572266,34,7
-47.037750244140625,-1.3066041469573975,36,-79.1403579711914,-2.198343276977539,36,-47.35630416870117,-1.3154529333114624,36,-44.226287841796875,-1.0786899328231812,41,-82.7506332397461,-2.298628807067871,36,-59.29610061645508,-1.6471139192581177,36,8
-96.81641387939453,-2.2003729343414307,44,-145.37193298339844,-3.303907632827759,44,-153.43443298339844,-3.4871461391448975,44,-100.77330017089844,-3.4749414920806885,29,-142.647216796875,-3.2419822216033936,44,-125.8790283203125,-2.860887050628662,44,9
-60.36484146118164,-1.509121060371399,40,-97.03900146484375,-2.4259750843048096,40,-101.67123413085938,-2.541780948638916,40,-49.55689239501953,-1.769888997077942,28,-95.13678741455078,-2.3784196376800537,40,-95.3453369140625,-2.3836333751678467,40,10
-34.75973892211914,-1.1586579084396362,30,-152.5667266845703,-5.085557460784912,30,-201.84902954101562,-6.728301048278809,30,-296.7271728515625,-6.3133440017700195,47,-135.72006225585938,-4.5240020751953125,30,-192.8314971923828,-6.4277167320251465,30,11
-117.33966064453125,-3.9113221168518066,30,-87.1090087890625,-2.9036335945129395,30,-82.87709045410156,-2.7625696659088135,30,-29.886186599731445,-1.572957158088684,19,-111.14340209960938,-3.704780101776123,30,-98.08821868896484,-3.2696073055267334,30,12
-61.022254943847656,-1.605848789215088,38,-129.80218505859375,-3.415847063064575,38,-145.2532196044922,-3.822453260421753,38,-166.1060333251953,-3.6912450790405273,45,-133.46742248535156,-3.512300491333008,38,-150.81585693359375,-3.9688384532928467,38,13
-123.89781951904297,-1.8492212295532227,67,-139.60618591308594,-2.083674430847168,67,-137.85044860839844,-2.057469367980957,67,-112.20401000976562,-1.7810159921646118,63,-167.0100555419922,-2.492687463760376,67,-123.14271545410156,-1.8379509449005127,67,14
-96.014404296875,-2.7432687282562256,35,-81.69615173339844,-2.3341758251190186,35,-96.90847778320312,-2.7688136100769043,35,-124.58916473388672,-2.6508333683013916,47,-101.72916412353516,-2.9065475463867188,35,-124.91468811035156,-3.568991184234619,35,15
-82.31838989257812,-1.8292975425720215,45,-113.70025634765625,-2.52667236328125,45,-123.19509887695312,-2.737668752670288,45,-61.4545783996582,-1.8622599840164185,33,-151.1273193359375,-3.358384847640991,45,-123.82920837402344,-2.751760244369507,45,16
-63.9493293762207,-2.3684937953948975,27,-87.90869140625,-3.2558774948120117,27,-86.36056518554688,-3.1985394954681396,27,-84.56617736816406,-2.168363571166992,39,-101.35139465332031,-3.7537553310394287,27,-79.70382690429688,-2.951993703842163,27,17
-90.3179931640625,-2.508833169937134,36,-54.7744140625,-1.5215115547180176,36,-56.55837631225586,-1.5710660219192505,36,-51.868797302246094,-1.4018594026565552,37,-94.01393127441406,-2.6114981174468994,36,-81.23484802246094,-2.256523609161377,36,18
-73.34288024902344,-2.095510959625244,35,-104.10157012939453,-2.9743306636810303,35,-94.06415557861328,-2.687547206878662,35,-87.23269653320312,-2.813957929611206,31,-121.25399780273438,-3.464400053024292,35,-110.07322692871094,-3.144949436187744,35,19
-47.64570236206055,-1.3234916925430298,36,-85.87747192382812,-2.3854854106903076,36,-75.62278747558594,-2.100632905960083,36,-59.546226501464844,-1.4523470401763916,41,-100.60610961914062,-2.79461407661438,36,-70.86925506591797,-1.9685903787612915,36,20
-81.78936767578125,-1.9473658800125122,42,-92.28108215332031,-2.1971685886383057,42,-103.23130798339844,-2.45788836479187,42,-74.4776382446289,-2.127932548522949,35,-86.02554321289062,-2.048227310180664,42,-117.42401123046875,-2.795809745788574,42,21
-68.56954193115234,-2.364466905593872,29,-95.43821716308594,-3.290972948074341,29,-92.60680389404297,-3.19333815574646,29,-136.95555114746094,-3.423888683319092,40,-93.890869140625,-3.2376160621643066,29,-95.54825592041016,-3.294767379760742,29,22
-92.13640594482422,-2.490173101425171,37,-246.71066284179688,-6.667855739593506,37,-266.28277587890625,-7.196831703186035,37,-326.1192932128906,-6.794151782989502,48,-252.57577514648438,-6.826372146606445,37,-266.9541015625,-7.214975833892822,37,23
-82.65160369873047,-2.43092942237854,34,-92.29151153564453,-2.71445631980896,34,-73.27485656738281,-2.1551427841186523,34,-84.04936218261719,-1.6809872388839722,50,-94.67620849609375,-2.7845942974090576,34,-92.4349365234375,-2.718674659729004,34,24
-69.39900970458984,-1.4163063764572144,49,-103.54313659667969,-2.1131253242492676,49,-142.35482788085938,-2.905200481414795,49,-75.76588439941406,-2.1647396087646484,35,-102.08024597167969,-2.083270311355591,49,-148.62210083007812,-3.033104181289673,49,25
-60.196041107177734,-1.2540842294692993,48,-98.26293182373047,-2.0471444129943848,48,-100.29512786865234,-2.089481830596924,48,-39.56767654418945,-1.130505084991455,35,-100.6526870727539,-2.096930980682373,48,-100.87460327148438,-2.1015541553497314,48,26
-87.3775405883789,-2.3615550994873047,37,-170.58346557617188,-4.610363960266113,37,-217.27294921875,-5.872241973876953,37,-277.20819091796875,-6.0262651443481445,46,-173.75599670410156,-4.696107864379883,37,-224.45550537109375,-6.0663652420043945,37,27
-16.237146377563477,-0.25773248076438904,63,-106.58999633789062,-1.6919046640396118,63,-163.5728302001953,-2.5963940620422363,63,-61.576942443847656,-1.338629126548767,46,-133.07728576660156,-2.112337827682495,63,-156.49169921875,-2.483995199203491,63,28
-24.499610900878906,-0.6124902963638306,40,-124.28883361816406,-3.1072208881378174,40,-114.35023498535156,-2.8587558269500732,40,-71.73494720458984,-2.6568498611450195,27,-126.52967071533203,-3.1632418632507324,40,-125.36549377441406,-3.1341373920440674,40,29
-105.3021011352539,-3.097120523452759,34,-88.7945785522461,-2.611605167388916,34,-81.85903930664062,-2.407618761062622,34,-72.69532775878906,-2.34501051902771,31,-97.11964416503906,-2.8564600944519043,34,-79.97468566894531,-2.35219669342041,34,30
-98.50209045410156,-1.6695269346237183,59,-113.16149139404297,-1.9179913997650146,59,-99.95787048339844,-1.6942012310028076,59,-89.00532531738281,-1.6482467651367188,54,-125.87879943847656,-2.1335389614105225,59,-108.21914672851562,-1.8342227935791016,59,31
-99.84494018554688,-3.328164577484131,30,-157.2958984375,-5.243196487426758,30,-221.0652313232422,-7.368841171264648,30,-303.87103271484375,-6.605892181396484,46,-166.53018188476562,-5.551005840301514,30,-219.41012573242188,-7.313670635223389,30,32
-76.12107849121094,-2.0031862258911133,38,-96.08759307861328,-2.528620958328247,38,-102.34317016601562,-2.6932413578033447,38,-61.93631362915039,-1.9979455471038818,31,-104.22216033935547,-2.7426884174346924,38,-106.06684875488281,-2.7912328243255615,38,33
-66.73211669921875,-1.9627093076705933,34,-93.38401794433594,-2.746588706970215,34,-99.11517333984375,-2.915152072906494,34,-89.53050231933594,-3.087258815765381,29,-118.79634094238281,-3.4940099716186523,34,-111.76925659179688,-3.2873311042785645,34,34
-84.28634643554688,-1.6857268810272217,50,-99.33767700195312,-1.9867535829544067,50,-100.21793365478516,-2.0043587684631348,50,-98.39016723632812,-1.9292190074920654,51,-114.28065490722656,-2.2856130599975586,50,-104.25202941894531,-2.08504056930542,50,35
-82.2177734375,-1.8685857057571411,44,-110.75276184082031,-2.517108201980591,44,-88.23497772216797,-2.005340337753296,44,-95.65837860107422,-1.9928828477859497,48,-106.9943618774414,-2.431689977645874,44,-84.42767333984375,-1.9188107252120972,44,36
-86.361572265625,-2.3340964317321777,37,-174.83724975585938,-4.7253313064575195,37,-201.835205078125,-5.455005645751953,37,-260.0361328125,-5.41741943359375,48,-161.4399871826172,-4.363243103027344,37,-212.9658966064453,-5.755835056304932,37,37
-50.906558990478516,-1.6421470642089844,31,-71.94800567626953,-2.3209033012390137,31,-83.82254028320312,-2.7039530277252197,31,-76.09436798095703,-2.0566046237945557,37,-73.74201202392578,-2.378774642944336,31,-90.16929626464844,-2.908686876296997,31,38
-87.94172668457031,-1.8711005449295044,47,-114.15068054199219,-2.4287378787994385,47,-85.13223266601562,-1.811324119567871,47,-85.96751403808594,-1.868859052658081,46,-112.99766540527344,-2.404205560684204,47,-91.16897583007812,-1.939765453338623,47,39
-70.68202209472656,-1.6437679529190063,43,-123.26329803466797,-2.8665883541107178,43,-147.59103393554688,-3.432349681854248,43,-83.90780639648438,-3.107696533203125,27,-117.02912139892578,-2.7216074466705322,43,-149.49876403808594,-3.476715326309204,43,40
-113.78986358642578,-2.775362491607666,41,-113.3277816772461,-2.764092206954956,41,-98.783447265625,-2.4093523025512695,41,-95.11512756347656,-2.377878189086914,40,-95.688720703125,-2.3338711261749268,41,-96.82505798339844,-2.361586809158325,41,41
-62.431114196777344,-2.152796983718872,29,-76.74146270751953,-2.6462574005126953,29,-83.47036743164062,-2.878288507461548,29,-72.25375366210938,-2.0643930435180664,35,-81.23651885986328,-2.8012592792510986,29,-76.77676391601562,-2.647474527359009,29,42
-88.20774841308594,-1.8767606019973755,47,-112.46417236328125,-2.392854690551758,47,-130.0546875,-2.7671210765838623,47,-75.15406799316406,-2.147258996963501,35,-112.01984405517578,-2.3834009170532227,47,-127.44892883300781,-2.711679220199585,47,43
-125.73176574707031,-2.923994541168213,43,-257.75927734375,-5.994401931762695,43,-272.50250244140625,-6.3372673988342285,43,-304.31378173828125,-6.474761486053467,47,-242.4132843017578,-5.637518405914307,43,-277.1745910644531,-6.445920944213867,43,44
-55.376686096191406,-1.7863447666168213,31,-55.364715576171875,-1.7859585285186768,31,-40.22199249267578,-1.2974836826324463,31,-38.59975051879883,-1.135286808013916,34,-59.62350845336914,-1.9233390092849731,31,-58.19430160522461,-1.8772355318069458,31,45
-56.29574966430664,-1.223820686340332,46,-99.4993667602539,-2.163029670715332,46,-70.36228942871094,-1.529615044593811,46,-52.16389083862305,-1.2419973611831665,42,-95.03050231933594,-2.065880537033081,46,-81.91459655761719,-1.7807520627975464,46,46
-86.73086547851562,-2.282391309738159,38,-135.01885986328125,-3.5531280040740967,38,-123.9060287475586,-3.2606849670410156,38,-122.28395080566406,-4.076131820678711,30,-138.26919555664062,-3.6386630535125732,38,-126.06967163085938,-3.3176229000091553,38,47
-111.81608581542969,-3.1060023307800293,36,-122.60234069824219,-3.405620574951172,36,-96.34059143066406,-2.6761274337768555,36,-55.42549133300781,-2.6393091678619385,21,-103.33659362792969,-2.8704609870910645,36,-119.39569091796875,-3.31654691696167,36,48
-71.00532531738281,-1.6137573719024658,44,-130.28128051757812,-2.9609382152557373,44,-141.00575256347656,-3.2046761512756348,44,-95.56459045410156,-2.730416774749756,35,-119.00011444091797,-2.7045481204986572,44,-155.87338256835938,-3.542576789855957,44,49
-87.62989807128906,-2.577349901199341,34,-80.50828552246094,-2.3678908348083496,34,-82.5655288696289,-2.4283978939056396,34,-82.55264282226562,-2.2931289672851562,36,-96.33164978027344,-2.8332839012145996,34,-101.9285888671875,-2.9978997707366943,34,50
-53.89677429199219,-1.1716690063476562,46,-128.5120086669922,-2.7937393188476562,46,-169.61892700195312,-3.6873679161071777,46,-92.01164245605469,-3.1728153228759766,29,-156.887451171875,-3.4105968475341797,46,-172.7216796875,-3.75481915473938,46,51
-67.80055236816406,-2.421448230743408,28,-67.82571411132812,-2.422346830368042,28,-67.30207061767578,-2.4036452770233154,28,-64.6831283569336,-2.021347761154175,32,-64.45732116699219,-2.3020472526550293,28,-68.51716613769531,-2.4470417499542236,28,52
-94.10368347167969,-3.0356028079986572,31,-71.06724548339844,-2.2924916744232178,31,-57.37037658691406,-1.850657343864441,31,-60.31358337402344,-1.7739288806915283,34,-80.14627075195312,-2.5853636264801025,31,-91.4481201171875,-2.949939250946045,31,53
-119.6419677734375,-3.2335667610168457,37,-113.22187805175781,-3.0600507259368896,37,-89.03202056884766,-2.406270742416382,37,-59.560035705566406,-2.1271440982818604,28,-109.65028381347656,-2.9635212421417236,37,-84.58442687988281,-2.2860655784606934,37,54
-92.45018005371094,-2.1011404991149902,44,-146.17982482910156,-3.3222687244415283,44,-107.52413940429688,-2.443730354309082,44,-40.823387145996094,-1.5119773149490356,27,-134.793212890625,-3.0634820461273193,44,-108.09080505371094,-2.4566092491149902,44,55
-49.06355667114258,-0.9812711477279663,50,-79.55673217773438,-1.5911346673965454,50,-58.691070556640625,-1.1738214492797852,50,-31.990596771240234,-0.6528693437576294,49,-98.44844055175781,-1.9689688682556152,50,-58.004066467285156,-1.160081386566162,50,56
-37.16445541381836,-0.9064501523971558,41,-109.57292175292969,-2.6725103855133057,41,-152.42953491210938,-3.7177934646606445,41,-167.0877227783203,-3.4099535942077637,49,-121.840087890625,-2.9717094898223877,41,-141.22085571289062,-3.444411039352417,41,57
-70.68926239013672,-1.5708725452423096,45,-100.1105728149414,-2.224679470062256,45,-132.74139404296875,-2.9498088359832764,45,-52.42340850830078,-1.691077709197998,31,-92.83180236816406,-2.0629289150238037,45,-126.16564178466797,-2.803680896759033,45,58
-112.939453125,-2.823486328125,40,-137.74700927734375,-3.4436752796173096,40,-125.52493286132812,-3.1381232738494873,40,-101.3344955444336,-2.814846992492676,36,-147.62881469726562,-3.690720319747925,40,-134.24334716796875,-3.356083631515503,40,59
-50.321895599365234,-1.0269774198532104,49,-107.02279663085938,-2.184138774871826,49,-117.61561584472656,-2.4003186225891113,49,-82.64208221435547,-2.066051959991455,40,-112.10980224609375,-2.2879550457000732,49,-119.49153137207031,-2.4386026859283447,49,60
-70.53765869140625,-1.9593794345855713,36,-108.1802749633789,-3.005007743835449,36,-106.01300048828125,-2.94480562210083,36,-74.60292053222656,-2.763071060180664,27,-112.42098999023438,-3.12280535697937,36,-114.97674560546875,-3.193798542022705,36,61
-304.4728698730469,-6.618975639343262,46,-186.39849853515625,-4.052141189575195,46,-145.7316131591797,-3.168078660964966,46,-113.25624084472656,-3.775207996368408,30,-180.2213592529297,-3.917855739593506,46,-155.27951049804688,-3.3756415843963623,46,62
-47.38628387451172,-1.008218765258789,47,-103.82472229003906,-2.2090365886688232,47,-78.58247375488281,-1.6719675064086914,47,-52.12031555175781,-1.271227240562439,41,-115.44581604003906,-2.456294059753418,47,-85.88023376464844,-1.8272390365600586,47,63
-178.11749267578125,-2.3748998641967773,75,-238.59120178222656,-3.18121600151062,75,-170.74258422851562,-2.2765676975250244,75,-99.92446899414062,-2.1722710132598877,46,-226.09249877929688,-3.014566659927368,75,-203.9177703857422,-2.7189035415649414,75,64
-84.2174301147461,-2.5520434379577637,33,-107.38407897949219,-3.2540628910064697,33,-108.21607971191406,-3.2792751789093018,33,-175.92300415039062,-3.5184600353240967,50,-111.21985626220703,-3.3702986240386963,33,-117.07078552246094,-3.5475995540618896,33,65
-65.60546875,-2.116305351257324,31,-179.2581787109375,-5.782521724700928,31,-194.5519256591797,-6.2758684158325195,31,-313.47869873046875,-6.669759750366211,47,-176.2940673828125,-5.686905384063721,31,-207.8804168701172,-6.705820083618164,31,66
-177.58128356933594,-3.8604626655578613,46,-206.80877685546875,-4.495842933654785,46,-135.54107666015625,-2.946545124053955,46,-100.94300079345703,-3.256225824356079,31,-190.76119995117188,-4.146982669830322,46,-134.53558349609375,-2.9246866703033447,46,67
-59.40423583984375,-1.6055198907852173,37,-99.74957275390625,-2.695934295654297,37,-112.180908203125,-3.031916379928589,37,-144.54603576660156,-3.2121341228485107,45,-97.11163330078125,-2.624638795852661,37,-124.57565307617188,-3.3669095039367676,37,68
-94.16177368164062,-2.4779415130615234,38,-116.930908203125,-3.0771291255950928,38,-100.12489318847656,-2.6348655223846436,38,-88.70378112792969,-3.167992115020752,28,-115.48728942871094,-3.0391392707824707,38,-108.23505401611328,-2.8482909202575684,38,69
-64.06224060058594,-1.7314119338989258,37,-97.12512969970703,-2.6250035762786865,37,-131.98947143554688,-3.5672829151153564,37,-50.463104248046875,-2.6559529304504395,19,-112.00692749023438,-3.027214288711548,37,-129.1492919921875,-3.4905214309692383,37,70
-83.76647186279297,-2.702144145965576,31,-129.5264892578125,-4.178273677825928,31,-110.25946044921875,-3.5567567348480225,31,-101.34773254394531,-3.3782577514648438,30,-135.3572998046875,-4.366364479064941,31,-102.65538024902344,-3.3114638328552246,31,71
-60.25333786010742,-1.5856142044067383,38,-179.0642852783203,-4.712217807769775,38,-226.18710327148438,-5.952291965484619,38,-272.81854248046875,-6.3446173667907715,43,-185.23080444335938,-4.874495029449463,38,-243.49765014648438,-6.407833099365234,38,72
-103.09761047363281,-2.643528461456299,39,-78.37651062011719,-2.0096540451049805,39,-65.5101089477539,-1.679746389389038,39,-41.636932373046875,-1.3011541366577148,32,-89.12132263183594,-2.2851622104644775,39,-91.348388671875,-2.342266321182251,39,73
-80.8331298828125,-1.8798402547836304,43,-85.05318450927734,-1.9779810905456543,43,-100.13937377929688,-2.328822612762451,43,-57.64535140991211,-1.8595274686813354,31,-84.63554382324219,-1.9682685136795044,43,-98.7701416015625,-2.296980142593384,43,74
-92.41909790039062,-3.080636501312256,30,-75.79590606689453,-2.5265302658081055,30,-93.6787109375,-3.1226236820220947,30,-66.90718841552734,-2.2302396297454834,30,-96.41987609863281,-3.213995933532715,30,-89.97579956054688,-2.9991934299468994,30,75
-125.14517974853516,-2.607191324234009,48,-146.89080810546875,-3.060225248336792,48,-141.63067626953125,-2.950639009475708,48,-52.68214416503906,-2.195089340209961,24,-165.865966796875,-3.455540895462036,48,-142.72142028808594,-2.973362922668457,48,76
-58.15145492553711,-1.4537863731384277,40,-83.26364135742188,-2.0815911293029785,40,-116.54536437988281,-2.9136340618133545,40,-83.98057556152344,-2.7993524074554443,30,-85.6685791015625,-2.141714572906494,40,-123.51162719726562,-3.0877907276153564,40,77
-84.4636459350586,-1.964270830154419,43,-141.23519897460938,-3.2845394611358643,43,-148.4972381591797,-3.4534242153167725,43,-100.45344543457031,-3.463912010192871,29,-155.7093505859375,-3.621147632598877,43,-139.59425354003906,-3.246377944946289,43,78
-93.03406524658203,-3.101135492324829,30,-72.24101257324219,-2.408033847808838,30,-75.81449890136719,-2.5271499156951904,30,-51.39767837524414,-1.2536019086837769,41,-68.48777770996094,-2.282925844192505,30,-78.96273040771484,-2.6320910453796387,30,79
-137.05075073242188,-3.9157357215881348,35,-129.96279907226562,-3.7132227420806885,35,-85.53697204589844,-2.443913459777832,35,-95.59373474121094,-3.0836689472198486,31,-139.12454223632812,-3.974987030029297,35,-101.3154525756836,-2.8947272300720215,35,80
-88.93101501464844,-2.340289831161499,38,-81.47952270507812,-2.144197940826416,38,-85.66070556640625,-2.2542290687561035,38,-84.67810821533203,-2.171233654022217,39,-91.2295150756836,-2.4007766246795654,38,-94.17745971679688,-2.4783542156219482,38,81
-78.80895233154297,-2.020742416381836,39,-90.48461151123047,-2.3201181888580322,39,-97.24945068359375,-2.4935755729675293,39,-105.8719482421875,-2.3015639781951904,46,-93.11554718017578,-2.387578248977661,39,-109.69090270996094,-2.812587261199951,39,82
-104.76911163330078,-2.2291300296783447,47,-104.51266479492188,-2.2236738204956055,47,-97.13241577148438,-2.0666470527648926,47,-78.64595794677734,-1.7874081134796143,44,-110.10704803466797,-2.342703104019165,47,-116.88587188720703,-2.486933469772339,47,83
-93.33763122558594,-1.904849648475647,49,-130.4958953857422,-2.6631815433502197,49,-123.72927856445312,-2.525087356567383,49,-93.73057556152344,-2.403348207473755,39,-128.01116943359375,-2.6124727725982666,49,-136.34019470214844,-2.7824530601501465,49,84
-29.3243408203125,-1.1278592348098755,26,-72.83010864257812,-2.8011579513549805,26,-48.12574768066406,-1.8509902954101562,26,-49.59977722167969,-1.3405345678329468,37,-76.23533630371094,-2.932128429412842,26,-48.927146911621094,-1.8818132877349854,26,85
-88.78844451904297,-2.46634578704834,36,-109.40840148925781,-3.0391223430633545,36,-113.38386535644531,-3.1495518684387207,36,-111.72132873535156,-3.0194954872131348,37,-123.5511245727539,-3.4319756031036377,36,-110.98434448242188,-3.0828983783721924,36,86
-63.4533805847168,-1.9829181432724,32,-76.23811340332031,-2.3824410438537598,32,-77.26344299316406,-2.414482593536377,32,-51.42521667480469,-2.057008743286133,25,-88.37928771972656,-2.761852741241455,32,-69.86639404296875,-2.1833248138427734,32,87
-114.53807067871094,-2.603137969970703,44,-114.53854370117188,-2.6031486988067627,44,-103.84481048583984,-2.360109329223633,44,-106.47822570800781,-2.1295645236968994,50,-126.11040496826172,-2.866145610809326,44,-112.5457534790039,-2.5578579902648926,44,88
-93.81359100341797,-3.608215093612671,26,-85.85468292236328,-3.302103281021118,26,-52.93463134765625,-2.035947322845459,26,-23.9490966796875,-1.1404331922531128,21,-90.25872802734375,-3.471489429473877,26,-59.859519958496094,-2.3022892475128174,26,89
-61.60417938232422,-1.3689817190170288,45,-80.92958068847656,-1.798435091972351,45,-116.6601791381836,-2.5924484729766846,45,-72.77420806884766,-2.2052791118621826,33,-89.17570495605469,-1.981682300567627,45,-112.4112319946289,-2.4980273246765137,45,90
-66.01585388183594,-1.500360369682312,44,-117.39094543457031,-2.667976140975952,44,-108.168212890625,-2.4583685398101807,44,-82.42866516113281,-2.0607166290283203,40,-110.63871002197266,-2.5145161151885986,44,-109.04478454589844,-2.478290557861328,44,91
-83.196533203125,-2.189382553100586,38,-96.96696472167969,-2.551762342453003,38,-92.28839111328125,-2.4286417961120605,38,-118.25895690917969,-2.8156895637512207,42,-68.47868347167969,-1.8020706176757812,38,-82.34635925292969,-2.1670093536376953,38,92
-82.29232025146484,-2.0573079586029053,40,-105.89555358886719,-2.6473889350891113,40,-91.23724365234375,-2.280930995941162,40,-59.91419982910156,-1.8723187446594238,32,-99.54733276367188,-2.4886832237243652,40,-105.8061752319336,-2.6451544761657715,40,93
-144.23187255859375,-3.517850637435913,41,-98.46902465820312,-2.4016835689544678,41,-72.92411804199219,-1.7786370515823364,41,-42.54191207885742,-1.2891488075256348,33,-91.54849243164062,-2.2328901290893555,41,-96.37754821777344,-2.3506720066070557,41,94
-62.575111389160156,-2.979767322540283,21,-89.79674530029297,-4.276035308837891,21,-84.58477020263672,-4.027846336364746,21,-96.03478240966797,-4.573084831237793,21,-78.54679107666016,-3.740323305130005,21,-85.70742797851562,-4.081305980682373,21,95
-78.45533752441406,-2.7053563594818115,29,-58.927001953125,-2.031965494155884,29,-72.96548461914062,-2.5160512924194336,29,-68.8214111328125,-2.1506690979003906,32,-70.06314086914062,-2.4159703254699707,29,-82.21144104003906,-2.8348772525787354,29,96
-98.07994079589844,-2.001631498336792,49,-163.67843627929688,-3.340376138687134,49,-136.1993408203125,-2.779578447341919,49,-135.15794372558594,-3.003509759902954,45,-149.746826171875,-3.0560576915740967,49,-156.81101989746094,-3.2002248764038086,49,97
-15.102157592773438,-0.5207640528678894,29,-118.3180923461914,-4.079934120178223,29,-120.50218200683594,-4.155247688293457,29,-136.97845458984375,-3.1855454444885254,43,-135.73968505859375,-4.680678844451904,29,-123.7917709350586,-4.268681526184082,29,98
-93.20249938964844,-1.9417186975479126,48,-179.1002960205078,-3.7312562465667725,48,-162.8213348388672,-3.39211106300354,48,-120.95958709716797,-3.023989677429199,40,-168.219482421875,-3.504572629928589,48,-157.96875,-3.291015625,48,99
-122.74940490722656,-4.546274185180664,27,-127.66989135742188,-4.728514671325684,27,-82.73037719726562,-3.0640881061553955,27,-65.40087890625,-3.2700438499450684,20,-126.0976791381836,-4.670284271240234,27,-101.43761444091797,-3.756948709487915,27,100
-79.25183868408203,-1.7611520290374756,45,-136.10179138183594,-3.024484157562256,45,-126.41360473632812,-2.8091912269592285,45,-66.15846252441406,-2.1341440677642822,31,-142.02894592285156,-3.156198740005493,45,-119.79202270507812,-2.6620450019836426,45,101
-117.031494140625,-2.854426622390747,41,-132.14666748046875,-3.2230894565582275,41,-175.94244384765625,-4.291279315948486,41,-173.89599609375,-4.140380859375,42,-118.46902465820312,-2.889488458633423,41,-174.40347290039062,-4.2537431716918945,41,102
-28.214073181152344,-1.6596513986587524,17,-51.341922760009766,-3.020112991333008,17,-66.46473693847656,-3.9096903800964355,17,-79.60829162597656,-2.412372589111328,33,-59.111114501953125,-3.4771244525909424,17,-73.53409576416016,-4.325534820556641,17,103
-91.18447875976562,-2.3380634784698486,39,-101.32809448242188,-2.598156213760376,39,-96.76434326171875,-2.4811370372772217,39,-50.263309478759766,-1.4783326387405396,34,-119.34489440917969,-3.0601255893707275,39,-83.98716735839844,-2.153517007827759,39,104
-69.50762939453125,-2.5743565559387207,27,-81.92705535888672,-3.0343353748321533,27,-90.20755004882812,-3.341020345687866,27,-79.58134460449219,-2.7441842555999756,29,-106.5185546875,-3.945131540298462,27,-109.61387634277344,-4.059772968292236,27,105
-43.41204071044922,-1.5504300594329834,28,-115.95638275146484,-4.141299247741699,28,-112.0138168334961,-4.00049352645874,28,-108.45366668701172,-2.931180238723755,37,-120.43690490722656,-4.301318168640137,28,-134.28732299804688,-4.795975685119629,28,106
-63.76744842529297,-1.4829639196395874,43,-123.94906616210938,-2.8825364112854004,43,-120.4739990234375,-2.8017208576202393,43,-65.17715454101562,-2.5068135261535645,26,-137.63665771484375,-3.200852394104004,43,-136.05645751953125,-3.1641037464141846,43,107
-68.592041015625,-2.638155460357666,26,-62.935794830322266,-2.420607566833496,26,-62.23826599121094,-2.3937795162200928,26,-89.74842071533203,-2.493011713027954,36,-72.25196075439453,-2.778921604156494,26,-76.51715850830078,-2.942967653274536,26,108
-92.23184204101562,-2.8822450637817383,32,-106.70809936523438,-3.334628105163574,32,-103.22634887695312,-3.225823402404785,32,-59.6796760559082,-2.712712526321411,22,-109.04718017578125,-3.407724380493164,32,-113.72923278808594,-3.5540385246276855,32,109
-91.31028747558594,-3.2610816955566406,28,-81.73287963867188,-2.9190313816070557,28,-78.02601623535156,-2.7866435050964355,28,-77.82847595214844,-2.5105960369110107,31,-80.97148132324219,-2.891838550567627,28,-83.76219940185547,-2.991507053375244,28,110
-67.03612518310547,-2.3941473960876465,28,-98.21063232421875,-3.5075225830078125,28,-101.06372833251953,-3.6094188690185547,28,-170.04629516601562,-3.470332622528076,49,-102.32667541503906,-3.654524087905884,28,-118.30101776123047,-4.225036144256592,28,111
-138.59210205078125,-3.849780559539795,36,-191.02804565429688,-5.306334495544434,36,-224.16738891601562,-6.226871967315674,36,-269.44073486328125,-5.732781410217285,47,-194.9420623779297,-5.415057182312012,36,-211.68356323242188,-5.880098819732666,36,112
-60.974334716796875,-1.6045877933502197,38,-87.3223876953125,-2.2979576587677,38,-79.09304809570312,-2.0813961029052734,38,-78.32830810546875,-2.0612711906433105,38,-100.38059997558594,-2.641594648361206,38,-85.88078308105469,-2.2600204944610596,38,113
-64.06573486328125,-1.6016433238983154,40,-110.64962005615234,-2.7662405967712402,40,-117.09771728515625,-2.927443027496338,40,-50.65866470336914,-2.2025506496429443,23,-111.26415252685547,-2.7816038131713867,40,-133.7417449951172,-3.343543529510498,40,114
-96.28914642333984,-3.4388980865478516,28,-106.36182403564453,-3.7986366748809814,28,-80.05494689941406,-2.859105348587036,28,-73.39718627929688,-2.3676512241363525,31,-117.72257995605469,-4.2043776512146,28,-89.84229278564453,-3.208653211593628,28,115
-44.97368621826172,-1.4054276943206787,32,-97.17822265625,-3.0368194580078125,32,-82.99311828613281,-2.5935349464416504,32,-63.40631866455078,-2.438704490661621,26,-101.81063079833984,-3.18158221244812,32,-83.99020385742188,-2.6246938705444336,32,116
-39.910911560058594,-1.9955456256866455,20,-74.47358703613281,-3.723679304122925,20,-79.33181762695312,-3.9665908813476562,20,-69.11293029785156,-2.3037643432617188,30,-70.81864166259766,-3.5409321784973145,20,-87.96742248535156,-4.39837121963501,20,117
-63.97660446166992,-1.5994150638580322,40,-86.83362579345703,-2.1708407402038574,40,-77.27685546875,-1.931921362876892,40,-75.82151794433594,-1.6849225759506226,45,-94.07893371582031,-2.351973295211792,40,-78.21256256103516,-1.955314040184021,40,118
-84.80735778808594,-1.9274399280548096,44,-141.86477661132812,-3.2241995334625244,44,-116.47293853759766,-2.6471121311187744,44,-45.74578857421875,-1.3454643487930298,34,-130.09426879882812,-2.9566879272460938,44,-108.55841064453125,-2.4672365188598633,44,119
-64.16957092285156,-1.9445323944091797,33,-92.46118927001953,-2.801854133605957,33,-79.30915069580078,-2.4033076763153076,33,-84.6993408203125,-2.8233113288879395,30,-95.75679779052734,-2.901721239089966,33,-91.36317443847656,-2.7685811519622803,33,120
-132.11817932128906,-4.261876583099365,31,-112.17286682128906,-3.6184794902801514,31,-76.84786224365234,-2.4789633750915527,31,-75.23660278320312,-2.5943655967712402,29,-107.62124633789062,-3.4716532230377197,31,-87.44339752197266,-2.8207547664642334,31,121
-79.01406860351562,-1.8812873363494873,42,-128.81442260742188,-3.0670101642608643,42,-129.27737426757812,-3.0780327320098877,42,-115.46211242675781,-2.624138832092285,44,-109.38887023925781,-2.604496955871582,42,-124.26722717285156,-2.9587435722351074,42,122
-63.39971923828125,-2.045152187347412,31,-69.30131530761719,-2.2355263233184814,31,-78.27020263671875,-2.5248453617095947,31,-102.3226547241211,-2.325514793395996,44,-75.54045104980469,-2.43678879737854,31,-96.7498550415039,-3.1209630966186523,31,123
-113.89517211914062,-2.6487250328063965,43,-128.88487243652344,-2.9973225593566895,43,-114.1602783203125,-2.654890298843384,43,-92.62472534179688,-1.8903005123138428,49,-127.56745910644531,-2.9666850566864014,43,-111.83677673339844,-2.6008553504943848,43,124
-60.608070373535156,-3.1898984909057617,19,-79.76171875,-4.1979851722717285,19,-80.7027587890625,-4.247513771057129,19,-86.99864196777344,-3.1070942878723145,28,-70.98568725585938,-3.736088752746582,19,-74.58111572265625,-3.9253218173980713,19,125
-69.84871673583984,-2.0543739795684814,34,-109.52781677246094,-3.2214064598083496,34,-90.53642272949219,-2.6628360748291016,34,-64.55701446533203,-2.482962131500244,26,-89.3200454711914,-2.6270601749420166,34,-99.89265441894531,-2.938019275665283,34,126
-178.25115966796875,-4.244075298309326,42,-151.72314453125,-3.6124558448791504,42,-122.78781127929688,-2.9235193729400635,42,-73.41281127929688,-2.3681552410125732,31,-167.7769012451172,-3.994688034057617,42,-151.30313110351562,-3.6024556159973145,42,127
-141.91644287109375,-3.2253737449645996,44,-163.13760375976562,-3.7076728343963623,44,-131.58975219726562,-2.990676164627075,44,-86.75775146484375,-2.9916465282440186,29,-133.3399658203125,-3.030453681945801,44,-139.72276306152344,-3.1755173206329346,44,128
-48.45298385620117,-2.6918325424194336,18,-73.01603698730469,-4.056446552276611,18,-63.9860954284668,-3.5547831058502197,18,-94.58578491210938,-3.5031771659851074,27,-81.34922790527344,-4.519401550292969,18,-82.17283630371094,-4.565157413482666,18,129
-69.08889770507812,-2.3029632568359375,30,-71.27935791015625,-2.375978708267212,30,-44.394309997558594,-1.479810357093811,30,-48.46446990966797,-1.5633699893951416,31,-82.43470764160156,-2.747823476791382,30,-59.253082275390625,-1.9751027822494507,30,130
-49.8688850402832,-1.2163143157958984,41,-63.60847854614258,-1.5514262914657593,41,-54.18370056152344,-1.3215537071228027,41,-44.107421875,-1.5209455490112305,29,-62.49982833862305,-1.5243860483169556,41,-64.86270141601562,-1.5820170640945435,41,131
-58.901126861572266,-2.181523323059082,27,-85.95242309570312,-3.1834230422973633,27,-91.08586883544922,-3.3735506534576416,27,-116.45729064941406,-2.7083091735839844,43,-90.8085708618164,-3.3632802963256836,27,-97.72567749023438,-3.61946964263916,27,132
-101.97136688232422,-2.2660303115844727,45,-101.2427978515625,-2.249840021133423,45,-95.85372924804688,-2.130082845687866,45,-94.91030883789062,-2.063267469406128,46,-124.47137451171875,-2.7660305500030518,45,-104.538330078125,-2.3230741024017334,45,133
-51.46790313720703,-1.0722479820251465,48,-70.07373046875,-1.459869384765625,48,-68.84831237792969,-1.4343398809432983,48,-43.08443832397461,-0.8616887927055359,50,-70.1143798828125,-1.4607162475585938,48,-74.21731567382812,-1.546194076538086,48,134
-63.155609130859375,-1.5403807163238525,41,-127.69976806640625,-3.114628553390503,41,-106.19033813476562,-2.59000825881958,41,-99.30581665039062,-2.4826455116271973,40,-120.77264404296875,-2.945674180984497,41,-107.77023315429688,-2.628542184829712,41,135
-114.33946228027344,-3.0902557373046875,37,-134.70721435546875,-3.640735626220703,37,-126.76663970947266,-3.4261252880096436,37,-129.98971557617188,-3.4207820892333984,38,-140.53546142578125,-3.798255681991577,37,-118.82917022705078,-3.211599111557007,37,136
-136.861572265625,-3.258608818054199,42,-154.3326873779297,-3.6745877265930176,42,-151.655029296875,-3.6108341217041016,42,-135.85867309570312,-4.382537841796875,31,-144.43258666992188,-3.438871145248413,42,-165.1934814453125,-3.933178186416626,42,137
-58.357208251953125,-2.08418607711792,28,-74.53376770019531,-2.6619203090667725,28,-62.79313659667969,-2.24261212348938,28,-87.337646484375,-2.2983591556549072,38,-74.19635772705078,-2.649869918823242,28,-68.93519592285156,-2.4619712829589844,28,138
-115.27021789550781,-3.0334267616271973,38,-108.11892700195312,-2.8452348709106445,38,-84.19718933105469,-2.2157154083251953,38,-90.57945251464844,-2.106498956680298,43,-104.74728393554688,-2.756507396697998,38,-85.66058349609375,-2.254225969314575,38,139
-73.74724578857422,-2.37894344329834,31,-98.85667419433594,-3.18892502784729,31,-82.58926391601562,-2.6641697883605957,31,-86.32231903076172,-2.6975724697113037,32,-95.8524169921875,-3.092013359069824,31,-90.21022033691406,-2.9100069999694824,31,140
-57.528507232666016,-1.4382126331329346,40,-107.01333618164062,-2.6753334999084473,40,-89.04545593261719,-2.2261364459991455,40,-87.66926574707031,-2.138274669647217,41,-104.87345886230469,-2.6218364238739014,40,-95.63082885742188,-2.390770673751831,40,141
-76.40447235107422,-2.634636878967285,29,-71.2530288696289,-2.457000970840454,29,-69.40028381347656,-2.393113136291504,29,-87.75170135498047,-2.580932378768921,34,-86.51862335205078,-2.983400821685791,29,-75.40240478515625,-2.6000828742980957,29,142
-30.736133575439453,-0.6539602875709534,47,-64.61479949951172,-1.374782919883728,47,-61.8687744140625,-1.316356897354126,47,-52.26788330078125,-0.9333550333976746,56,-92.3362808227539,-1.964601755142212,47,-83.68220520019531,-1.7804723978042603,47,143
-136.6499786376953,-3.904285192489624,35,-98.26034545898438,-2.807438373565674,35,-108.41560363769531,-3.0975887775421143,35,-126.43070983886719,-3.1607677936553955,40,-99.92343139648438,-2.8549551963806152,35,-139.5644989013672,-3.9875571727752686,35,144
-107.68052673339844,-2.5041983127593994,43,-145.03695678710938,-3.372952461242676,43,-142.63914489746094,-3.3171894550323486,43,-163.05194091796875,-3.705725908279419,44,-144.84262084960938,-3.3684329986572266,43,-126.04135131835938,-2.931194305419922,43,145
-88.46920013427734,-2.8538451194763184,31,-183.26080322265625,-5.9116387367248535,31,-189.90362548828125,-6.1259236335754395,31,-327.1132507324219,-6.9598565101623535,47,-168.33499145507812,-5.430160999298096,31,-218.3826446533203,-7.0446014404296875,31,146
-90.57125854492188,-2.587750196456909,35,-79.79429626464844,-2.279837131500244,35,-83.20993041992188,-2.3774266242980957,35,-85.18815612792969,-2.028289318084717,42,-81.52015686035156,-2.3291473388671875,35,-84.04718017578125,-2.401348114013672,35,147
-61.630706787109375,-1.9880872964859009,31,-99.59961700439453,-3.212890863418579,31,-93.39636993408203,-3.0127861499786377,31,-80.4454345703125,-2.7739806175231934,29,-86.17491912841797,-2.7798361778259277,31,-97.06288146972656,-3.1310606002807617,31,148
-66.15420532226562,-1.6538550853729248,40,-84.16818237304688,-2.1042046546936035,40,-101.12813568115234,-2.5282034873962402,40,-46.16217041015625,-1.4891022443771362,31,-95.48020935058594,-2.38700532913208,40,-93.02842712402344,-2.3257107734680176,40,149
-84.94139099121094,-2.235299825668335,38,-104.6596450805664,-2.7542011737823486,38,-86.59762573242188,-2.2788848876953125,38,-51.29485321044922,-1.602964162826538,32,-106.9600830078125,-2.8147389888763428,38,-85.29766845703125,-2.244675397872925,38,150
-82.38958740234375,-2.9424853324890137,28,-60.060977935791016,-2.1450350284576416,28,-53.93196487426758,-1.926141619682312,28,-78.97669982910156,-2.1345055103302,37,-77.41670227050781,-2.7648823261260986,28,-50.02479553222656,-1.78659987449646,28,151
-64.20680236816406,-1.7353190183639526,37,-101.63955688476562,-2.7470149993896484,37,-110.33358764648438,-2.9819889068603516,37,-66.75698852539062,-2.6702795028686523,25,-96.00108337402344,-2.5946238040924072,37,-109.88945007324219,-2.969985246658325,37,152
-101.16902923583984,-2.199326753616333,46,-108.35038757324219,-2.355443239212036,46,-123.14717102050781,-2.677112340927124,46,-57.168701171875,-1.9713345766067505,29,-160.9444122314453,-3.498791456222534,46,-122.23773193359375,-2.657341957092285,46,153
-71.7494888305664,-2.8699796199798584,25,-74.71672058105469,-2.988668918609619,25,-83.52577209472656,-3.3410308361053467,25,-128.37771606445312,-3.5660476684570312,36,-86.60997009277344,-3.4643988609313965,25,-95.974853515625,-3.838994026184082,25,154
-181.16860961914062,-5.6615190505981445,32,-92.38821411132812,-2.887131690979004,32,-79.28718566894531,-2.477724552154541,32,-81.55281066894531,-2.3986120223999023,34,-89.4539566040039,-2.795436143875122,32,-82.98287963867188,-2.593214988708496,32,155
-41.72878646850586,-1.3460898399353027,31,-87.55848693847656,-2.824467420578003,31,-95.62471008300781,-3.0846681594848633,31,-93.41458892822266,-3.1138195991516113,30,-102.9553451538086,-3.3211400508880615,31,-101.81280517578125,-3.2842841148376465,31,156
-46.15049362182617,-1.7750189304351807,26,-47.178977966308594,-1.8145760297775269,26,-79.5302505493164,-3.0588557720184326,26,-83.97725677490234,-2.0482258796691895,41,-43.86970520019531,-1.6872963905334473,26,-71.6275634765625,-2.754906177520752,26,157
-70.2855224609375,-1.6345469951629639,43,-101.02901458740234,-2.3495118618011475,43,-89.65104675292969,-2.0849080085754395,43,-71.19266510009766,-1.4529114961624146,49,-92.77760314941406,-2.157618761062622,43,-97.11506652832031,-2.2584898471832275,43,158
-56.057525634765625,-1.6016435623168945,35,-108.12242126464844,-3.089211940765381,35,-105.61238098144531,-3.0174965858459473,35,-124.91758728027344,-2.5493385791778564,49,-84.96893310546875,-2.4276838302612305,35,-105.75145721435547,-3.021470308303833,35,159
-112.49156188964844,-2.499812602996826,45,-156.9468536376953,-3.4877078533172607,45,-187.4903564453125,-4.166452407836914,45,-131.14071655273438,-4.098147392272949,32,-169.2809600830078,-3.7617990970611572,45,-174.92041015625,-3.887120246887207,45,160
-92.35082244873047,-2.0988824367523193,44,-171.76123046875,-3.9036643505096436,44,-144.67343139648438,-3.2880325317382812,44,-144.25108337402344,-3.434549570083618,42,-180.72698974609375,-4.107431411743164,44,-152.11810302734375,-3.4572296142578125,44,161
-69.8167953491211,-2.5858073234558105,27,-90.92840576171875,-3.3677186965942383,27,-72.88284301757812,-2.69936466217041,27,-85.39471435546875,-2.5116093158721924,34,-97.2245101928711,-3.600907802581787,27,-78.88450622558594,-2.9216482639312744,27,162
-96.0482177734375,-2.342639446258545,41,-97.15213012695312,-2.3695640563964844,41,-79.17140197753906,-1.9310097694396973,41,-40.115806579589844,-1.1143279075622559,36,-88.5867691040039,-2.1606528759002686,41,-80.08859252929688,-1.9533803462982178,41,163
-80.3869857788086,-2.7719650268554688,29,-53.19525909423828,-1.8343192338943481,29,-75.41913604736328,-2.6006598472595215,29,-63.222564697265625,-1.708717942237854,37,-71.83863067626953,-2.47719407081604,29,-74.40794372558594,-2.565791130065918,29,164
-89.68004608154297,-2.491112470626831,36,-109.6092529296875,-3.04470157623291,36,-102.91816711425781,-2.8588380813598633,36,-33.396026611328125,-1.5902869701385498,21,-118.98550415039062,-3.3051528930664062,36,-102.413330078125,-2.8448147773742676,36,165
-37.63622283935547,-1.3939341306686401,27,-60.57510757446289,-2.2435224056243896,27,-74.46276092529297,-2.7578799724578857,27,-50.42520523071289,-2.1924002170562744,23,-64.64948272705078,-2.394425392150879,27,-73.65689086914062,-2.7280330657958984,27,166
-138.3519287109375,-3.00765061378479,46,-134.35638427734375,-2.920790910720825,46,-124.00657653808594,-2.6957950592041016,46,-75.56365203857422,-2.6056432723999023,29,-124.80856323242188,-2.7132296562194824,46,-135.07901000976562,-2.936500310897827,46,167
-116.66910552978516,-2.6515705585479736,44,-254.07534790039062,-5.774439811706543,44,-295.75433349609375,-6.721689224243164,44,-317.0849609375,-6.605936527252197,48,-255.96383666992188,-5.817359924316406,44,-286.2458190917969,-6.505586624145508,44,168
-118.95021057128906,-2.8321478366851807,42,-101.30911254882812,-2.4121217727661133,42,-117.91140747070312,-2.8074145317077637,42,-63.94221115112305,-1.9376428127288818,33,-92.74942016601562,-2.2083194255828857,42,-107.7913818359375,-2.5664615631103516,42,169
-90.3560791015625,-2.3168225288391113,39,-96.3439712524414,-2.47035813331604,39,-85.67789459228516,-2.196869134902954,39,-44.237060546875,-1.8432108163833618,24,-77.66908264160156,-1.9915149211883545,39,-108.39598083496094,-2.779384136199951,39,170
-63.02247619628906,-1.9097720384597778,33,-80.44990539550781,-2.437875986099243,33,-76.00210571289062,-2.3030941486358643,33,-73.67850494384766,-2.3024532794952393,32,-86.20030212402344,-2.6121304035186768,33,-83.6404800415039,-2.534559965133667,33,171
-108.07028198242188,-2.8439548015594482,38,-129.42599487304688,-3.405947208404541,38,-134.64236450195312,-3.543220043182373,38,-80.31034851074219,-2.5906565189361572,31,-122.35765838623047,-3.219938278198242,38,-138.43292236328125,-3.6429717540740967,38,172
-139.342529296875,-2.4882595539093018,56,-206.44436645507812,-3.686506509780884,56,-203.03012084960938,-3.625537872314453,56,-173.43496704101562,-4.129404067993164,42,-215.37655639648438,-3.8460099697113037,56,-202.24264526367188,-3.611475706100464,56,173
-60.076072692871094,-1.8773772716522217,32,-102.74333953857422,-3.2107293605804443,32,-111.24971008300781,-3.476553440093994,32,-127.85840606689453,-3.2784206867218018,39,-97.53734588623047,-3.048042058944702,32,-118.03350830078125,-3.688547134399414,32,174
-50.3729248046875,-1.8656638860702515,27,-66.22027587890625,-2.4526028633117676,27,-84.12510681152344,-3.1157445907592773,27,-110.29546356201172,-2.6901333332061768,41,-69.89324951171875,-2.5886387825012207,27,-70.65567779541016,-2.6168768405914307,27,175
-48.941627502441406,-1.2235406637191772,40,-108.13784790039062,-2.70344614982605,40,-115.77188873291016,-2.8942971229553223,40,-59.59735870361328,-2.055081367492676,29,-105.42787170410156,-2.6356968879699707,40,-116.7818374633789,-2.919545888900757,40,176
-61.31360626220703,-1.4258978366851807,43,-126.48334503173828,-2.9414732456207275,43,-123.79827880859375,-2.8790297508239746,43,-62.770694732666016,-1.961584210395813,32,-130.416259765625,-3.0329363346099854,43,-126.83377075195312,-2.949622631072998,43,177
-50.47767639160156,-2.103236436843872,24,-179.25082397460938,-7.468784332275391,24,-213.2344970703125,-8.884770393371582,24,-338.5791015625,-7.203810691833496,47,-158.87957763671875,-6.6199822425842285,24,-212.14923095703125,-8.839550971984863,24,178
-75.84417724609375,-1.723731279373169,44,-118.59368133544922,-2.6953108310699463,44,-125.8756103515625,-2.860809326171875,44,-85.00334167480469,-2.5758588314056396,33,-121.71476745605469,-2.766244649887085,44,-122.93650817871094,-2.7940115928649902,44,179
-45.02406311035156,-1.6080023050308228,28,-90.01844024658203,-3.214944362640381,28,-98.42363739013672,-3.515129804611206,28,-122.83988952636719,-2.9247593879699707,42,-85.86775970458984,-3.0667057037353516,28,-94.626953125,-3.3795340061187744,28,180
-99.21129608154297,-2.3621737957000732,42,-117.8543701171875,-2.806056499481201,42,-104.01779174804688,-2.476613998413086,42,-70.715087890625,-1.9643080234527588,36,-116.69529724121094,-2.7784595489501953,42,-112.44397735595703,-2.6772375106811523,42,181
-57.1553840637207,-1.2160719633102417,47,-106.00064086914062,-2.2553327083587646,47,-140.12124633789062,-2.9813032150268555,47,-87.73377990722656,-2.437049388885498,36,-133.33316040039062,-2.8368756771087646,47,-131.0188751220703,-2.787635564804077,47,182
-57.230369567871094,-1.546766757965088,37,-112.32225036621094,-3.035736560821533,37,-139.73126220703125,-3.7765204906463623,37,-154.53924560546875,-3.6795058250427246,42,-126.71971130371094,-3.4248571395874023,37,-140.4695587158203,-3.7964744567871094,37,183
-84.9782943725586,-1.8473541736602783,46,-119.27565002441406,-2.5929489135742188,46,-96.04815673828125,-2.088003396987915,46,-95.95501708984375,-2.2315120697021484,43,-124.67903137207031,-2.710413694381714,46,-101.7606201171875,-2.2121872901916504,46,184
-101.20193481445312,-3.066725254058838,33,-109.43234252929688,-3.316131591796875,33,-71.87922668457031,-2.1781582832336426,33,-103.95208740234375,-2.310046434402466,45,-105.45925903320312,-3.195735216140747,33,-73.46530151367188,-2.2262213230133057,33,185
-56.647613525390625,-1.2588359117507935,45,-105.84591674804688,-2.3521313667297363,45,-139.1431884765625,-3.0920708179473877,45,-38.47896194458008,-1.4251466989517212,27,-119.04391479492188,-2.6454203128814697,45,-140.73196411132812,-3.1273770332336426,45,186
-135.01515197753906,-3.214646577835083,42,-148.1695556640625,-3.527846574783325,42,-142.7453155517578,-3.398698091506958,42,-137.28964233398438,-3.520247220993042,39,-155.53829956054688,-3.7032928466796875,42,-148.17428588867188,-3.527959108352661,42,187
-62.40464401245117,-1.6866120100021362,37,-111.94207763671875,-3.0254616737365723,37,-114.25732421875,-3.088035821914673,37,-67.53858184814453,-2.59763765335083,26,-105.31108093261719,-2.846245527267456,37,-119.00580596923828,-3.2163732051849365,37,188
-118.3362045288086,-2.4653375148773193,48,-159.90142822265625,-3.331279754638672,48,-206.39816284179688,-4.299961566925049,48,-211.42724609375,-5.033982276916504,42,-162.53244018554688,-3.3860924243927,48,-228.0062255859375,-4.750129699707031,48,189
-66.75106811523438,-2.0227596759796143,33,-100.97603607177734,-3.059879779815674,33,-81.76531219482422,-2.477736711502075,33,-58.37396240234375,-1.9457987546920776,30,-85.02156066894531,-2.576411008834839,33,-80.96884155273438,-2.453601360321045,33,190
-108.20828247070312,-2.705207109451294,40,-134.91217041015625,-3.3728041648864746,40,-142.7112579345703,-3.567781448364258,40,-61.17231750488281,-2.184725522994995,28,-129.25503540039062,-3.2313759326934814,40,-140.3599853515625,-3.5089995861053467,40,191
-105.65318298339844,-3.521772861480713,30,-140.33050537109375,-4.677683353424072,30,-165.7104034423828,-5.523680210113525,30,-279.40057373046875,-5.944693088531494,47,-133.7211456298828,-4.457371711730957,30,-188.18072509765625,-6.272690773010254,30,192
-90.80320739746094,-3.242971658706665,28,-62.58422088623047,-2.2351508140563965,28,-53.37721252441406,-1.9063290357589722,28,-55.45256805419922,-1.6803808212280273,33,-64.35833740234375,-2.2985119819641113,28,-51.53563690185547,-1.840558409690857,28,193
-87.45146942138672,-1.9433659315109253,45,-109.90740203857422,-2.4423866271972656,45,-91.42496490478516,-2.031665802001953,45,-87.65302276611328,-1.9478449821472168,45,-123.78634643554688,-2.750807762145996,45,-89.99179077148438,-1.9998176097869873,45,194
-88.09468078613281,-2.0974924564361572,42,-208.8662109375,-4.9730048179626465,42,-255.3482208251953,-6.079719543457031,42,-272.244140625,-5.918350696563721,46,-207.72909545898438,-4.9459309577941895,42,-262.533935546875,-6.250807762145996,42,195
-71.14195251464844,-1.8721566200256348,38,-117.3654556274414,-3.08856463432312,38,-101.30685424804688,-2.6659698486328125,38,-70.56210327148438,-2.1382455825805664,33,-131.69522094726562,-3.4656636714935303,38,-105.68043518066406,-2.781064033508301,38,196
-111.58030700683594,-3.486884593963623,32,-125.7586441040039,-3.929957628250122,32,-111.59506225585938,-3.4873456954956055,32,-116.83097076416016,-3.650967836380005,32,-120.73494720458984,-3.7729671001434326,32,-117.47013092041016,-3.6709415912628174,32,197
-110.37891387939453,-2.830228567123413,39,-151.63552856445312,-3.8880903720855713,39,-109.47393798828125,-2.8070240020751953,39,-112.75971221923828,-2.818992853164673,40,-168.49404907226562,-4.32036018371582,39,-113.07666015625,-2.8994014263153076,39,198
-47.242156982421875,-1.181053876876831,40,-85.38797760009766,-2.1346993446350098,40,-100.02571868896484,-2.500643014907837,40,-77.23543548583984,-2.1454286575317383,36,-93.01841735839844,-2.325460433959961,40,-102.48713684082031,-2.562178373336792,40,199
-61.9089241027832,-1.5477230548858643,40,-71.98023986816406,-1.7995059490203857,40,-84.13569641113281,-2.1033923625946045,40,-79.97880554199219,-2.104705333709717,38,-93.40400695800781,-2.3351001739501953,40,-78.68513488769531,-1.9671283960342407,40,200
-45.986854553222656,-1.437089204788208,32,-80.9125747680664,-2.528517961502075,32,-17.60892677307129,-0.5502789616584778,32,-15.109369277954102,-0.45785966515541077,33,-76.03077697753906,-2.3759617805480957,32,-22.754182815551758,-0.7110682129859924,32,201
-41.0894660949707,-1.4674808979034424,28,-56.647979736328125,-2.023142099380493,28,-82.41414642333984,-2.9433624744415283,28,-91.90025329589844,-2.0422277450561523,45,-75.5974349975586,-2.699908494949341,28,-73.40379333496094,-2.6215641498565674,28,202
-94.54031372070312,-3.2600107192993164,29,-99.877197265625,-3.4440412521362305,29,-86.54985046386719,-2.9844775199890137,29,-98.28302001953125,-2.457075595855713,40,-93.20671081542969,-3.214024543762207,29,-89.57780456542969,-3.0888898372650146,29,203
-89.4373779296875,-2.3536152839660645,38,-97.92010498046875,-2.5768449306488037,38,-106.87042236328125,-2.8123795986175537,38,-87.73776245117188,-2.9245920181274414,30,-114.13652801513672,-3.0035927295684814,38,-101.17877197265625,-2.6625993251800537,38,204
-94.7012939453125,-2.63059139251709,36,-114.335693359375,-3.1759915351867676,36,-114.5390853881836,-3.1816413402557373,36,-130.36256408691406,-2.8339688777923584,46,-121.13285827636719,-3.3648016452789307,36,-132.69862365722656,-3.686072826385498,36,205
-97.66643524169922,-2.4416608810424805,40,-99.57234191894531,-2.4893085956573486,40,-92.37043762207031,-2.309260845184326,40,-79.16642761230469,-2.1990673542022705,36,-109.65699768066406,-2.741425037384033,40,-86.77052307128906,-2.1692631244659424,40,206
-97.58494567871094,-2.3801205158233643,41,-91.01504516601562,-2.219879150390625,41,-75.79171752929688,-1.8485784530639648,41,-14.832748413085938,-0.5933099389076233,25,-87.99578857421875,-2.1462388038635254,41,-91.46115112304688,-2.230759859085083,41,207
-121.14955139160156,-3.0287387371063232,40,-130.33921813964844,-3.2584805488586426,40,-116.52445220947266,-2.9131112098693848,40,-86.11038970947266,-2.460296869277954,35,-142.07891845703125,-3.5519728660583496,40,-125.58316802978516,-3.1395792961120605,40,208
-60.35820770263672,-1.2574626207351685,48,-121.60923767089844,-2.5335257053375244,48,-138.16314697265625,-2.878398895263672,48,-60.190948486328125,-1.7703219652175903,34,-118.31718444824219,-2.4649412631988525,48,-122.06239318847656,-2.542966604232788,48,209
-100.87040710449219,-3.6025145053863525,28,-125.93009185791016,-4.497503280639648,28,-73.66752624511719,-2.6309831142425537,28,-78.8734130859375,-2.3198063373565674,34,-135.74685668945312,-4.84810209274292,28,-94.72427368164062,-3.383009672164917,28,210
-25.28139305114746,-0.7435703873634338,34,-102.29487609863281,-3.0086727142333984,34,-67.62315368652344,-1.988916277885437,34,-68.38656616210938,-2.2060182094573975,31,-106.05272674560547,-3.1191978454589844,34,-78.3001708984375,-2.302946090698242,34,211
-75.84412384033203,-2.0498411655426025,37,-135.27682495117188,-3.656130313873291,37,-128.63121032714844,-3.4765191078186035,37,-52.59803009033203,-2.768317461013794,19,-137.95050048828125,-3.7283918857574463,37,-124.63448333740234,-3.368499517440796,37,212
-52.29566955566406,-1.6869571208953857,31,-139.47647094726562,-4.499240875244141,31,-127.00524139404297,-4.096943378448486,31,-87.33097076416016,-4.596366882324219,19,-129.38916015625,-4.173843860626221,31,-110.34114837646484,-3.559391975402832,31,213
-47.08792495727539,-1.3079979419708252,36,-104.33833312988281,-2.898287057876587,36,-119.16848754882812,-3.3102357387542725,36,-90.09019470214844,-3.106558322906494,29,-97.41216278076172,-2.7058935165405273,36,-118.14995574951172,-3.2819433212280273,36,214
-67.55935668945312,-1.930267333984375,35,-115.17659759521484,-3.290760040283203,35,-89.26922607421875,-2.550549268722534,35,-70.01576232910156,-2.258573055267334,31,-120.33131408691406,-3.438037633895874,35,-85.09103393554688,-2.4311723709106445,35,215
-60.17887496948242,-1.253726601600647,48,-150.73326110839844,-3.1402761936187744,48,-139.3177490234375,-2.9024531841278076,48,-122.51222229003906,-3.224005937576294,38,-149.35935974121094,-3.1116533279418945,48,-145.39080810546875,-3.028975248336792,48,216
-154.14080810546875,-3.14573073387146,49,-152.53387451171875,-3.11293625831604,49,-184.703857421875,-3.7694664001464844,49,-162.03956604003906,-3.600879192352295,45,-141.09539794921875,-2.87949800491333,49,-181.75779724121094,-3.7093427181243896,49,217
-30.243852615356445,-0.8174014091491699,37,-63.281272888183594,-1.710304617881775,37,-64.7299575805664,-1.7494583129882812,37,-52.35306167602539,-1.4958018064498901,35,-69.37902069091797,-1.8751087188720703,37,-73.10547637939453,-1.9758236408233643,37,218
-52.088233947753906,-1.4077900648117065,37,-72.86737060546875,-1.9693883657455444,37,-61.080162048339844,-1.6508152484893799,37,-47.888824462890625,-1.2942925691604614,37,-70.36685943603516,-1.9018070697784424,37,-73.48428344726562,-1.986061692237854,37,219
-70.07713317871094,-2.4164528846740723,29,-69.38629150390625,-2.3926308155059814,29,-64.77306365966797,-2.233553886413574,29,-61.36878967285156,-1.534219741821289,40,-82.869873046875,-2.857581853866577,29,-87.45635986328125,-3.0157365798950195,29,220
-59.40179443359375,-1.7471115589141846,34,-108.30647277832031,-3.1854844093322754,34,-107.91803741455078,-3.1740598678588867,34,-80.06425476074219,-2.9653427600860596,27,-109.65809631347656,-3.225238084793091,34,-111.022216796875,-3.265359401702881,34,221
-81.25811004638672,-2.389944314956665,34,-95.37779235839844,-2.8052291870117188,34,-88.9103012084961,-2.61500883102417,34,-83.83930969238281,-2.619978427886963,32,-96.80586242675781,-2.847231149673462,34,-93.64803314208984,-2.7543540000915527,34,222
-77.62101745605469,-2.874852418899536,27,-68.98613739013672,-2.555042028427124,27,-64.66580200195312,-2.3950297832489014,27,-66.62167358398438,-2.379345417022705,28,-66.41053009033203,-2.4596493244171143,27,-65.2755126953125,-2.417611598968506,27,223
-32.67705535888672,-1.6338527202606201,20,-84.38355255126953,-4.219177722930908,20,-86.35549926757812,-4.317774772644043,20,-112.65913391113281,-2.011770248413086,56,-78.82846069335938,-3.941422939300537,20,-79.22184753417969,-3.961092472076416,20,224
-124.30020141601562,-2.8250045776367188,44,-105.984619140625,-2.4087412357330322,44,-74.12944030761719,-1.6847599744796753,44,-66.12155151367188,-1.6954244375228882,39,-114.255126953125,-2.596707344055176,44,-83.54470825195312,-1.8987433910369873,44,225
-50.36371994018555,-1.1991361379623413,42,-152.1378173828125,-3.622328996658325,42,-149.68502807617188,-3.563929319381714,42,-106.10678100585938,-3.4227993488311768,31,-151.82513427734375,-3.6148841381073,42,-158.7680206298828,-3.780190944671631,42,226
-96.80516052246094,-2.2512826919555664,43,-143.9010467529297,-3.3465359210968018,43,-123.90227508544922,-2.881448268890381,43,-64.03150939941406,-2.1343836784362793,30,-119.68609619140625,-2.783397674560547,43,-115.52021789550781,-2.686516761779785,43,227
-92.12372589111328,-2.87886643409729,32,-85.46263122558594,-2.6707072257995605,32,-66.8428726196289,-2.0888397693634033,32,-62.48710250854492,-1.453188419342041,43,-94.6895523071289,-2.9590485095977783,32,-63.86207962036133,-1.9956899881362915,32,228
-72.50634002685547,-1.9080616235733032,38,-98.81875610351562,-2.6004936695098877,38,-87.08317565917969,-2.2916624546051025,38,-91.16407012939453,-2.3375401496887207,39,-108.484375,-2.8548519611358643,38,-90.59716796875,-2.3841359615325928,38,229
-85.0181655883789,-2.576308012008667,33,-72.45201110839844,-2.1955153942108154,33,-73.57715606689453,-2.2296106815338135,33,-60.38424301147461,-1.8870075941085815,32,-69.41254425048828,-2.103410482406616,33,-64.51890563964844,-1.9551182985305786,33,230
-38.15934753417969,-1.8171117305755615,21,-56.17527770996094,-2.675013303756714,21,-66.76181030273438,-3.179133892059326,21,-61.74477005004883,-2.5726988315582275,24,-64.95841979980469,-3.0932581424713135,21,-70.28045654296875,-3.3466885089874268,21,231
-82.81525421142578,-1.9717917442321777,42,-77.0447769165039,-1.8343994617462158,42,-60.06191635131836,-1.4300456047058105,42,-49.7445068359375,-1.2436126470565796,40,-86.07615661621094,-2.0494322776794434,42,-64.5904312133789,-1.5378674268722534,42,232
-22.5585880279541,-0.9399411678314209,24,-56.24789810180664,-2.3436625003814697,24,-57.55094909667969,-2.397956132888794,24,-95.68563842773438,-2.3337960243225098,41,-67.70164489746094,-2.820901870727539,24,-68.58171081542969,-2.8575713634490967,24,233
-79.81159210205078,-1.5962318181991577,50,-120.07394409179688,-2.4014787673950195,50,-126.12103271484375,-2.522420644760132,50,-82.41500854492188,-2.3547146320343018,35,-115.27333068847656,-2.305466651916504,50,-127.62831115722656,-2.5525662899017334,50,234
-41.96004104614258,-0.7111871242523193,59,-134.72518920898438,-2.283477783203125,59,-115.72573852539062,-1.9614531993865967,59,-33.60102844238281,-0.8195372819900513,41,-136.51626586914062,-2.3138349056243896,59,-110.6338119506836,-1.8751493692398071,59,235
-40.61563491821289,-1.2307767868041992,33,-67.90536499023438,-2.0577383041381836,33,-61.95501708984375,-1.877424716949463,33,-40.351112365722656,-1.4411112070083618,28,-67.15646362304688,-2.0350444316864014,33,-70.12457275390625,-2.1249871253967285,33,236
-221.04855346679688,-4.334285259246826,51,-188.86016845703125,-3.7031404972076416,51,-147.10556030273438,-2.884422779083252,51,-121.62427520751953,-2.8284714221954346,43,-185.87672424316406,-3.644641637802124,51,-147.2667694091797,-2.8875837326049805,51,237
-41.829986572265625,-1.3071870803833008,32,-87.28736877441406,-2.7277302742004395,32,-82.75935363769531,-2.5862298011779785,32,-107.37108612060547,-2.5564544200897217,42,-89.88700103759766,-2.8089687824249268,32,-82.0867919921875,-2.5652122497558594,32,238
-74.98583984375,-1.630126953125,46,-120.7540054321289,-2.625087022781372,46,-107.63973999023438,-2.339994430541992,46,-102.41902160644531,-2.2759783267974854,45,-137.99264526367188,-2.999840021133423,46,-104.79598999023438,-2.2781736850738525,46,239
-100.47247314453125,-2.33656907081604,43,-128.79632568359375,-2.9952633380889893,43,-95.3434829711914,-2.2172904014587402,43,-61.389991760253906,-2.2737033367156982,27,-110.7947998046875,-2.5766232013702393,43,-99.43461608886719,-2.3124330043792725,43,240
-60.993507385253906,-1.6484731435775757,37,-86.14297485351562,-2.328188419342041,37,-49.298248291015625,-1.3323850631713867,37,-60.89619445800781,-1.5224049091339111,40,-71.86846160888672,-1.9423907995224,37,-66.40706634521484,-1.7947856187820435,37,241
-44.559303283691406,-1.7823721170425415,25,-63.444236755371094,-2.5377695560455322,25,-82.7374038696289,-3.3094961643218994,25,-86.16703796386719,-2.209411144256592,39,-63.99322509765625,-2.5597290992736816,25,-74.13870239257812,-2.965548038482666,25,242
-82.021728515625,-2.103121280670166,39,-104.59808349609375,-2.682002067565918,39,-128.8417510986328,-3.3036346435546875,39,-123.20161437988281,-2.737813711166382,45,-114.91520690917969,-2.9465436935424805,39,-120.76950073242188,-3.096653938293457,39,243
-51.25570297241211,-1.31424880027771,39,-68.02423095703125,-1.7442110776901245,39,-59.57020568847656,-1.527441143989563,39,-75.91447448730469,-1.5815515518188477,48,-72.5367431640625,-1.8599164485931396,39,-102.39546203613281,-2.6255247592926025,39,244
-121.47303771972656,-2.6407182216644287,46,-139.45448303222656,-3.0316193103790283,46,-177.0199737548828,-3.8482604026794434,46,-157.93115234375,-4.049516677856445,39,-161.25477600097656,-3.5055387020111084,46,-186.8399200439453,-4.061737537384033,46,245
-87.00004577636719,-2.416667938232422,36,-95.3914794921875,-2.649763345718384,36,-104.08378601074219,-2.891216278076172,36,-98.09658813476562,-2.8851938247680664,34,-103.45736694335938,-2.8738157749176025,36,-110.12510681152344,-3.059030771255493,36,246
-61.27138137817383,-1.701982855796814,36,-67.10804748535156,-1.864112377166748,36,-47.545692443847656,-1.3207136392593384,36,-57.4443359375,-1.2222199440002441,47,-80.10037994384766,-2.225010633468628,36,-65.63661193847656,-1.8232392072677612,36,247
-87.63492584228516,-2.0380215644836426,43,-143.57919311523438,-3.3390510082244873,43,-140.046875,-3.256904125213623,43,-113.30728912353516,-3.5408527851104736,32,-138.92086791992188,-3.230717897415161,43,-153.14659118652344,-3.5615487098693848,43,248
-157.44281005859375,-3.2800586223602295,48,-141.511474609375,-2.948155641555786,48,-142.77569580078125,-2.9744937419891357,48,-67.15776062011719,-2.166379451751709,31,-156.1131591796875,-3.2523574829101562,48,-148.69212341308594,-3.097752571105957,48,249
-71.69271850585938,-1.8866504430770874,38,-183.5186309814453,-4.829437732696533,38,-247.0277557373047,-6.500730514526367,38,-289.72222900390625,-6.164302825927734,47,-189.30050659179688,-4.981592178344727,38,-239.34539794921875,-6.298563003540039,38,250
-77.66647338867188,-2.2843079566955566,34,-119.9183349609375,-3.527009963989258,34,-104.324951171875,-3.068380832672119,34,-76.41261291503906,-2.634917736053467,29,-109.59957122802734,-3.2235167026519775,34,-108.86964416503906,-3.2020483016967773,34,251
-117.58343505859375,-2.6723508834838867,44,-90.10920715332031,-2.04793643951416,44,-95.68899536132812,-2.1747498512268066,44,-66.76190948486328,-1.8544974327087402,36,-87.43989562988281,-1.9872703552246094,44,-76.29472351074219,-1.7339709997177124,44,252
-77.51085662841797,-1.9874578714370728,39,-132.08688354492188,-3.386843204498291,39,-107.48977661132812,-2.756148099899292,39,-79.6375961303711,-2.746124029159546,29,-145.2120819091797,-3.723386764526367,39,-115.8464584350586,-2.9704220294952393,39,253
-59.75117492675781,-2.2981221675872803,26,-82.18617248535156,-3.1610066890716553,26,-86.38948059082031,-3.3226723670959473,26,-113.2471694946289,-2.311166763305664,49,-88.74887084960938,-3.4134180545806885,26,-103.61639404296875,-3.985245943069458,26,254
-91.13381958007812,-2.222776174545288,41,-112.96310424804688,-2.755197763442993,41,-117.6607666015625,-2.86977481842041,41,-67.75323486328125,-3.764068603515625,18,-120.52732849121094,-2.9396908283233643,41,-119.10531616210938,-2.9050076007843018,41,255
-67.49252319335938,-1.9283578395843506,35,-92.76435089111328,-2.6504099369049072,35,-78.16268157958984,-2.2332193851470947,35,-68.93949890136719,-2.1543593406677246,32,-94.57138061523438,-2.7020394802093506,35,-80.21256256103516,-2.2917873859405518,35,256
-75.22380828857422,-1.8347270488739014,41,-100.2850112915039,-2.4459757804870605,41,-65.00601196289062,-1.5855125188827515,41,-88.64089965820312,-1.9697977304458618,45,-113.09773254394531,-2.75848126411438,41,-83.93941497802734,-2.047302722930908,41,257
-96.86727905273438,-2.5491390228271484,38,-132.18223571777344,-3.4784798622131348,38,-107.85354614257812,-2.8382511138916016,38,-39.44207763671875,-2.0758988857269287,19,-148.4251708984375,-3.9059255123138428,38,-132.32623291015625,-3.482269287109375,38,258
-96.82963562011719,-3.586282730102539,27,-174.3582763671875,-6.457714080810547,27,-192.3728790283203,-7.1249213218688965,27,-295.667236328125,-6.427548408508301,46,-182.89337158203125,-6.773828506469727,27,-204.48223876953125,-7.573416233062744,27,259
-130.6558074951172,-3.266395092010498,40,-109.85470581054688,-2.7463676929473877,40,-84.11524963378906,-2.1028811931610107,40,-75.76925659179688,-1.7220286130905151,44,-116.20014953613281,-2.905003786087036,40,-87.68167114257812,-2.1920418739318848,40,260
-153.34872436523438,-3.4851982593536377,44,-181.72674560546875,-4.130153179168701,44,-165.68218994140625,-3.7655043601989746,44,-77.94114685058594,-2.9977364540100098,26,-189.65309143066406,-4.31029748916626,44,-166.8124542236328,-3.791192054748535,44,261
-61.838253021240234,-2.2085089683532715,28,-54.2320671081543,-1.9368594884872437,28,-64.69660949707031,-2.3105931282043457,28,-62.589664459228516,-2.2353451251983643,28,-53.0042610168457,-1.8930093050003052,28,-76.63115692138672,-2.7368271350860596,28,262
-97.98699951171875,-2.7218611240386963,36,-111.17861938476562,-3.0882949829101562,36,-98.94998931884766,-2.748610734939575,36,-101.028076171875,-2.2960927486419678,44,-111.44807434082031,-3.0957798957824707,36,-106.53285217285156,-2.9592459201812744,36,263
-63.656646728515625,-1.8187613487243652,35,-111.75053405761719,-3.1928722858428955,35,-105.63157653808594,-3.018044948577881,35,-109.11981201171875,-3.3066608905792236,33,-111.91529846191406,-3.197579860687256,35,-122.46888732910156,-3.4991111755371094,35,264
-72.06639099121094,-2.0018441677093506,36,-75.2872085571289,-2.091311454772949,36,-72.718994140625,-2.019972085952759,36,-69.34446716308594,-2.1670145988464355,32,-75.53961181640625,-2.098322629928589,36,-79.41238403320312,-2.205899477005005,36,265
-62.58300018310547,-1.788085699081421,35,-120.96269226074219,-3.4560768604278564,35,-84.17671203613281,-2.4050488471984863,35,-96.11946868896484,-2.464601755142212,39,-83.28913879394531,-2.3796896934509277,35,-91.99037170410156,-2.628296375274658,35,266
-77.39108276367188,-2.036607503890991,38,-72.24811553955078,-1.9012662172317505,38,-98.96986389160156,-2.6044700145721436,38,-42.61489486694336,-1.5783294439315796,27,-78.40982055664062,-2.0634162425994873,38,-105.81591033935547,-2.7846291065216064,38,267
-82.50296020507812,-2.9465343952178955,28,-97.73621368408203,-3.490579128265381,28,-63.405517578125,-2.2644827365875244,28,-53.010128021240234,-1.963338017463684,27,-98.15180206298828,-3.5054214000701904,28,-62.62567138671875,-2.236631155014038,28,268
-83.57102966308594,-2.1428468227386475,39,-120.81265258789062,-3.0977604389190674,39,-112.4183349609375,-2.882521390914917,39,-103.34068298339844,-3.0394318103790283,34,-122.88523864746094,-3.1509034633636475,39,-124.00756072998047,-3.1796810626983643,39,269
-133.62570190429688,-3.1815643310546875,42,-105.98155212402344,-2.5233702659606934,42,-96.85920715332031,-2.3061716556549072,42,-75.2298355102539,-2.149423837661743,35,-102.16553497314453,-2.4325127601623535,42,-95.33285522460938,-2.2698299884796143,42,270
-128.22073364257812,-2.5644147396087646,50,-159.74334716796875,-3.194866895675659,50,-163.27420043945312,-3.265484094619751,50,-90.62580871582031,-2.589308738708496,35,-138.6837158203125,-2.773674249649048,50,-169.7960205078125,-3.395920515060425,50,271
-75.40493774414062,-2.600170373916626,29,-103.99891662597656,-3.586169481277466,29,-97.88158416748047,-3.3752269744873047,29,-140.2908935546875,-3.1175754070281982,45,-94.56095886230469,-3.2607226371765137,29,-92.3274917602539,-3.183706521987915,29,272
-85.42085266113281,-2.6694016456604004,32,-100.25733184814453,-3.1330416202545166,32,-73.37373352050781,-2.292929172515869,32,-56.46331024169922,-2.0165467262268066,28,-97.31201934814453,-3.0410006046295166,32,-80.95243835449219,-2.529763698577881,32,273
-72.45986938476562,-1.9583748579025269,37,-115.11178588867188,-3.1111292839050293,37,-117.63174438476562,-3.17923641204834,37,-49.842838287353516,-2.3734683990478516,21,-121.54521179199219,-3.285005807876587,37,-130.17628479003906,-3.518277883529663,37,274
-29.18492889404297,-1.00637686252594,29,-72.05915069580078,-2.4847981929779053,29,-55.477134704589844,-1.9130046367645264,29,-43.00443649291992,-1.720177412033081,25,-85.36437225341797,-2.943598985671997,29,-63.675682067871094,-2.1957132816314697,29,275
-40.136714935302734,-0.9334119558334351,43,-53.861488342285156,-1.2525928020477295,43,-55.43642044067383,-1.2892190217971802,43,-18.8845272064209,-0.48421865701675415,39,-55.392330169677734,-1.288193702697754,43,-68.12076568603516,-1.584203839302063,43,276
-104.81388854980469,-2.139059066772461,49,-116.80552673339844,-2.383786201477051,49,-131.09478759765625,-2.6754038333892822,49,-50.88459396362305,-1.4966057538986206,34,-130.863037109375,-2.6706743240356445,49,-131.37579345703125,-2.681138753890991,49,277
-58.55525588989258,-2.5458807945251465,23,-65.40550231933594,-2.843717575073242,23,-48.002315521240234,-2.087057113647461,23,-67.21560668945312,-2.489466905593872,27,-69.47508239746094,-3.020655870437622,23,-51.283119201660156,-2.229700803756714,23,278
-137.9166259765625,-2.934396266937256,47,-170.89224243164062,-3.636005163192749,47,-148.218505859375,-3.153585195541382,47,-44.43137741088867,-1.8513073921203613,24,-175.33644104003906,-3.730562686920166,47,-145.75701904296875,-3.101213216781616,47,279
-74.46643829345703,-2.659515619277954,28,-101.5892105102539,-3.628185987472534,28,-79.45974731445312,-2.83784818649292,28,-72.10374450683594,-3.1349453926086426,23,-93.46635437011719,-3.3380839824676514,28,-91.27120971679688,-3.25968599319458,28,280
-82.12277221679688,-3.0415842533111572,27,-154.25140380859375,-5.713015079498291,27,-174.21034240722656,-6.452234745025635,27,-287.8887939453125,-6.125293254852295,47,-158.61605834960938,-5.874668598175049,27,-180.1083984375,-6.670681476593018,27,281
-107.20891571044922,-3.350278615951538,32,-98.71408081054688,-3.08481502532959,32,-62.13664245605469,-1.941770076751709,32,-62.89972686767578,-1.5724931955337524,40,-96.29792785644531,-3.009310245513916,32,-83.90800476074219,-2.6221251487731934,32,282
-100.11334228515625,-4.004533767700195,25,-147.75668334960938,-5.910267353057861,25,-164.76181030273438,-6.590472221374512,25,-285.658935546875,-6.209976673126221,46,-154.695556640625,-6.187822341918945,25,-178.06478881835938,-7.122591495513916,25,283
-105.97919464111328,-2.207899808883667,48,-100.94469451904297,-2.1030144691467285,48,-135.23434448242188,-2.8173820972442627,48,-55.809814453125,-1.7440567016601562,32,-107.6595230102539,-2.2429068088531494,48,-161.86810302734375,-3.3722522258758545,48,284
-65.53477478027344,-2.047961711883545,32,-69.8232192993164,-2.1819756031036377,32,-86.56458282470703,-2.7051432132720947,32,-62.86945343017578,-2.418056011199951,26,-67.57472229003906,-2.1117100715637207,32,-88.03128051757812,-2.7509775161743164,32,285
-75.87269592285156,-2.4475064277648926,31,-53.53248596191406,-1.7268544435501099,31,-43.245391845703125,-1.395012617111206,31,-22.101329803466797,-0.7367109656333923,30,-44.73261642456055,-1.4429876804351807,31,-41.35209655761719,-1.3339385986328125,31,286
-134.45018005371094,-2.8010454177856445,48,-128.40725708007812,-2.6751511096954346,48,-129.95779418945312,-2.707453966140747,48,-59.182613372802734,-2.276254415512085,26,-133.47311401367188,-2.7806899547576904,48,-125.20155334472656,-2.608365774154663,48,287
-56.87175750732422,-2.0311341285705566,28,-71.63716125488281,-2.5584700107574463,28,-80.658935546875,-2.88067626953125,28,-78.76917266845703,-3.02958345413208,26,-84.4054946899414,-3.014482021331787,28,-82.3177719116211,-2.939920425415039,28,288
-40.18626403808594,-0.9801527857780457,41,-103.35791015625,-2.5209245681762695,41,-88.71752166748047,-2.163841962814331,41,-79.35113525390625,-1.9353935718536377,41,-123.77706909179688,-3.0189528465270996,41,-95.12686157226562,-2.320167303085327,41,289
-46.43590545654297,-1.547863483428955,30,-86.0843505859375,-2.869478464126587,30,-74.64874267578125,-2.4882915019989014,30,-38.735206604003906,-2.2785415649414062,17,-81.84870910644531,-2.728290319442749,30,-90.94064331054688,-3.0313546657562256,30,290
-48.469215393066406,-1.5146629810333252,32,-40.272789001464844,-1.2585246562957764,32,-56.483333587646484,-1.7651041746139526,32,-26.811885833740234,-0.9930328130722046,27,-52.83079528808594,-1.6509623527526855,32,-54.952880859375,-1.7172775268554688,32,291
-54.992706298828125,-1.6174325942993164,34,-77.58175659179688,-2.2818164825439453,34,-78.95645141601562,-2.3222484588623047,34,-104.97840881347656,-2.4413583278656006,43,-87.65910339355469,-2.5782089233398438,34,-90.33329772949219,-2.6568617820739746,34,292
-134.40756225585938,-3.0547173023223877,44,-160.43618774414062,-3.6462769508361816,44,-155.40695190429688,-3.5319762229919434,44,-96.3959732055664,-3.3239991664886475,29,-152.71189880371094,-3.4707250595092773,44,-154.5809783935547,-3.5132040977478027,44,293
-75.38679504394531,-1.6388434171676636,46,-103.86564636230469,-2.257948875427246,46,-100.13044738769531,-2.176748752593994,46,-93.2777328491211,-2.275066614151001,41,-126.26988220214844,-2.744997501373291,46,-108.56907653808594,-2.3601973056793213,46,294
-89.6277847290039,-2.084367036819458,43,-125.5138931274414,-2.9189276695251465,43,-101.3851089477539,-2.3577933311462402,43,-99.94918060302734,-2.1265783309936523,47,-121.12242126464844,-2.816800594329834,43,-119.05809020996094,-2.7687928676605225,43,295
-92.39219665527344,-2.7997634410858154,33,-95.80902099609375,-2.903303623199463,33,-102.20800018310547,-3.097212076187134,33,-87.47057342529297,-1.987967610359192,44,-97.36473083496094,-2.950446367263794,33,-98.72572326660156,-2.9916884899139404,33,296
-75.58071899414062,-1.8895180225372314,40,-104.82440948486328,-2.620610237121582,40,-110.65821838378906,-2.7664554119110107,40,-50.923011779785156,-1.8186789751052856,28,-107.50047302246094,-2.687511920928955,40,-93.92100524902344,-2.34802508354187,40,297
-101.08358764648438,-2.807877540588379,36,-124.04541015625,-3.4457058906555176,36,-109.90103149414062,-3.0528063774108887,36,-109.21630859375,-2.4270291328430176,45,-128.18487548828125,-3.5606908798217773,36,-89.04386901855469,-2.4734408855438232,36,298
-97.875732421875,-3.4955618381500244,28,-99.15363311767578,-3.541201114654541,28,-100.10755920410156,-3.575269937515259,28,-101.01126098632812,-2.5900323390960693,39,-97.96989440917969,-3.498924732208252,28,-92.01531219482422,-3.2862610816955566,28,299
-64.73738861083984,-1.7496591806411743,37,-121.6482925415039,-3.2877917289733887,37,-147.76229858398438,-3.9935755729675293,37,-148.97882080078125,-3.9204952716827393,38,-149.29441833496094,-4.034984111785889,37,-144.82940673828125,-3.9143083095550537,37,300
-115.81062316894531,-2.969503164291382,39,-142.7716064453125,-3.6608104705810547,39,-109.8750228881836,-2.817308187484741,39,-93.95453643798828,-2.472487688064575,38,-143.5334014892578,-3.6803436279296875,39,-100.04109191894531,-2.5651562213897705,39,301
-84.80487060546875,-1.8845527172088623,45,-114.02935028076172,-2.5339856147766113,45,-150.20721435546875,-3.337938070297241,45,-58.7912712097168,-2.3516509532928467,25,-120.99725341796875,-2.6888277530670166,45,-149.2333526611328,-3.3162968158721924,45,302
-54.182533264160156,-1.2040562629699707,45,-68.86444091796875,-1.5303208827972412,45,-97.569580078125,-2.168212890625,45,-18.218311309814453,-0.6282176375389099,29,-89.17149353027344,-1.9815887212753296,45,-85.65632629394531,-1.903473973274231,45,303
-61.873233795166016,-1.3164517879486084,47,-130.4065399169922,-2.7746071815490723,47,-117.14155578613281,-2.492373466491699,47,-113.14739227294922,-2.901215076446533,39,-123.60765838623047,-2.6299502849578857,47,-134.36373901367188,-2.8588030338287354,47,304
-56.71015167236328,-1.2888671159744263,44,-85.63980865478516,-1.9463592767715454,44,-87.26020812988281,-1.9831866025924683,44,-81.71495056152344,-1.776412010192871,46,-76.45866394042969,-1.737696886062622,44,-99.20794677734375,-2.2547261714935303,44,305
-96.90176391601562,-1.9000345468521118,51,-168.55931091308594,-3.305084466934204,51,-178.123291015625,-3.4926135540008545,51,-140.29501342773438,-3.4218297004699707,41,-179.3957061767578,-3.5175628662109375,51,-170.78225708007812,-3.3486716747283936,51,306
-82.04328918457031,-2.4130380153656006,34,-117.05577087402344,-3.442816734313965,34,-104.541748046875,-3.0747573375701904,34,-110.70401763916016,-2.9920005798339844,37,-102.84954833984375,-3.024986743927002,34,-125.05320739746094,-3.6780354976654053,34,307
-41.513832092285156,-0.9434961676597595,44,-68.65188598632812,-1.5602701902389526,44,-124.74925994873047,-2.8352105617523193,44,-44.25886154174805,-1.4752954244613647,30,-61.734222412109375,-1.4030505418777466,44,-130.213134765625,-2.9593894481658936,44,308
-56.64910888671875,-1.205300211906433,47,-98.35057067871094,-2.0925652980804443,47,-99.29949951171875,-2.112755298614502,47,-80.10497283935547,-1.6347953081130981,49,-96.8301773071289,-2.0602164268493652,47,-96.80665588378906,-2.059715986251831,47,309
-70.98246002197266,-2.535087823867798,28,-79.8840103149414,-2.8530004024505615,28,-30.24791145324707,-1.0802825689315796,28,-32.068260192871094,-1.105802059173584,29,-76.3324966430664,-2.7261605262756348,28,-37.545589447021484,-1.3409138917922974,28,310
-95.38864135742188,-2.9808950424194336,32,-106.94879150390625,-3.3421497344970703,32,-108.75872802734375,-3.398710250854492,32,-105.55882263183594,-3.909585952758789,27,-111.64216613769531,-3.4888176918029785,32,-111.9024658203125,-3.4969520568847656,32,311
-94.70691680908203,-2.2549266815185547,42,-125.97547149658203,-2.999415874481201,42,-125.53533935546875,-2.98893666267395,42,-94.89215087890625,-2.8755197525024414,33,-127.42840576171875,-3.0340096950531006,42,-120.94107055664062,-2.879549264907837,42,312
-59.061744689941406,-1.476543664932251,40,-53.08736038208008,-1.3271839618682861,40,-66.4073486328125,-1.6601836681365967,40,-56.276268005371094,-1.1724222898483276,48,-54.14314651489258,-1.3535786867141724,40,-62.259521484375,-1.556488037109375,40,313
-90.63052368164062,-3.021017551422119,30,-75.29347229003906,-2.509782314300537,30,-53.565521240234375,-1.7855173349380493,30,-51.227333068847656,-1.7664597034454346,29,-84.27479553222656,-2.809159755706787,30,-62.615299224853516,-2.087176561355591,30,314
-114.87687683105469,-2.2975375652313232,50,-148.14102172851562,-2.962820529937744,50,-123.73657989501953,-2.474731683731079,50,-119.20468139648438,-2.3840935230255127,50,-145.67697143554688,-2.913539409637451,50,-124.07568359375,-2.481513738632202,50,315
-118.41986846923828,-3.947329044342041,30,-59.17870330810547,-1.9726234674453735,30,-45.01776123046875,-1.5005919933319092,30,-44.365325927734375,-1.1990628242492676,37,-55.65254592895508,-1.8550848960876465,30,-49.54196548461914,-1.6513988971710205,30,316
-78.61205291748047,-1.6377511024475098,48,-134.83995056152344,-2.8091657161712646,48,-162.83189392089844,-3.392331123352051,48,-61.56636428833008,-2.56526517868042,24,-137.9292449951172,-2.873525857925415,48,-150.90505981445312,-3.143855333328247,48,317
-83.44212341308594,-2.877314567565918,29,-86.34925079345703,-2.97756028175354,29,-83.06867980957031,-2.8644373416900635,29,-81.83468627929688,-2.727822780609131,30,-87.36253356933594,-3.0125012397766113,29,-81.59274291992188,-2.8135428428649902,29,318
-64.68559265136719,-2.0214247703552246,32,-85.36088562011719,-2.667527675628662,32,-108.48585510253906,-3.3901829719543457,32,-65.3359603881836,-2.840693950653076,23,-116.16455078125,-3.6301422119140625,32,-100.68864440917969,-3.1465201377868652,32,319
-84.92327880859375,-1.9749599695205688,43,-176.38124084472656,-4.101889133453369,43,-154.6475830078125,-3.5964553356170654,43,-91.61936950683594,-3.6647748947143555,25,-191.02947998046875,-4.4425458908081055,43,-188.69602966308594,-4.388279914855957,43,320
-110.08317565917969,-4.233968257904053,26,-76.62042236328125,-2.94693922996521,26,-59.612388610839844,-2.2927842140197754,26,-70.78658294677734,-1.9662939310073853,36,-88.3284912109375,-3.397249698638916,26,-86.21422576904297,-3.315931797027588,26,321
-84.84405517578125,-2.02009654045105,42,-78.96405029296875,-1.880096435546875,42,-64.55012512207031,-1.5369077920913696,42,-48.81529998779297,-1.1906170845031738,41,-92.37715148925781,-2.199455976486206,42,-55.84852981567383,-1.3297269344329834,42,322
-58.7840576171875,-1.72894287109375,34,-71.34306335449219,-2.098325490951538,34,-87.26361083984375,-2.5665767192840576,34,-57.64289855957031,-2.1349222660064697,27,-80.18112182617188,-2.3582682609558105,34,-91.20081329345703,-2.6823768615722656,34,323
-95.04792785644531,-3.520293712615967,27,-92.3819580078125,-3.4215540885925293,27,-65.23591613769531,-2.416145086288452,27,-67.98733520507812,-1.7432650327682495,39,-83.20001983642578,-3.081482172012329,27,-73.18512725830078,-2.7105603218078613,27,324
-88.36216735839844,-2.4545047283172607,36,-121.45976257324219,-3.373882293701172,36,-98.10043334960938,-2.7250120639801025,36,-114.24880981445312,-2.5965638160705566,44,-105.04545593261719,-2.9179294109344482,36,-93.19007873535156,-2.588613271713257,36,325
-53.818180084228516,-1.312638521194458,41,-79.37525939941406,-1.9359819889068604,41,-79.0867919921875,-1.9289461374282837,41,-63.633934020996094,-1.5520471334457397,41,-89.10459899902344,-2.1732828617095947,41,-84.85169982910156,-2.0695536136627197,41,326
-44.57939147949219,-1.0873022079467773,41,-89.26183319091797,-2.1771178245544434,41,-102.0669174194336,-2.4894371032714844,41,-104.08656311035156,-2.4206178188323975,43,-98.95179748535156,-2.4134585857391357,41,-109.6778793334961,-2.675070285797119,41,327
-75.07727813720703,-2.5025758743286133,30,-63.684967041015625,-2.1228322982788086,30,-59.82954406738281,-1.9943181276321411,30,-54.137184143066406,-1.8045728206634521,30,-95.13734436035156,-3.1712448596954346,30,-68.44959259033203,-2.2816531658172607,30,328
-105.285400390625,-2.105708122253418,50,-142.0701141357422,-2.841402292251587,50,-120.38447570800781,-2.4076895713806152,50,-80.84994506835938,-2.1276302337646484,38,-143.6250762939453,-2.8725016117095947,50,-127.00517272949219,-2.5401034355163574,50,329
-101.28919982910156,-2.813588857650757,36,-100.1375732421875,-2.781599283218384,36,-92.42071533203125,-2.56724214553833,36,-84.09945678710938,-2.47351336479187,34,-100.883056640625,-2.80230712890625,36,-101.79692077636719,-2.8276922702789307,36,330
-63.97205352783203,-2.460463523864746,26,-80.15056610107422,-3.082714080810547,26,-79.50881958007812,-3.0580315589904785,26,-67.34144592285156,-2.4050517082214355,28,-88.9027099609375,-3.419334888458252,26,-84.99343872070312,-3.2689783573150635,26,331
-72.70673370361328,-1.8642752170562744,39,-107.68144226074219,-2.7610626220703125,39,-114.7960433959961,-2.943488359451294,39,-80.46435546875,-2.5956244468688965,31,-124.45248413085938,-3.191089391708374,39,-124.60279846191406,-3.19494366645813,39,332
-116.37005615234375,-2.9838476181030273,39,-112.34483337402344,-2.880636692047119,39,-101.43797302246094,-2.600973606109619,39,-19.708723068237305,-0.9385105967521667,21,-106.69818115234375,-2.7358508110046387,39,-82.65618896484375,-2.119389533996582,39,333
-27.32956886291504,-1.0931828022003174,25,-102.56682586669922,-4.102673053741455,25,-89.71147918701172,-3.5884592533111572,25,-93.58935546875,-3.7435741424560547,25,-109.70808410644531,-4.3883233070373535,25,-91.16523742675781,-3.6466095447540283,25,334
-87.39579772949219,-2.240917921066284,39,-101.92292785644531,-2.613408327102661,39,-109.57817840576172,-2.809696912765503,39,-110.20235443115234,-2.448941230773926,45,-85.50628662109375,-2.1924688816070557,39,-91.33749389648438,-2.341987133026123,39,335
-74.01626586914062,-1.6090492010116577,46,-130.59571838378906,-2.8390374183654785,46,-102.566162109375,-2.22969913482666,46,-90.59319305419922,-2.209589958190918,41,-124.44969177246094,-2.705428123474121,46,-97.51016998291016,-2.119786262512207,46,336
-82.62002563476562,-2.581875801086426,32,-76.41696166992188,-2.3880300521850586,32,-83.79804992675781,-2.6186890602111816,32,-108.77632141113281,-2.862534761428833,38,-78.98146057128906,-2.468170642852783,32,-102.68907165527344,-3.209033489227295,32,337
-57.357940673828125,-2.124368190765381,27,-74.26225280761719,-2.7504537105560303,27,-89.12834930419922,-3.3010499477386475,27,-81.62677001953125,-2.7208924293518066,30,-97.1197509765625,-3.5970277786254883,27,-83.30061340332031,-3.085207939147949,27,338
-86.48251342773438,-2.8827505111694336,30,-125.14109802246094,-4.171370029449463,30,-122.49856567382812,-4.083285331726074,30,-130.73260498046875,-3.1886000633239746,41,-133.23159790039062,-4.44105339050293,30,-136.0053253173828,-4.533510684967041,30,339
-96.9792251586914,-2.3090291023254395,42,-158.43896484375,-3.7723562717437744,42,-139.73281860351562,-3.3269717693328857,42,-88.4610366821289,-5.203590393066406,17,-153.282470703125,-3.649582624435425,42,-153.33602905273438,-3.650857925415039,42,340
-77.67908477783203,-1.8946118354797363,41,-89.86727142333984,-2.191884756088257,41,-116.41848754882812,-2.839475393295288,41,-62.09391784667969,-2.0030295848846436,31,-91.30619049072266,-2.226980209350586,41,-117.38383483886719,-2.863020420074463,41,341
-60.100311279296875,-1.8781347274780273,32,-96.0918960571289,-3.0028717517852783,32,-73.95341491699219,-2.311044216156006,32,-56.01624298095703,-1.9315946102142334,29,-94.69468688964844,-2.9592089653015137,32,-72.45030975341797,-2.2640721797943115,32,342
-89.08185577392578,-2.1727283000946045,41,-93.9143295288086,-2.290593385696411,41,-94.7257080078125,-2.3103830814361572,41,-90.38631439208984,-2.9156875610351562,31,-103.14904022216797,-2.5158302783966064,41,-95.58901977539062,-2.33143949508667,41,343
-121.4721908569336,-2.892194986343384,42,-142.93125915527344,-3.403125286102295,42,-115.87877655029297,-2.7590184211730957,42,-90.99327087402344,-2.6762726306915283,34,-133.44674682617188,-3.1773035526275635,42,-126.05521392822266,-3.001314640045166,42,344
-150.38082885742188,-2.948643684387207,51,-132.34666442871094,-2.5950326919555664,51,-133.18966674804688,-2.6115620136260986,51,-69.03044128417969,-2.55668306350708,27,-135.62890625,-2.6593902111053467,51,-155.8529510498047,-3.0559401512145996,51,345
-254.4183807373047,-6.205326557159424,41,-193.11422729492188,-4.7101030349731445,41,-145.9550018310547,-3.55987811088562,41,-107.52099609375,-4.135422706604004,26,-200.29534912109375,-4.885252475738525,41,-136.2950439453125,-3.3242692947387695,41,346
-56.983577728271484,-1.7807368040084839,32,-73.16065979003906,-2.2862706184387207,32,-83.86875915527344,-2.620898723602295,32,-79.84220123291016,-2.4950687885284424,32,-85.33819580078125,-2.666818618774414,32,-94.76850891113281,-2.9615159034729004,32,347
-84.14292907714844,-3.1164047718048096,27,-85.81675720214844,-3.178398370742798,27,-90.32817077636719,-3.3454878330230713,27,-78.9349136352539,-1.7939753532409668,44,-89.342041015625,-3.308964490890503,27,-75.53048706054688,-2.7974255084991455,27,348
-48.54713439941406,-1.3485314846038818,36,-176.98861694335938,-4.916350364685059,36,-227.02403259277344,-6.306222915649414,36,-279.3792724609375,-6.07346248626709,46,-182.65896606445312,-5.073860168457031,36,-241.8417205810547,-6.717825412750244,36,349
-127.439208984375,-3.53997802734375,36,-84.40789031982422,-2.344663619995117,36,-51.501014709472656,-1.4305837154388428,36,-38.58606719970703,-1.2447118759155273,31,-74.9638900756836,-2.0823302268981934,36,-58.45818328857422,-1.6238384246826172,36,350
-55.093162536621094,-1.4498200416564941,38,-86.69612884521484,-2.2814769744873047,38,-112.49190521240234,-2.960313320159912,38,-63.607147216796875,-2.3558201789855957,27,-91.17888641357422,-2.399444341659546,38,-105.56483459472656,-2.778022050857544,38,351
-40.968406677246094,-1.4631574153900146,28,-55.74501037597656,-1.9908932447433472,28,-68.17903900146484,-2.4349656105041504,28,-54.582183837890625,-2.0993146896362305,26,-81.46981811523438,-2.9096362590789795,28,-77.05996704101562,-2.7521417140960693,28,352
-70.99646759033203,-1.6903921365737915,42,-100.91592407226562,-2.4027600288391113,42,-122.05472564697266,-2.906064987182617,42,-50.3603401184082,-1.678678035736084,30,-99.87992095947266,-2.3780932426452637,42,-124.05264282226562,-2.953634262084961,42,353
-106.912353515625,-2.32418155670166,46,-123.21827697753906,-2.6786582469940186,46,-123.59947967529297,-2.6869451999664307,46,-118.6089096069336,-2.824021577835083,42,-139.71533203125,-3.03728985786438,46,-129.82669067382812,-2.822319269180298,46,354
-69.41148376464844,-1.6526544094085693,42,-243.15704345703125,-5.789453506469727,42,-255.64866638183594,-6.0868730545043945,42,-286.1605224609375,-6.088521957397461,47,-243.90606689453125,-5.807287216186523,42,-262.8897705078125,-6.259280204772949,42,355
-48.689735412597656,-1.4754465818405151,33,-128.54098510742188,-3.89518141746521,33,-124.40631103515625,-3.769888162612915,33,-121.58723449707031,-2.643200635910034,46,-129.51699829101562,-3.924757480621338,33,-131.50274658203125,-3.984931707382202,33,356
-99.69963073730469,-2.2659006118774414,44,-98.58826446533203,-2.2406423091888428,44,-105.70831298828125,-2.4024617671966553,44,-60.064964294433594,-1.8770301342010498,32,-101.173583984375,-2.2993996143341064,44,-116.24329376220703,-2.641893148422241,44,357
-100.35285186767578,-3.0409955978393555,33,-50.51780700683594,-1.530842661857605,33,-55.311668395996094,-1.6761112213134766,33,-42.67814636230469,-1.2932771444320679,33,-86.25345611572266,-2.613741159439087,33,-55.18851089477539,-1.6723791360855103,33,358
-112.24642944335938,-3.0336873531341553,37,-149.39694213867188,-4.037755012512207,37,-137.803466796875,-3.7244179248809814,37,-83.68962097167969,-3.2188315391540527,26,-138.65892028808594,-3.7475383281707764,37,-128.59902954101562,-3.475649356842041,37,359
-186.62640380859375,-4.057095527648926,46,-191.61544799804688,-4.165553092956543,46,-148.52352905273438,-3.2287724018096924,46,-123.87004089355469,-3.347838878631592,37,-186.915771484375,-4.0633864402771,46,-160.26397705078125,-3.483999490737915,46,360
-92.54396057128906,-2.257169723510742,41,-123.53205108642578,-3.012976884841919,41,-89.21827697753906,-2.176055431365967,41,-85.73556518554688,-2.1433892250061035,40,-122.13385009765625,-2.978874444961548,41,-97.06541442871094,-2.3674490451812744,41,361
-157.10247802734375,-3.2061729431152344,49,-114.6429672241211,-2.3396522998809814,49,-109.805908203125,-2.2409369945526123,49,-68.67095184326172,-1.760793685913086,39,-144.15988159179688,-2.9420382976531982,49,-117.74327850341797,-2.402924060821533,49,362
-85.93339538574219,-2.0959365367889404,41,-66.97879028320312,-1.6336290836334229,41,-59.57987976074219,-1.4531677961349487,41,-53.154144287109375,-1.1073780059814453,48,-81.94063568115234,-1.9985520839691162,41,-73.05047607421875,-1.7817189693450928,41,363
-88.48930358886719,-2.0578908920288086,43,-97.79107666015625,-2.2742111682891846,43,-95.98509979248047,-2.2322115898132324,43,-51.89148712158203,-1.789361596107483,29,-104.1865463256836,-2.422942876815796,43,-93.98567962646484,-2.185713529586792,43,364
-76.44450378417969,-2.73016095161438,28,-170.760498046875,-6.0985894203186035,28,-210.09609985351562,-7.503432273864746,28,-299.6158142089844,-6.2419962882995605,48,-152.35545349121094,-5.441266059875488,28,-200.24278259277344,-7.1515278816223145,28,365
-47.719947814941406,-2.16908860206604,22,-70.16183471679688,-3.1891744136810303,22,-72.39508056640625,-3.2906854152679443,22,-86.43848419189453,-2.4696710109710693,35,-52.21903991699219,-2.3735926151275635,22,-59.283935546875,-2.6947243213653564,22,366
-90.4046859741211,-1.9235039949417114,47,-240.97296142578125,-5.127084255218506,47,-282.6360778808594,-6.013533592224121,47,-294.40362548828125,-6.400078773498535,46,-231.43722534179688,-4.924196243286133,47,-281.13812255859375,-5.981662273406982,47,367
-78.15188598632812,-1.8607591390609741,42,-110.836181640625,-2.6389567852020264,42,-103.5965576171875,-2.4665846824645996,42,-82.58157348632812,-2.117476224899292,39,-86.21976470947266,-2.052851438522339,42,-88.86004638671875,-2.115715503692627,42,368
-57.087852478027344,-1.297451138496399,44,-46.02284240722656,-1.0459736585617065,44,-54.92979431152344,-1.2484043836593628,44,-42.86656188964844,-1.0455259084701538,41,-68.68363952636719,-1.5609917640686035,44,-75.33444213867188,-1.7121464014053345,44,369
-69.50381469726562,-1.4479961395263672,48,-155.39328002929688,-3.2373600006103516,48,-167.41119384765625,-3.4877331256866455,48,-140.0200653076172,-3.6847386360168457,38,-174.82894897460938,-3.6422698497772217,48,-177.29718017578125,-3.6936912536621094,48,370
-53.14892578125,-1.6609039306640625,32,-117.26714324951172,-3.664598226547241,32,-136.64340209960938,-4.270106315612793,32,-145.97091674804688,-3.4754979610443115,42,-125.20515441894531,-3.912661075592041,32,-127.95028686523438,-3.998446464538574,32,371
-90.30730438232422,-2.1501739025115967,42,-185.21820068359375,-4.409956932067871,42,-143.95584106445312,-3.4275200366973877,42,-104.2015380859375,-2.977186918258667,35,-176.20852661132812,-4.195441246032715,42,-134.80865478515625,-3.2097299098968506,42,372
-56.14781951904297,-1.8112199306488037,31,-85.83289337158203,-2.768803119659424,31,-96.22593688964844,-3.104062557220459,31,-67.02250671386719,-2.4823150634765625,27,-77.68302917480469,-2.505904197692871,31,-83.48872375488281,-2.6931846141815186,31,373
-25.690248489379883,-1.027609944343567,25,-109.39550018310547,-4.375820159912109,25,-117.84130859375,-4.71365213394165,25,-105.12434387207031,-2.628108501434326,40,-108.73771667480469,-4.349508762359619,25,-106.14591979980469,-4.2458367347717285,25,374
-88.24571228027344,-3.0429556369781494,29,-66.78462219238281,-2.302917957305908,29,-46.46649169921875,-1.602292776107788,29,-16.882770538330078,-0.4019707143306732,42,-59.20982360839844,-2.041718006134033,29,-54.54582214355469,-1.8808903694152832,29,375
-63.9852294921875,-1.4218939542770386,45,-124.56571960449219,-2.768127202987671,45,-98.22547912597656,-2.182788372039795,45,-79.58892822265625,-2.210803508758545,36,-128.22694396972656,-2.849487543106079,45,-118.0921859741211,-2.6242709159851074,45,376
-80.26445770263672,-2.4322562217712402,33,-83.54963684082031,-2.5318071842193604,33,-79.70399475097656,-2.4152724742889404,33,-62.051605224609375,-1.3489478826522827,46,-84.03558349609375,-2.5465328693389893,33,-83.62628936767578,-2.534130096435547,33,377
-98.31840515136719,-2.8090972900390625,35,-106.69754028320312,-3.0485012531280518,35,-78.10982513427734,-2.2317092418670654,35,-17.794755935668945,-0.8897377848625183,20,-119.80460357666016,-3.4229886531829834,35,-97.95248413085938,-2.79864239692688,35,378
-107.12139129638672,-3.8257639408111572,28,-123.56037902832031,-4.41287088394165,28,-86.52639770507812,-3.09022855758667,28,-115.0687484741211,-2.5014946460723877,46,-129.46751403808594,-4.623839855194092,28,-82.76028442382812,-2.9557244777679443,28,379
-87.9886474609375,-3.384178638458252,26,-92.27732849121094,-3.5491280555725098,26,-84.3485107421875,-3.244173526763916,26,-44.495025634765625,-2.617354393005371,17,-88.11541748046875,-3.389054536819458,26,-74.20298767089844,-2.8539609909057617,26,380
-111.40493774414062,-3.1829981803894043,35,-74.32614135742188,-2.1236040592193604,35,-76.07298278808594,-2.173513889312744,35,-76.55006408691406,-1.6287248134613037,47,-63.73690414428711,-1.821054458618164,35,-91.00027465820312,-2.6000077724456787,35,381
-75.25411987304688,-2.8943891525268555,26,-175.35079956054688,-6.744261741638184,26,-184.7862548828125,-7.107163429260254,26,-279.70611572265625,-6.215691566467285,45,-167.785888671875,-6.453303337097168,26,-189.50865173339844,-7.28879451751709,26,382
-70.79242706298828,-1.4748421907424927,48,-83.85588073730469,-1.7469974756240845,48,-91.59500885009766,-1.9082293510437012,48,-82.84873962402344,-1.801059603691101,46,-92.46913146972656,-1.9264402389526367,48,-106.99253845214844,-2.229011297225952,48,383
-166.45281982421875,-3.396996259689331,49,-144.82107543945312,-2.9555320739746094,49,-150.97091674804688,-3.0810391902923584,49,-80.6209716796875,-2.3712050914764404,34,-147.6396484375,-3.013054132461548,49,-153.69931030273438,-3.136720657348633,49,384
-98.27127838134766,-3.0709774494171143,32,-87.09919738769531,-2.7218499183654785,32,-89.82476806640625,-2.8070240020751953,32,-56.28959655761719,-1.3729169368743896,41,-114.66593933105469,-3.583310604095459,32,-91.02207946777344,-2.84443998336792,32,385
-30.893281936645508,-0.9965574741363525,31,-67.56293487548828,-2.1794495582580566,31,-91.44053649902344,-2.9496946334838867,31,-81.8699951171875,-3.2747998237609863,25,-77.71147155761719,-2.506821632385254,31,-92.8162841796875,-2.9940736293792725,31,386
-61.01836395263672,-1.6491450071334839,37,-93.03852844238281,-2.514554738998413,37,-113.81533813476562,-3.0760903358459473,37,-85.00843811035156,-2.6565136909484863,32,-101.577392578125,-2.7453348636627197,37,-113.49302673339844,-3.0673789978027344,37,387
-94.22013854980469,-2.0482637882232666,46,-208.02426147460938,-4.522266387939453,46,-282.1686706542969,-6.134101390838623,46,-278.58636474609375,-6.190808296203613,45,-196.11135864257812,-4.2632904052734375,46,-285.32427978515625,-6.202701568603516,46,388
-178.26588439941406,-4.051497459411621,44,-144.0570526123047,-3.27402400970459,44,-125.89781188964844,-2.861313819885254,44,-56.50428009033203,-2.018009901046753,28,-149.69140625,-3.4020774364471436,44,-115.95091247558594,-2.6352479457855225,44,389
-76.95796203613281,-2.025209426879883,38,-124.61698913574219,-3.2793943881988525,38,-107.79264831542969,-2.83664870262146,38,-93.8253173828125,-2.759568214416504,34,-119.8214340209961,-3.15319561958313,38,-114.84201049804688,-3.022158145904541,38,390
-55.4373779296875,-1.7324180603027344,32,-114.83186340332031,-3.5884957313537598,32,-99.60249328613281,-3.1125779151916504,32,-103.21131134033203,-3.127615451812744,33,-117.37744140625,-3.6680450439453125,32,-101.14875793457031,-3.1608986854553223,32,391
-93.71400451660156,-3.0230324268341064,31,-95.0672607421875,-3.066685914993286,31,-80.43794250488281,-2.5947723388671875,31,-75.49481201171875,-1.8413368463516235,41,-102.19898986816406,-3.2967417240142822,31,-85.86737823486328,-2.7699153423309326,31,392
-93.79878234863281,-2.0391039848327637,46,-91.76649475097656,-1.9949238300323486,46,-122.87948608398438,-2.671293258666992,46,-47.42238998413086,-1.7563848495483398,27,-105.74454498291016,-2.2987945079803467,46,-126.71751403808594,-2.7547285556793213,46,393
-112.20948791503906,-2.3874359130859375,47,-120.95436096191406,-2.5734970569610596,47,-85.65496826171875,-1.8224461078643799,47,-72.68382263183594,-1.7727761268615723,41,-122.18461608886719,-2.599672794342041,47,-104.53067779541016,-2.2240569591522217,47,394
-59.9919319152832,-1.49979829788208,40,-136.05230712890625,-3.4013075828552246,40,-125.41801452636719,-3.1354503631591797,40,-46.97911071777344,-1.879164457321167,25,-132.21762084960938,-3.3054404258728027,40,-114.54971313476562,-2.8637428283691406,40,395
-175.20127868652344,-3.435319185256958,51,-138.05955505371094,-2.707050085067749,51,-143.21600341796875,-2.808156967163086,51,-85.61515808105469,-2.5180928707122803,34,-140.57118225097656,-2.7562975883483887,51,-142.87380981445312,-2.8014471530914307,51,396
-35.714805603027344,-0.7142961025238037,50,-109.09977722167969,-2.1819956302642822,50,-66.81224060058594,-1.336244821548462,50,-51.208641052246094,-1.0241727828979492,50,-107.51292419433594,-2.1502585411071777,50,-80.6265640258789,-1.612531304359436,50,397
-131.82119750976562,-3.215151071548462,41,-106.45233154296875,-2.59639835357666,41,-89.18931579589844,-2.175349235534668,41,-82.15509033203125,-2.053877353668213,40,-90.84626770019531,-2.2157626152038574,41,-94.59104919433594,-2.307098865509033,41,398
-66.62590789794922,-1.480575680732727,45,-119.38949584960938,-2.65310001373291,45,-88.629150390625,-1.9695366621017456,45,-19.60808563232422,-0.6536028385162354,30,-132.62094116210938,-2.947132110595703,45,-89.12892150878906,-1.9806426763534546,45,399
-106.23921966552734,-3.0354063510894775,35,-71.03298950195312,-2.0295140743255615,35,-54.14347839355469,-1.5469565391540527,35,-68.9658203125,-1.8639410734176636,37,-98.19538116455078,-2.805582284927368,35,-88.98464965820312,-2.5424184799194336,35,400
-102.11152648925781,-2.320716619491577,44,-112.58683776855469,-2.5587918758392334,44,-125.25135803222656,-2.8466217517852783,44,-54.80387878417969,-1.9572813510894775,28,-126.0195083618164,-2.864079713821411,44,-128.27438354492188,-2.9153268337249756,44,401
-67.98089599609375,-1.5809510946273804,43,-91.10182189941406,-2.1186470985412598,43,-114.56458282470703,-2.664292573928833,43,-70.96437072753906,-2.2891733646392822,31,-84.92620849609375,-1.975028157234192,43,-128.89242553710938,-2.9974982738494873,43,402
-149.56524658203125,-3.561077356338501,42,-174.95962524414062,-4.16570520401001,42,-116.70600891113281,-2.778714418411255,42,-95.871826171875,-2.6631062030792236,36,-165.69374084472656,-3.945089101791382,42,-124.39702606201172,-2.961833953857422,42,403
-75.87604522705078,-2.2316484451293945,34,-75.81950378417969,-2.229985475540161,34,-45.85756301879883,-1.3487519025802612,34,-51.17644500732422,-1.462184190750122,35,-81.8980484008789,-2.408766031265259,34,-73.62997436523438,-2.1655874252319336,34,404
-37.12326431274414,-0.7424652576446533,50,-77.60598754882812,-1.5521197319030762,50,-92.78023529052734,-1.855604648590088,50,-79.27574920654297,-1.6178724765777588,49,-103.93124389648438,-2.078624963760376,50,-108.460693359375,-2.1692137718200684,50,405
-81.34475708007812,-1.8076612949371338,45,-148.75259399414062,-3.3056132793426514,45,-113.44175720214844,-2.520927906036377,45,-116.54167175292969,-2.5898149013519287,45,-129.24659729003906,-2.8721466064453125,45,-124.55265045166016,-2.767836570739746,45,406
-209.4952850341797,-4.871983528137207,43,-154.389892578125,-3.5904626846313477,43,-114.59015655517578,-2.6648874282836914,43,-54.521400451660156,-1.8800482749938965,29,-155.9326171875,-3.626339912414551,43,-115.49667358398438,-2.685969114303589,43,407
-63.35480499267578,-1.4398819208145142,44,-96.46485137939453,-2.192383050918579,44,-83.09317016601562,-1.8884811401367188,44,-63.455604553222656,-1.3219918012619019,48,-105.2537841796875,-2.3921315670013428,44,-87.40238952636719,-1.9864178895950317,44,408
-39.61099624633789,-1.1650292873382568,34,-78.45303344726562,-2.3074421882629395,34,-82.42616271972656,-2.4242990016937256,34,-116.33013916015625,-2.5851142406463623,45,-100.96377563476562,-2.969522714614868,34,-87.6787109375,-2.5787856578826904,34,409
-111.35363006591797,-2.3198673725128174,48,-129.1970977783203,-2.691606283187866,48,-126.3290786743164,-2.6318557262420654,48,-133.03646850585938,-3.0235559940338135,44,-127.59390258789062,-2.6582062244415283,48,-147.73960876464844,-3.077908515930176,48,410
-88.21598815917969,-2.6732118129730225,33,-72.61366271972656,-2.200413942337036,33,-60.67865753173828,-1.8387471437454224,33,-59.56565475463867,-1.751931071281433,34,-88.66065979003906,-2.6866867542266846,33,-71.50623321533203,-2.166855573654175,33,411
-99.47534942626953,-2.2105634212493896,45,-109.92471313476562,-2.4427714347839355,45,-97.0297622680664,-2.156216859817505,45,-85.75521087646484,-1.994307279586792,43,-137.649658203125,-3.0588812828063965,45,-88.52108001708984,-1.9671350717544556,45,412
-149.5552215576172,-3.5608386993408203,42,-144.64280700683594,-3.443876266479492,42,-85.56053161621094,-2.0371556282043457,42,-84.37338256835938,-2.1093344688415527,40,-134.54043579101562,-3.203343629837036,42,-81.76778411865234,-1.9468519687652588,42,413
-128.68397521972656,-3.386420488357544,38,-202.91433715820312,-5.339850902557373,38,-226.4913330078125,-5.96029806137085,38,-307.85919189453125,-6.550195693969727,47,-211.29376220703125,-5.560362339019775,38,-224.88543701171875,-5.9180378913879395,38,414
-80.15097045898438,-2.4288172721862793,33,-111.1143569946289,-3.3671016693115234,33,-89.02273559570312,-2.6976585388183594,33,-56.54781723022461,-2.4586007595062256,23,-117.07103729248047,-3.547607183456421,33,-96.31082153320312,-2.9185097217559814,33,415
-59.000450134277344,-2.2692480087280273,26,-89.98899841308594,-3.4611153602600098,26,-65.74111938476562,-2.5285046100616455,26,-94.15348052978516,-2.353837013244629,40,-102.82418823242188,-3.9547765254974365,26,-78.7836685180664,-3.0301411151885986,26,416
-92.75298309326172,-2.15704607963562,43,-98.08174896240234,-2.280970811843872,43,-104.98445129394531,-2.4414987564086914,43,-96.4538803100586,-2.3525335788726807,41,-108.85144805908203,-2.5314290523529053,43,-105.22901153564453,-2.447186231613159,43,417
-87.67366027832031,-2.307201623916626,38,-118.29425811767578,-3.113006830215454,38,-121.02800750732422,-3.1849474906921387,38,-53.181922912597656,-1.899354338645935,28,-125.87974548339844,-3.312624931335449,38,-124.1891860961914,-3.268136501312256,38,418
-111.5410385131836,-3.718034505844116,30,-111.95011901855469,-3.731670618057251,30,-109.50164031982422,-3.650054693222046,30,-121.82279968261719,-2.900542736053467,42,-106.3117446899414,-3.543724775314331,30,-112.08097076416016,-3.736032247543335,30,419
-150.52919006347656,-2.6408629417419434,57,-222.0316162109375,-3.895291566848755,57,-179.86929321289062,-3.155601739883423,57,-55.24982452392578,-2.630944013595581,21,-214.02102661132812,-3.7547547817230225,57,-172.33489990234375,-3.0234193801879883,57,420
-63.72679138183594,-2.1242263317108154,30,-89.13388061523438,-2.9711294174194336,30,-100.67958068847656,-3.3559861183166504,30,-87.22731018066406,-2.18068265914917,40,-96.00566864013672,-3.2001888751983643,30,-103.81837463378906,-3.4606125354766846,30,421
-89.24729919433594,-2.1249356269836426,42,-126.99954986572266,-3.023798704147339,42,-97.41976928710938,-2.3195183277130127,42,-91.33309173583984,-2.075752019882202,44,-136.7256317138672,-3.2553722858428955,42,-100.37374877929688,-2.3898510932922363,42,422
-57.35417556762695,-1.73800528049469,33,-80.33187866210938,-2.4342994689941406,33,-89.92308044433594,-2.7249417304992676,33,-91.9800796508789,-2.628002166748047,35,-89.01307678222656,-2.6973659992218018,33,-88.82026672363281,-2.691523313522339,33,423
-139.6579132080078,-4.107585906982422,34,-120.9875717163086,-3.558458089828491,34,-103.9800796508789,-3.0582375526428223,34,-75.6702651977539,-2.7025094032287598,28,-127.82968139648438,-3.7596964836120605,34,-115.8200912475586,-3.406473159790039,34,424
-89.2020034790039,-2.410865068435669,37,-93.09281158447266,-2.516021966934204,37,-101.521240234375,-2.7438173294067383,37,-105.62506103515625,-2.5148823261260986,42,-107.3980484008789,-2.9026498794555664,37,-110.27810668945312,-2.9804892539978027,37,425
-64.27223205566406,-2.0732977390289307,31,-91.34092712402344,-2.946481466293335,31,-74.61370086669922,-2.406893491744995,31,-82.47817993164062,-2.229140043258667,37,-95.92686462402344,-3.0944149494171143,31,-96.2950668334961,-3.106292486190796,31,426
-86.64115142822266,-2.1660287380218506,40,-96.77645874023438,-2.4194114208221436,40,-88.04495239257812,-2.2011237144470215,40,-108.85497283935547,-2.316063165664673,47,-114.43943786621094,-2.8609859943389893,40,-99.14575958251953,-2.4786438941955566,40,427
-61.55921173095703,-2.564967155456543,24,-80.89580535888672,-3.3706586360931396,24,-90.52857971191406,-3.772024154663086,24,-82.7650375366211,-2.9558942317962646,28,-92.47085571289062,-3.852952241897583,24,-86.82160949707031,-3.6175670623779297,24,428
-37.5262451171875,-1.9750655889511108,19,-66.3149185180664,-3.4902589321136475,19,-49.37687301635742,-2.598782777786255,19,-61.992000579833984,-2.8178181648254395,22,-70.98863983154297,-3.7362442016601562,19,-51.98086166381836,-2.735834836959839,19,429
-92.53255462646484,-2.721545696258545,34,-105.98719024658203,-3.1172702312469482,34,-78.69888305664062,-2.3146729469299316,34,-66.79328918457031,-2.385474681854248,28,-107.2122573852539,-3.15330171585083,34,-82.11376190185547,-2.4151105880737305,34,430
-88.54637145996094,-1.7362033128738403,51,-98.79939270019531,-1.9372429847717285,51,-86.91021728515625,-1.7041219472885132,51,-83.39204406738281,-1.667840838432312,50,-93.3259506225586,-1.8299206495285034,51,-100.94413757324219,-1.9792968034744263,51,431
-76.81658172607422,-1.9204145669937134,40,-96.41332244873047,-2.4103331565856934,40,-85.12007904052734,-2.1280019283294678,40,-80.80113983154297,-2.1263458728790283,38,-97.56449890136719,-2.439112424850464,40,-88.12091064453125,-2.2030227184295654,40,432
-143.37081909179688,-3.874886989593506,37,-144.05538940429688,-3.8933889865875244,37,-124.78058624267578,-3.372448205947876,37,-69.25030517578125,-2.564826011657715,27,-160.90040588378906,-4.348659515380859,37,-139.6593780517578,-3.7745778560638428,37,433
-84.00352478027344,-2.2703654766082764,37,-103.61524200439453,-2.8004119396209717,37,-78.92094421386719,-2.132998466491699,37,-66.23616027832031,-2.207871913909912,30,-104.21844482421875,-2.8167147636413574,37,-82.18094635009766,-2.221106767654419,37,434
-58.7493896484375,-1.8951416015625,31,-76.12771606445312,-2.455732822418213,31,-58.15669250488281,-1.8760223388671875,31,-42.68778610229492,-1.4719926118850708,29,-75.70811462402344,-2.442197322845459,31,-62.23239517211914,-2.0074965953826904,31,435
-58.603878021240234,-1.2209141254425049,48,-78.6745834350586,-1.6390538215637207,48,-69.13003540039062,-1.4402090311050415,48,-70.277587890625,-1.4342365264892578,49,-85.89541625976562,-1.7894878387451172,48,-84.86103820800781,-1.767938256263733,48,436
-101.93978118896484,-2.4863362312316895,41,-124.60851287841797,-3.039232015609741,41,-132.21600341796875,-3.224780559539795,41,-118.3768310546875,-3.199373722076416,37,-118.39608764648438,-2.887709379196167,41,-140.15541076660156,-3.418424606323242,41,437
-97.11174774169922,-2.158038854598999,45,-123.57646179199219,-2.7461435794830322,45,-130.47669982910156,-2.899482250213623,45,-62.007476806640625,-1.9377336502075195,32,-124.16825866699219,-2.7592947483062744,45,-141.81625366210938,-3.151472330093384,45,438
-55.7421989440918,-1.2668681144714355,44,-94.49565124511719,-2.1476285457611084,44,-81.69613647460938,-1.856730341911316,44,-69.27997589111328,-1.6111621856689453,43,-96.37747192382812,-2.190397024154663,44,-100.53825378417969,-2.2849602699279785,44,439
-59.229854583740234,-1.2339552640914917,48,-130.19284057617188,-2.712350845336914,48,-171.01882934570312,-3.562892198562622,48,-76.81783294677734,-2.648890733718872,29,-132.84031677246094,-2.7675065994262695,48,-183.75729370117188,-3.8282768726348877,48,440
-118.46244812011719,-3.290623664855957,36,-110.82147979736328,-3.0783743858337402,36,-102.62103271484375,-2.8505842685699463,36,-74.9425048828125,-2.4980835914611816,30,-117.71345520019531,-3.2698183059692383,36,-104.49462127685547,-2.9026284217834473,36,441
-129.28814697265625,-3.153369426727295,41,-224.09539794921875,-5.4657416343688965,41,-237.92141723632812,-5.802961349487305,41,-280.0928039550781,-6.0889739990234375,46,-238.17645263671875,-5.8091816902160645,41,-258.13726806640625,-6.2960309982299805,41,442
-83.6047134399414,-2.5334761142730713,33,-91.65432739257812,-2.7774038314819336,33,-96.95144653320312,-2.937922716140747,33,-103.80621337890625,-2.414098024368286,43,-90.15386962890625,-2.731935501098633,33,-91.52030181884766,-2.7733423709869385,33,443
-132.43069458007812,-4.138459205627441,32,-91.250732421875,-2.8515853881835938,32,-71.05220031738281,-2.220381259918213,32,-74.25105285644531,-1.650023341178894,45,-120.05723571777344,-3.75178861618042,32,-97.84042358398438,-3.0575132369995117,32,444
-116.73316955566406,-3.433328628540039,34,-82.70252990722656,-2.432427406311035,34,-57.316986083984375,-1.6857937574386597,34,-15.943592071533203,-0.3623543679714203,44,-94.85960388183594,-2.7899882793426514,34,-74.82396697998047,-2.20070481300354,34,445
-92.6784439086914,-2.6479556560516357,35,-100.6172103881836,-2.8747775554656982,35,-63.077980041503906,-1.8022279739379883,35,-41.15778350830078,-1.2861807346343994,32,-118.71003723144531,-3.3917152881622314,35,-77.56790161132812,-2.2162258625030518,35,446
-71.76041412353516,-2.110600471496582,34,-93.40512084960938,-2.7472095489501953,34,-90.65562438964844,-2.666341781616211,34,-78.46002197265625,-2.307647705078125,34,-84.68049621582031,-2.490602731704712,34,-87.49348449707031,-2.5733377933502197,34,447
-108.58843994140625,-2.216090679168701,49,-141.30340576171875,-2.8837430477142334,49,-111.49565887451172,-2.275421619415283,49,-87.87452697753906,-2.043593645095825,43,-128.09970092773438,-2.6142795085906982,49,-110.76461791992188,-2.260502338409424,49,448
-64.9886474609375,-1.6663755178451538,39,-111.0390853881836,-2.847156047821045,39,-105.03231048583984,-2.693136215209961,39,-80.36355590820312,-2.5113611221313477,32,-95.95974731445312,-2.4605064392089844,39,-92.34159851074219,-2.3677332401275635,39,449
-42.64788818359375,-1.066197156906128,40,-133.90066528320312,-3.3475165367126465,40,-111.18246459960938,-2.7795615196228027,40,-91.32231140136719,-2.4032187461853027,38,-119.5966796875,-2.989917039871216,40,-102.91732025146484,-2.5729329586029053,40,450
-71.54271697998047,-2.3078296184539795,31,-74.8616943359375,-2.414893388748169,31,-85.13645935058594,-2.746337413787842,31,-53.1617431640625,-2.044682502746582,26,-91.36788940429688,-2.9473512172698975,31,-86.09666442871094,-2.7773118019104004,31,451
-111.33959197998047,-2.78348970413208,40,-149.41476440429688,-3.7353692054748535,40,-124.95242309570312,-3.1238105297088623,40,-70.90010833740234,-2.444831371307373,29,-152.66644287109375,-3.8166611194610596,40,-132.70425415039062,-3.3176064491271973,40,452
-70.45899963378906,-1.9042972326278687,37,-92.5322036743164,-2.5008704662323,37,-90.57144165039062,-2.4478766918182373,37,-89.2738265991211,-2.0289506912231445,44,-94.18645477294922,-2.5455799102783203,37,-95.8933334350586,-2.5917117595672607,37,453
-109.26565551757812,-2.324801206588745,47,-136.88291931152344,-2.912402629852295,47,-121.63159942626953,-2.5879063606262207,47,-68.11896514892578,-2.1973860263824463,31,-156.54713439941406,-3.3307900428771973,47,-159.730712890625,-3.3985257148742676,47,454
-101.50982666015625,-2.671311140060425,38,-100.0432357788086,-2.632716655731201,38,-105.41987609863281,-2.774207353591919,38,-95.94004821777344,-2.7411441802978516,35,-102.27213287353516,-2.6913719177246094,38,-95.42311096191406,-2.511134386062622,38,455
-61.504703521728516,-1.757277250289917,35,-99.55702209472656,-2.8444862365722656,35,-86.20953369140625,-2.4631295204162598,35,-96.50655364990234,-2.4126639366149902,40,-118.25948333740234,-3.378842353820801,35,-115.1317367553711,-3.289478302001953,35,456
-81.9061050415039,-2.8243484497070312,29,-121.33625793457031,-4.184009075164795,29,-119.8808364868164,-4.133821964263916,29,-133.63717651367188,-3.0372085571289062,44,-131.71200561523438,-4.541793346405029,29,-136.64215087890625,-4.711798191070557,29,457
-80.59451293945312,-2.3027002811431885,35,-105.26361083984375,-3.0075316429138184,35,-113.93818664550781,-3.2553768157958984,35,-65.79148864746094,-2.741312026977539,24,-94.09727478027344,-2.688493490219116,35,-108.6692123413086,-3.10483455657959,35,458
-106.09615325927734,-3.315504789352417,32,-129.51309204101562,-4.047284126281738,32,-124.54124450683594,-3.891913890838623,32,-137.5955047607422,-3.439887523651123,40,-125.78665924072266,-3.930833101272583,32,-119.74618530273438,-3.742068290710449,32,459
-64.60711669921875,-1.3185125589370728,49,-97.28736114501953,-1.9854563474655151,49,-82.41304779052734,-1.6818989515304565,49,-53.07795715332031,-1.3967883586883545,38,-116.88380432128906,-2.3853838443756104,49,-97.00148010253906,-1.9796220064163208,49,460
-62.70330810546875,-1.844214916229248,34,-83.73404693603516,-2.462766170501709,34,-97.60213470458984,-2.8706510066986084,34,-64.08712005615234,-2.2099006175994873,29,-95.12773132324219,-2.7978744506835938,34,-100.72145080566406,-2.962395668029785,34,461
-104.46842193603516,-3.482280731201172,30,-96.34642028808594,-3.211547374725342,30,-64.7430419921875,-2.1581013202667236,30,-85.45468139648438,-1.9421519041061401,44,-102.41348266601562,-3.413782835006714,30,-67.3815689086914,-2.2460522651672363,30,462
-58.047218322753906,-1.261896014213562,46,-99.61973571777344,-2.1656463146209717,46,-92.36457061767578,-2.007925510406494,46,-90.1768569946289,-1.8786845207214355,48,-102.38299560546875,-2.225717306137085,46,-93.1200942993164,-2.0243499279022217,46,463
-31.503923416137695,-0.851457417011261,37,-94.08819580078125,-2.542924165725708,37,-94.48641967773438,-2.55368709564209,37,-121.91324615478516,-2.902696371078491,42,-100.25656127929688,-2.709636688232422,37,-99.17317199707031,-2.680356025695801,37,464
-70.09529876708984,-2.336509943008423,30,-65.46841430664062,-2.1822805404663086,30,-54.33673095703125,-1.811224341392517,30,-55.36791229248047,-1.7860616445541382,31,-70.47752380371094,-2.3492507934570312,30,-61.66274642944336,-2.055424928665161,30,465
-71.041015625,-2.449690103530884,29,-79.1229248046875,-2.728376626968384,29,-53.72069549560547,-1.8524377346038818,29,-40.33605194091797,-1.5513865947723389,26,-82.54292297363281,-2.8463077545166016,29,-59.39835739135742,-2.0482192039489746,29,466
-93.59496307373047,-2.1271581649780273,44,-72.40071868896484,-1.6454708576202393,44,-84.65470886230469,-1.9239706993103027,44,-41.98931121826172,-1.3544938564300537,31,-73.56442260742188,-1.6719187498092651,44,-85.65535736083984,-1.946712613105774,44,467
-94.95816040039062,-2.208329200744629,43,-107.60270690917969,-2.5023884773254395,43,-100.42367553710938,-2.3354341983795166,43,-77.7498779296875,-2.2214250564575195,35,-99.83540344238281,-2.32175350189209,43,-111.10576629638672,-2.583854913711548,43,468
-92.41169738769531,-2.981022596359253,31,-87.65132141113281,-2.8274619579315186,31,-74.7536849975586,-2.4114091396331787,31,-54.51048278808594,-2.370021104812622,23,-87.56352233886719,-2.824629783630371,31,-76.18467712402344,-2.4575703144073486,31,469
-124.46086120605469,-2.5929346084594727,48,-172.9896697998047,-3.6039514541625977,48,-171.52145385742188,-3.5733635425567627,48,-83.60309600830078,-3.215503692626953,26,-159.67352294921875,-3.3265316486358643,48,-171.45602416992188,-3.572000503540039,48,470
-80.12347412109375,-2.584628105163574,31,-87.89453125,-2.8353073596954346,31,-83.5974349975586,-2.6966915130615234,31,-77.75371551513672,-2.4298036098480225,32,-91.65440368652344,-2.9565937519073486,31,-92.3531494140625,-2.9791338443756104,31,471
-46.64546203613281,-1.3327274322509766,35,-88.82466125488281,-2.5378475189208984,35,-63.89973449707031,-1.8257067203521729,35,-54.107749938964844,-1.6396287679672241,33,-92.58402252197266,-2.6452577114105225,35,-64.06980895996094,-1.8305659294128418,35,472
-66.43852996826172,-1.6204519271850586,41,-104.08378601074219,-2.5386288166046143,41,-83.90621948242188,-2.0464930534362793,41,-70.15011596679688,-1.7987209558486938,39,-112.43313598632812,-2.742271661758423,41,-85.51094055175781,-2.085632801055908,41,473
-50.94937515258789,-1.15794038772583,44,-107.84835052490234,-2.451098918914795,44,-97.69879913330078,-2.2204272747039795,44,-75.90850830078125,-1.5181701183319092,50,-99.87973022460938,-2.269993782043457,44,-86.9873046875,-1.9769841432571411,44,474
-66.67578887939453,-2.150831937789917,31,-120.8428955078125,-3.898157835006714,31,-143.28024291992188,-4.621943473815918,31,-177.55902099609375,-3.859978675842285,46,-121.30657196044922,-3.9131152629852295,31,-123.68187713623047,-3.9897379875183105,31,475
-134.2915802001953,-3.052081346511841,44,-120.09870910644531,-2.72951602935791,44,-127.04187774658203,-2.887315511703491,44,-59.28868865966797,-2.6949403285980225,22,-130.98245239257812,-2.9768738746643066,44,-134.32879638671875,-3.052927255630493,44,476
-96.08271789550781,-2.3434808254241943,41,-138.14137268066406,-3.3693017959594727,41,-154.805908203125,-3.775753974914551,41,-156.6026153564453,-3.559150457382202,44,-159.28565979003906,-3.8850162029266357,41,-182.93031311035156,-4.461714744567871,41,477
-96.64213562011719,-2.056215763092041,47,-141.68397521972656,-3.014552593231201,47,-146.7874298095703,-3.1231367588043213,47,-136.23382568359375,-2.898591995239258,47,-194.42245483398438,-4.136648178100586,47,-185.90321350097656,-3.955387592315674,47,478
-73.91634368896484,-1.5399237871170044,48,-62.324363708496094,-1.298424243927002,48,-104.94303894042969,-2.1863133907318115,48,-24.743850708007812,-0.7981887459754944,31,-72.34156036376953,-1.5071158409118652,48,-82.75871276855469,-1.7241398096084595,48,479
-58.78466033935547,-1.5469647645950317,38,-98.92121887207031,-2.6031899452209473,38,-91.31157684326172,-2.4029362201690674,38,-78.51130676269531,-3.0196657180786133,26,-109.09915161132812,-2.871030330657959,38,-95.45344543457031,-2.511932849884033,38,480
-65.4534912109375,-2.517441987991333,26,-72.64344787597656,-2.793978691101074,26,-64.05812072753906,-2.4637739658355713,26,-61.8929557800293,-1.9341548681259155,32,-82.54386901855469,-3.1747641563415527,26,-66.4327163696289,-2.5551044940948486,26,481
-65.72518920898438,-2.3473281860351562,28,-120.64298248291016,-4.308678150177002,28,-88.79594421386719,-3.171283721923828,28,-82.81883239746094,-2.3662524223327637,35,-129.18272399902344,-4.613668918609619,28,-92.34686279296875,-3.2981021404266357,28,482
-63.32461929321289,-2.6385257244110107,24,-53.0611572265625,-2.210881471633911,24,-38.78788757324219,-1.6161619424819946,24,-42.580787658691406,-1.8513386249542236,23,-69.4555892944336,-2.8939828872680664,24,-67.6061019897461,-2.8169209957122803,24,483
-97.1741714477539,-3.8869669437408447,25,-95.5627212524414,-3.8225088119506836,25,-102.12506866455078,-4.085002899169922,25,-94.16232299804688,-3.4874935150146484,27,-105.52473449707031,-4.220989227294922,25,-107.64308166503906,-4.305723190307617,25,484
-60.23438262939453,-2.007812738418579,30,-84.63007354736328,-2.82100248336792,30,-84.00430297851562,-2.8001434803009033,30,-79.79649353027344,-1.9949123859405518,40,-95.04985809326172,-3.1683285236358643,30,-101.6751708984375,-3.389172315597534,30,485
-106.76222229003906,-2.5419576168060303,42,-134.74380493164062,-3.208185911178589,42,-104.67079162597656,-2.492161750793457,42,-57.68377685546875,-2.4034907817840576,24,-128.7500762939453,-3.0654780864715576,42,-116.38523864746094,-2.7710771560668945,42,486
-109.17373657226562,-2.950641632080078,37,-64.6041259765625,-1.7460575103759766,37,-82.94676208496094,-2.241804361343384,37,-54.24695587158203,-1.7499017715454102,31,-94.86900329589844,-2.5640270709991455,37,-101.80376434326172,-2.751453161239624,37,487
-82.72881317138672,-2.1770739555358887,38,-98.66216278076172,-2.596372604370117,38,-99.30973052978516,-2.6134140491485596,38,-72.29804992675781,-2.2593140602111816,32,-104.38539123535156,-2.7469840049743652,38,-109.62625122070312,-2.884901285171509,38,488
-111.35929870605469,-2.530893087387085,44,-138.1416778564453,-3.1395835876464844,44,-154.67611694335938,-3.515366315841675,44,-119.55290985107422,-4.122514247894287,29,-134.39657592773438,-3.0544676780700684,44,-148.71188354492188,-3.3798155784606934,44,489
-104.58578491210938,-3.268305778503418,32,-97.33616638183594,-3.041755199432373,32,-71.17973327636719,-2.2243666648864746,32,-69.87075805664062,-1.7915579080581665,39,-107.22845458984375,-3.350889205932617,32,-84.158447265625,-2.6299514770507812,32,490
-144.2793426513672,-3.3553335666656494,43,-86.54911804199219,-2.012770175933838,43,-96.38001251220703,-2.2413957118988037,43,-81.7530288696289,-2.151395559310913,38,-101.01373291015625,-2.349156618118286,43,-106.42647552490234,-2.475034236907959,43,491
-93.69123840332031,-3.0222980976104736,31,-102.48204040527344,-3.3058722019195557,31,-83.89021301269531,-2.7061359882354736,31,-84.50100708007812,-2.913827896118164,29,-113.04690551757812,-3.646674394607544,31,-92.56755065917969,-2.9860501289367676,31,492
-68.99486541748047,-1.7248716354370117,40,-107.59043884277344,-2.68976092338562,40,-89.0269546508789,-2.2256739139556885,40,-81.75432586669922,-1.9012633562088013,43,-105.0672607421875,-2.6266815662384033,40,-95.61559295654297,-2.390389919281006,40,493
-86.57766723632812,-1.8821232318878174,46,-146.5423126220703,-3.1857025623321533,46,-141.03549194335938,-3.0659890174865723,46,-152.1196746826172,-3.042393445968628,50,-144.91836547851562,-3.1503992080688477,46,-144.510498046875,-3.1415326595306396,46,494
-80.14237213134766,-2.671412467956543,30,-95.81149291992188,-3.193716526031494,30,-87.95574951171875,-2.9318583011627197,30,-97.3707275390625,-2.3183505535125732,42,-88.07858276367188,-2.935952663421631,30,-93.54627990722656,-3.1182093620300293,30,495
-71.01714324951172,-2.448867082595825,29,-83.73788452148438,-2.8875131607055664,29,-76.42053985595703,-2.635190963745117,29,-82.6404800415039,-2.582515001296997,32,-83.11617279052734,-2.866075038909912,29,-81.9788589477539,-2.826857089996338,29,496
-157.7581329345703,-3.356555938720703,47,-114.36119079589844,-2.4332168102264404,47,-128.62164306640625,-2.73663067817688,47,-56.01451110839844,-2.0746114253997803,27,-119.75035095214844,-2.547879695892334,47,-141.13192749023438,-3.0028069019317627,47,497
-112.78648376464844,-3.132957935333252,36,-110.91862487792969,-3.0810728073120117,36,-121.96421813964844,-3.387894868850708,36,-83.33242797851562,-3.472184419631958,24,-115.31348419189453,-3.2031524181365967,36,-136.6022186279297,-3.794506072998047,36,498
-102.53871154785156,-2.7713165283203125,37,-90.13133239746094,-2.4359819889068604,37,-83.88731384277344,-2.2672247886657715,37,-65.38770294189453,-1.9231677055358887,34,-93.04869079589844,-2.514829397201538,37,-83.27615356445312,-2.250706911087036,37,499
-77.05654907226562,-1.7920128107070923,43,-139.49220275878906,-3.244004726409912,43,-144.864501953125,-3.3689420223236084,43,-53.687835693359375,-1.731865644454956,31,-141.19407653808594,-3.283583164215088,43,-139.15655517578125,-3.236198902130127,43,500
-30.928543090820312,-0.7192684412002563,43,-118.27940368652344,-2.7506837844848633,43,-138.59356689453125,-3.2231061458587646,43,-89.60968017578125,-2.800302505493164,32,-128.54837036132812,-2.989496946334839,43,-157.8910675048828,-3.6718852519989014,43,501
-73.64753723144531,-2.727686643600464,27,-95.44835662841797,-3.5351243019104004,27,-103.44014739990234,-3.8311166763305664,27,-81.25408935546875,-4.062704563140869,20,-98.8998794555664,-3.6629583835601807,27,-104.5439224243164,-3.871997117996216,27,502
-77.5613021850586,-2.1544806957244873,36,-110.5531234741211,-3.070919990539551,36,-111.9295654296875,-3.10915470123291,36,-112.44415283203125,-2.9590566158294678,38,-120.29777526855469,-3.3416049480438232,36,-109.52143859863281,-3.042262077331543,36,503
-70.72924041748047,-1.8612958192825317,38,-80.05706787109375,-2.106765031814575,38,-88.44345092773438,-2.3274593353271484,38,-65.3229751586914,-2.1071927547454834,31,-93.06306457519531,-2.4490280151367188,38,-79.94001770019531,-2.103684663772583,38,504
-85.50946044921875,-1.9885921478271484,43,-102.1058578491211,-2.3745548725128174,43,-125.19741821289062,-2.9115679264068604,43,-46.574581146240234,-1.6060200929641724,29,-112.50241088867188,-2.616335153579712,43,-139.6795196533203,-3.2483608722686768,43,505
-102.89677429199219,-3.9575681686401367,26,-99.0457763671875,-3.809453010559082,26,-85.1568603515625,-3.275263786315918,26,-87.22898864746094,-2.565558433532715,34,-100.93185424804688,-3.8819944858551025,26,-90.60523223876953,-3.484816551208496,26,506
-58.988548278808594,-1.7875317335128784,33,-94.6348876953125,-2.8677239418029785,33,-97.20623779296875,-2.945643663406372,33,-87.45191955566406,-2.0337655544281006,43,-92.55195617675781,-2.8046047687530518,33,-93.00193786621094,-2.8182406425476074,33,507
-27.393341064453125,-0.7403605580329895,37,-90.84221649169922,-2.4551949501037598,37,-72.70426940917969,-1.9649802446365356,37,-47.788291931152344,-1.2253408432006836,39,-99.73202514648438,-2.695460081100464,37,-70.39559173583984,-1.9025835990905762,37,508
-187.73345947265625,-3.8312950134277344,49,-154.6591796875,-3.1563098430633545,49,-130.97732543945312,-2.673006534576416,49,-114.83109283447266,-3.1897525787353516,36,-155.708984375,-3.177734375,49,-154.2977294921875,-3.148933172225952,49,509
-52.048614501953125,-1.301215410232544,40,-100.21904754638672,-2.505476236343384,40,-118.49544525146484,-2.962386131286621,40,-54.314727783203125,-2.0890278816223145,26,-106.60112762451172,-2.6650280952453613,40,-98.90068817138672,-2.472517251968384,40,510
-74.1943130493164,-4.121906280517578,18,-59.2729606628418,-3.2929422855377197,18,-38.71263885498047,-2.1507022380828857,18,-20.72017478942871,-0.7144888043403625,29,-67.7767562866211,-3.7653753757476807,18,-48.381099700927734,-2.6878387928009033,18,511
-80.54904174804688,-1.7138093709945679,47,-134.0411834716797,-2.851940155029297,47,-155.0797576904297,-3.2995693683624268,47,-140.81143188476562,-3.2002599239349365,44,-133.31675720214844,-2.83652663230896,47,-150.42276000976562,-3.200484275817871,47,512
-32.944786071777344,-1.2201772928237915,27,-46.30050277709961,-1.714833378791809,27,-64.06678771972656,-2.3728439807891846,27,-78.87506103515625,-2.629168748855591,30,-71.44755554199219,-2.6462056636810303,27,-89.28621673583984,-3.306896924972534,27,513
-119.43270874023438,-3.412363052368164,35,-101.84619140625,-2.909891128540039,35,-102.69124603271484,-2.934035539627075,35,-79.639404296875,-2.5690131187438965,31,-112.4756088256836,-3.2135887145996094,35,-87.66520690917969,-2.5047202110290527,35,514
-87.61984252929688,-3.021373987197876,29,-87.75601196289062,-3.026069402694702,29,-87.41783142089844,-3.0144078731536865,29,-104.88021087646484,-2.383641242980957,44,-73.2360610961914,-2.525381326675415,29,-80.8041763305664,-2.786350965499878,29,515
-73.23173522949219,-2.034214973449707,36,-162.63201904296875,-4.517556190490723,36,-162.13572692871094,-4.503770351409912,36,-130.68223571777344,-5.02623987197876,26,-147.43194580078125,-4.09533166885376,36,-142.1160888671875,-3.94766902923584,36,516
-99.35691833496094,-2.1139769554138184,47,-151.51101684570312,-3.2236387729644775,47,-140.53347778320312,-2.9900739192962646,47,-91.29033660888672,-3.3811235427856445,27,-153.463134765625,-3.2651731967926025,47,-144.19131469726562,-3.0679004192352295,47,517
-77.72541809082031,-1.807567834854126,43,-102.57632446289062,-2.385495901107788,43,-119.0184326171875,-2.7678704261779785,43,-44.28791809082031,-1.4762638807296753,30,-125.17909240722656,-2.9111416339874268,43,-127.47591400146484,-2.9645562171936035,43,518
-145.3653564453125,-3.4610798358917236,42,-133.53419494628906,-3.1793856620788574,42,-113.57806396484375,-2.7042396068573,42,-80.56092834472656,-2.517529010772705,32,-128.8665771484375,-3.068251848220825,42,-114.70372009277344,-2.7310409545898438,42,519
-91.87445068359375,-3.2812304496765137,28,-98.13827514648438,-3.5049383640289307,28,-103.338623046875,-3.6906650066375732,28,-101.16417694091797,-3.1613805294036865,32,-94.01521301269531,-3.3576862812042236,28,-95.14013671875,-3.397861957550049,28,520
-151.33786010742188,-3.219954490661621,47,-127.60481262207031,-2.714996099472046,47,-143.20437622070312,-3.0469017028808594,47,-64.28694152832031,-2.0089669227600098,32,-125.94461822509766,-2.6796727180480957,47,-127.65531158447266,-2.7160704135894775,47,521
-70.27272033691406,-2.509740114212036,28,-83.15066528320312,-2.9696667194366455,28,-71.42677307128906,-2.5509562492370605,28,-45.509986877441406,-1.8962494134902954,24,-89.35015869140625,-3.1910769939422607,28,-76.50533294677734,-2.7323334217071533,28,522
-117.10041809082031,-2.6613731384277344,44,-172.87734985351562,-3.929030656814575,44,-180.6694793701172,-4.106124401092529,44,-133.51605224609375,-3.4234886169433594,39,-176.7244110107422,-4.016463756561279,44,-179.40830993652344,-4.0774617195129395,44,523
-74.83282470703125,-2.2676613330841064,33,-102.43595886230469,-3.1041200160980225,33,-92.35807037353516,-2.798729419708252,33,-97.85345458984375,-2.6446878910064697,37,-91.84318542480469,-2.7831268310546875,33,-85.7596435546875,-2.5987770557403564,33,524
-86.49464416503906,-2.1623661518096924,40,-75.49333953857422,-1.8873335123062134,40,-75.68706512451172,-1.892176628112793,40,-69.77901458740234,-1.8859193325042725,37,-75.37310028076172,-1.8843275308609009,40,-77.38233184814453,-1.9345582723617554,40,525
-87.62005615234375,-3.1292877197265625,28,-121.79754638671875,-4.349912166595459,28,-121.19105529785156,-4.328251838684082,28,-127.72886657714844,-4.730698585510254,27,-119.92776489257812,-4.283134460449219,28,-127.11856079101562,-4.539948463439941,28,526
-63.05152893066406,-1.9106523990631104,33,-70.24200439453125,-2.1285455226898193,33,-78.84562683105469,-2.389261484146118,33,-62.94649887084961,-2.030532121658325,31,-85.33036804199219,-2.585768699645996,33,-67.5386734008789,-2.046626567840576,33,527
-82.56309509277344,-2.064077377319336,40,-103.41896057128906,-2.5854740142822266,40,-123.18550109863281,-3.0796375274658203,40,-97.86027526855469,-2.8782434463500977,34,-117.36273193359375,-2.934068202972412,40,-131.63690185546875,-3.2909226417541504,40,528
-47.252952575683594,-1.312582015991211,36,-99.89787292480469,-2.7749409675598145,36,-74.64289093017578,-2.073413610458374,36,-60.80226135253906,-1.3511613607406616,45,-99.7139892578125,-2.7698330879211426,36,-68.67882537841797,-1.907745122909546,36,529
-46.28728485107422,-1.5961133241653442,29,-82.48367309570312,-2.844264507293701,29,-69.01701354980469,-2.379897117614746,29,-71.85635375976562,-2.4778053760528564,29,-78.17326354980469,-2.695629835128784,29,-76.39795684814453,-2.6344122886657715,29,530
-43.99620056152344,-2.095057249069214,21,-123.75784301757812,-5.893230438232422,21,-131.33041381835938,-6.253829002380371,21,-188.58665466308594,-4.962806701660156,38,-116.435546875,-5.544549942016602,21,-119.36701202392578,-5.684143543243408,21,531
-76.6514663696289,-2.3227717876434326,33,-92.14593505859375,-2.7923011779785156,33,-67.4615249633789,-2.0442886352539062,33,-66.40171813964844,-1.3833690881729126,48,-92.82159423828125,-2.8127756118774414,33,-77.30569458007812,-2.3425967693328857,33,532
-102.99539947509766,-2.4522714614868164,42,-81.01519775390625,-1.9289332628250122,42,-75.9322280883789,-1.8079102039337158,42,-92.28474426269531,-2.0973806381225586,44,-90.8287353515625,-2.1625888347625732,42,-86.53836822509766,-2.0604374408721924,42,533
-42.391319274902344,-1.1457113027572632,37,-64.23815155029297,-1.73616623878479,37,-75.13551330566406,-2.0306894779205322,37,-74.61441040039062,-2.072622537612915,36,-59.5560302734375,-1.6096224784851074,37,-58.232723236083984,-1.5738574266433716,37,534
-48.37333679199219,-1.2093334197998047,40,-107.80894470214844,-2.695223569869995,40,-89.15255737304688,-2.228813886642456,40,-60.11861801147461,-1.7681946754455566,34,-128.48973083496094,-3.2122433185577393,40,-98.36627197265625,-2.4591567516326904,40,535
-76.05139923095703,-1.8107476234436035,42,-96.80501556396484,-2.3048813343048096,42,-66.0312271118164,-1.5721720457077026,42,-63.52517318725586,-1.5493944883346558,41,-96.44252014160156,-2.296250581741333,42,-61.133949279785156,-1.4555702209472656,42,536
-71.90626525878906,-2.319556951522827,31,-80.28318786621094,-2.589780330657959,31,-82.01162719726562,-2.645536422729492,31,-71.08160400390625,-2.451089859008789,29,-69.40446472167969,-2.238853693008423,31,-81.81192779541016,-2.639094352722168,31,537
-17.443544387817383,-0.5626949667930603,31,-107.5096664428711,-3.4680538177490234,31,-106.38142395019531,-3.4316587448120117,31,-97.47068786621094,-3.249022960662842,30,-130.878662109375,-4.221892356872559,31,-111.83133697509766,-3.6074624061584473,31,538
-62.8939208984375,-1.9058763980865479,33,-66.25525665283203,-2.007735013961792,33,-58.51000213623047,-1.773030400276184,33,-64.39332580566406,-1.9513128995895386,33,-82.30745697021484,-2.4941654205322266,33,-72.5131607055664,-2.197368621826172,33,539
-57.50654220581055,-1.5542309284210205,37,-104.45893859863281,-2.823214530944824,37,-102.8113784790039,-2.7786858081817627,37,-85.67024993896484,-2.6771953105926514,32,-125.10902404785156,-3.3813250064849854,37,-113.47135162353516,-3.066793203353882,37,540
-156.38760375976562,-4.009938716888428,39,-122.9557113647461,-3.152710437774658,39,-96.41378784179688,-2.4721484184265137,39,-125.29449462890625,-2.0540080070495605,61,-100.49515533447266,-2.576798915863037,39,-86.12818908691406,-2.2084150314331055,39,541
-40.092674255371094,-1.603706955909729,25,-68.5523452758789,-2.742093801498413,25,-58.228736877441406,-2.3291494846343994,25,-88.17206573486328,-2.4492239952087402,36,-65.60797119140625,-2.624318838119507,25,-64.97539520263672,-2.599015712738037,25,542
-55.05779266357422,-1.2804137468338013,43,-89.16702270507812,-2.0736517906188965,43,-85.55294799804688,-1.9896034002304077,43,-84.3902587890625,-2.009291887283325,42,-99.44110107421875,-2.3125836849212646,43,-84.0054702758789,-1.9536155462265015,43,543
-86.25242614746094,-2.2698006629943848,38,-85.83451843261719,-2.258803129196167,38,-66.67931365966797,-1.7547187805175781,38,-58.631988525390625,-1.6751996278762817,35,-95.47078704833984,-2.5123891830444336,38,-77.99526977539062,-2.052507162094116,38,544
-53.84730911254883,-1.7370100021362305,31,-71.16444396972656,-2.2956271171569824,31,-80.7850341796875,-2.605968952178955,31,-65.86575317382812,-2.5332982540130615,26,-77.57513427734375,-2.5024237632751465,31,-113.90773010253906,-3.674443006515503,31,545
-99.69641876220703,-2.49241042137146,40,-136.24081420898438,-3.406020402908325,40,-130.15924072265625,-3.253981113433838,40,-76.89237976074219,-2.9573991298675537,26,-143.83993530273438,-3.5959982872009277,40,-139.5333251953125,-3.488333225250244,40,546
-51.376731872558594,-1.4271314144134521,36,-58.038665771484375,-1.6121851205825806,36,-71.10725402832031,-1.9752014875411987,36,-51.858741760253906,-1.4405206441879272,36,-62.3502082824707,-1.731950283050537,36,-64.0036849975586,-1.7778801918029785,36,547
-46.40963363647461,-1.4970849752426147,31,-92.77806091308594,-2.9928407669067383,31,-134.7129669189453,-4.345579624176025,31,-134.60809326171875,-4.486936569213867,30,-99.46133422851562,-3.208430051803589,31,-135.48165893554688,-4.370376110076904,31,548
-63.66630554199219,-1.872538447380066,34,-68.17269897460938,-2.0050792694091797,34,-71.3817138671875,-2.0994622707366943,34,-45.55097198486328,-0.9902385473251343,46,-63.21114730834961,-1.8591513633728027,34,-64.13621520996094,-1.8863592147827148,34,549
-68.20928955078125,-2.006155490875244,34,-89.47023010253906,-2.6314773559570312,34,-97.70610809326172,-2.873708963394165,34,-96.60262298583984,-2.356161594390869,41,-91.5409164428711,-2.692379951477051,34,-107.11177062988281,-3.150346279144287,34,550
-109.50276184082031,-2.43339467048645,45,-117.58423614501953,-2.612982988357544,45,-64.743408203125,-1.4387423992156982,45,-48.98853302001953,-1.1663936376571655,42,-140.51580810546875,-3.1225736141204834,45,-69.39508056640625,-1.542112946510315,45,551
-42.47370147705078,-0.8494740128517151,50,-120.39830780029297,-2.407966136932373,50,-128.36428833007812,-2.5672857761383057,50,-43.80461883544922,-1.0951154232025146,40,-104.05380249023438,-2.081076145172119,50,-103.6027603149414,-2.0720551013946533,50,552
-91.456298828125,-2.4717917442321777,37,-119.92212677001953,-3.241138458251953,37,-129.43423461914062,-3.498222589492798,37,-121.12615203857422,-3.3646154403686523,36,-121.41549682617188,-3.2814998626708984,37,-128.01316833496094,-3.459815263748169,37,553
-61.5578498840332,-3.077892541885376,20,-66.32950592041016,-3.3164753913879395,20,-85.12869262695312,-4.256434440612793,20,-169.90457153320312,-2.5743117332458496,66,-101.12545776367188,-5.056272983551025,20,-95.1857681274414,-4.759288311004639,20,554
-112.03134155273438,-2.800783634185791,40,-130.47848510742188,-3.2619621753692627,40,-91.84150695800781,-2.2960376739501953,40,-89.08901977539062,-2.2272255420684814,40,-121.69939422607422,-3.042484760284424,40,-115.23359680175781,-2.8808398246765137,40,555
-107.97113800048828,-2.84134578704834,38,-113.40870666503906,-2.9844396114349365,38,-101.74050903320312,-2.677381753921509,38,-110.3123550415039,-2.6264846324920654,42,-144.35951232910156,-3.7989344596862793,38,-124.27904510498047,-3.270501136779785,38,556
-133.72927856445312,-3.614304780960083,37,-106.8523941040039,-2.8879024982452393,37,-67.63656616210938,-1.8280153274536133,37,-78.4537353515625,-1.9613434076309204,40,-95.73396301269531,-2.587404489517212,37,-99.90679931640625,-2.700183868408203,37,557
-110.77811431884766,-2.356981039047241,47,-148.74429321289062,-3.1647722721099854,47,-123.23945617675781,-2.6221160888671875,47,-49.404048919677734,-1.8297796249389648,27,-166.5227813720703,-3.5430378913879395,47,-150.82376098632812,-3.2090160846710205,47,558
-155.70071411132812,-5.560739994049072,28,-91.67390441894531,-3.2740681171417236,28,-83.30848693847656,-2.9753031730651855,28,-77.61272430419922,-2.503636360168457,31,-98.80535888671875,-3.5287628173828125,28,-99.80062866210938,-3.5643081665039062,28,559
-72.20710754394531,-2.674337387084961,27,-79.54147338867188,-2.9459805488586426,27,-73.08552551269531,-2.706871271133423,27,-67.95735931396484,-2.1236674785614014,32,-82.50984191894531,-3.055920124053955,27,-72.82492065429688,-2.6972193717956543,27,560
-86.33447265625,-2.398179769515991,36,-101.16207885742188,-2.8100576400756836,36,-107.18768310546875,-2.97743558883667,36,-61.35963821411133,-2.115849494934082,29,-94.22454071044922,-2.6173484325408936,36,-86.34858703613281,-2.3985719680786133,36,561
-69.87801361083984,-1.6250700950622559,43,-143.77349853515625,-3.343569755554199,43,-173.45834350585938,-4.033915042877197,43,-57.235260009765625,-3.3667800426483154,17,-169.29278564453125,-3.9370415210723877,43,-172.13836669921875,-4.003217697143555,43,562
-93.1393051147461,-2.587203025817871,36,-81.37871551513672,-2.2605199813842773,36,-91.74089050292969,-2.5483579635620117,36,-63.63969802856445,-2.121323347091675,30,-99.8158950805664,-2.7726638317108154,36,-89.5081787109375,-2.4863383769989014,36,563
-67.86161804199219,-2.189084529876709,31,-70.16085815429688,-2.2632534503936768,31,-68.43609619140625,-2.207616090774536,31,-23.191091537475586,-1.1595546007156372,20,-93.40902709960938,-3.0131943225860596,31,-75.66293334960938,-2.440739870071411,31,564
-83.61079406738281,-2.612837314605713,32,-105.88609313964844,-3.3089404106140137,32,-99.15804290771484,-3.098688840866089,32,-103.3929672241211,-2.297621488571167,45,-115.64897155761719,-3.614030361175537,32,-110.75643920898438,-3.4611387252807617,32,565
-44.161582946777344,-0.9600344300270081,46,-116.16971588134766,-2.525428533554077,46,-101.01825714111328,-2.1960489749908447,46,-52.12175750732422,-1.489193081855774,35,-115.58343505859375,-2.512683391571045,46,-95.98152923583984,-2.086555004119873,46,566
-46.06157684326172,-1.5883302688598633,29,-99.22606658935547,-3.42158842086792,29,-101.35220336914062,-3.494903564453125,29,-81.86033630371094,-4.308438777923584,19,-102.40174865722656,-3.531094789505005,29,-99.48239135742188,-3.430427312850952,29,567
-91.14762878417969,-2.278690814971924,40,-97.4423828125,-2.4360594749450684,40,-102.6388931274414,-2.565972328186035,40,-95.87335205078125,-2.5911717414855957,37,-112.88019561767578,-2.822004795074463,40,-117.09016418457031,-2.9272541999816895,40,568
-97.60480499267578,-3.050150156021118,32,-61.69170379638672,-1.927865743637085,32,-46.648685455322266,-1.4577714204788208,32,-34.151947021484375,-0.9757699370384216,35,-78.13065338134766,-2.4415829181671143,32,-69.21112823486328,-2.1628477573394775,32,569
-127.83745574951172,-2.7199459075927734,47,-220.14028930664062,-4.683835983276367,47,-235.69744873046875,-5.014839172363281,47,-256.9295654296875,-5.352699279785156,48,-212.11614990234375,-4.5131096839904785,47,-224.96456909179688,-4.78648042678833,47,570
-59.36132049560547,-1.9148813486099243,31,-94.96187591552734,-3.063286304473877,31,-90.73188781738281,-2.926835060119629,31,-104.52233123779297,-3.732940435409546,28,-107.21173095703125,-3.4584429264068604,31,-97.11094665527344,-3.1326112747192383,31,571
-46.10381317138672,-1.844152569770813,25,-141.92098999023438,-5.676839828491211,25,-153.3914031982422,-6.135656356811523,25,-172.81106567382812,-4.018861770629883,43,-129.21238708496094,-5.1684956550598145,25,-139.31329345703125,-5.572531700134277,25,572
-57.56071472167969,-1.43901789188385,40,-101.02085876464844,-2.5255215167999268,40,-87.44110870361328,-2.186027765274048,40,-52.16665267944336,-1.7388883829116821,30,-102.77074432373047,-2.5692687034606934,40,-101.31086730957031,-2.532771587371826,40,573
-85.91344451904297,-2.202908754348755,39,-225.23333740234375,-5.775213718414307,39,-250.86016845703125,-6.43231201171875,39,-298.7028503417969,-6.63784122467041,45,-212.46551513671875,-5.44783353805542,39,-241.39224243164062,-6.189544677734375,39,574
-88.96214294433594,-2.1181461811065674,42,-101.32317352294922,-2.412456512451172,42,-84.49906158447266,-2.0118823051452637,42,-67.80441284179688,-1.65376615524292,41,-120.46015930175781,-2.8680989742279053,42,-108.60924530029297,-2.5859344005584717,42,575
-22.618122100830078,-0.7539374232292175,30,-91.49952697753906,-3.0499842166900635,30,-117.1446533203125,-3.9048218727111816,30,-107.48834991455078,-2.7561116218566895,39,-102.00226593017578,-3.4000754356384277,30,-130.65692138671875,-4.355230808258057,30,576
-73.44023132324219,-2.8246243000030518,26,-104.24166107177734,-4.009294509887695,26,-109.09700775146484,-4.196038722991943,26,-98.79287719726562,-2.4095823764801025,41,-107.59019470214844,-4.138084411621094,26,-120.28768920898438,-4.6264495849609375,26,577
-103.17338562011719,-2.5793347358703613,40,-83.87271118164062,-2.0968177318573,40,-60.593597412109375,-1.5148398876190186,40,-74.23230743408203,-1.546506404876709,48,-105.12281036376953,-2.62807035446167,40,-91.08494567871094,-2.2771236896514893,40,578
-80.32502746582031,-2.5101571083068848,32,-76.12950134277344,-2.37904691696167,32,-42.371829986572266,-1.3241196870803833,32,-44.357696533203125,-1.3441725969314575,33,-81.45480346679688,-2.5454626083374023,32,-68.67072296142578,-2.1459600925445557,32,579
-61.31287384033203,-1.8579658269882202,33,-62.05309295654297,-1.8803967237472534,33,-67.53612518310547,-2.0465493202209473,33,-58.14099884033203,-1.5713783502578735,37,-109.550048828125,-3.3196983337402344,33,-105.78204345703125,-3.2055165767669678,33,580
-106.90872955322266,-2.5454459190368652,42,-234.79359436035156,-5.590323448181152,42,-258.39727783203125,-6.152316093444824,42,-276.7330627441406,-6.2893877029418945,44,-210.63328552246094,-5.015078067779541,42,-235.91696166992188,-5.61707067489624,42,581
-62.48164367675781,-2.403140068054199,26,-71.8065185546875,-2.761789083480835,26,-86.13756561279297,-3.312983274459839,26,-79.66221618652344,-1.8105049133300781,44,-73.61502075195312,-2.8313469886779785,26,-90.09365844726562,-3.4651408195495605,26,582
-47.54918670654297,-1.8288148641586304,26,-84.6397933959961,-3.2553765773773193,26,-94.15424346923828,-3.621317148208618,26,-124.67789459228516,-2.7706198692321777,45,-71.46964263916016,-2.7488324642181396,26,-80.15992736816406,-3.0830740928649902,26,583
-102.54179382324219,-3.2044310569763184,32,-106.28038024902344,-3.3212618827819824,32,-103.77578735351562,-3.2429933547973633,32,-95.7816162109375,-2.993175506591797,32,-107.41573333740234,-3.3567416667938232,32,-97.95220947265625,-3.061006546020508,32,584
-83.49219512939453,-1.7039223909378052,49,-102.47177124023438,-2.0912606716156006,49,-98.09812927246094,-2.002002716064453,49,-84.2342529296875,-2.105856418609619,40,-140.28150939941406,-2.8628878593444824,49,-135.46456909179688,-2.764583110809326,49,585
-137.9788360595703,-4.058200836181641,34,-223.94815063476562,-6.586710453033447,34,-224.1722412109375,-6.593301296234131,34,-293.04400634765625,-6.105083465576172,48,-208.20838928222656,-6.123775959014893,34,-193.49107360839844,-5.690914154052734,34,586
-117.6923599243164,-2.6748263835906982,44,-136.86123657226562,-3.110482692718506,44,-112.72722625732422,-2.5619823932647705,44,-103.72364807128906,-2.3573555946350098,44,-138.4875030517578,-3.1474432945251465,44,-118.95712280273438,-2.703571081161499,44,587
-56.37577819824219,-1.3750189542770386,41,-88.36520385742188,-2.1552488803863525,41,-101.3333740234375,-2.471545696258545,41,-58.926780700683594,-1.8414618968963623,32,-92.73381042480469,-2.2618002891540527,41,-105.8187484741211,-2.5809450149536133,41,588
-54.25277328491211,-1.750089406967163,31,-72.04096984863281,-2.3239023685455322,31,-83.34384155273438,-2.6885111331939697,31,-75.027587890625,-1.500551700592041,50,-87.47221374511719,-2.8216843605041504,31,-92.28627014160156,-2.9769763946533203,31,589
-76.55311584472656,-1.739843487739563,44,-90.91930389404297,-2.06634783744812,44,-71.32936096191406,-1.621121883392334,44,-70.52462768554688,-1.5331441164016724,46,-99.01954650878906,-2.250444173812866,44,-80.9342041015625,-1.8394137620925903,44,590
-57.2738037109375,-1.5479406118392944,37,-131.5201416015625,-3.554598331451416,37,-102.6325912475586,-2.7738537788391113,37,-65.4361343383789,-2.7265055179595947,24,-125.73815155029297,-3.3983283042907715,37,-109.98731231689453,-2.972630023956299,37,591
-92.85455322265625,-3.3162341117858887,28,-99.70762634277344,-3.5609867572784424,28,-74.68498229980469,-2.667320728302002,28,-94.49134063720703,-2.010453939437866,47,-76.81855773925781,-2.7435200214385986,28,-83.23941802978516,-2.9728362560272217,28,592
-79.8553237915039,-2.753631830215454,29,-80.5287094116211,-2.7768521308898926,29,-58.75748062133789,-2.0261199474334717,29,-49.24614334106445,-1.8239312171936035,27,-98.14128112792969,-3.3841822147369385,29,-68.28947448730469,-2.354809522628784,29,593
-70.97940063476562,-1.9716500043869019,36,-106.37931823730469,-2.9549810886383057,36,-97.65474700927734,-2.712631940841675,36,-81.64325714111328,-2.4740381240844727,33,-110.80450439453125,-3.0779027938842773,36,-97.39510345458984,-2.7054195404052734,36,594
-86.70804595947266,-2.890268087387085,30,-122.19747924804688,-4.073249340057373,30,-118.14224243164062,-3.938074827194214,30,-111.14266204833984,-3.175504684448242,35,-132.53192138671875,-4.417730808258057,30,-126.72050476074219,-4.2240166664123535,30,595
-99.71659088134766,-3.4385030269622803,29,-107.44886016845703,-3.7051331996917725,29,-82.4073486328125,-2.841632604598999,29,-104.10806274414062,-2.8137314319610596,37,-109.3719253540039,-3.7714457511901855,29,-102.69027709960938,-3.541043996810913,29,596
-73.72860717773438,-2.9491443634033203,25,-50.172027587890625,-2.00688099861145,25,-41.206298828125,-1.648252010345459,25,-40.28818130493164,-1.2996187210083008,31,-72.61038970947266,-2.9044156074523926,25,-64.83734893798828,-2.593493938446045,25,597
-91.43634796142578,-3.516782522201538,26,-75.18336486816406,-2.8916678428649902,26,-68.34219360351562,-2.6285459995269775,26,-64.28658294677734,-2.2167787551879883,29,-72.19534301757812,-2.7767438888549805,26,-68.4136962890625,-2.631295919418335,26,598
-72.58965301513672,-2.5924875736236572,28,-80.2129898071289,-2.8647496700286865,28,-79.76457214355469,-2.8487346172332764,28,-85.15217590332031,-2.30141019821167,37,-81.18719482421875,-2.8995425701141357,28,-77.84406280517578,-2.7801451683044434,28,599
-74.336669921875,-1.8584167957305908,40,-103.55845642089844,-2.588961362838745,40,-108.24410247802734,-2.7061026096343994,40,-101.2282943725586,-2.663902521133423,38,-103.1087646484375,-2.577719211578369,40,-111.44412231445312,-2.7861030101776123,40,600
-119.14140319824219,-3.4040400981903076,35,-106.82838439941406,-3.0522396564483643,35,-105.92942810058594,-3.026555061340332,35,-107.51364135742188,-2.2875242233276367,47,-117.64401245117188,-3.361257553100586,35,-101.83786010742188,-2.9096531867980957,35,601
-43.044715881347656,-1.7217886447906494,25,-65.84213256835938,-2.633685350418091,25,-45.32525634765625,-1.8130102157592773,25,-22.00287437438965,-0.956646740436554,23,-72.25362396240234,-2.8901450634002686,25,-38.543540954589844,-1.5417416095733643,25,602
-86.77764892578125,-1.8864706754684448,46,-114.25037384033203,-2.483703851699829,46,-125.4105224609375,-2.72631573677063,46,-83.7772445678711,-2.264249801635742,37,-136.5460205078125,-2.9683916568756104,46,-129.69635009765625,-2.819485902786255,46,603
-100.22384643554688,-2.178779363632202,46,-126.88551330566406,-2.758380651473999,46,-107.14667510986328,-2.329275608062744,46,-103.96430969238281,-2.3628251552581787,44,-115.8716049194336,-2.5189478397369385,46,-104.6998519897461,-2.2760837078094482,46,604
-73.21371459960938,-2.091820478439331,35,-103.03284454345703,-2.9437954425811768,35,-96.76319122314453,-2.764662504196167,35,-82.19940185546875,-2.8344621658325195,29,-106.390869140625,-3.0397391319274902,35,-105.4085693359375,-3.0116734504699707,35,605
-31.771503448486328,-1.095569133758545,29,-89.35720825195312,-3.0812830924987793,29,-83.3551025390625,-2.8743138313293457,29,-58.89970016479492,-1.369760513305664,43,-96.01325988769531,-3.3108019828796387,29,-90.95762634277344,-3.136469841003418,29,606
-90.35902404785156,-2.0536141395568848,44,-120.39688110351562,-2.736292839050293,44,-89.10848999023438,-2.025192975997925,44,-86.38401794433594,-1.919644832611084,45,-118.30652618408203,-2.688784599304199,44,-93.42552185058594,-2.123307228088379,44,607
-131.54197692871094,-3.4616310596466064,38,-165.0343017578125,-4.343008041381836,38,-148.46749877929688,-3.9070394039154053,38,-133.6154022216797,-4.048951625823975,33,-152.68243408203125,-4.017958641052246,38,-156.2592315673828,-4.112084865570068,38,608
-153.84747314453125,-3.273350477218628,47,-137.30990600585938,-2.921487331390381,47,-131.7788848876953,-2.8038060665130615,47,-113.39807891845703,-2.5772290229797363,44,-144.5803985595703,-3.076178789138794,47,-129.85922241210938,-2.7629621028900146,47,609
-69.66675567626953,-1.8333356380462646,38,-101.60675048828125,-2.6738617420196533,38,-88.39547729492188,-2.3261966705322266,38,-126.401611328125,-2.579624652862549,49,-101.19316864013672,-2.662978172302246,38,-90.97109985351562,-2.3939762115478516,38,610
-56.42133331298828,-1.085025668144226,52,-97.84166717529297,-1.88157057762146,52,-93.88912963867188,-1.8055602312088013,52,-31.830425262451172,-0.7402424216270447,43,-99.92314147949219,-1.9215989112854004,52,-91.0549545288086,-1.7510567903518677,52,611
-136.2745819091797,-3.32377028465271,41,-127.51519012451172,-3.110126495361328,41,-109.55244445800781,-2.672010898590088,41,-97.57209777832031,-2.5676867961883545,38,-141.57550048828125,-3.453061103820801,41,-120.43584442138672,-2.937459707260132,41,612
-135.73077392578125,-4.113053798675537,33,-102.69825744628906,-3.1120684146881104,33,-66.7628173828125,-2.023115634918213,33,-94.30827331542969,-2.2454349994659424,42,-100.13004302978516,-3.0342438220977783,33,-81.03736877441406,-2.4556777477264404,33,613
-117.15055084228516,-2.7892987728118896,42,-175.99705505371094,-4.19040584564209,42,-155.94497680664062,-3.7129757404327393,42,-130.40614318847656,-4.2066497802734375,31,-157.51947021484375,-3.7504634857177734,42,-157.06787109375,-3.739711284637451,42,614
-32.67335510253906,-0.9075931906700134,36,-129.54922485351562,-3.5985896587371826,36,-109.65115356445312,-3.045865297317505,36,-87.45809936523438,-2.9152700901031494,30,-114.92552947998047,-3.192375898361206,36,-120.0653076171875,-3.3351473808288574,36,615
-86.88497924804688,-2.2864468097686768,38,-111.61866760253906,-2.937333345413208,38,-101.42149353027344,-2.6689865589141846,38,-114.04965209960938,-2.5920374393463135,44,-122.06874084472656,-3.2123353481292725,38,-94.49063110351562,-2.486595630645752,38,616
-69.6942367553711,-2.2482011318206787,31,-114.15259552001953,-3.6823418140411377,31,-102.0351791381836,-3.291457414627075,31,-100.94163513183594,-3.2561817169189453,31,-136.38600158691406,-4.399548530578613,31,-105.71338653564453,-3.410109281539917,31,617
-42.52740478515625,-1.7010961771011353,25,-63.04572296142578,-2.5218288898468018,25,-56.07160949707031,-2.2428643703460693,25,-72.5218505859375,-2.1976318359375,33,-73.6959228515625,-2.9478368759155273,25,-39.252254486083984,-1.5700901746749878,25,618
-47.45782470703125,-1.1575078964233398,41,-123.96375274658203,-3.0235061645507812,41,-110.03096008300781,-2.6836819648742676,41,-112.14009094238281,-2.6700022220611572,42,-138.70938110351562,-3.383155584335327,41,-114.54991149902344,-2.79390025138855,41,619
-139.53762817382812,-3.8760452270507812,36,-113.49285888671875,-3.1525793075561523,36,-105.5245132446289,-2.931236505508423,36,-113.76573181152344,-2.8441433906555176,40,-110.35928344726562,-3.065535545349121,36,-103.2372817993164,-2.8677022457122803,36,620
-59.44399642944336,-1.3824185132980347,43,-58.761695861816406,-1.3665510416030884,43,-52.57044219970703,-1.222568392753601,43,-55.918121337890625,-1.1897472143173218,47,-71.93733215332031,-1.6729612350463867,43,-51.65956115722656,-1.2013851404190063,43,621
-105.02366638183594,-2.6929144859313965,39,-132.0488739013672,-3.385868549346924,39,-98.86787414550781,-2.535073757171631,39,-55.1439094543457,-1.7788357734680176,31,-158.08151245117188,-4.053371906280518,39,-86.43655395507812,-2.2163219451904297,39,622
-56.383392333984375,-1.1996465921401978,47,-75.87812805175781,-1.6144282817840576,47,-92.27351379394531,-1.9632662534713745,47,-87.60746765136719,-1.8251556158065796,48,-79.73033142089844,-1.6963900327682495,47,-88.48118591308594,-1.8825783729553223,47,623
-111.0596923828125,-2.7764923572540283,40,-76.4154052734375,-1.9103851318359375,40,-83.40675354003906,-2.0851688385009766,40,-69.07465362548828,-1.866882562637329,37,-79.32850646972656,-1.9832127094268799,40,-88.98895263671875,-2.2247238159179688,40,624
-132.6703643798828,-2.7075583934783936,49,-135.83599853515625,-2.772163152694702,49,-130.51214599609375,-2.66351318359375,49,-89.61467742919922,-2.9871559143066406,30,-132.54742431640625,-2.705049514770508,49,-153.41659545898438,-3.130950927734375,49,625
-111.85125732421875,-3.289742946624756,34,-113.91316223144531,-3.3503870964050293,34,-87.61181640625,-2.5768182277679443,34,-50.69477081298828,-1.8775840997695923,27,-113.34138488769531,-3.3335702419281006,34,-84.10292053222656,-2.4736154079437256,34,626
-215.44747924804688,-2.627408266067505,82,-207.568115234375,-2.531318426132202,82,-208.61585998535156,-2.544095754623413,82,-54.809661865234375,-1.6608988046646118,33,-201.74302673339844,-2.4602808952331543,82,-195.58963012695312,-2.385239362716675,82,627
-112.512451171875,-2.8128113746643066,40,-214.52871704101562,-5.363217830657959,40,-246.21875,-6.155468940734863,40,-293.3910827636719,-6.112314224243164,48,-206.39962768554688,-5.1599907875061035,40,-241.83673095703125,-6.0459184646606445,40,628
-56.14116668701172,-1.5173288583755493,37,-148.36895751953125,-4.009971618652344,37,-154.26266479492188,-4.1692609786987305,37,-137.61428833007812,-4.300446510314941,32,-153.76930236816406,-4.1559271812438965,37,-156.75814819335938,-4.236706733703613,37,629
-71.03141784667969,-2.841256618499756,25,-113.40833282470703,-4.536333084106445,25,-76.92881774902344,-3.077152729034424,25,-93.64582061767578,-3.4683637619018555,27,-97.9236831665039,-3.916947364807129,25,-92.65731048583984,-3.7062923908233643,25,630
-66.8355712890625,-2.1559860706329346,31,-64.40772247314453,-2.0776684284210205,31,-71.94184875488281,-2.320704698562622,31,-47.94383239746094,-1.452843427658081,33,-66.8902816772461,-2.1577510833740234,31,-63.57071304321289,-2.050668239593506,31,631
-40.101219177246094,-1.3828006982803345,29,-52.80677032470703,-1.820923089981079,29,-81.0977554321289,-2.7964742183685303,29,-113.25605773925781,-2.8314013481140137,40,-65.08882141113281,-2.2444422245025635,29,-87.02442932128906,-3.000842332839966,29,632
-29.01908302307129,-0.8535024523735046,34,-64.26681518554688,-1.8902004957199097,34,-61.87230682373047,-1.8197736740112305,34,-50.14594268798828,-1.3929429054260254,36,-63.378753662109375,-1.8640810251235962,34,-61.918006896972656,-1.821117877960205,34,633
-96.75164794921875,-2.150036573410034,45,-129.64561462402344,-2.8810136318206787,45,-121.70596313476562,-2.7045769691467285,45,-132.87245178222656,-2.952721118927002,45,-136.24624633789062,-3.0276944637298584,45,-127.90099334716797,-2.8422443866729736,45,634
-58.623497009277344,-1.4655873775482178,40,-80.32398986816406,-2.0080997943878174,40,-90.66911315917969,-2.266727924346924,40,-109.62925720214844,-2.4915740489959717,44,-103.62828063964844,-2.5907070636749268,40,-116.89567565917969,-2.922391891479492,40,635
-78.42228698730469,-2.2406368255615234,35,-82.93222045898438,-2.3694920539855957,35,-100.96522521972656,-2.884720802307129,35,-109.86006164550781,-2.615715742111206,42,-86.15689086914062,-2.461625337600708,35,-99.5363998413086,-2.8438971042633057,35,636
-72.49617767333984,-1.510336995124817,48,-135.8620147705078,-2.830458641052246,48,-76.97196960449219,-1.603582739830017,48,-57.64878463745117,-1.2810840606689453,45,-131.65640258789062,-2.7428417205810547,48,-84.40827941894531,-1.7585058212280273,48,637
-53.800987243652344,-2.690049409866333,20,-46.033634185791016,-2.3016817569732666,20,-59.618675231933594,-2.980933666229248,20,-41.09600830078125,-2.283111572265625,18,-51.10621643066406,-2.5553107261657715,20,-63.202880859375,-3.160144090652466,20,638
-83.1470947265625,-2.375631332397461,35,-87.56037139892578,-2.5017249584198,35,-66.1932373046875,-1.8912353515625,35,-62.972686767578125,-1.6571760177612305,38,-89.89521789550781,-2.568434715270996,35,-47.993370056152344,-1.371239185333252,35,639
-81.11277770996094,-1.8434722423553467,44,-76.87016296386719,-1.7470492124557495,44,-79.9431381225586,-1.8168895244598389,44,-74.3367919921875,-1.7699235677719116,42,-93.66273498535156,-2.1286985874176025,44,-78.43287658691406,-1.7825653553009033,44,640
-65.9001693725586,-1.7342150211334229,38,-131.22006225585938,-3.4531595706939697,38,-103.72466278076172,-2.7295963764190674,38,-62.6416015625,-2.160055160522461,29,-140.28076171875,-3.691598892211914,38,-115.04795837402344,-3.0275778770446777,38,641
-83.34066772460938,-2.38116192817688,35,-94.65470886230469,-2.704420328140259,35,-93.92892456054688,-2.6836836338043213,35,-75.99552917480469,-2.8146493434906006,27,-100.9653549194336,-2.8847243785858154,35,-102.94931030273438,-2.94140887260437,35,642
-79.85844421386719,-1.9013915061950684,42,-117.0058822631836,-2.7858543395996094,42,-128.06541442871094,-3.0491764545440674,42,-69.070556640625,-2.558168649673462,27,-138.3863983154297,-3.2949142456054688,42,-123.98809051513672,-2.9520974159240723,42,643
-94.48463439941406,-3.1494877338409424,30,-98.5367202758789,-3.284557342529297,30,-85.80278015136719,-2.8600926399230957,30,-90.59146118164062,-1.9274779558181763,47,-90.3769302368164,-3.0125644207000732,30,-85.63694763183594,-2.854564905166626,30,644
-129.47402954101562,-2.7547667026519775,47,-127.76103973388672,-2.718319892883301,47,-89.48210906982422,-1.9038746356964111,47,-74.22745513916016,-1.6869876384735107,44,-124.84422302246094,-2.6562600135803223,47,-84.70606994628906,-1.8022568225860596,47,645
-86.93850708007812,-2.63450026512146,33,-100.89863586425781,-3.0575344562530518,33,-89.05885314941406,-2.6987531185150146,33,-74.0561752319336,-2.962246894836426,25,-104.19437408447266,-3.157405376434326,33,-94.9817886352539,-2.8782360553741455,33,646
-123.25409698486328,-3.423724889755249,36,-101.43744659423828,-2.817706823348999,36,-84.64788818359375,-2.351330280303955,36,-87.59736633300781,-2.0856516361236572,42,-102.60809326171875,-2.850224733352661,36,-91.55876159667969,-2.5432989597320557,36,647
-47.561893463134766,-1.1890473365783691,40,-74.44121551513672,-1.8610303401947021,40,-60.86726379394531,-1.521681547164917,40,-62.29585266113281,-1.5573962926864624,40,-83.50496673583984,-2.0876240730285645,40,-65.60941314697266,-1.6402353048324585,40,648
-86.39649963378906,-2.399902820587158,36,-81.81582641601562,-2.2726619243621826,36,-68.30593872070312,-1.897387146949768,36,-71.2744369506836,-1.8756431341171265,38,-88.45662689208984,-2.4571285247802734,36,-78.57891845703125,-2.1827478408813477,36,649
-94.65834045410156,-2.704524040222168,35,-103.20228576660156,-2.948636770248413,35,-92.41337585449219,-2.6403820514678955,35,-85.59010314941406,-3.170003890991211,27,-109.82658386230469,-3.1379024982452393,35,-109.85704040527344,-3.138772487640381,35,650
-85.11724090576172,-2.3004660606384277,37,-150.33316040039062,-4.063058376312256,37,-159.1328125,-4.300886631011963,37,-123.2919921875,-4.403285503387451,28,-173.21414184570312,-4.681463241577148,37,-162.55722045898438,-4.393438339233398,37,651
-73.47135925292969,-2.2959799766540527,32,-103.715087890625,-3.2410964965820312,32,-77.62890625,-2.4259033203125,32,-27.747724533081055,-1.0672202110290527,26,-103.99486541748047,-3.2498395442962646,32,-87.28911590576172,-2.7277848720550537,32,652
-104.53811645507812,-2.224215269088745,47,-125.05980682373047,-2.6608469486236572,47,-126.47240447998047,-2.6909022331237793,47,-74.04045104980469,-2.388401746749878,31,-133.2957763671875,-2.836080312728882,47,-133.0514678955078,-2.8308823108673096,47,653
-68.8466567993164,-3.4423327445983887,20,-77.52635192871094,-3.8763175010681152,20,-62.0040168762207,-3.100200891494751,20,-136.56393432617188,-2.5766780376434326,53,-77.1041488647461,-3.8552074432373047,20,-66.6158676147461,-3.3307933807373047,20,654
-116.16289520263672,-3.747190237045288,31,-79.63533782958984,-2.5688817501068115,31,-92.33268737792969,-2.9784739017486572,31,-69.199951171875,-3.0086934566497803,23,-80.35145568847656,-2.591982364654541,31,-97.27955627441406,-3.1380503177642822,31,655
-86.72186279296875,-2.4777674674987793,35,-114.15501403808594,-3.2615718841552734,35,-100.50119018554688,-2.87146258354187,35,-105.64196014404297,-2.9344987869262695,36,-119.48452758789062,-3.4138436317443848,35,-97.31497192382812,-2.7804276943206787,35,656
-173.20068359375,-3.8489041328430176,45,-121.93040466308594,-2.709564447402954,45,-96.25543212890625,-2.139009714126587,45,-93.10298156738281,-1.9396454095840454,48,-142.3917999267578,-3.164262294769287,45,-82.94291687011719,-1.8431758880615234,45,657
-64.3409652709961,-2.297891616821289,28,-79.54496765136719,-2.8408915996551514,28,-83.05827331542969,-2.96636700630188,28,-43.89620590209961,-2.0902955532073975,21,-90.23080444335938,-3.2225286960601807,28,-94.37196350097656,-3.370427370071411,28,658
-75.67840576171875,-2.2932851314544678,33,-87.40589904785156,-2.6486635208129883,33,-85.2374038696289,-2.582951545715332,33,-64.78678894042969,-2.234027147293091,29,-85.40151977539062,-2.5879249572753906,33,-90.59782409667969,-2.7453885078430176,33,659
-82.50515747070312,-2.94661283493042,28,-97.798828125,-3.4928152561187744,28,-87.66006469726562,-3.130716562271118,28,-80.97911071777344,-2.7923831939697266,29,-109.99860382080078,-3.9285216331481934,28,-97.79882049560547,-3.4928150177001953,28,660
-76.97212219238281,-2.8508193492889404,27,-83.12042999267578,-3.0785343647003174,27,-71.85177612304688,-2.661176919937134,27,-75.1990737915039,-2.349971055984497,32,-79.59477233886719,-2.9479544162750244,27,-75.56981658935547,-2.798882007598877,27,661
-36.97869873046875,-1.7608903646469116,21,-89.29566955566406,-4.2521748542785645,21,-73.48675537109375,-3.4993693828582764,21,-63.450782775878906,-2.266099452972412,28,-100.77397155761719,-4.798760414123535,21,-77.70285034179688,-3.7001357078552246,21,662
-72.13406372070312,-1.7174776792526245,42,-102.26409912109375,-2.43485951423645,42,-76.822998046875,-1.8291189670562744,42,-84.45707702636719,-1.876823902130127,45,-96.81781005859375,-2.3051860332489014,42,-78.92789459228516,-1.8792356252670288,42,663
-83.68496704101562,-2.789498805999756,30,-84.37750244140625,-2.8125834465026855,30,-98.3505859375,-3.278352975845337,30,-115.75791931152344,-3.3073692321777344,35,-92.65802001953125,-3.0886006355285645,30,-85.81837463378906,-2.860612392425537,30,664
-81.06697082519531,-2.5333428382873535,32,-72.34225463867188,-2.260695457458496,32,-55.72789001464844,-1.7414965629577637,32,-103.54806518554688,-2.4654300212860107,42,-94.4423599243164,-2.9513237476348877,32,-79.68338012695312,-2.490105628967285,32,665
-42.12865447998047,-1.2390780448913574,34,-114.72798156738281,-3.37435245513916,34,-83.40286254882812,-2.4530253410339355,34,-82.39405822753906,-2.4967896938323975,33,-116.05587768554688,-3.4134082794189453,34,-85.56794738769531,-2.5167043209075928,34,666
-75.64321899414062,-1.8010289669036865,42,-162.09469604492188,-3.8593974113464355,42,-164.54531860351562,-3.917745590209961,42,-70.42607116699219,-3.9125595092773438,18,-165.61123657226562,-3.943124771118164,42,-152.6092071533203,-3.6335525512695312,42,667
-80.26057434082031,-2.2294604778289795,36,-82.77505493164062,-2.299307107925415,36,-68.6044921875,-1.9056802988052368,36,-71.00077056884766,-1.9722436666488647,36,-84.30863189697266,-2.3419065475463867,36,-76.1884765625,-2.116346597671509,36,668
-113.8883285522461,-2.4231560230255127,47,-161.13404846191406,-3.4283840656280518,47,-143.8804473876953,-3.061286211013794,47,-100.775390625,-2.6519839763641357,38,-162.91905212402344,-3.466362714767456,47,-139.22555541992188,-2.9622459411621094,47,669
-102.2651596069336,-3.7875986099243164,27,-105.81922912597656,-3.9192306995391846,27,-80.06917572021484,-2.965524911880493,27,-84.281005859375,-1.83219575881958,46,-117.11521911621094,-4.3376007080078125,27,-91.81668090820312,-3.400617837905884,27,670
-110.23530578613281,-2.9009292125701904,38,-100.37335205078125,-2.641403913497925,38,-105.86786651611328,-2.785996437072754,38,-106.97262573242188,-2.377169370651245,45,-110.61906433105469,-2.9110279083251953,38,-115.77635192871094,-3.046746015548706,38,671
-83.4209213256836,-2.1952874660491943,38,-107.12039184570312,-2.818957567214966,38,-84.70291137695312,-2.2290239334106445,38,-82.91133117675781,-2.3030924797058105,36,-117.92794799804688,-3.1033670902252197,38,-94.08155822753906,-2.475830554962158,38,672
-31.81406593322754,-1.3832203149795532,23,-62.25318908691406,-2.706660509109497,23,-70.85943603515625,-3.0808451175689697,23,-115.29473876953125,-2.562105417251587,45,-73.51416778564453,-3.196268081665039,23,-72.30455017089844,-3.1436760425567627,23,673
-155.62091064453125,-3.458242416381836,45,-162.64443969726562,-3.614320993423462,45,-107.10177612304688,-2.3800394535064697,45,-109.68254852294922,-2.4927852153778076,44,-150.5853271484375,-3.3463406562805176,45,-110.05445861816406,-2.4456546306610107,45,674
-157.02487182617188,-3.568747043609619,44,-120.41415405273438,-2.736685276031494,44,-121.98749542236328,-2.7724430561065674,44,-57.9598388671875,-2.4149932861328125,24,-128.57521057128906,-2.922163963317871,44,-124.61912536621094,-2.8322527408599854,44,675
-82.72235870361328,-1.9695799350738525,42,-112.76803588867188,-2.684953212738037,42,-100.61369323730469,-2.395564079284668,42,-106.66783142089844,-2.539710283279419,42,-127.70671081542969,-3.0406360626220703,42,-108.09382629394531,-2.573662519454956,42,676
-87.5743637084961,-2.304588556289673,38,-126.51365661621094,-3.3293068408966064,38,-111.14783477783203,-2.924942970275879,38,-96.12361907958984,-2.912837028503418,33,-147.9874267578125,-3.8944060802459717,38,-129.99398803710938,-3.4208943843841553,38,677
-82.63363647460938,-2.1188111305236816,39,-118.17595672607422,-3.0301527976989746,39,-118.17473602294922,-3.030121326446533,39,-104.28901672363281,-2.483071804046631,42,-137.06475830078125,-3.5144810676574707,39,-136.2390594482422,-3.493309259414673,39,678
-56.672420501708984,-1.8281426429748535,31,-101.35269927978516,-3.269441843032837,31,-88.0398178100586,-2.839994192123413,31,-94.05751037597656,-2.612708568572998,36,-107.29051208496094,-3.460984230041504,31,-96.07048034667969,-3.0990476608276367,31,679
-175.60916137695312,-3.583860397338867,49,-164.44667053222656,-3.3560545444488525,49,-130.66726684570312,-2.6666789054870605,49,-93.28335571289062,-2.4548251628875732,38,-167.0677490234375,-3.4095458984375,49,-127.87731170654297,-2.609740972518921,49,680
-43.2284049987793,-1.0543513298034668,41,-89.53241729736328,-2.1837174892425537,41,-87.13008117675781,-2.125123977661133,41,-60.954193115234375,-2.1018686294555664,29,-81.6483154296875,-1.9914222955703735,41,-78.79963684082031,-1.9219423532485962,41,681
-15.689899444580078,-0.6821695566177368,23,-47.8928337097168,-2.0822970867156982,23,-67.89892578125,-2.95212721824646,23,-53.82344055175781,-1.993460774421692,27,-53.79170608520508,-2.3387699127197266,23,-59.956329345703125,-2.606796979904175,23,682
-42.88402557373047,-1.0459518432617188,41,-78.603271484375,-1.917153000831604,41,-97.48440551757812,-2.3776683807373047,41,-44.75314712524414,-1.4436498880386353,31,-116.86688232421875,-2.8504116535186768,41,-106.63652038574219,-2.600890636444092,41,683
-72.1506118774414,-1.6033469438552856,45,-106.12002563476562,-2.358222723007202,45,-116.62176513671875,-2.591594696044922,45,-51.13507080078125,-2.1306278705596924,24,-128.56350708007812,-2.856966733932495,45,-137.25656127929688,-3.0501458644866943,45,684
-76.15213775634766,-1.8131461143493652,42,-102.6371078491211,-2.4437406063079834,42,-104.79395294189453,-2.495094060897827,42,-110.66674041748047,-2.3055570125579834,48,-77.61247253417969,-1.8479160070419312,42,-109.47918701171875,-2.606647253036499,42,685
-64.32077026367188,-2.010024070739746,32,-84.87767028808594,-2.6524271965026855,32,-59.41164016723633,-1.8566137552261353,32,-62.74150085449219,-1.7926143407821655,35,-87.96931457519531,-2.7490410804748535,32,-69.2139892578125,-2.1629371643066406,32,686
-30.168155670166016,-0.8380043506622314,36,-107.44026184082031,-2.9844517707824707,36,-107.0493392944336,-2.973592758178711,36,-92.73179626464844,-1.9730169773101807,47,-116.3741455078125,-3.2326152324676514,36,-110.73274230957031,-3.0759096145629883,36,687
-184.0309295654297,-3.9155516624450684,47,-190.6134033203125,-4.055604457855225,47,-176.8291778564453,-3.7623229026794434,47,-109.22013092041016,-3.6406710147857666,30,-201.54696655273438,-4.288233280181885,47,-171.6617431640625,-3.6523776054382324,47,688
-61.73933410644531,-2.1289424896240234,29,-69.31267547607422,-2.390092372894287,29,-70.46685791015625,-2.429891586303711,29,-69.3212890625,-2.3107097148895264,30,-72.44640350341797,-2.4981517791748047,29,-68.51824188232422,-2.3626980781555176,29,689
-109.35971069335938,-2.485447883605957,44,-119.09002685546875,-2.7065916061401367,44,-88.48728942871094,-2.0110747814178467,44,-80.32389831542969,-1.9124737977981567,42,-114.039794921875,-2.591813564300537,44,-93.25039672851562,-2.1193273067474365,44,690
-84.35304260253906,-2.2198169231414795,38,-133.01315307617188,-3.5003461837768555,38,-131.40562438964844,-3.458042860031128,38,-132.93115234375,-3.6925320625305176,36,-127.87552642822266,-3.365145444869995,38,-123.21662139892578,-3.2425427436828613,38,691
-114.85020446777344,-2.9448771476745605,39,-109.7435073852539,-2.8139359951019287,39,-107.07145690917969,-2.745421886444092,39,-102.00859069824219,-2.3183770179748535,44,-112.95490264892578,-2.8962795734405518,39,-109.30276489257812,-2.8026349544525146,39,692
-94.41658020019531,-3.6314070224761963,26,-71.0845947265625,-2.734022855758667,26,-72.39126586914062,-2.7842793464660645,26,-61.8673210144043,-2.6898834705352783,23,-75.85993957519531,-2.9176900386810303,26,-69.03497314453125,-2.65519118309021,26,693
-39.331607818603516,-1.4567261934280396,27,-83.30687713623047,-3.085439920425415,27,-89.01082611083984,-3.2966973781585693,27,-146.65377807617188,-2.767052412033081,53,-88.5815658569336,-3.2807986736297607,27,-99.24986267089844,-3.6759207248687744,27,694
-60.354736328125,-1.4035985469818115,43,-125.5381088256836,-2.9194908142089844,43,-108.11661529541016,-2.5143399238586426,43,-72.6635971069336,-2.343986988067627,31,-128.9347381591797,-2.9984822273254395,43,-118.76760864257812,-2.762037515640259,43,695
-48.310585021972656,-1.420899510383606,34,-87.42219543457031,-2.5712411403656006,34,-86.34872436523438,-2.539668321609497,34,-92.87364196777344,-2.6535327434539795,35,-103.41925048828125,-3.0417425632476807,34,-109.4811782836914,-3.220034599304199,34,696
-88.84901428222656,-2.77653169631958,32,-102.32135009765625,-3.197542190551758,32,-88.12296295166016,-2.75384259223938,32,-75.13256072998047,-2.5044186115264893,30,-102.21076965332031,-3.1940865516662598,32,-88.99725341796875,-2.7811641693115234,32,697
-49.241050720214844,-1.2958171367645264,38,-116.00395965576172,-3.0527358055114746,38,-78.59675598144531,-2.068335771560669,38,-25.825590133666992,-1.4347549676895142,18,-126.23056030273438,-3.321856737136841,38,-102.56546020507812,-2.6990909576416016,38,698
-123.81930541992188,-3.174854040145874,39,-109.25602722167969,-2.80143666267395,39,-105.44351196289062,-2.7036798000335693,39,-18.16522789001465,-1.0091793537139893,18,-137.76553344726562,-3.53244948387146,39,-117.87641143798828,-3.0224721431732178,39,699
-57.96211242675781,-1.5253187417984009,38,-71.78950500488281,-1.8891974687576294,38,-63.82276153564453,-1.6795463562011719,38,-68.308837890625,-1.5885776281356812,43,-78.55168914794922,-2.0671496391296387,38,-80.82662200927734,-2.127016305923462,38,700
-103.85502624511719,-2.2577178478240967,46,-136.83761596679688,-2.9747307300567627,46,-142.21258544921875,-3.0915780067443848,46,-78.33116912841797,-2.7010748386383057,29,-167.62644958496094,-3.6440532207489014,46,-174.79400634765625,-3.7998697757720947,46,701
-89.82479858398438,-2.8070249557495117,32,-91.72532653808594,-2.8664164543151855,32,-65.36197662353516,-2.0425617694854736,32,-63.529762268066406,-1.8685224056243896,34,-91.94081115722656,-2.87315034866333,32,-63.22760772705078,-1.975862741470337,32,702
-124.40504455566406,-3.2738170623779297,38,-145.31124877929688,-3.8239803314208984,38,-160.63552856445312,-4.227250576019287,38,-133.35549926757812,-4.762696266174316,28,-130.3869171142578,-3.43123459815979,38,-168.11717224121094,-4.424136161804199,38,703
-94.308349609375,-3.252012014389038,29,-129.66650390625,-4.471258640289307,29,-121.89189910888672,-4.203168869018555,29,-150.2846221923828,-3.757115602493286,40,-121.17320251464844,-4.178386211395264,29,-122.99711608886719,-4.2412800788879395,29,704
-106.37969207763672,-3.0394198894500732,35,-101.55926513671875,-2.901693344116211,35,-90.80040740966797,-2.594297409057617,35,-97.91470336914062,-2.719852924346924,36,-106.30264282226562,-3.0372183322906494,35,-101.88676452636719,-2.911050319671631,35,705
-33.27592468261719,-1.4467793703079224,23,-68.7294921875,-2.98823881149292,23,-79.35340881347656,-3.450148105621338,23,-116.51922607421875,-3.1491682529449463,37,-75.9959716796875,-3.3041727542877197,23,-88.32434844970703,-3.840188980102539,23,706
-56.635833740234375,-1.4904166460037231,38,-98.67410278320312,-2.596686840057373,38,-82.85768127441406,-2.1804652214050293,38,-59.22977066040039,-1.7948415279388428,33,-102.24853515625,-2.69075083732605,38,-96.37570190429688,-2.5362026691436768,38,707
-102.71939849853516,-2.85331654548645,36,-96.50216674804688,-2.6806156635284424,36,-72.18742370605469,-2.0052061080932617,36,-46.76518249511719,-1.5588394403457642,30,-105.69081115722656,-2.9358558654785156,36,-70.30233001708984,-1.9528424739837646,36,708
-88.861572265625,-1.890671730041504,47,-158.8614501953125,-3.380030870437622,47,-141.7845458984375,-3.0166923999786377,47,-87.31153106689453,-2.9103844165802,30,-162.7276153564453,-3.462289571762085,47,-148.20217895507812,-3.153237819671631,47,709
-55.19573974609375,-2.508897304534912,22,-75.06233978271484,-3.4119246006011963,22,-96.0672607421875,-4.366693496704102,22,-89.66073608398438,-2.637080430984497,34,-69.3066635131836,-3.1503028869628906,22,-89.19279479980469,-4.05421781539917,22,710
-53.34983825683594,-1.270234227180481,42,-84.0884017944336,-2.0021047592163086,42,-73.72193145751953,-1.755284070968628,42,-48.108543395996094,-1.2027136087417603,40,-103.3485336303711,-2.460679292678833,42,-92.05491638183594,-2.1917836666107178,42,711
-87.05846405029297,-2.487384796142578,35,-129.52638244628906,-3.700753688812256,35,-96.97238159179688,-2.770639419555664,35,-87.16323852539062,-2.3557631969451904,37,-100.18400573730469,-2.8624000549316406,35,-80.74276733398438,-2.306936264038086,35,712
-52.996490478515625,-1.1776998043060303,45,-123.7576675415039,-2.7501704692840576,45,-134.2018280029297,-2.9822628498077393,45,-40.15428161621094,-1.5443954467773438,26,-128.7923583984375,-2.8620524406433105,45,-119.98297119140625,-2.666288137435913,45,713
-67.27778625488281,-2.0387208461761475,33,-109.90203857421875,-3.33036470413208,33,-105.45634460449219,-3.1956467628479004,33,-85.73136901855469,-3.4292547702789307,25,-112.8301010131836,-3.4190940856933594,33,-115.24769592285156,-3.492354393005371,33,714
-92.90742492675781,-2.11153244972229,44,-147.57058715820312,-3.353877067565918,44,-153.09336853027344,-3.4793946743011475,44,-112.1317367553711,-3.1147704124450684,36,-151.36172485351562,-3.4400391578674316,44,-159.9171142578125,-3.6344797611236572,44,715
-105.96570587158203,-3.116638422012329,34,-110.86259460449219,-3.260664463043213,34,-71.96969604492188,-2.116755723953247,34,-87.49413299560547,-1.3256686925888062,66,-96.21626281738281,-2.829890012741089,34,-70.85687255859375,-2.0840256214141846,34,716
-98.81058502197266,-3.1874382495880127,31,-95.48299407958984,-3.080096483230591,31,-99.09951782226562,-3.19675874710083,31,-91.54937744140625,-3.0516459941864014,30,-94.42118835449219,-3.045844793319702,31,-75.41024780273438,-2.432588577270508,31,717
-74.72281646728516,-2.1977298259735107,34,-89.26447296142578,-2.6254255771636963,34,-87.43803405761719,-2.571706771850586,34,-86.50071716308594,-2.16251802444458,40,-96.34522247314453,-2.8336830139160156,34,-73.08332824707031,-2.1495096683502197,34,718
-115.47838592529297,-2.960984230041504,39,-138.00486755371094,-3.538586378097534,39,-135.46286010742188,-3.4734065532684326,39,-93.05471801757812,-2.8198399543762207,33,-112.04147338867188,-2.8728582859039307,39,-117.1906509399414,-3.0048885345458984,39,719
-61.09345245361328,-2.1819090843200684,28,-64.75890350341797,-2.3128180503845215,28,-60.2245979309082,-2.150878429412842,28,-74.7784423828125,-2.2660133838653564,33,-75.69709014892578,-2.703467607498169,28,-55.729278564453125,-1.9903314113616943,28,720
-75.71551513671875,-2.2944095134735107,33,-141.75711059570312,-4.295670032501221,33,-152.21316528320312,-4.612520217895508,33,-177.30404663085938,-3.9400899410247803,45,-149.53863525390625,-4.531473636627197,33,-149.128173828125,-4.519035339355469,33,721
-125.61573028564453,-2.7914607524871826,45,-170.81854248046875,-3.7959675788879395,45,-159.59149169921875,-3.5464775562286377,45,-141.6680145263672,-3.7281055450439453,38,-180.14462280273438,-4.003213882446289,45,-163.6617889404297,-3.6369285583496094,45,722
-58.98142623901367,-1.4385713338851929,41,-98.34078216552734,-2.3985557556152344,41,-91.36698150634766,-2.2284629344940186,41,-64.34265899658203,-1.8383617401123047,35,-88.0301742553711,-2.1470773220062256,41,-76.3594970703125,-1.8624267578125,41,723
-65.96438598632812,-1.6491096019744873,40,-86.01644897460938,-2.1504111289978027,40,-96.3670654296875,-2.4091765880584717,40,-74.68074035644531,-2.074465036392212,36,-99.0079345703125,-2.475198268890381,40,-108.15145874023438,-2.7037863731384277,40,724
-53.3348503112793,-1.666714072227478,32,-50.95245361328125,-1.592264175415039,32,-48.748435974121094,-1.5233886241912842,32,-38.626251220703125,-1.331939697265625,29,-67.4769515991211,-2.108654737472534,32,-54.765419006347656,-1.7114193439483643,32,725
-79.32392883300781,-2.4037554264068604,33,-90.76301574707031,-2.750394344329834,33,-77.78181457519531,-2.357024669647217,33,-88.14315795898438,-2.7544736862182617,32,-117.180419921875,-3.55092191696167,33,-98.15245056152344,-2.9743165969848633,33,726
-114.43268585205078,-2.384014368057251,48,-114.02912902832031,-2.3756067752838135,48,-121.80299377441406,-2.537562370300293,48,-71.62922668457031,-2.1705825328826904,33,-129.26593017578125,-2.693040132522583,48,-121.72618103027344,-2.5359621047973633,48,727
-66.50426483154297,-1.3855055570602417,48,-151.063232421875,-3.147150754928589,48,-144.09619140625,-3.0020039081573486,48,-73.66995239257812,-2.3764500617980957,31,-160.31594848632812,-3.3399155139923096,48,-156.0260772705078,-3.2505433559417725,48,728
-71.059814453125,-1.6149958372116089,44,-63.180057525634766,-1.4359103441238403,44,-80.73225402832031,-1.8348239660263062,44,-66.26094055175781,-1.577641487121582,42,-87.37712097167969,-1.9858436584472656,44,-82.08740234375,-1.8656227588653564,44,729
-56.792266845703125,-1.577562928199768,36,-118.31539916992188,-3.28653883934021,36,-116.87378692626953,-3.2464940547943115,36,-73.78871154785156,-2.732915163040161,27,-110.98638153076172,-3.0829551219940186,36,-113.98287963867188,-3.1661911010742188,36,730
-86.6178207397461,-1.8045378923416138,48,-111.61241149902344,-2.325258493423462,48,-111.88546752929688,-2.330947160720825,48,-70.83423614501953,-1.9676176309585571,36,-151.56143188476562,-3.157529830932617,48,-129.2689208984375,-2.6931025981903076,48,731
-53.619178771972656,-1.449167013168335,37,-61.17527770996094,-1.653385877609253,37,-74.31291198730469,-2.0084571838378906,37,-77.74160766601562,-1.807944416999817,43,-76.86158752441406,-2.0773401260375977,37,-82.98707580566406,-2.242893934249878,37,732
-79.36856079101562,-1.9842140674591064,40,-125.67021942138672,-3.1417555809020996,40,-138.74371337890625,-3.468592882156372,40,-129.471435546875,-3.596428871154785,36,-134.78297424316406,-3.3695743083953857,40,-138.55911254882812,-3.463977813720703,40,733
-70.85377502441406,-1.5075271129608154,47,-107.89903259277344,-2.2957241535186768,47,-92.82591247558594,-1.9750194549560547,47,-59.33820343017578,-1.3186267614364624,45,-113.29824829101562,-2.4106011390686035,47,-100.59678649902344,-2.140357255935669,47,734
-86.8964614868164,-2.4827561378479004,35,-107.94548797607422,-3.0841567516326904,35,-110.08108520507812,-3.1451737880706787,35,-53.46515655517578,-2.813955545425415,19,-113.52093505859375,-3.243455171585083,35,-97.7366943359375,-2.7924768924713135,35,735
-68.96949768066406,-2.6526730060577393,26,-80.6043930053711,-3.1001689434051514,26,-56.085567474365234,-2.157137155532837,26,-60.95423126220703,-2.0318076610565186,30,-83.18038940429688,-3.1992456912994385,26,-61.8018798828125,-2.376995325088501,26,736
-74.89215087890625,-2.7737834453582764,27,-81.73495483398438,-3.0272204875946045,27,-83.23136138916016,-3.0826430320739746,27,-74.5123062133789,-2.661153793334961,28,-86.52367401123047,-3.204580545425415,27,-84.99073791503906,-3.1478052139282227,27,737
-66.48699951171875,-2.3745357990264893,28,-66.98308563232422,-2.3922531604766846,28,-54.85847473144531,-1.9592312574386597,28,-46.017242431640625,-1.7698938846588135,26,-82.9993896484375,-2.964263916015625,28,-69.50706481933594,-2.4823951721191406,28,738
-106.63417053222656,-2.318134069442749,46,-139.0047607421875,-3.0218427181243896,46,-130.53778076171875,-2.837777853012085,46,-72.2093734741211,-1.9516047239303589,37,-143.48129272460938,-3.1191585063934326,46,-138.3667449951172,-3.0079727172851562,46,739
-107.35995483398438,-3.3549985885620117,32,-81.93067932128906,-2.560333728790283,32,-81.30047607421875,-2.540639877319336,32,-62.616493225097656,-2.087216377258301,30,-86.17182922363281,-2.6928696632385254,32,-77.09024810791016,-2.4090702533721924,32,740
-59.42823028564453,-1.9809410572052002,30,-70.95095825195312,-2.3650319576263428,30,-70.11259460449219,-2.3370864391326904,30,-56.695579528808594,-1.8288896083831787,31,-61.04884719848633,-2.034961462020874,30,-61.544830322265625,-2.0514943599700928,30,741
-130.44068908691406,-2.5576605796813965,51,-174.43832397460938,-3.4203593730926514,51,-155.118408203125,-3.0415375232696533,51,-59.1080322265625,-2.273385763168335,26,-156.62026977539062,-3.070985794067383,51,-118.84942626953125,-2.330380916595459,51,742
-53.02622985839844,-1.7105234861373901,31,-96.5677719116211,-3.1150894165039062,31,-86.00392150878906,-2.774320125579834,31,-77.91178894042969,-2.6866133213043213,29,-100.88958740234375,-3.254502773284912,31,-85.26393127441406,-2.7504494190216064,31,743
-66.44566345214844,-1.5820395946502686,42,-129.09014892578125,-3.073575019836426,42,-131.59307861328125,-3.1331684589385986,42,-66.59266662597656,-2.2197556495666504,30,-129.65652465820312,-3.0870602130889893,42,-135.14120483398438,-3.2176477909088135,42,744
-76.9420166015625,-1.7098225355148315,45,-148.13343811035156,-3.2918541431427,45,-141.1180419921875,-3.1359565258026123,45,-72.94041442871094,-2.7014968395233154,27,-174.38070678710938,-3.875126838684082,45,-170.45150756835938,-3.787811279296875,45,745
-146.9200897216797,-3.4980974197387695,42,-137.4677734375,-3.2730422019958496,42,-111.92893981933594,-2.6649746894836426,42,-82.3074951171875,-2.351642608642578,35,-161.9239959716797,-3.8553333282470703,42,-122.67259979248047,-2.920776128768921,42,746
-51.09377670288086,-1.892362117767334,27,-74.48091888427734,-2.7585525512695312,27,-75.2162094116211,-2.785785436630249,27,-55.83064270019531,-2.1473324298858643,26,-82.3961181640625,-3.0517079830169678,27,-82.53446960449219,-3.0568323135375977,27,747
-99.82463836669922,-2.21832537651062,45,-128.52102661132812,-2.856022834777832,45,-111.08096313476562,-2.468465805053711,45,-88.18708801269531,-2.383434772491455,37,-121.90277099609375,-2.7089505195617676,45,-128.7078857421875,-2.860175132751465,45,748
-41.42506408691406,-0.9005448818206787,46,-82.94656372070312,-1.8031861782073975,46,-66.69795227050781,-1.4499554634094238,46,-68.10692596435547,-1.3899372816085815,49,-88.16978454589844,-1.9167344570159912,46,-69.50929260253906,-1.5110715627670288,46,749
-103.56600952148438,-2.4658572673797607,42,-153.84266662597656,-3.6629207134246826,42,-130.57069396972656,-3.108826160430908,42,-92.91099548339844,-2.7326762676239014,34,-132.8183135986328,-3.1623408794403076,42,-122.29840087890625,-2.9118666648864746,42,750
-26.25950813293457,-0.5968070030212402,44,-112.37606048583984,-2.5540013313293457,44,-115.64230346679688,-2.6282341480255127,44,-121.43943786621094,-2.6399877071380615,46,-123.92715454101562,-2.816526174545288,44,-122.73013305664062,-2.789321184158325,44,751
-71.99154663085938,-1.5650336742401123,46,-119.84104919433594,-2.6052401065826416,46,-145.7784423828125,-3.1690964698791504,46,-97.7960205078125,-3.622074842453003,27,-131.8018341064453,-2.8652572631835938,46,-146.1226043701172,-3.1765782833099365,46,752
-56.94933319091797,-1.460239291191101,39,-96.51708221435547,-2.474797010421753,39,-98.93276977539062,-2.5367376804351807,39,-104.49530792236328,-2.271637201309204,46,-102.68426513671875,-2.632929801940918,39,-109.31593322753906,-2.8029725551605225,39,753
-82.9222412109375,-2.126211404800415,39,-121.74759674072266,-3.1217331886291504,39,-116.05792236328125,-2.975844144821167,39,-125.7382583618164,-3.14345645904541,40,-145.2073211669922,-3.723264694213867,39,-129.42440795898438,-3.3185746669769287,39,754
-137.61302185058594,-2.9915874004364014,46,-123.80088806152344,-2.691323757171631,46,-151.36599731445312,-3.290565252304077,46,-71.04405212402344,-2.3681349754333496,30,-127.42980194091797,-2.7702131271362305,46,-155.6451416015625,-3.38358998298645,46,755
-84.00135803222656,-2.048813581466675,41,-111.19015502929688,-2.7119550704956055,41,-97.70999145507812,-2.3831706047058105,41,-107.35223388671875,-2.7526214122772217,39,-107.0643310546875,-2.611325263977051,41,-104.42280578613281,-2.5468976497650146,41,756
-70.39495849609375,-3.199770927429199,22,-95.77787780761719,-4.353539943695068,22,-85.31993103027344,-3.878178596496582,22,-79.19332885742188,-3.2997219562530518,24,-82.4482650756836,-3.7476484775543213,22,-86.41634368896484,-3.92801570892334,22,757
-50.998138427734375,-1.5936918258666992,32,-84.60090637207031,-2.6437783241271973,32,-93.13941955566406,-2.910606861114502,32,-58.027862548828125,-2.5229506492614746,23,-90.89414978027344,-2.840442180633545,32,-87.26820373535156,-2.7271313667297363,32,758
-67.04460906982422,-1.812016487121582,37,-85.89642333984375,-2.3215248584747314,37,-101.10212707519531,-2.732489824295044,37,-60.32140350341797,-2.0800483226776123,29,-99.86894989013672,-2.6991608142852783,37,-101.04078674316406,-2.730832099914551,37,759
-48.30344009399414,-1.7890162467956543,27,-85.11776733398438,-3.152509927749634,27,-79.95028686523438,-2.9611217975616455,27,-79.06915283203125,-2.1370041370391846,37,-77.60293579101562,-2.87418270111084,27,-82.1097640991211,-3.041102409362793,27,760
-60.482112884521484,-1.7788857221603394,34,-194.50201416015625,-5.72064733505249,34,-218.69329833984375,-6.432155609130859,34,-285.52044677734375,-5.948342800140381,48,-186.02496337890625,-5.471322536468506,34,-210.63584899902344,-6.19517183303833,34,761
-115.70970153808594,-3.214158296585083,36,-121.5350112915039,-3.3759725093841553,36,-102.70713806152344,-2.852976083755493,36,-51.79618835449219,-1.91837739944458,27,-129.01907348632812,-3.5838632583618164,36,-90.82568359375,-2.522935628890991,36,762
-84.5616455078125,-3.1319127082824707,27,-95.56979370117188,-3.5396220684051514,27,-79.31219482421875,-2.9374887943267822,27,-78.18264770507812,-2.004683256149292,39,-91.3326416015625,-3.3826904296875,27,-89.10863494873047,-3.3003199100494385,27,763
-49.46531295776367,-1.1777455806732178,42,-44.53260040283203,-1.0602999925613403,42,-48.11375427246094,-1.1455656290054321,42,-20.900087356567383,-0.5358996987342834,39,-61.283756256103516,-1.4591370820999146,42,-54.17494201660156,-1.289879560470581,42,764
-97.22990417480469,-3.352755308151245,29,-182.68649291992188,-6.299534320831299,29,-226.0803680419922,-7.79587459564209,29,-303.11749267578125,-6.7359442710876465,45,-199.1181640625,-6.866143703460693,29,-213.3233642578125,-7.355978012084961,29,765
-69.62781524658203,-1.481442928314209,47,-124.16779327392578,-2.6418678760528564,47,-156.79312133789062,-3.3360238075256348,47,-95.25357818603516,-2.9766743183135986,32,-154.3160400390625,-3.2833199501037598,47,-173.42587280273438,-3.6899120807647705,47,766
-41.65443420410156,-0.8862645626068115,47,-80.3849105834961,-1.7103172540664673,47,-73.39970397949219,-1.5616958141326904,47,-66.62494659423828,-1.3880196809768677,48,-96.98951721191406,-2.0636067390441895,47,-111.54773712158203,-2.3733561038970947,47,767
-40.11499786376953,-1.0285897254943848,39,-94.15467834472656,-2.414222478866577,39,-103.297607421875,-2.6486566066741943,39,-54.169036865234375,-2.2570431232452393,24,-92.57379913330078,-2.373687267303467,39,-105.50676727294922,-2.7053017616271973,39,768
-94.21183013916016,-3.140394449234009,30,-72.64399719238281,-2.421466588973999,30,-59.92399978637695,-1.9974666833877563,30,-65.54528045654297,-2.1143639087677,31,-71.57006072998047,-2.3856687545776367,30,-59.43792724609375,-1.9812642335891724,30,769
-94.3001708984375,-2.0955593585968018,45,-108.95735931396484,-2.4212746620178223,45,-83.5516357421875,-1.8567030429840088,45,-58.14862823486328,-1.4909905195236206,39,-124.90899658203125,-2.7757554054260254,45,-104.21776580810547,-2.315950393676758,45,770
-67.18679809570312,-2.0995874404907227,32,-111.21839904785156,-3.4755749702453613,32,-101.62885284423828,-3.1759016513824463,32,-92.92097473144531,-3.31860613822937,28,-99.80256652832031,-3.1188302040100098,32,-106.42478942871094,-3.325774669647217,32,771
-135.51864624023438,-3.1515963077545166,43,-162.3592071533203,-3.7757954597473145,43,-146.37252807617188,-3.4040122032165527,43,-140.06866455078125,-4.119666576385498,34,-154.13522338867188,-3.5845401287078857,43,-145.2132110595703,-3.37705135345459,43,772
-100.6544418334961,-2.8758411407470703,35,-123.9010238647461,-3.540029287338257,35,-120.44754028320312,-3.4413583278656006,35,-98.76924896240234,-3.2923083305358887,30,-132.43536376953125,-3.783867597579956,35,-134.8799591064453,-3.853713035583496,35,773
-100.08733367919922,-4.003493309020996,25,-82.03857421875,-3.281543016433716,25,-86.72171020507812,-3.4688684940338135,25,-109.42158508300781,-2.605275869369507,42,-95.27603149414062,-3.8110413551330566,25,-96.92160034179688,-3.876863956451416,25,774
-84.96018981933594,-1.7700039148330688,48,-120.37788391113281,-2.5078725814819336,48,-122.86695861816406,-2.5597283840179443,48,-91.59657287597656,-2.775653839111328,33,-113.01629638671875,-2.354506254196167,48,-123.2574462890625,-2.5678634643554688,48,775
-104.5614242553711,-3.3729491233825684,31,-81.41524505615234,-2.626298189163208,31,-53.53816604614258,-1.7270376682281494,31,-44.70463562011719,-1.490154504776001,30,-109.14513397216797,-3.520810842514038,31,-56.847373962402344,-1.8337862491607666,31,776
-98.95195007324219,-3.4121363162994385,29,-99.4595718383789,-3.429640293121338,29,-66.810302734375,-2.3038034439086914,29,-79.28530883789062,-2.331920862197876,34,-90.74868774414062,-3.129265069961548,29,-74.51856994628906,-2.569605827331543,29,777
-75.00946044921875,-1.6668769121170044,45,-120.24781036376953,-2.672173500061035,45,-114.26734924316406,-2.5392744541168213,45,-121.32247161865234,-2.8214528560638428,43,-139.77505493164062,-3.106112241744995,45,-119.65564727783203,-2.6590144634246826,45,778
-64.10343933105469,-1.6869325637817383,38,-75.09088134765625,-1.9760757684707642,38,-89.727783203125,-2.361257553100586,38,-75.55828094482422,-1.6790728569030762,45,-91.96283721923828,-2.420074701309204,38,-102.83251953125,-2.7061188220977783,38,779
-86.2586669921875,-2.2699649333953857,38,-91.64271545410156,-2.4116504192352295,38,-91.20053100585938,-2.4000139236450195,38,-112.19773864746094,-2.4932830333709717,45,-93.01866149902344,-2.447859525680542,38,-93.48526763916016,-2.4601385593414307,38,780
-71.65713500976562,-2.559183359146118,28,-69.61940002441406,-2.4864070415496826,28,-61.71720886230469,-2.204185962677002,28,-39.54665756225586,-1.7194198369979858,23,-87.83319091796875,-3.136899709701538,28,-56.67470932006836,-2.024096727371216,28,781
-95.39591217041016,-2.168088912963867,44,-293.0057373046875,-6.659221172332764,44,-288.4253845214844,-6.555122375488281,44,-299.31915283203125,-6.65153694152832,45,-273.074951171875,-6.206248760223389,44,-290.4807434082031,-6.601835250854492,44,782
-109.2361831665039,-2.8009278774261475,39,-125.80872344970703,-3.2258646488189697,39,-87.04530334472656,-2.23193097114563,39,-70.60859680175781,-2.3536198139190674,30,-124.22610473632812,-3.1852848529815674,39,-100.14168548583984,-2.567735433578491,39,783
-91.17356872558594,-2.9410829544067383,31,-94.56867980957031,-3.050602674484253,31,-82.70833587646484,-2.668010950088501,31,-33.79973220825195,-1.7789332866668701,19,-78.66674041748047,-2.5376367568969727,31,-81.27668762207031,-2.621828556060791,31,784
-95.91407775878906,-2.3978519439697266,40,-215.7532958984375,-5.393832206726074,40,-251.86766052246094,-6.296691417694092,40,-272.7020263671875,-6.197773456573486,44,-207.27426147460938,-5.181856632232666,40,-244.6925811767578,-6.117314338684082,40,785
-61.37992477416992,-2.2733304500579834,27,-82.66918182373047,-3.061821460723877,27,-76.2906494140625,-2.8255796432495117,27,-81.03045654296875,-1.976352572441101,41,-80.36895751953125,-2.976628065109253,27,-77.84222412109375,-2.8830454349517822,27,786
-76.13646697998047,-2.1149017810821533,36,-101.2935791015625,-2.8137104511260986,36,-78.81037139892578,-2.1891770362854004,36,-75.42975616455078,-1.984993577003479,38,-103.82815551757812,-2.88411545753479,36,-70.79499816894531,-1.9665277004241943,36,787
-51.563079833984375,-1.6633251905441284,31,-92.34207916259766,-2.978776693344116,31,-85.2231674194336,-2.7491345405578613,31,-142.27764892578125,-2.188886880874634,65,-80.7115478515625,-2.6035983562469482,31,-80.99984741210938,-2.612898349761963,31,788
-82.80724334716797,-2.3659212589263916,35,-107.54969787597656,-3.0728485584259033,35,-89.57939147949219,-2.5594112873077393,35,-83.7305908203125,-2.537290573120117,33,-91.05992126464844,-2.6017119884490967,35,-90.23756408691406,-2.578216075897217,35,789
-74.17841339111328,-2.649229049682617,28,-67.8454818725586,-2.423053026199341,28,-66.28305053710938,-2.3672518730163574,28,-61.95333480834961,-1.7700952291488647,35,-86.94967651367188,-3.1053454875946045,28,-70.18280029296875,-2.506528615951538,28,790
-34.60747146606445,-1.1163700819015503,31,-64.64337158203125,-2.0852701663970947,31,-37.75952911376953,-1.2180492877960205,31,-31.12890625,-1.0041582584381104,31,-70.40122985839844,-2.2710072994232178,31,-48.57762145996094,-1.567020058631897,31,791
-116.93700408935547,-2.4880213737487793,47,-139.88233947753906,-2.976219892501831,47,-135.22186279296875,-2.877060890197754,47,-85.80795288085938,-2.958894968032837,29,-143.2528533935547,-3.0479331016540527,47,-154.5404815673828,-3.288095235824585,47,792
-101.73082733154297,-2.4221625328063965,42,-153.427734375,-3.653041362762451,42,-136.26220703125,-3.244338274002075,42,-86.19113159179688,-2.873037815093994,30,-163.19027709960938,-3.8854827880859375,42,-127.06472778320312,-3.025350570678711,42,793
-53.66948318481445,-1.9167672395706177,28,-83.58004760742188,-2.985001802444458,28,-55.894596099853516,-1.9962356090545654,28,-53.69971466064453,-1.5342775583267212,35,-97.89783477783203,-3.4963512420654297,28,-56.47282028198242,-2.0168864727020264,28,794
-53.178321838378906,-1.611464262008667,33,-128.88992309570312,-3.9057552814483643,33,-135.70846557617188,-4.112377643585205,33,-140.01284790039062,-2.978996753692627,47,-113.23759460449219,-3.4314422607421875,33,-125.48118591308594,-3.802460193634033,33,795
-119.7894287109375,-3.152353286743164,38,-99.06486511230469,-2.6069700717926025,38,-96.98895263671875,-2.5523407459259033,38,-93.44123077392578,-2.123664379119873,44,-108.84180450439453,-2.864258050918579,38,-107.22978973388672,-2.821836471557617,38,796
-70.58845520019531,-2.614387273788452,27,-84.19041442871094,-3.118163585662842,27,-91.30738830566406,-3.3817551136016846,27,-107.47358703613281,-2.8282523155212402,38,-90.08688354492188,-3.3365511894226074,27,-99.62432861328125,-3.6897900104522705,27,797
-93.87583923339844,-2.183159112930298,43,-114.54557800292969,-2.6638505458831787,43,-80.4499282836914,-1.8709285259246826,43,-67.20628356933594,-1.4299209117889404,47,-119.44454956054688,-2.777780294418335,43,-97.32591247558594,-2.2633934020996094,43,798
-81.00726318359375,-1.5883777141571045,51,-121.84635925292969,-2.3891441822052,51,-144.55252075195312,-2.8343632221221924,51,-55.015625,-2.750781297683716,20,-143.59579467773438,-2.815603733062744,51,-165.83432006835938,-3.2516534328460693,51,799
-105.33807373046875,-2.340846061706543,45,-127.96133422851562,-2.843585252761841,45,-149.56092834472656,-3.3235762119293213,45,-107.88007354736328,-3.0822877883911133,35,-135.29190063476562,-3.006486654281616,45,-158.09649658203125,-3.5132555961608887,45,800
-66.39620971679688,-1.7024669647216797,39,-151.69671630859375,-3.8896594047546387,39,-149.44415283203125,-3.8319013118743896,39,-124.43871307373047,-4.0141520500183105,31,-163.514892578125,-4.192689418792725,39,-151.26995849609375,-3.8787169456481934,39,801
-83.27701568603516,-3.2029621601104736,26,-78.77433776855469,-3.029782295227051,26,-60.689327239990234,-2.334204912185669,26,-49.162864685058594,-1.536339521408081,32,-76.1842041015625,-2.930161714553833,26,-59.29768371582031,-2.2806801795959473,26,802
-86.65145874023438,-1.7683970928192139,49,-177.6707763671875,-3.62593412399292,49,-143.29591369628906,-2.9244062900543213,49,-90.06062316894531,-2.5731606483459473,35,-164.91671752929688,-3.365647315979004,49,-122.96212768554688,-2.5094311237335205,49,803
-37.824302673339844,-0.9225439429283142,41,-104.87568664550781,-2.55794358253479,41,-114.04588317871094,-2.781606912612915,41,-16.170820236206055,-0.8510957956314087,19,-134.52566528320312,-3.281113862991333,41,-130.5348663330078,-3.183777332305908,41,804
-28.100631713867188,-0.936687707901001,30,-52.32939910888672,-1.744313359260559,30,-64.33457946777344,-2.1444859504699707,30,-46.23565673828125,-1.2496123313903809,37,-66.50977325439453,-2.2169923782348633,30,-73.75059509277344,-2.458353281021118,30,805
-41.05195999145508,-1.5204429626464844,27,-150.93124389648438,-5.590045928955078,27,-188.72201538085938,-6.989704132080078,27,-275.90911865234375,-5.9980244636535645,46,-163.3421630859375,-6.049709796905518,27,-177.40509033203125,-6.570559024810791,27,806
-64.70586395263672,-2.231236696243286,29,-88.62606811523438,-3.0560712814331055,29,-78.10869598388672,-2.6934032440185547,29,-44.18029022216797,-2.209014415740967,20,-82.90641784667969,-2.858841896057129,29,-94.34861755371094,-3.2534005641937256,29,807
-99.66117858886719,-2.120450496673584,47,-153.6707305908203,-3.269589900970459,47,-126.2099609375,-2.6853182315826416,47,-65.38240051269531,-2.0432000160217285,32,-157.31466674804688,-3.347120523452759,47,-127.25706481933594,-2.707597017288208,47,808
-82.20375061035156,-1.957232117652893,42,-89.37895202636719,-2.12807035446167,42,-69.31359100341797,-1.6503236293792725,42,-82.97359466552734,-1.9755617380142212,42,-106.46142578125,-2.5347957611083984,42,-82.7086181640625,-1.9692528247833252,42,809
-72.59367370605469,-1.4815034866333008,49,-174.24072265625,-3.5559329986572266,49,-194.38421630859375,-3.967024803161621,49,-118.51972198486328,-3.5915067195892334,33,-186.5029296875,-3.8061821460723877,49,-202.21739196777344,-4.126885414123535,49,810
-63.04784393310547,-2.1015946865081787,30,-125.36382293701172,-4.178793907165527,30,-97.46192169189453,-3.2487306594848633,30,-100.7094955444336,-3.7299814224243164,27,-119.61283874511719,-3.9870946407318115,30,-113.8701171875,-3.795670509338379,30,811
-82.40135955810547,-1.9619371891021729,42,-98.97078704833984,-2.356447219848633,42,-95.31365966796875,-2.2693729400634766,42,-83.17179870605469,-2.4462294578552246,34,-116.39225769042969,-2.7712442874908447,42,-112.54952239990234,-2.679750442504883,42,812
-58.86907958984375,-2.6758673191070557,22,-93.07696533203125,-4.230771064758301,22,-65.61885070800781,-2.982675075531006,22,-61.33668518066406,-2.7880311012268066,22,-100.63330841064453,-4.5742411613464355,22,-72.66158294677734,-3.3027992248535156,22,813
-129.50637817382812,-2.5393407344818115,51,-123.86536407470703,-2.4287326335906982,51,-143.90841674804688,-2.8217337131500244,51,-37.97276306152344,-1.265758752822876,30,-128.60879516601562,-2.5217411518096924,51,-122.8473129272461,-2.408770799636841,51,814
-73.62767028808594,-1.6733561754226685,44,-105.53485107421875,-2.398519277572632,44,-88.13430786132812,-2.0030524730682373,44,-63.72637939453125,-1.8207536935806274,35,-114.817138671875,-2.609480381011963,44,-98.22030639648438,-2.2322797775268555,44,815
-76.55719757080078,-2.3924124240875244,32,-99.63162231445312,-3.11348819732666,32,-113.49372863769531,-3.5466790199279785,32,-89.12454986572266,-2.0255579948425293,44,-109.48797607421875,-3.421499252319336,32,-121.17631530761719,-3.786759853363037,32,816
-104.18739318847656,-3.5926687717437744,29,-106.26318359375,-3.664247751235962,29,-102.55439758300781,-3.536358594894409,29,-107.42723083496094,-3.255370616912842,33,-108.47154235839844,-3.7403979301452637,29,-111.46797943115234,-3.8437235355377197,29,817
-47.24205017089844,-1.5239371061325073,31,-79.43914794921875,-2.5625531673431396,31,-84.70042419433594,-2.732271671295166,31,-70.69743347167969,-2.7191319465637207,26,-80.27081298828125,-2.589380979537964,31,-83.974609375,-2.7088582515716553,31,818
-38.957275390625,-1.3913313150405884,28,-79.34300231933594,-2.833678722381592,28,-68.82880401611328,-2.4581716060638428,28,-74.18324279785156,-2.4727747440338135,30,-83.93513488769531,-2.99768328666687,28,-80.446533203125,-2.8730905055999756,28,819
-81.32673645019531,-2.391962766647339,34,-113.51387786865234,-3.3386435508728027,34,-83.19750213623047,-2.4469852447509766,34,-77.30413818359375,-2.4936819076538086,31,-110.82608032226562,-3.2595906257629395,34,-86.7128677368164,-2.5503785610198975,34,820
-71.26224517822266,-2.1594619750976562,33,-175.34881591796875,-5.313600540161133,33,-226.4371337890625,-6.86173152923584,33,-299.50909423828125,-6.655757427215576,45,-185.0172882080078,-5.606584548950195,33,-225.9943389892578,-6.848313331604004,33,821
-71.74002075195312,-2.0497148036956787,35,-95.20695495605469,-2.720198631286621,35,-87.1424560546875,-2.4897844791412354,35,-74.3211898803711,-2.3974578380584717,31,-106.94052124023438,-3.055443525314331,35,-109.9742431640625,-3.1421213150024414,35,822
-196.2052001953125,-4.785492897033691,41,-245.78977966308594,-5.994872570037842,41,-266.77618408203125,-6.5067362785339355,41,-306.6045227050781,-6.813433647155762,45,-255.71194458007812,-6.236876487731934,41,-265.9378356933594,-6.486288547515869,41,823
-64.66339111328125,-1.5396045446395874,42,-107.35638427734375,-2.5561044216156006,42,-94.67697143554688,-2.254213571548462,42,-47.388343811035156,-1.528656244277954,31,-122.17756652832031,-2.908989667892456,42,-111.43698120117188,-2.653261423110962,42,824
-25.69297981262207,-1.3522621393203735,19,-94.48500061035156,-4.972894668579102,19,-83.8943099975586,-4.41549015045166,19,-103.82034301757812,-3.4606781005859375,30,-98.91544342041016,-5.206076145172119,19,-86.0774917602539,-4.530394077301025,19,825
-91.03422546386719,-2.2203469276428223,41,-149.9459686279297,-3.6572186946868896,41,-156.42626953125,-3.815274953842163,41,-163.85028076171875,-3.6411173343658447,45,-144.49806213378906,-3.5243430137634277,41,-162.95736694335938,-3.9745700359344482,41,826
-115.31373596191406,-2.5625274181365967,45,-92.97652435302734,-2.0661449432373047,45,-113.09403991699219,-2.5132009983062744,45,-62.36012268066406,-1.948753833770752,32,-100.72603607177734,-2.238356351852417,45,-99.93670654296875,-2.220815658569336,45,827
-41.3892936706543,-0.7015134692192078,59,-52.892372131347656,-0.8964808583259583,59,-67.04209899902344,-1.1363067626953125,59,-40.11381912231445,-0.6798952221870422,59,-87.97023010253906,-1.4910207986831665,59,-82.2358627319336,-1.3938281536102295,59,828
-77.37750244140625,-2.1493749618530273,36,-95.43110656738281,-2.6508641242980957,36,-98.1399154663086,-2.7261087894439697,36,-90.56971740722656,-2.012660503387451,45,-101.83346557617188,-2.828707456588745,36,-100.92414855957031,-2.8034486770629883,36,829
-148.39175415039062,-2.6033639907836914,57,-223.69189453125,-3.9244191646575928,57,-203.0288848876953,-3.5619101524353027,57,-75.60417175292969,-3.9791669845581055,19,-244.63218688964844,-4.291792869567871,57,-220.76783752441406,-3.873120069503784,57,830
-119.6385498046875,-2.782291889190674,43,-152.08578491210938,-3.536878824234009,43,-138.84268188476562,-3.2288994789123535,43,-74.00737762451172,-2.846437692642212,26,-169.45108032226562,-3.940722703933716,43,-138.28900146484375,-3.2160232067108154,43,831
-114.30908203125,-2.5402019023895264,45,-156.38470458984375,-3.4752156734466553,45,-160.99342346191406,-3.577631711959839,45,-124.3418960571289,-3.3605918884277344,37,-167.3127899169922,-3.718061923980713,45,-168.0626220703125,-3.734724998474121,45,832
-136.69854736328125,-3.334110975265503,41,-125.93195343017578,-3.0715110301971436,41,-115.65933227539062,-2.8209593296051025,41,-54.69935607910156,-2.103821277618408,26,-127.8116455078125,-3.1173572540283203,41,-120.3420639038086,-2.9351723194122314,41,833
-81.80577850341797,-1.8592222929000854,44,-85.42117309570312,-1.9413902759552002,44,-80.99362182617188,-1.8407641649246216,44,-58.21007537841797,-1.2935572862625122,45,-108.82818603515625,-2.473367929458618,44,-83.55596923828125,-1.8989993333816528,44,834
-110.27090454101562,-2.5061569213867188,44,-137.935302734375,-3.1348931789398193,44,-155.5738067626953,-3.5357682704925537,44,-80.95132446289062,-2.8911187648773193,28,-164.80340576171875,-3.7455320358276367,44,-170.27891540527344,-3.8699753284454346,44,835
-130.22381591796875,-4.069494247436523,32,-97.12600708007812,-3.0351877212524414,32,-105.34767150878906,-3.292114734649658,32,-73.27548217773438,-2.8182878494262695,26,-99.22071838378906,-3.100647449493408,32,-105.79460144042969,-3.3060812950134277,32,836
-70.84701538085938,-2.024200439453125,35,-104.09988403320312,-2.9742825031280518,35,-82.33562469482422,-2.3524463176727295,35,-86.37586975097656,-2.2730491161346436,38,-90.58181762695312,-2.5880520343780518,35,-98.31495666503906,-2.8089988231658936,35,837
-65.67744445800781,-1.6840370893478394,39,-106.0575942993164,-2.7194254398345947,39,-117.29573822021484,-3.0075831413269043,39,-121.7681655883789,-3.479090452194214,35,-140.30706787109375,-3.5976171493530273,39,-151.11276245117188,-3.8746862411499023,39,838
-132.8685302734375,-2.8269898891448975,47,-131.38124084472656,-2.7953455448150635,47,-133.97154235839844,-2.8504583835601807,47,-90.02367401123047,-3.2151312828063965,28,-159.72462463378906,-3.3983962535858154,47,-169.46217346191406,-3.6055781841278076,47,839
-99.16340637207031,-2.4790852069854736,40,-95.64064025878906,-2.3910160064697266,40,-97.98182678222656,-2.4495456218719482,40,-87.4547348022461,-2.429298162460327,36,-111.84564971923828,-2.7961411476135254,40,-109.99195861816406,-2.7497990131378174,40,840
-110.3208236694336,-2.3982787132263184,46,-134.65443420410156,-2.9272704124450684,46,-141.9990234375,-3.08693528175354,46,-94.7699203491211,-2.707711935043335,35,-163.75070190429688,-3.559797763824463,46,-156.46380615234375,-3.4013869762420654,46,841
-116.06082153320312,-2.763352870941162,42,-88.37626647949219,-2.104196786880493,42,-89.21076965332031,-2.12406587600708,42,-77.30496215820312,-1.932624101638794,40,-111.5883560180664,-2.6568655967712402,42,-121.82977294921875,-2.9007089138031006,42,842
-121.9475326538086,-3.6953797340393066,33,-89.27874755859375,-2.705416679382324,33,-63.0295295715332,-1.9099857807159424,33,-69.15098571777344,-1.6866093873977661,41,-101.97006225585938,-3.0900018215179443,33,-95.00008392333984,-2.8787903785705566,33,843
-12.14753246307373,-0.3572803735733032,34,-104.10186004638672,-3.061819314956665,34,-99.52488708496094,-2.9272024631500244,34,-70.93714904785156,-2.955714464187622,24,-112.17247009277344,-3.2991902828216553,34,-104.94993591308594,-3.0867629051208496,34,844
-40.831748962402344,-0.8006225228309631,51,-96.52581024169922,-1.8926630020141602,51,-70.69132995605469,-1.3861044645309448,51,-39.13369369506836,-0.8894021511077881,44,-100.55577850341797,-1.9716819524765015,51,-82.3320083618164,-1.614353060722351,51,845
-98.50204467773438,-2.0102458000183105,49,-130.35089111328125,-2.660222291946411,49,-127.68572998046875,-2.6058311462402344,49,-61.63973617553711,-2.1255080699920654,29,-159.70843505859375,-3.2593557834625244,49,-168.5816650390625,-3.4404420852661133,49,846
-97.95817565917969,-2.9684295654296875,33,-105.46966552734375,-3.1960504055023193,33,-78.23280334472656,-2.3706910610198975,33,-80.30194091796875,-2.1703226566314697,37,-115.22164154052734,-3.491564989089966,33,-88.18265533447266,-2.672201633453369,33,847
-74.70149230957031,-1.6977611780166626,44,-90.45977783203125,-2.0559041500091553,44,-63.79071807861328,-1.449789047241211,44,-64.6925048828125,-1.5044769048690796,43,-91.89241027832031,-2.08846378326416,44,-96.92393493652344,-2.2028167247772217,44,848
-76.90101623535156,-1.6361918449401855,47,-134.2562255859375,-2.856515407562256,47,-138.5301513671875,-2.9474499225616455,47,-66.67823791503906,-2.3813655376434326,28,-144.57742309570312,-3.076115369796753,47,-148.73895263671875,-3.164658546447754,47,849
-132.77261352539062,-3.588449001312256,37,-128.84368896484375,-3.482261896133423,37,-114.00641632080078,-3.081254482269287,37,-115.01805114746094,-3.0267908573150635,38,-158.30880737304688,-4.278616428375244,37,-140.5655517578125,-3.7990689277648926,37,850
-73.07321166992188,-1.4912900924682617,49,-91.15094757080078,-1.860223412513733,49,-75.39421844482422,-1.538657546043396,49,-75.77790069580078,-1.485841155052185,51,-110.2953872680664,-2.2509262561798096,49,-102.47225952148438,-2.091270685195923,49,851
-112.65335845947266,-2.6198456287384033,43,-139.5884552001953,-3.2462432384490967,43,-133.09974670410156,-3.0953428745269775,43,-81.17869567871094,-2.6186676025390625,31,-137.24270629882812,-3.1916909217834473,43,-135.87802124023438,-3.159954071044922,43,852
-102.54153442382812,-2.5010130405426025,41,-74.52545166015625,-1.8176939487457275,41,-82.08074951171875,-2.001969575881958,41,-52.402549743652344,-1.190967082977295,44,-104.53166961669922,-2.5495529174804688,41,-112.04252624511719,-2.7327444553375244,41,853
-92.76695251464844,-2.4412355422973633,38,-107.76194763183594,-2.8358407020568848,38,-71.22361755371094,-1.8743057250976562,38,-96.41615295410156,-2.1425812244415283,45,-116.30239868164062,-3.060589551925659,38,-91.16773986816406,-2.399151086807251,38,854
-118.58890533447266,-2.8924124240875244,41,-166.54464721679688,-4.0620646476745605,41,-166.53952026367188,-4.061939716339111,41,-142.55093383789062,-3.8527278900146484,37,-167.9237060546875,-4.095700263977051,41,-133.63987731933594,-3.2595090866088867,41,855
-125.34524536132812,-2.8487555980682373,44,-120.31024932861328,-2.734323740005493,44,-99.84549713134766,-2.2692158222198486,44,-103.60710144042969,-2.1584813594818115,48,-140.35276794433594,-3.189835548400879,44,-116.37659454345703,-2.6449224948883057,44,856
-97.64791870117188,-2.789940595626831,35,-105.5316162109375,-3.0151889324188232,35,-97.15765380859375,-2.775933027267456,35,-46.105506896972656,-1.8442202806472778,25,-142.58531188964844,-4.07386589050293,35,-135.32998657226562,-3.8665709495544434,35,857
-62.32673645019531,-2.0105397701263428,31,-94.98192596435547,-3.0639331340789795,31,-94.22384643554688,-3.0394790172576904,31,-61.9299430847168,-2.2117836475372314,28,-120.52436828613281,-3.887882947921753,31,-97.28117370605469,-3.1381022930145264,31,858
-78.1872787475586,-1.9546819925308228,40,-104.71565246582031,-2.617891311645508,40,-88.88156127929688,-2.222038984298706,40,-87.93408203125,-1.9540907144546509,45,-91.86264038085938,-2.2965660095214844,40,-105.51382446289062,-2.637845516204834,40,859
-47.190773010253906,-1.0974597930908203,43,-97.89273071289062,-2.2765750885009766,43,-110.97169494628906,-2.5807371139526367,43,-84.06962585449219,-2.5475645065307617,33,-109.82481384277344,-2.554065465927124,43,-132.843017578125,-3.089372396469116,43,860
-76.83018493652344,-1.7461405992507935,44,-115.19035339355469,-2.617962598800659,44,-112.05155181884766,-2.546626091003418,44,-55.546775817871094,-1.5429660081863403,36,-130.4025421142578,-2.9636940956115723,44,-127.65879821777344,-2.901336431503296,44,861
-109.38610076904297,-2.103578805923462,52,-144.46823120117188,-2.7782351970672607,52,-154.04002380371094,-2.962308168411255,52,-88.40947723388672,-2.3894453048706055,37,-151.16500854492188,-2.9070193767547607,52,-147.85179138183594,-2.843303680419922,52,862
-152.52081298828125,-3.1775169372558594,48,-148.1734619140625,-3.086947202682495,48,-122.79524230957031,-2.558234214782715,48,-89.60655212402344,-2.5601871013641357,35,-187.5975341796875,-3.9082820415496826,48,-182.62860107421875,-3.804762601852417,48,863
-60.40198516845703,-2.2371106147766113,27,-176.96131896972656,-6.5541229248046875,27,-197.73199462890625,-7.323407173156738,27,-333.8294372558594,-7.10275411605835,47,-168.56570434570312,-6.243174076080322,27,-194.5022430419922,-7.203786849975586,27,864
-91.85856628417969,-1.8746646642684937,49,-115.05052185058594,-2.3479697704315186,49,-126.62652587890625,-2.584214925765991,49,-50.29296875,-1.5240293741226196,33,-148.49510192871094,-3.0305123329162598,49,-141.74041748046875,-2.8926615715026855,49,865
-45.45988845825195,-1.2988539934158325,35,-116.86066436767578,-3.3388760089874268,35,-131.3778076171875,-3.7536516189575195,35,-166.81845092773438,-3.626487970352173,46,-138.3779296875,-3.953655242919922,35,-135.7506866455078,-3.8785910606384277,35,866
-89.7056655883789,-2.9901888370513916,30,-114.18576049804688,-3.806191921234131,30,-99.08836364746094,-3.302945375442505,30,-82.20978546142578,-3.7368085384368896,22,-111.97526550292969,-3.732508897781372,30,-89.86729431152344,-2.9955763816833496,30,867
-58.58729934692383,-1.7231558561325073,34,-85.42009735107422,-2.5123558044433594,34,-82.82787322998047,-2.4361138343811035,34,-70.46941375732422,-1.718766212463379,41,-109.45708465576172,-3.2193260192871094,34,-114.28138732910156,-3.3612172603607178,34,868
-91.22065734863281,-3.257880687713623,28,-90.65811920166016,-3.2377898693084717,28,-76.26738739013672,-2.7238352298736572,28,-90.4134521484375,-2.260336399078369,40,-106.51786804199219,-3.8042094707489014,28,-92.36679077148438,-3.298814058303833,28,869
-158.16978454589844,-2.6808438301086426,59,-161.517822265625,-2.7375903129577637,59,-147.52139282226562,-2.5003626346588135,59,-101.73301696777344,-2.481293201446533,41,-140.5886688232422,-2.3828587532043457,59,-136.04959106445312,-2.3059253692626953,59,870
-54.20841979980469,-1.0629101991653442,51,-93.83634948730469,-1.839928388595581,51,-126.62287139892578,-2.4828014373779297,51,-92.71647644042969,-2.060366153717041,45,-109.27840423583984,-2.142713785171509,51,-119.24547576904297,-2.338146686553955,51,871
-97.7800521850586,-2.4445013999938965,40,-96.58598327636719,-2.414649486541748,40,-111.019775390625,-2.775494337081909,40,-104.704833984375,-2.553776502609253,41,-103.54606628417969,-2.588651657104492,40,-115.37471008300781,-2.8843677043914795,40,872
-101.74010467529297,-2.992356061935425,34,-102.23074340820312,-3.006786584854126,34,-97.78461456298828,-2.8760180473327637,34,-150.9583282470703,-3.281702756881714,46,-113.36261749267578,-3.3341946601867676,34,-107.26119995117188,-3.1547412872314453,34,873
-74.02997589111328,-2.1151421070098877,35,-75.35932922363281,-2.153123617172241,35,-76.70539855957031,-2.1915829181671143,35,-85.84539031982422,-2.093790054321289,41,-89.87112426757812,-2.56774640083313,35,-83.0201644897461,-2.372004747390747,35,874
-103.43012237548828,-2.4626219272613525,42,-256.7767028808594,-6.1137309074401855,42,-294.8996887207031,-7.021420955657959,42,-313.1155700683594,-6.806860446929932,46,-260.959716796875,-6.213326454162598,42,-298.5264587402344,-7.1077728271484375,42,875
-121.62164306640625,-2.48207426071167,49,-145.80230712890625,-2.975557327270508,49,-154.59915161132812,-3.1550846099853516,49,-105.89295959472656,-3.025513172149658,35,-163.51004028320312,-3.336939573287964,49,-170.25009155273438,-3.474491596221924,49,876
-186.8779296875,-4.247225761413574,44,-310.59033203125,-7.058871269226074,44,-301.7714538574219,-6.858442306518555,44,-313.96044921875,-6.680009365081787,47,-306.7337646484375,-6.971221923828125,44,-312.23431396484375,-7.096234321594238,44,877
-45.229461669921875,-1.3705897331237793,33,-46.80766296386719,-1.4184139966964722,33,-65.45904541015625,-1.9836074113845825,33,-44.459991455078125,-1.4341932535171509,31,-57.2022590637207,-1.7334017753601074,33,-71.016357421875,-2.152010917663574,33,878
-101.34806823730469,-1.6346462965011597,62,-173.27362060546875,-2.794735908508301,62,-156.04983520507812,-2.516932725906372,62,-30.422332763671875,-1.5211166143417358,20,-189.8984832763672,-3.0628788471221924,62,-171.46337890625,-2.765538454055786,62,879
-65.72013092041016,-1.5283751487731934,43,-116.96665954589844,-2.7201547622680664,43,-115.83597564697266,-2.693859815597534,43,-109.72779846191406,-2.3346340656280518,47,-119.64788818359375,-2.7825090885162354,43,-119.66116333007812,-2.782817840576172,43,880
-108.5837631225586,-2.171675205230713,50,-123.31880187988281,-2.4663760662078857,50,-103.44979858398438,-2.068995952606201,50,-58.18098068237305,-1.322295069694519,44,-130.2386474609375,-2.6047730445861816,50,-116.98609924316406,-2.339721918106079,50,881
-139.1830596923828,-3.313882350921631,42,-154.00665283203125,-3.66682505607605,42,-140.79010009765625,-3.352145195007324,42,-136.1929473876953,-3.321779251098633,41,-153.15206909179688,-3.6464779376983643,42,-135.0468292236328,-3.2154006958007812,42,882
-46.918399810791016,-1.51349675655365,31,-115.62489318847656,-3.729835271835327,31,-118.65879821777344,-3.8277032375335693,31,-57.08725357055664,-2.5948750972747803,22,-116.80450439453125,-3.7678873538970947,31,-119.1282958984375,-3.842848300933838,31,883
-72.011474609375,-2.483154296875,29,-117.94664001464844,-4.06712532043457,29,-111.35673522949219,-3.8398873805999756,29,-122.78187561035156,-2.557955741882324,48,-113.12004852294922,-3.900691270828247,29,-110.50291442871094,-3.8104453086853027,29,884
-59.20037078857422,-2.3680148124694824,25,-84.41687774658203,-3.3766751289367676,25,-97.88502502441406,-3.915400981903076,25,-90.0730209350586,-3.002434015274048,30,-82.02305603027344,-3.2809221744537354,25,-98.68014526367188,-3.9472057819366455,25,885
-99.20267486572266,-2.755629777908325,36,-88.89328002929688,-2.4692578315734863,36,-82.15013122558594,-2.2819480895996094,36,-62.81061553955078,-2.1658833026885986,29,-100.60858917236328,-2.7946829795837402,36,-102.03013610839844,-2.834170341491699,36,886
-53.01449966430664,-1.4726250171661377,36,-66.77568054199219,-1.8548799753189087,36,-68.8210220336914,-1.9116950035095215,36,-66.8516845703125,-1.7141457796096802,39,-131.88192749023438,-3.663386821746826,36,-127.96568298339844,-3.5546023845672607,36,887
-117.73300170898438,-2.8715367317199707,41,-83.57508850097656,-2.038416862487793,41,-63.414634704589844,-1.5466984510421753,41,-38.872581481933594,-1.0229626893997192,38,-118.16862487792969,-2.8821616172790527,41,-113.44425201416016,-2.766932964324951,41,888
-57.21075439453125,-2.200413703918457,26,-70.22638702392578,-2.701014995574951,26,-79.48178100585938,-3.0569915771484375,26,-81.25630187988281,-1.6928396224975586,48,-85.03621673583984,-3.2706236839294434,26,-104.03254699707031,-4.001251697540283,26,889
-77.2071304321289,-2.757397413253784,28,-136.24871826171875,-4.866025447845459,28,-133.82272338867188,-4.779383182525635,28,-170.61260986328125,-3.791391372680664,45,-118.33004760742188,-4.226073265075684,28,-94.92900848388672,-3.390321731567383,28,890
-122.11430358886719,-2.713651180267334,45,-115.24683380126953,-2.5610406398773193,45,-132.43479919433594,-2.942995548248291,45,-84.08055114746094,-2.4729573726654053,34,-134.43087768554688,-2.9873528480529785,45,-136.83364868164062,-3.04074764251709,45,891
-87.98497009277344,-3.5193986892700195,25,-73.92908477783203,-2.9571633338928223,25,-59.620426177978516,-2.384817123413086,25,-66.41658782958984,-1.6199167966842651,41,-83.07791137695312,-3.3231165409088135,25,-87.84516906738281,-3.5138068199157715,25,892
-100.4559555053711,-2.050121545791626,49,-110.67658996582031,-2.2587058544158936,49,-129.51673889160156,-2.6431987285614014,49,-99.28646087646484,-2.2565104961395264,44,-128.55926513671875,-2.6236584186553955,49,-139.48353576660156,-2.84660267829895,49,893
-125.93202209472656,-2.7984893321990967,45,-157.1551513671875,-3.4923367500305176,45,-139.6988067626953,-3.1044180393218994,45,-71.66807556152344,-2.6543731689453125,27,-152.75369262695312,-3.394526481628418,45,-152.06060791015625,-3.379124641418457,45,894
-84.2738037109375,-1.915313720703125,44,-147.81692504882812,-3.359475612640381,44,-183.5488739013672,-4.171565532684326,44,-112.4041748046875,-3.8760061264038086,29,-170.61672973632812,-3.877652883529663,44,-182.27264404296875,-4.142560005187988,44,895
-93.8165512084961,-3.0263402462005615,31,-84.88169860839844,-2.73811936378479,31,-68.85921478271484,-2.2212650775909424,31,-68.06368255615234,-2.0625357627868652,33,-119.02978515625,-3.839670419692993,31,-97.74092102050781,-3.15293288230896,31,896
-88.84123992919922,-2.9613747596740723,30,-95.04621887207031,-3.1682074069976807,30,-93.41705322265625,-3.1139018535614014,30,-82.11051940917969,-2.831397294998169,29,-108.94104766845703,-3.6313681602478027,30,-105.66432189941406,-3.522144079208374,30,897
-70.57028198242188,-2.6137142181396484,27,-69.93791198730469,-2.5902929306030273,27,-60.59933090209961,-2.244419574737549,27,-69.98959350585938,-1.6664189100265503,42,-85.94090270996094,-3.1829965114593506,27,-78.84220886230469,-2.920081853866577,27,898
-119.32958984375,-2.9832396507263184,40,-184.7846221923828,-4.61961555480957,40,-232.18511962890625,-5.804627895355225,40,-286.6920166015625,-6.23243522644043,46,-196.42965698242188,-4.910741329193115,40,-224.2813262939453,-5.6070332527160645,40,899
-75.69613647460938,-2.1627466678619385,35,-84.17385864257812,-2.4049673080444336,35,-38.344696044921875,-1.0955626964569092,35,-25.503393173217773,-0.750099778175354,34,-91.39088439941406,-2.611168146133423,35,-48.522804260253906,-1.3863658905029297,35,900
-94.82040405273438,-2.8733456134796143,33,-92.324951171875,-2.7977256774902344,33,-82.58432006835938,-2.5025551319122314,33,-79.36698913574219,-2.2046384811401367,36,-114.32554626464844,-3.4644105434417725,33,-104.81263732910156,-3.176140546798706,33,901
-77.54067993164062,-3.1016271114349365,25,-76.4326171875,-3.057304620742798,25,-74.10181427001953,-2.9640724658966064,25,-45.13127899169922,-1.50437593460083,30,-76.01616668701172,-3.040646553039551,25,-63.83290481567383,-2.553316116333008,25,902
-62.40924072265625,-2.311453342437744,27,-97.77969360351562,-3.6214702129364014,27,-72.30046081542969,-2.677794933319092,27,-69.48075103759766,-2.1712734699249268,32,-93.47030639648438,-3.4618632793426514,27,-75.19318389892578,-2.784932851791382,27,903
-102.98736572265625,-2.5746841430664062,40,-157.59286499023438,-3.939821720123291,40,-129.10902404785156,-3.2277255058288574,40,-130.7735595703125,-3.18959903717041,41,-145.28109741210938,-3.6320273876190186,40,-129.7545166015625,-3.2438628673553467,40,904
-75.85243225097656,-1.8500592708587646,41,-158.31930541992188,-3.8614463806152344,41,-167.1624755859375,-4.077133655548096,41,-87.9544448852539,-3.5181777477264404,25,-154.21939086914062,-3.761448621749878,41,-142.9075927734375,-3.485551118850708,41,905
-100.76885986328125,-3.149026870727539,32,-111.61288452148438,-3.4879026412963867,32,-106.30653381347656,-3.3220791816711426,32,-73.69115447998047,-1.535232424736023,48,-103.0323257446289,-3.2197601795196533,32,-111.75391387939453,-3.492309808731079,32,906
-98.30429077148438,-2.091580629348755,47,-150.7970733642578,-3.2084484100341797,47,-145.353759765625,-3.0926332473754883,47,-94.01007080078125,-3.2417266368865967,29,-156.302490234375,-3.325584888458252,47,-157.08200073242188,-3.342170238494873,47,907
-62.44882583618164,-2.1534078121185303,29,-108.40705108642578,-3.7381742000579834,29,-98.48350524902344,-3.3959829807281494,29,-65.415283203125,-3.270764112472534,20,-108.93839263916016,-3.7564961910247803,29,-101.13272094726562,-3.487335205078125,29,908
-87.26272583007812,-2.077683925628662,42,-117.95255279541016,-2.808394193649292,42,-139.26348876953125,-3.3157973289489746,42,-65.79098510742188,-2.6316394805908203,25,-128.12689208984375,-3.050640344619751,42,-145.7905731201172,-3.4712040424346924,42,909
-94.9030990600586,-5.272394180297852,18,-88.58152770996094,-4.921195983886719,18,-82.02848052978516,-4.557137966156006,18,-90.86808013916016,-3.3654844760894775,27,-99.59228515625,-5.532904624938965,18,-103.81745147705078,-5.767636299133301,18,910
-26.64177703857422,-1.158338189125061,23,-61.0531005859375,-2.65448260307312,23,-77.56709289550781,-3.3724822998046875,23,-83.84415435791016,-2.994434118270874,28,-77.39334106445312,-3.3649277687072754,23,-69.98028564453125,-3.04262113571167,23,911
-39.20867919921875,-1.3069559335708618,30,-89.56429290771484,-2.985476493835449,30,-79.09960174560547,-2.636653423309326,30,-81.52389526367188,-2.62980318069458,31,-95.09292602539062,-3.169764280319214,30,-94.12027740478516,-3.137342691421509,30,912
-46.89262771606445,-1.42098867893219,33,-90.37480163574219,-2.7386302947998047,33,-75.08009338378906,-2.2751543521881104,33,-20.284215927124023,-1.067590355873108,19,-85.62236022949219,-2.5946168899536133,33,-67.21377563476562,-2.036781072616577,33,913
-86.08231353759766,-2.968355655670166,29,-80.34576416015625,-2.7705435752868652,29,-73.90484619140625,-2.548443078994751,29,-83.8030014038086,-2.539484977722168,33,-84.28278350830078,-2.9063029289245605,29,-83.13041687011719,-2.8665661811828613,29,914
-116.2130355834961,-2.9053258895874023,40,-78.05253601074219,-1.9513133764266968,40,-88.20874786376953,-2.20521879196167,40,-25.422557830810547,-1.1053285598754883,23,-106.93316650390625,-2.6733291149139404,40,-84.48075866699219,-2.1120190620422363,40,915
-90.06257629394531,-3.33565092086792,27,-93.58414459228516,-3.4660794734954834,27,-88.04461669921875,-3.260911703109741,27,-80.88458251953125,-2.696152687072754,30,-87.89773559570312,-3.255471706390381,27,-93.35150146484375,-3.457463026046753,27,916
-169.46728515625,-4.034935474395752,42,-101.85369873046875,-2.4250881671905518,42,-101.20246887207031,-2.4095826148986816,42,-101.0521469116211,-2.245603322982788,45,-92.64524841308594,-2.205839157104492,42,-111.62645721435547,-2.6577727794647217,42,917
-99.58883666992188,-3.1121511459350586,32,-58.75236511230469,-1.8360114097595215,32,-54.3202018737793,-1.697506308555603,32,-49.294334411621094,-1.7605119943618774,28,-73.13048553466797,-2.285327672958374,32,-58.55363082885742,-1.8298009634017944,32,918
-80.04866027832031,-2.6682887077331543,30,-65.02549743652344,-2.1675164699554443,30,-69.69319152832031,-2.323106288909912,30,-57.296875,-1.8482862710952759,31,-55.50046157836914,-1.85001540184021,30,-65.22000885009766,-2.1740002632141113,30,919
-130.64877319335938,-2.6663014888763428,49,-126.18058776855469,-2.5751140117645264,49,-89.44499969482422,-1.8254081010818481,49,-85.95195007324219,-1.6853322982788086,51,-124.26496887207031,-2.536019802093506,49,-88.988525390625,-1.8160923719406128,49,920
-139.66378784179688,-3.4915947914123535,40,-114.4939193725586,-2.8623480796813965,40,-104.00554656982422,-2.6001386642456055,40,-77.90071868896484,-2.4343974590301514,32,-103.94713592529297,-2.5986783504486084,40,-96.25017547607422,-2.406254291534424,40,921
-102.20059204101562,-3.096987724304199,33,-54.314971923828125,-1.645908236503601,33,-42.021602630615234,-1.2733819484710693,33,-24.382793426513672,-0.7171409726142883,34,-54.63703918457031,-1.6556679010391235,33,-38.27701950073242,-1.159909725189209,33,922
-31.375268936157227,-0.7843817472457886,40,-122.13710021972656,-3.0534274578094482,40,-120.9871826171875,-3.024679660797119,40,-93.82664489746094,-2.606295585632324,36,-121.65394592285156,-3.041348695755005,40,-125.31095123291016,-3.1327738761901855,40,923
-85.67622375488281,-2.447892189025879,35,-134.1944580078125,-3.834127426147461,35,-87.57498168945312,-2.5021424293518066,35,-57.140769958496094,-2.0407416820526123,28,-104.94807434082031,-2.998516321182251,35,-81.91091918945312,-2.3403120040893555,35,924
-71.54097747802734,-2.2356555461883545,32,-118.34223175048828,-3.698194742202759,32,-91.73222351074219,-2.8666319847106934,32,-77.11640167236328,-2.659186363220215,29,-120.99335479736328,-3.7810423374176025,32,-92.13447570800781,-2.879202365875244,32,925
-163.2668914794922,-2.814946413040161,58,-140.70095825195312,-2.4258785247802734,58,-152.5745391845703,-2.6305954456329346,58,-74.5628890991211,-1.8186070919036865,41,-166.0500030517578,-2.8629310131073,58,-164.41940307617188,-2.834817409515381,58,926
-69.73411560058594,-2.0510034561157227,34,-151.35134887695312,-4.451510429382324,34,-144.3878936767578,-4.246702671051025,34,-153.90139770507812,-3.4200310707092285,45,-144.392822265625,-4.246847629547119,34,-138.94198608398438,-4.086528778076172,34,927
-134.5122833251953,-3.736452341079712,36,-152.78488159179688,-4.244024276733398,36,-126.49662017822266,-3.5137948989868164,36,-89.57691955566406,-3.4452662467956543,26,-151.54913330078125,-4.20969820022583,36,-128.20498657226562,-3.5612497329711914,36,928
-59.17213439941406,-1.8491291999816895,32,-97.09376525878906,-3.034180164337158,32,-112.85611724853516,-3.5267536640167236,32,-150.157958984375,-3.6623892784118652,41,-87.23668670654297,-2.7261464595794678,32,-104.64517974853516,-3.2701618671417236,32,929
-140.733642578125,-2.069612503051758,68,-184.38058471679688,-2.7114791870117188,68,-187.94830322265625,-2.7639455795288086,68,-83.65480041503906,-2.460435390472412,34,-184.09405517578125,-2.707265615463257,68,-200.250732421875,-2.944863796234131,68,930
-84.84387969970703,-2.35677433013916,36,-120.20087432861328,-3.3389132022857666,36,-119.08602905273438,-3.3079452514648438,36,-77.74353790283203,-2.879390239715576,27,-120.09232330322266,-3.335897922515869,36,-129.52911376953125,-3.5980310440063477,36,931
-49.261985778808594,-1.3683885335922241,36,-90.36705780029297,-2.5101959705352783,36,-94.37873840332031,-2.621631622314453,36,-71.90198516845703,-2.663036584854126,27,-108.97052001953125,-3.02695894241333,36,-125.57642364501953,-3.488234043121338,36,932
-41.91582489013672,-1.3971941471099854,30,-74.14344024658203,-2.4714479446411133,30,-107.92506408691406,-3.5975022315979004,30,-96.64411926269531,-3.451575756072998,28,-85.22119140625,-2.8407063484191895,30,-112.68118286132812,-3.7560393810272217,30,933
-94.39002227783203,-2.05195689201355,46,-145.44821166992188,-3.1619176864624023,46,-143.08108520507812,-3.1104583740234375,46,-88.26904296875,-2.6748194694519043,33,-151.97799682617188,-3.3038694858551025,46,-146.07908630371094,-3.1756322383880615,46,934
-76.7135009765625,-2.0733377933502197,37,-126.21728515625,-3.411278009414673,37,-122.51795959472656,-3.311296224594116,37,-145.92698669433594,-3.172325849533081,46,-125.95260620117188,-3.4041244983673096,37,-125.1401596069336,-3.3821663856506348,37,935
-35.636566162109375,-1.6198439598083496,22,-76.28164672851562,-3.4673476219177246,22,-73.62959289550781,-3.346799612045288,22,-66.87895965576172,-1.967028260231018,34,-68.99261474609375,-3.1360280513763428,22,-65.27352905273438,-2.9669785499572754,22,936
-65.01307678222656,-1.9121493101119995,34,-63.54666519165039,-1.8690195083618164,34,-74.56251525878906,-2.1930150985717773,34,-89.82038116455078,-1.9526169300079346,46,-78.20144653320312,-2.3000426292419434,34,-72.2031021118164,-2.1236207485198975,34,937
-98.39513397216797,-2.459878444671631,40,-133.22366333007812,-3.3305916786193848,40,-112.71256256103516,-2.8178141117095947,40,-110.613037109375,-3.160372495651245,35,-125.03478240966797,-3.1258695125579834,40,-110.17086791992188,-2.7542717456817627,40,938
-56.83134460449219,-1.671510100364685,34,-95.50987243652344,-2.8091139793395996,34,-85.4893798828125,-2.5143935680389404,34,-67.07526397705078,-2.484269142150879,27,-104.79574584960938,-3.0822277069091797,34,-90.58958435058594,-2.6643996238708496,34,939
-87.87068176269531,-2.043504238128662,43,-85.33277893066406,-1.984483242034912,43,-83.10055541992188,-1.9325710535049438,43,-51.928855895996094,-1.5736017227172852,33,-94.16983032226562,-2.1899960041046143,43,-94.03059387207031,-2.186758041381836,43,940
-102.03900146484375,-2.9154000282287598,35,-102.69440460205078,-2.9341259002685547,35,-71.79816436767578,-2.0513761043548584,35,-75.1599349975586,-2.087775945663452,36,-107.24742889404297,-3.0642123222351074,35,-88.0311279296875,-2.5151751041412354,35,941
-51.01988983154297,-1.8221389055252075,28,-73.77212524414062,-2.634718656539917,28,-76.26596069335938,-2.7237842082977295,28,-77.28108978271484,-2.576036214828491,30,-83.8173828125,-2.9934780597686768,28,-79.8135986328125,-2.8504855632781982,28,942
-80.38656616210938,-1.9606479406356812,41,-63.30352020263672,-1.5439883470535278,41,-92.27733612060547,-2.250666618347168,41,-47.42681121826172,-1.3949061632156372,34,-68.19735717773438,-1.663350224494934,41,-86.93891906738281,-2.1204614639282227,41,943
-123.30902099609375,-2.5689380168914795,48,-118.32842254638672,-2.4651753902435303,48,-114.74110412597656,-2.390439748764038,48,-83.08939361572266,-2.0772347450256348,40,-107.37889099121094,-2.237060308456421,48,-122.61590576171875,-2.5544979572296143,48,944
-49.154876708984375,-1.0240598917007446,48,-134.42111206054688,-2.8004398345947266,48,-135.03099060058594,-2.813145637512207,48,-63.36834716796875,-2.185115337371826,29,-145.76324462890625,-3.0367343425750732,48,-128.67160034179688,-2.6806583404541016,48,945
-119.85157775878906,-2.9232091903686523,41,-134.40866088867188,-3.2782599925994873,41,-133.01571655273438,-3.244285821914673,41,-160.5636749267578,-3.4905147552490234,46,-147.77438354492188,-3.6042532920837402,41,-141.38543701171875,-3.44842529296875,41,946
-77.01318359375,-2.8523402214050293,27,-83.02033996582031,-3.0748274326324463,27,-76.18965148925781,-2.821838855743408,27,-69.48831939697266,-2.396148920059204,29,-85.18215942382812,-3.1548948287963867,27,-84.03033447265625,-3.112234592437744,27,947
-127.298828125,-2.960437774658203,43,-143.9726104736328,-3.3482003211975098,43,-148.6498260498047,-3.456972599029541,43,-146.71853637695312,-3.578500986099243,41,-149.88360595703125,-3.4856653213500977,43,-153.20408630371094,-3.5628857612609863,43,948
-55.37406921386719,-1.4965964555740356,37,-104.99356079101562,-2.8376638889312744,37,-99.21438598632812,-2.6814699172973633,37,-87.8724136352539,-2.6628003120422363,33,-92.76707458496094,-2.5072181224823,37,-105.59518432617188,-2.853923797607422,37,949
-127.63973999023438,-4.9092206954956055,26,-123.93561553955078,-4.766754627227783,26,-86.40020751953125,-3.323084831237793,26,-16.695171356201172,-0.9820688962936401,17,-117.0578384399414,-4.502224445343018,26,-90.40159606933594,-3.4769845008850098,26,950
-43.73020553588867,-1.366568922996521,32,-69.88565826416016,-2.183926820755005,32,-70.99427032470703,-2.2185709476470947,32,-74.80699157714844,-2.021810531616211,37,-90.62263488769531,-2.8319573402404785,32,-92.03900146484375,-2.876218795776367,32,951
-61.99329376220703,-2.5830538272857666,24,-71.20663452148438,-2.9669430255889893,24,-71.01266479492188,-2.9588611125946045,24,-71.63011169433594,-3.2559142112731934,22,-74.20108032226562,-3.0917117595672607,24,-77.27701568603516,-3.2198755741119385,24,952
-110.12649536132812,-2.5610811710357666,43,-111.81722259521484,-2.600400447845459,43,-105.58930206298828,-2.4555652141571045,43,-84.51119995117188,-2.3475332260131836,36,-125.92539978027344,-2.928497552871704,43,-120.56712341308594,-2.803886651992798,43,953
-53.978477478027344,-2.9988043308258057,18,-58.66880798339844,-3.25937819480896,18,-55.44907760620117,-3.0805044174194336,18,-60.222618103027344,-1.7712534666061401,34,-73.65554809570312,-4.09197473526001,18,-70.13616943359375,-3.896453857421875,18,954
-60.770416259765625,-1.4822052717208862,41,-105.44340515136719,-2.5717904567718506,41,-98.3355712890625,-2.3984286785125732,41,-97.31861877441406,-2.373624801635742,41,-94.79943084716797,-2.312181234359741,41,-94.17150115966797,-2.296865940093994,41,955
-129.894287109375,-2.9521429538726807,44,-99.92028045654297,-2.2709155082702637,44,-108.70206451416016,-2.47050142288208,44,-12.609281539916992,-0.4503314793109894,28,-101.21522521972656,-2.3003461360931396,44,-104.24014282226562,-2.369094133377075,44,956
-78.71798706054688,-2.1275131702423096,37,-103.8216323852539,-2.805989980697632,37,-82.47530364990234,-2.22906231880188,37,-85.53997039794922,-2.1384992599487305,40,-100.79997253417969,-2.7243235111236572,37,-80.46397399902344,-2.1747019290924072,37,957
-44.5500602722168,-0.8735305666923523,51,-163.8973388671875,-3.2136733531951904,51,-157.73992919921875,-3.092939853668213,51,-88.88197326660156,-2.9627325534820557,30,-163.29824829101562,-3.2019264698028564,51,-157.22479248046875,-3.082839012145996,51,958
-82.99462890625,-1.765843152999878,47,-66.05244445800781,-1.4053711891174316,47,-68.02735900878906,-1.4473906755447388,47,-59.068443298339844,-1.2567753791809082,47,-93.87702941894531,-1.9973835945129395,47,-70.48171997070312,-1.4996110200881958,47,959
-79.32170104980469,-2.8329179286956787,28,-80.58766174316406,-2.8781306743621826,28,-63.26686096191406,-2.259530782699585,28,-65.41664123535156,-2.1102142333984375,31,-91.822265625,-3.2793667316436768,28,-72.01749420166016,-2.5720534324645996,28,960
-109.56050872802734,-3.534209966659546,31,-123.10243225097656,-3.971046209335327,31,-108.16888427734375,-3.48931884765625,31,-17.75857162475586,-0.9346616864204407,19,-124.05435943603516,-4.001753330230713,31,-107.63571166992188,-3.4721198081970215,31,961
-177.6551513671875,-4.441378593444824,40,-261.8413391113281,-6.5460333824157715,40,-292.9559326171875,-7.3238983154296875,40,-333.75128173828125,-7.255462646484375,46,-272.47796630859375,-6.811949253082275,40,-295.07830810546875,-7.376957893371582,40,962
-74.96600341796875,-2.4182581901550293,31,-55.95702362060547,-1.8050652742385864,31,-66.04117584228516,-2.1303606033325195,31,-55.89984893798828,-1.9275809526443481,29,-67.21359252929688,-2.168180465698242,31,-67.48880004882812,-2.177057981491089,31,963
-89.59988403320312,-2.1333305835723877,42,-110.50553131103516,-2.6310839653015137,42,-103.45693969726562,-2.4632604122161865,42,-96.5869369506836,-2.6829705238342285,36,-104.63008880615234,-2.491192579269409,42,-102.30712127685547,-2.4358837604522705,42,964
-80.77298736572266,-1.755934476852417,46,-110.14180755615234,-2.3943870067596436,46,-131.81192016601562,-2.865476608276367,46,-66.64617919921875,-2.082693099975586,32,-134.15480041503906,-2.9164087772369385,46,-140.42523193359375,-3.052722454071045,46,965
-139.57913208007812,-2.9078986644744873,48,-150.0912628173828,-3.126901388168335,48,-125.07377624511719,-2.605703592300415,48,-38.857460021972656,-1.4945176839828491,26,-149.013427734375,-3.1044464111328125,48,-117.87109375,-2.4556477069854736,48,966
-86.90031433105469,-2.715634822845459,32,-81.53388214111328,-2.54793381690979,32,-63.304080963134766,-1.9782525300979614,32,-85.72355651855469,-2.678861141204834,32,-83.84664154052734,-2.6202075481414795,32,-64.82270050048828,-2.025709390640259,32,967
-92.92406463623047,-2.733060836791992,34,-86.3399658203125,-2.5394108295440674,34,-71.90603637695312,-2.1148834228515625,34,-81.32459259033203,-1.9835267066955566,41,-109.61428833007812,-3.223949670791626,34,-82.93598937988281,-2.43929386138916,34,968
-88.33551025390625,-2.3246185779571533,38,-77.03118133544922,-2.0271363258361816,38,-72.51204681396484,-1.9082117080688477,38,-74.48649597167969,-2.4027903079986572,31,-81.38851165771484,-2.141803026199341,38,-83.05887603759766,-2.1857597827911377,38,969
-64.26387023925781,-1.6477915048599243,39,-76.47186279296875,-1.9608169794082642,39,-74.89144897460938,-1.9202935695648193,39,-53.471107482910156,-1.5277459621429443,35,-75.84770202636719,-1.9448128938674927,39,-76.49898529052734,-1.9615124464035034,39,970
-62.23003005981445,-1.728611946105957,36,-147.38079833984375,-4.093911170959473,36,-137.22760009765625,-3.811877727508545,36,-128.40672302246094,-4.142152309417725,31,-160.80133056640625,-4.466703414916992,36,-147.04559326171875,-4.08459997177124,36,971
-75.88567352294922,-1.68634831905365,45,-100.5346908569336,-2.2341041564941406,45,-95.44865417480469,-2.1210811138153076,45,-72.74652862548828,-1.732060194015503,42,-105.13417053222656,-2.3363149166107178,45,-108.62273406982422,-2.4138386249542236,45,972
-68.2775650024414,-1.7967780828475952,38,-99.3291244506836,-2.613924264907837,38,-97.67353820800781,-2.5703563690185547,38,-41.11138153076172,-1.2847306728363037,32,-95.05615234375,-2.5014777183532715,38,-84.59125518798828,-2.226085662841797,38,973
-45.26301193237305,-1.5607935190200806,29,-88.74949645996094,-3.0603275299072266,29,-111.99883270263672,-3.8620285987854004,29,-95.82118225097656,-3.1940393447875977,30,-91.33059692382812,-3.1493308544158936,29,-104.23546600341797,-3.5943264961242676,29,974
-46.058963775634766,-1.5352988243103027,30,-79.66870880126953,-2.6556236743927,30,-59.7236213684082,-1.990787386894226,30,-49.586814880371094,-1.5995746850967407,31,-62.83739471435547,-2.0945799350738525,30,-53.20501708984375,-1.7735005617141724,30,975
-84.14671325683594,-2.274235486984253,37,-111.65196990966797,-3.017620801925659,37,-120.92522430419922,-3.268249273300171,37,-75.05400085449219,-2.4210968017578125,31,-107.8644790649414,-2.9152562618255615,37,-119.31514739990234,-3.224733829498291,37,976
-72.99066925048828,-1.6974574327468872,43,-91.9188232421875,-2.1376471519470215,43,-70.63044738769531,-1.642568588256836,43,-48.92457580566406,-1.3222858905792236,37,-109.83932495117188,-2.5544028282165527,43,-87.62278747558594,-2.0377392768859863,43,977
-92.67537689208984,-2.989528179168701,31,-212.01416015625,-6.839166641235352,31,-189.82594299316406,-6.123417377471924,31,-284.90740966796875,-6.061859607696533,47,-194.9803009033203,-6.289687156677246,31,-183.6905059814453,-5.925500392913818,31,978
-155.6402587890625,-3.7057204246520996,42,-129.51210021972656,-3.0836215019226074,42,-108.13613891601562,-2.5746700763702393,42,-114.85855865478516,-2.734727621078491,42,-133.49742126464844,-3.1785099506378174,42,-119.96492767333984,-2.8563077449798584,42,979
-93.95796203613281,-2.4725780487060547,38,-73.91625213623047,-1.9451645612716675,38,-81.93885803222656,-2.1562857627868652,38,-121.86644744873047,-2.7081432342529297,45,-76.62599182128906,-2.0164735317230225,38,-84.24388122558594,-2.2169442176818848,38,980
-105.19743347167969,-2.390850782394409,44,-142.76388549804688,-3.244633674621582,44,-132.77322387695312,-3.017573356628418,44,-97.52018737792969,-3.362765073776245,29,-156.435791015625,-3.55535888671875,44,-147.438720703125,-3.3508799076080322,44,981
-83.20411682128906,-2.1334388256073,39,-92.0173568725586,-2.359419345855713,39,-96.9878158569336,-2.4868671894073486,39,-103.08285522460938,-2.4543538093566895,42,-113.99333190917969,-2.922905921936035,39,-121.42857360839844,-3.113553285598755,39,982
-49.335697174072266,-1.6445232629776,30,-64.1007080078125,-2.136690378189087,30,-59.921409606933594,-1.9973803758621216,30,-101.98648071289062,-2.4282495975494385,42,-63.14128112792969,-2.1047093868255615,30,-75.48062133789062,-2.5160207748413086,30,983
-45.7208137512207,-1.428775429725647,32,-77.6271743774414,-2.425849199295044,32,-72.09476470947266,-2.2529613971710205,32,-101.34776306152344,-2.203212261199951,46,-98.57286071777344,-3.08040189743042,32,-93.02926635742188,-2.9071645736694336,32,984
-106.4122543334961,-3.224613666534424,33,-128.17236328125,-3.8840110301971436,33,-116.05186462402344,-3.516723155975342,33,-118.69880676269531,-3.0435590744018555,39,-122.44654846191406,-3.7105014324188232,33,-112.88304138183594,-3.4206981658935547,33,985
-79.23484802246094,-1.8007919788360596,44,-124.43069458007812,-2.827970266342163,44,-101.82568359375,-2.3142201900482178,44,-92.68051147460938,-2.5048787593841553,37,-130.09039306640625,-2.9565999507904053,44,-114.18497467041016,-2.5951130390167236,44,986
-54.45835494995117,-1.6017162799835205,34,-80.85845184326172,-2.3781898021698,34,-62.97365951538086,-1.8521664142608643,34,-60.125919342041016,-1.2270596027374268,49,-78.12052917480469,-2.2976627349853516,34,-75.13025665283203,-2.2097134590148926,34,987
-55.54707336425781,-1.9838240146636963,28,-75.21018981933594,-2.6860783100128174,28,-66.01827239990234,-2.357795476913452,28,-60.844940185546875,-2.1730334758758545,28,-95.50288391113281,-3.4108173847198486,28,-92.61231994628906,-3.3075828552246094,28,988
-88.27381896972656,-1.961640477180481,45,-133.2171173095703,-2.9603803157806396,45,-113.67236328125,-2.526052474975586,45,-94.48907470703125,-2.362226963043213,40,-143.36480712890625,-3.185884714126587,45,-124.12065124511719,-2.7582366466522217,45,989
-99.92692565917969,-3.330897569656372,30,-103.87029266357422,-3.4623429775238037,30,-81.53618621826172,-2.7178728580474854,30,-82.56539916992188,-2.501981735229492,33,-102.74642944335938,-3.4248809814453125,30,-96.536865234375,-3.2178955078125,30,990
-46.37740707397461,-0.9867533445358276,47,-120.6965560913086,-2.56801176071167,47,-117.00614166259766,-2.489492416381836,47,-67.76364135742188,-1.9361040592193604,35,-149.97994995117188,-3.1910626888275146,47,-151.97268676757812,-3.233461380004883,47,991
-92.66519165039062,-2.57403302192688,36,-91.9347915649414,-2.553744316101074,36,-98.84495544433594,-2.7456932067871094,36,-119.7741928100586,-3.1519525051116943,38,-103.76287841796875,-2.8823022842407227,36,-106.75741577148438,-2.9654836654663086,36,992
-76.74164581298828,-1.8271820545196533,42,-121.19181823730469,-2.885519504547119,42,-142.92987060546875,-3.4030921459198,42,-109.26374816894531,-3.3110227584838867,33,-142.07589721679688,-3.3827595710754395,42,-159.0713348388672,-3.787412643432617,42,993
-75.27546691894531,-1.8359869718551636,41,-104.86475372314453,-2.5576770305633545,41,-105.00370788574219,-2.561066150665283,41,-108.4725341796875,-3.0131258964538574,36,-111.9871826171875,-2.7313947677612305,41,-117.58484649658203,-2.8679230213165283,41,994
-56.20579147338867,-1.4051448106765747,40,-123.28085327148438,-3.0820212364196777,40,-99.49642181396484,-2.487410545349121,40,-85.37373352050781,-2.2466771602630615,38,-118.12322998046875,-2.953080654144287,40,-111.3221435546875,-2.7830536365509033,40,995
-74.06861877441406,-1.8517154455184937,40,-109.43576049804688,-2.735893964767456,40,-136.3546142578125,-3.408865451812744,40,-82.79791259765625,-2.759930372238159,30,-114.87295532226562,-2.871823787689209,40,-134.13232421875,-3.3533082008361816,40,996
-50.99053192138672,-1.8210904598236084,28,-87.21748352050781,-3.114910125732422,28,-84.38533020019531,-3.0137617588043213,28,-78.58303833007812,-2.6194345951080322,30,-84.78875732421875,-3.028169870376587,28,-95.20252227783203,-3.400089979171753,28,997
-75.86164093017578,-3.0344655513763428,25,-104.57485961914062,-4.182994365692139,25,-83.52737426757812,-3.341094970703125,25,-88.62208557128906,-3.165074586868286,28,-103.13656616210938,-4.125462532043457,25,-80.95799255371094,-3.2383196353912354,25,998
-59.008148193359375,-2.4586727619171143,24,-67.27987670898438,-2.803328275680542,24,-65.173828125,-2.715576171875,24,-89.40790557861328,-2.292510509490967,39,-68.61192321777344,-2.858830213546753,24,-63.60118103027344,-2.6500492095947266,24,999
-70.68329620361328,-1.6437976360321045,43,-93.11264038085938,-2.165410280227661,43,-74.13743591308594,-1.7241264581680298,43,-75.27912902832031,-1.4203609228134155,53,-102.66990661621094,-2.387672185897827,43,-69.49191284179688,-1.616091012954712,43,1000
-74.91275024414062,-2.3410234451293945,32,-105.09019470214844,-3.2840685844421387,32,-87.25611877441406,-2.7267537117004395,32,-80.5556640625,-2.598569869995117,31,-118.06800842285156,-3.6896252632141113,32,-80.30973815917969,-2.5096793174743652,32,1001
-69.2451171875,-1.8714896440505981,37,-156.77755737304688,-4.237231254577637,37,-150.5781707763672,-4.069680213928223,37,-156.9741973876953,-3.828639030456543,41,-152.335693359375,-4.117180824279785,37,-146.7302703857422,-3.9656829833984375,37,1002
-89.64259338378906,-1.7928519248962402,50,-119.29800415039062,-2.385960102081299,50,-90.88331604003906,-1.8176662921905518,50,-83.25570678710938,-1.85012686252594,45,-127.56664276123047,-2.551332950592041,50,-96.6842041015625,-1.9336841106414795,50,1003
-140.55746459960938,-3.1234991550445557,45,-150.15203857421875,-3.336711883544922,45,-147.76010131835938,-3.283557891845703,45,-148.6963348388672,-3.034619092941284,49,-176.1327362060547,-3.9140608310699463,45,-146.571044921875,-3.257134437561035,45,1004
-90.92631530761719,-2.3927977085113525,38,-147.58261108398438,-3.8837528228759766,38,-82.17031860351562,-2.162376880645752,38,-83.61692810058594,-2.090423107147217,40,-151.58782958984375,-3.9891533851623535,38,-88.592041015625,-2.331369400024414,38,1005
-37.77425765991211,-1.3490806818008423,28,-59.36941909790039,-2.1203362941741943,28,-49.106468200683594,-1.7538024187088013,28,-35.607276916503906,-0.9890910387039185,36,-52.439247131347656,-1.8728302717208862,28,-48.52796173095703,-1.733141541481018,28,1006
-115.99020385742188,-3.4114766120910645,34,-212.59149169921875,-6.25269079208374,34,-241.98744201660156,-7.1172776222229,34,-304.242431640625,-6.33838415145874,48,-198.47003173828125,-5.837353706359863,34,-238.00608825683594,-7.000179290771484,34,1007
-89.81381225585938,-2.1384241580963135,42,-181.23431396484375,-4.315102577209473,42,-183.18228149414062,-4.361483097076416,42,-176.72747802734375,-4.310426235198975,41,-174.03070068359375,-4.143588066101074,42,-188.3090057373047,-4.483547687530518,42,1008
-65.46045684814453,-1.5965964794158936,41,-107.94430541992188,-2.6327879428863525,41,-103.6312026977539,-2.527590274810791,41,-101.81381225585938,-2.424138307571411,42,-95.60748291015625,-2.3318898677825928,41,-92.07423400878906,-2.245712995529175,41,1009
-46.888511657714844,-1.172212839126587,40,-146.77154541015625,-3.6692886352539062,40,-107.78437805175781,-2.6946094036102295,40,-81.53034973144531,-2.9117982387542725,28,-139.41175842285156,-3.4852938652038574,40,-102.22007751464844,-2.555501937866211,40,1010
-69.55184936523438,-1.6559964418411255,42,-55.31690979003906,-1.3170692920684814,42,-51.82228088378906,-1.2338638305664062,42,-53.89594268798828,-1.314535140991211,41,-74.74592590332031,-1.7796648740768433,42,-66.17704772949219,-1.5756440162658691,42,1011
-116.44971466064453,-2.7081329822540283,43,-146.171875,-3.399345874786377,43,-127.15132141113281,-2.95700740814209,43,-117.84532165527344,-2.9461331367492676,40,-143.64910888671875,-3.34067702293396,43,-127.81754302978516,-2.972501039505005,43,1012
-64.11956787109375,-3.7717392444610596,17,-87.98924255371094,-5.175837993621826,17,-75.1948471069336,-4.423226356506348,17,-69.4019775390625,-2.393171548843384,29,-82.94224548339844,-4.878955841064453,17,-71.1520004272461,-4.1854119300842285,17,1013
-99.41535186767578,-3.206946849822998,31,-86.0640640258789,-2.7762601375579834,31,-81.48889923095703,-2.628674268722534,31,-84.04437255859375,-2.471893310546875,34,-82.6168441772461,-2.6650595664978027,31,-81.73419189453125,-2.636586904525757,31,1014
-84.82447052001953,-2.9249818325042725,29,-70.03843688964844,-2.415118455886841,29,-48.51710891723633,-1.6730037927627563,29,-48.268089294433594,-1.6089363098144531,30,-83.25091552734375,-2.8707213401794434,29,-64.69084930419922,-2.2307188510894775,29,1015
-68.95339965820312,-2.0894968509674072,33,-99.8113021850586,-3.024585008621216,33,-87.32601928710938,-2.646243095397949,33,-78.16058349609375,-2.1711273193359375,36,-100.82823181152344,-3.055400848388672,33,-95.36386108398438,-2.8898138999938965,33,1016
-66.8410415649414,-1.5544428825378418,43,-111.44779968261719,-2.5918092727661133,43,-99.35926818847656,-2.310680627822876,43,-58.00096130371094,-2.000033140182495,29,-113.36006164550781,-2.6362805366516113,43,-98.43666076660156,-2.289224624633789,43,1017
-139.7272186279297,-2.7397494316101074,51,-145.77316284179688,-2.858297348022461,51,-148.71624755859375,-2.9160048961639404,51,-86.6316909790039,-2.221325397491455,39,-167.04225158691406,-3.2753381729125977,51,-164.069091796875,-3.217041015625,51,1018
-44.627864837646484,-0.9107727408409119,49,-108.33452606201172,-2.2109086513519287,49,-96.94804382324219,-1.9785314798355103,49,-89.51296997070312,-1.9459341764450073,46,-116.19169616699219,-2.3712592124938965,49,-107.79464721679688,-2.1998908519744873,49,1019
-34.65167999267578,-1.3327568769454956,26,-124.95425415039062,-4.805932998657227,26,-117.90858459472656,-4.534945487976074,26,-108.86724853515625,-3.8881161212921143,28,-113.33964538574219,-4.359217166900635,26,-112.37715148925781,-4.322197914123535,26,1020
-82.0675048828125,-2.735583543777466,30,-94.92792510986328,-3.16426420211792,30,-96.05339813232422,-3.201779842376709,30,-102.73030090332031,-3.2103219032287598,32,-86.37890625,-2.8792967796325684,30,-87.60539245605469,-2.920179843902588,30,1021
-99.7528076171875,-2.16853928565979,46,-232.94564819335938,-5.064035892486572,46,-245.1050262451172,-5.328370094299316,46,-243.73080444335938,-5.668158054351807,43,-238.74989318847656,-5.190215110778809,46,-257.0941467285156,-5.589003086090088,46,1022
-87.71964263916016,-2.5062754154205322,35,-95.34317016601562,-2.724090576171875,35,-113.73554229736328,-3.249586820602417,35,-81.54426574707031,-2.811871290206909,29,-114.77570343017578,-3.2793056964874268,35,-110.00019836425781,-3.1428627967834473,35,1023
-89.67671966552734,-1.9494938850402832,46,-143.30926513671875,-3.1154189109802246,46,-146.19386291503906,-3.1781275272369385,46,-101.01457214355469,-3.0610475540161133,33,-150.76043701171875,-3.2774007320404053,46,-152.77293395996094,-3.321150779724121,46,1024
-117.58145904541016,-3.014909267425537,39,-215.99853515625,-5.538424015045166,39,-254.8672637939453,-6.53505802154541,39,-296.5747985839844,-6.052546977996826,49,-212.27857971191406,-5.443040370941162,39,-249.7540283203125,-6.40394926071167,39,1025
-155.22793579101562,-3.233915328979492,48,-125.00275421142578,-2.6042239665985107,48,-115.96996307373047,-2.4160408973693848,48,-93.97590637207031,-2.088353395462036,45,-133.8210906982422,-2.7879393100738525,48,-121.4268798828125,-2.52972674369812,48,1026
-128.27639770507812,-2.7292850017547607,47,-148.0561065673828,-3.150130033493042,47,-139.5066680908203,-2.968226909637451,47,-95.45407104492188,-3.2915196418762207,29,-162.5777587890625,-3.4591012001037598,47,-131.40936279296875,-2.7959439754486084,47,1027
-46.23139190673828,-1.541046380996704,30,-91.1823501586914,-3.039411783218384,30,-98.1142349243164,-3.270474433898926,30,-106.40792846679688,-3.1296448707580566,34,-104.27841186523438,-3.475947141647339,30,-104.55833435058594,-3.4852778911590576,30,1028
-91.93228149414062,-1.876168966293335,49,-152.10128784179688,-3.1041078567504883,49,-126.21250915527344,-2.575765609741211,49,-61.3271484375,-1.8583984375,33,-157.40399169921875,-3.2123262882232666,49,-147.75616455078125,-3.0154318809509277,49,1029
-175.05032348632812,-2.397949695587158,73,-178.06268310546875,-2.4392149448394775,73,-141.9164581298828,-1.944061040878296,73,-141.39364624023438,-1.9368993043899536,73,-227.97119140625,-3.1228930950164795,73,-200.81863403320312,-2.7509400844573975,73,1030
-84.95266723632812,-3.0340237617492676,28,-81.13194274902344,-2.897569417953491,28,-78.61944580078125,-2.8078372478485107,28,-70.276123046875,-2.3425374031066895,30,-101.45231628417969,-3.6232969760894775,28,-98.1839599609375,-3.5065701007843018,28,1031
-75.1061019897461,-2.781707525253296,27,-101.45394897460938,-3.7575535774230957,27,-76.60211944580078,-2.837115526199341,27,-85.41272735595703,-2.755249261856079,31,-90.92152404785156,-3.3674638271331787,27,-108.48736572265625,-4.018050670623779,27,1032
-53.760108947753906,-1.920003890991211,28,-84.19015502929688,-3.006791353225708,28,-71.21994018554688,-2.543569326400757,28,-55.386474609375,-1.629014015197754,34,-92.97921752929688,-3.3206863403320312,28,-81.72708129882812,-2.9188244342803955,28,1033
-113.04296875,-3.2297990322113037,35,-65.19515991210938,-1.8627188205718994,35,-51.88857650756836,-1.4825307130813599,35,-17.432687759399414,-0.6704879999160767,26,-78.70309448242188,-2.24865984916687,35,-49.38901901245117,-1.4111148118972778,35,1034
-104.3192138671875,-2.483790874481201,42,-137.62051391601562,-3.2766788005828857,42,-141.98562622070312,-3.380610227584839,42,-102.64615631103516,-2.8512821197509766,36,-148.12265014648438,-3.5267298221588135,42,-142.46852111816406,-3.3921077251434326,42,1035
-63.8985710144043,-1.7749602794647217,36,-117.2977294921875,-3.258270263671875,36,-110.25276947021484,-3.06257700920105,36,-83.48287963867188,-2.8787200450897217,29,-116.67369079589844,-3.240935802459717,36,-125.65655517578125,-3.49045991897583,36,1036
-81.05775451660156,-1.9770183563232422,41,-122.84915161132812,-2.9963207244873047,41,-122.82939910888672,-2.9958391189575195,41,-111.7261962890625,-2.725029230117798,41,-150.35745239257812,-3.66725492477417,41,-138.31039428710938,-3.3734242916107178,41,1037
-40.69493103027344,-1.0434597730636597,39,-84.64861297607422,-2.1704771518707275,39,-63.24040222167969,-1.6215487718582153,39,-69.42388153076172,-1.614508867263794,43,-119.88203430175781,-3.0738983154296875,39,-103.82435607910156,-2.662163019180298,39,1038
-80.57794189453125,-2.014448642730713,40,-155.91790771484375,-3.8979477882385254,40,-132.59967041015625,-3.3149917125701904,40,-137.88449096679688,-3.206616163253784,43,-139.74072265625,-3.493518114089966,40,-139.3770294189453,-3.4844257831573486,40,1039
-71.80438232421875,-1.8411380052566528,39,-121.18888854980469,-3.107407331466675,39,-120.02474975585938,-3.0775578022003174,39,-89.08683013916016,-3.2995121479034424,27,-132.7296600341797,-3.403324604034424,39,-126.45655822753906,-3.242475748062134,39,1040
-36.41173553466797,-1.517155647277832,24,-66.90725708007812,-2.7878024578094482,24,-67.40333557128906,-2.8084723949432373,24,-57.889923095703125,-1.9962042570114136,29,-70.32543182373047,-2.9302263259887695,24,-79.90913391113281,-3.329547166824341,24,1041
-49.446685791015625,-1.3012285232543945,38,-91.62782287597656,-2.4112584590911865,38,-73.42363739013672,-1.9322010278701782,38,-64.06696319580078,-1.8843224048614502,34,-82.25567626953125,-2.1646230220794678,38,-67.096435546875,-1.7656956911087036,38,1042
-80.78375244140625,-1.7951945066452026,45,-137.27658081054688,-3.050590753555298,45,-114.56163787841797,-2.545814275741577,45,-47.95478057861328,-1.7761030197143555,27,-127.6145248413086,-2.835878372192383,45,-106.6201171875,-2.369335889816284,45,1043
-103.79698181152344,-2.5316336154937744,41,-134.65536499023438,-3.2842772006988525,41,-138.36178588867188,-3.3746776580810547,41,-95.45547485351562,-3.181849241256714,30,-141.13540649414062,-3.4423270225524902,41,-135.37652587890625,-3.3018665313720703,41,1044
-67.54985809326172,-2.0469653606414795,33,-122.234130859375,-3.7040646076202393,33,-92.05400085449219,-2.789515256881714,33,-55.609622955322266,-2.2243850231170654,25,-125.9938735961914,-3.8179962635040283,33,-93.836669921875,-2.8435354232788086,33,1045
-70.45072937011719,-2.201585292816162,32,-99.42691040039062,-3.107090950012207,32,-79.36264038085938,-2.4800825119018555,32,-76.74758911132812,-2.3256845474243164,33,-95.99468231201172,-2.999833822250366,32,-93.03141784667969,-2.9072318077087402,32,1046
-60.971595764160156,-1.7932822704315186,34,-99.38645935058594,-2.923131227493286,34,-103.92585754394531,-3.056642770767212,34,-106.01902770996094,-2.2557239532470703,47,-98.01242065429688,-2.882718324661255,34,-122.978759765625,-3.6170222759246826,34,1047
-67.34941864013672,-1.7269082069396973,39,-70.93116760253906,-1.818747878074646,39,-59.726680755615234,-1.5314533710479736,39,-57.833152770996094,-1.3143898248672485,44,-91.23696899414062,-2.339409351348877,39,-73.63438415527344,-1.8880611658096313,39,1048
-94.03174591064453,-2.9384920597076416,32,-116.60844421386719,-3.6440138816833496,32,-99.62411499023438,-3.113253593444824,32,-100.30691528320312,-2.3882598876953125,42,-125.25755310058594,-3.9142985343933105,32,-107.49259948730469,-3.3591437339782715,32,1049
-33.525718688964844,-1.081474781036377,31,-36.18789291381836,-1.1673513650894165,31,-41.52286911010742,-1.3394473791122437,31,-41.304805755615234,-1.3324130773544312,31,-47.90159606933594,-1.545212745666504,31,-52.886558532714844,-1.7060179710388184,31,1050
-95.44275665283203,-2.982586145401001,32,-197.4226837158203,-6.169458866119385,32,-206.802978515625,-6.462593078613281,32,-302.46923828125,-6.435515880584717,47,-206.47885131835938,-6.4524641036987305,32,-200.3095703125,-6.259674072265625,32,1051
-105.0313491821289,-2.283290147781372,46,-183.6666717529297,-3.992753744125366,46,-172.3990020751953,-3.7478044033050537,46,-118.88090515136719,-3.8348679542541504,31,-192.79653930664062,-4.191229343414307,46,-170.415771484375,-3.70469069480896,46,1052
-85.623779296875,-2.8541259765625,30,-105.20195007324219,-3.5067317485809326,30,-103.71715545654297,-3.4572384357452393,30,-74.40446472167969,-3.9160244464874268,19,-100.5295639038086,-3.350985527038574,30,-107.20271301269531,-3.5734238624572754,30,1053
-86.63471984863281,-2.887824058532715,30,-79.479736328125,-2.649324655532837,30,-93.03736877441406,-3.101245641708374,30,-92.41069793701172,-2.7179617881774902,34,-103.41060638427734,-3.4470202922821045,30,-108.87815856933594,-3.629271984100342,30,1054
-65.74185943603516,-2.1913952827453613,30,-81.77607727050781,-2.7258691787719727,30,-113.34021759033203,-3.7780072689056396,30,-67.79792785644531,-1.3836312294006348,49,-84.32068634033203,-2.8106894493103027,30,-115.77931213378906,-3.8593103885650635,30,1055
-98.95002746582031,-2.0614588260650635,48,-156.0503387451172,-3.2510488033294678,48,-165.9630889892578,-3.457564353942871,48,-160.94142150878906,-3.3529462814331055,48,-170.86341857910156,-3.559654474258423,48,-165.9132537841797,-3.456526041030884,48,1056
-70.16741943359375,-1.7114005088806152,41,-153.83224487304688,-3.7520060539245605,41,-152.53089904785156,-3.7202658653259277,41,-135.796142578125,-4.115034580230713,33,-164.26617431640625,-4.0064921379089355,41,-151.91610717773438,-3.705271005630493,41,1057
-97.60501861572266,-3.050156831741333,32,-85.4571533203125,-2.6705360412597656,32,-86.28626251220703,-2.6964457035064697,32,-75.75418090820312,-2.7055065631866455,28,-108.20247650146484,-3.3813273906707764,32,-110.0198745727539,-3.4381210803985596,32,1058
-65.29292297363281,-2.331890106201172,28,-118.09545135498047,-4.2176947593688965,28,-138.070556640625,-4.93109130859375,28,-134.67124938964844,-5.17966365814209,26,-118.32484436035156,-4.225887298583984,28,-143.07000732421875,-5.10964298248291,28,1059
-70.58368682861328,-1.7215533256530762,41,-64.93255615234375,-1.5837209224700928,41,-74.92562103271484,-1.8274542093276978,41,-64.48326873779297,-1.5353158712387085,42,-86.55328369140625,-2.111055612564087,41,-86.38533020019531,-2.106959342956543,41,1060
-178.12612915039062,-5.089317798614502,35,-101.63328552246094,-2.903808116912842,35,-89.54293823242188,-2.5583696365356445,35,-101.70830535888672,-2.164006471633911,47,-118.28773498535156,-3.3796496391296387,35,-108.89790344238281,-3.1113686561584473,35,1061
-71.18110656738281,-2.2961647510528564,31,-74.83362579345703,-2.413987874984741,31,-61.78649139404297,-1.9931126832962036,31,-77.8557357788086,-1.7694485187530518,44,-65.00269317626953,-2.0968611240386963,31,-78.89476013183594,-2.544992208480835,31,1062
-93.25686645507812,-3.2157540321350098,29,-96.05326843261719,-3.3121817111968994,29,-77.9061279296875,-2.686418294906616,29,-53.95033264160156,-1.1988962888717651,45,-110.66110229492188,-3.8159000873565674,29,-87.95292663574219,-3.0328595638275146,29,1063
-55.86354446411133,-1.8020498752593994,31,-104.55174255371094,-3.3726367950439453,31,-109.41374969482422,-3.529475688934326,31,-103.25994873046875,-2.3468170166015625,44,-120.35874938964844,-3.882540225982666,31,-116.42037200927734,-3.75549578666687,31,1064
-75.44929504394531,-1.5397815704345703,49,-81.71188354492188,-1.6675894260406494,49,-65.10722351074219,-1.328718900680542,49,-66.9354248046875,-1.424157977104187,47,-98.49563598632812,-2.010114908218384,49,-98.27857971191406,-2.005685329437256,49,1065
-74.71792602539062,-2.1975860595703125,34,-96.62613677978516,-2.841945171356201,34,-94.43495178222656,-2.777498483657837,34,-31.797868728637695,-1.2719147205352783,25,-116.79804229736328,-3.4352364540100098,34,-107.52777099609375,-3.162581443786621,34,1066
-81.86138916015625,-2.3388967514038086,35,-118.71258544921875,-3.3917882442474365,35,-100.41838073730469,-2.869096517562866,35,-78.70661926269531,-2.915060043334961,27,-130.7679443359375,-3.736227035522461,35,-100.69020080566406,-2.8768627643585205,35,1067
-102.4310302734375,-2.3821170330047607,43,-95.49763488769531,-2.2208752632141113,43,-130.79212951660156,-3.041677474975586,43,-84.17123413085938,-2.4756245613098145,34,-118.89472961425781,-2.764993667602539,43,-141.49725341796875,-3.2906339168548584,43,1068
-104.53598022460938,-2.3758177757263184,44,-110.97452545166016,-2.522148370742798,44,-108.04933166503906,-2.4556665420532227,44,-92.43055725097656,-2.4981231689453125,37,-120.73741912841797,-2.744032144546509,44,-111.01387023925781,-2.5230424404144287,44,1069
-172.4443359375,-4.538008689880371,38,-164.01583862304688,-4.316206455230713,38,-134.05255126953125,-3.5276987552642822,38,-107.09463500976562,-3.692918539047241,29,-172.54666137695312,-4.540701389312744,38,-140.68301391601562,-3.7021846771240234,38,1070
-50.450443267822266,-2.40240216255188,21,-66.99878692626953,-3.1904184818267822,21,-79.16435241699219,-3.769731044769287,21,-69.1814956665039,-2.231661081314087,31,-84.53294372558594,-4.025378227233887,21,-77.66078186035156,-3.6981325149536133,21,1071
-79.55032348632812,-2.743114709854126,29,-81.08161926269531,-2.7959179878234863,29,-84.49950408935547,-2.91377592086792,29,-87.16413116455078,-3.005659580230713,29,-99.80936431884766,-3.441702127456665,29,-103.24942016601562,-3.5603249073028564,29,1072
-97.81929779052734,-1.8456470966339111,53,-179.78948974609375,-3.392254590988159,53,-151.73570251464844,-2.8629376888275146,53,-102.11087036132812,-3.78188419342041,27,-168.2672882080078,-3.1748545169830322,53,-153.97898864746094,-2.905263900756836,53,1073
-107.85408020019531,-2.914975166320801,37,-133.19447326660156,-3.599850654602051,37,-120.10551452636719,-3.2460949420928955,37,-128.47463989257812,-2.9198782444000244,44,-132.56149291992188,-3.5827431678771973,37,-108.67550659179688,-2.937175750732422,37,1074
-77.73714447021484,-1.6539818048477173,47,-134.8449249267578,-2.8690409660339355,47,-90.9951171875,-1.9360662698745728,47,-48.543601989746094,-1.2774631977081299,38,-137.85206604003906,-2.9330227375030518,47,-99.82275390625,-2.1238884925842285,47,1075
-53.99979019165039,-1.8620617389678955,29,-81.98431396484375,-2.827045202255249,29,-63.00978469848633,-2.1727511882781982,29,-57.714134216308594,-2.0612189769744873,28,-99.54620361328125,-3.4326276779174805,29,-75.98078918457031,-2.6200273036956787,29,1076
-92.04812622070312,-3.681925058364868,25,-90.4662094116211,-3.6186482906341553,25,-82.52198028564453,-3.3008792400360107,25,-44.0947151184082,-2.20473575592041,20,-90.60237884521484,-3.6240952014923096,25,-73.98120880126953,-2.9592483043670654,25,1077
-27.618507385253906,-0.8630783557891846,32,-55.283607482910156,-1.7276127338409424,32,-56.9714469909668,-1.7803577184677124,32,-58.705204010009766,-1.6772915124893188,35,-72.85889434814453,-2.2768404483795166,32,-76.15482330322266,-2.379838228225708,32,1078
-84.10381317138672,-2.4736416339874268,34,-80.97836303710938,-2.38171648979187,34,-87.75924682617188,-2.5811543464660645,34,-132.9495849609375,-3.091850757598877,43,-79.23817443847656,-2.3305344581604004,34,-102.41533660888672,-3.0122158527374268,34,1079
-67.22537231445312,-1.6806342601776123,40,-214.00241088867188,-5.35006046295166,40,-243.91493225097656,-6.097873210906982,40,-312.81793212890625,-6.951509475708008,45,-209.95782470703125,-5.248945713043213,40,-244.41091918945312,-6.1102728843688965,40,1080
-46.48483657836914,-1.3672010898590088,34,-62.81789779663086,-1.8475852012634277,34,-66.62660217285156,-1.9596059322357178,34,-47.149051666259766,-1.1499768495559692,41,-79.391357421875,-2.3350398540496826,34,-77.07501983642578,-2.2669124603271484,34,1081
-137.23439025878906,-3.4308598041534424,40,-100.66496276855469,-2.5166239738464355,40,-77.72837829589844,-1.9432094097137451,40,-19.53649139404297,-0.9303091168403625,21,-128.30824279785156,-3.2077059745788574,40,-80.01345825195312,-2.0003364086151123,40,1082
-53.33367919921875,-1.3675302267074585,39,-86.68839263916016,-2.2227792739868164,39,-115.32806396484375,-2.957129955291748,39,-71.8289794921875,-2.394299268722534,30,-89.51949310302734,-2.2953715324401855,39,-119.57977294921875,-3.066148042678833,39,1083
-111.3310546875,-4.28196382522583,26,-87.56010437011719,-3.3676962852478027,26,-80.60835266113281,-3.1003212928771973,26,-70.63501739501953,-1.569667100906372,45,-86.77005004882812,-3.3373095989227295,26,-80.79295349121094,-3.107421398162842,26,1084
-170.2523193359375,-3.5469233989715576,48,-148.73748779296875,-3.0986976623535156,48,-129.62905883789062,-2.7006053924560547,48,-109.25825500488281,-2.8014936447143555,39,-148.85467529296875,-3.1011390686035156,48,-131.97256469726562,-2.7494285106658936,48,1085
-97.23971557617188,-3.1367650032043457,31,-104.79720306396484,-3.3805549144744873,31,-102.76985168457031,-3.3151564598083496,31,-106.96168518066406,-2.5467066764831543,42,-92.64424133300781,-2.9885239601135254,31,-106.15019989013672,-3.4242000579833984,31,1086
-89.36663818359375,-2.4153144359588623,37,-91.26498413085938,-2.466621160507202,37,-85.56439971923828,-2.312551259994507,37,-95.44743347167969,-2.386185884475708,40,-112.20246887207031,-3.032499074935913,37,-106.31649017333984,-2.8734185695648193,37,1087
-18.375408172607422,-1.0208560228347778,18,-63.077388763427734,-3.5042994022369385,18,-85.24742889404297,-4.735968112945557,18,-149.3617706298828,-3.473529577255249,43,-68.71904754638672,-3.8177249431610107,18,-82.47718811035156,-4.582066059112549,18,1088
-88.39502716064453,-2.5255722999572754,35,-101.5835952758789,-2.902388334274292,35,-72.2915267944336,-2.06547212600708,35,-74.10891723632812,-1.6110633611679077,46,-108.03224182128906,-3.0866355895996094,35,-92.49949645996094,-2.6428427696228027,35,1089
-49.68291473388672,-1.4195117950439453,35,-70.83440399169922,-2.0238401889801025,35,-62.40279769897461,-1.7829370498657227,35,-58.78056335449219,-1.3669898509979248,43,-77.32376098632812,-2.2092502117156982,35,-69.76821899414062,-1.993377685546875,35,1090
-65.94650268554688,-2.198216676712036,30,-110.47789001464844,-3.682596445083618,30,-93.34738159179688,-3.111579418182373,30,-93.03225708007812,-3.2080087661743164,29,-120.26498413085938,-4.008832931518555,30,-92.76114654541016,-3.092038154602051,30,1091
-125.9815673828125,-2.863217353820801,44,-145.77867126464844,-3.3131515979766846,44,-124.09984588623047,-2.820451021194458,44,-83.83834838867188,-2.619948387145996,32,-131.98080444335938,-2.999563694000244,44,-149.2717742919922,-3.392540216445923,44,1092
-65.09738159179688,-1.9146288633346558,34,-104.37770080566406,-3.069932460784912,34,-86.62333679199219,-2.5477452278137207,34,-74.14344787597656,-2.3169827461242676,32,-122.45216369628906,-3.601534128189087,34,-98.74594116210938,-2.904292345046997,34,1093
-113.07127380371094,-3.533477306365967,32,-100.8199234008789,-3.150622606277466,32,-110.42640686035156,-3.4508252143859863,32,-55.07643508911133,-2.503474235534668,22,-110.9158935546875,-3.4661216735839844,32,-117.73085021972656,-3.679089069366455,32,1094
-103.76527404785156,-3.051919937133789,34,-96.82217407226562,-2.8477110862731934,34,-104.6578369140625,-3.078171730041504,34,-133.3648681640625,-2.7217319011688232,49,-100.4195556640625,-2.9535162448883057,34,-105.97299194335938,-3.1168527603149414,34,1095
-151.1004180908203,-4.317154884338379,35,-112.11092376708984,-3.203169345855713,35,-101.23155975341797,-2.8923301696777344,35,-85.87080383300781,-2.683462619781494,32,-126.8885498046875,-3.625387191772461,35,-116.88935852050781,-3.339695930480957,35,1096
-87.19719696044922,-3.1141855716705322,28,-76.25559997558594,-2.723414182662964,28,-72.75397491455078,-2.598356246948242,28,-65.85916137695312,-2.4392282962799072,27,-82.40303039550781,-2.942965269088745,28,-88.28443908691406,-3.153015613555908,28,1097
-40.42150115966797,-2.245638847351074,18,-44.487491607666016,-2.471527338027954,18,-27.50885009765625,-1.5282694101333618,18,-32.19003677368164,-1.3412514925003052,24,-51.39117431640625,-2.85506534576416,18,-23.07103157043457,-1.281723976135254,18,1098
-54.10420227050781,-1.4237947463989258,38,-143.4290771484375,-3.774449348449707,38,-128.23585510253906,-3.3746278285980225,38,-111.13362884521484,-3.9690582752227783,28,-169.35447692871094,-4.4566969871521,38,-156.34075927734375,-4.114230632781982,38,1099
-73.27648162841797,-1.628366231918335,45,-88.69307708740234,-1.9709572792053223,45,-88.3411636352539,-1.963136911392212,45,-85.97644805908203,-1.9105877876281738,45,-104.05598449707031,-2.3123552799224854,45,-106.63755798339844,-2.3697235584259033,45,1100
-96.14434051513672,-2.2891509532928467,42,-100.93621826171875,-2.40324330329895,42,-92.44097137451172,-2.2009754180908203,42,-91.70872497558594,-2.084289312362671,44,-111.56582641601562,-2.6563291549682617,42,-103.3930892944336,-2.461740255355835,42,1101
-133.32928466796875,-3.7035913467407227,36,-111.43673706054688,-3.0954649448394775,36,-99.45144653320312,-2.762540102005005,36,-92.745361328125,-2.318634033203125,40,-114.18168640136719,-3.1717135906219482,36,-103.58594512939453,-2.877387285232544,36,1102
-47.07502746582031,-1.6812509298324585,28,-96.22936248779297,-3.436763048171997,28,-88.70436096191406,-3.168012857437134,28,-76.08649444580078,-2.0022761821746826,38,-100.34442901611328,-3.5837295055389404,28,-94.60172271728516,-3.3786330223083496,28,1103
-90.78816223144531,-2.4537341594696045,37,-86.66368103027344,-2.342261552810669,37,-64.58349609375,-1.745499849319458,37,-53.820220947265625,-1.5829477310180664,34,-111.237548828125,-3.006420135498047,37,-101.72004699707031,-2.74919056892395,37,1104
-35.45993423461914,-0.844284176826477,42,-105.78484344482422,-2.5186867713928223,42,-113.49896240234375,-2.7023563385009766,42,-54.169219970703125,-1.5476919412612915,35,-113.25785827636719,-2.696615695953369,42,-128.23284912109375,-3.0531630516052246,42,1105
-70.05887603759766,-1.668068528175354,42,-93.46734619140625,-2.2254130840301514,42,-74.63726806640625,-1.7770777940750122,42,-64.21685791015625,-1.6465860605239868,39,-89.67377471923828,-2.135089874267578,42,-80.33946228027344,-1.9128443002700806,42,1106
-163.79019165039062,-3.4848976135253906,47,-178.76217651367188,-3.803450584411621,47,-135.95602416992188,-2.892681360244751,47,-124.02308654785156,-4.276658058166504,29,-190.14501953125,-4.045638561248779,47,-137.22348022460938,-2.9196484088897705,47,1107
-21.159765243530273,-0.661242663860321,32,-104.03408813476562,-3.251065254211426,32,-98.03302001953125,-3.0635318756103516,32,-116.82548522949219,-3.074354887008667,38,-100.60380554199219,-3.143868923187256,32,-96.77255249023438,-3.024142265319824,32,1108
-76.80306243896484,-2.9539639949798584,26,-91.42642211914062,-3.5164008140563965,26,-74.44021606445312,-2.8630852699279785,26,-75.18534088134766,-2.506178140640259,30,-77.97468566894531,-2.999026298522949,26,-86.98957061767578,-3.345752716064453,26,1109
-124.466552734375,-3.457404136657715,36,-121.98212432861328,-3.388392448425293,36,-107.50248718261719,-2.986180305480957,36,-88.50724792480469,-2.7658514976501465,32,-118.56912231445312,-3.2935867309570312,36,-101.83062744140625,-2.8286285400390625,36,1110
-56.51896667480469,-1.1774784326553345,48,-101.46247863769531,-2.1138017177581787,48,-181.12420654296875,-3.773421049118042,48,-83.88862609863281,-3.2264857292175293,26,-103.60653686523438,-2.1584694385528564,48,-185.87631225585938,-3.8724231719970703,48,1111
-61.54831314086914,-1.4313560724258423,43,-87.62017822265625,-2.0376784801483154,43,-107.80093383789062,-2.5069985389709473,43,-89.56796264648438,-1.9903991222381592,45,-91.96946716308594,-2.138824701309204,43,-105.7225341796875,-2.4586637020111084,43,1112
-89.9281997680664,-2.5693771839141846,35,-134.90423583984375,-3.8544068336486816,35,-151.46072387695312,-4.327449321746826,35,-135.6836700439453,-4.678747177124023,29,-131.4930419921875,-3.756943941116333,35,-148.31829833984375,-4.23766565322876,35,1113
-117.45782470703125,-2.4991025924682617,47,-135.49925231933594,-2.882962703704834,47,-126.60963439941406,-2.693821907043457,47,-117.34889221191406,-2.9337222576141357,40,-141.52865600585938,-3.0112481117248535,47,-131.8469696044922,-2.8052546977996826,47,1114
-97.26734161376953,-2.4316835403442383,40,-143.29776000976562,-3.582443952560425,40,-109.00837707519531,-2.7252094745635986,40,-69.05487823486328,-2.3812026977539062,29,-141.54066467285156,-3.5385165214538574,40,-116.77523040771484,-2.9193806648254395,40,1115
-86.04246520996094,-1.755968689918518,49,-198.76345825195312,-4.056396961212158,49,-180.39617919921875,-3.6815547943115234,49,-93.773681640625,-3.2335753440856934,29,-188.96804809570312,-3.8564908504486084,49,-174.4129638671875,-3.5594482421875,49,1116
-70.23101806640625,-1.6332794427871704,43,-119.17146301269531,-2.7714293003082275,43,-121.50092315673828,-2.8256027698516846,43,-98.24151611328125,-2.8069005012512207,35,-106.14925384521484,-2.4685873985290527,43,-121.97108459472656,-2.8365368843078613,43,1117
-41.82178497314453,-1.0200434923171997,41,-82.15827178955078,-2.0038602352142334,41,-92.43315124511719,-2.254467010498047,41,-45.33174514770508,-1.162352442741394,39,-91.67388153076172,-2.235948324203491,41,-83.87437438964844,-2.0457165241241455,41,1118
-158.91632080078125,-3.178326368331909,50,-137.21304321289062,-2.744260787963867,50,-121.34651184082031,-2.4269301891326904,50,-64.59528350830078,-2.083718776702881,31,-143.8120880126953,-2.876241683959961,50,-134.66207885742188,-2.693241596221924,50,1119
-81.01033020019531,-2.1894683837890625,37,-94.83543395996094,-2.563119888305664,37,-69.11708068847656,-1.868029236793518,37,-63.29691696166992,-1.7107274532318115,37,-85.35269165039062,-2.3068294525146484,37,-66.35372924804688,-1.7933440208435059,37,1120
-106.33763885498047,-3.6668150424957275,29,-80.76984405517578,-2.7851669788360596,29,-68.64623260498047,-2.3671114444732666,29,-69.57571411132812,-2.399162530899048,29,-78.81674194335938,-2.7178187370300293,29,-81.81665802001953,-2.8212640285491943,29,1121
-82.35198974609375,-2.0587997436523438,40,-112.24909210205078,-2.806227207183838,40,-118.61483764648438,-2.9653708934783936,40,-86.96074676513672,-2.415576219558716,36,-113.12954711914062,-2.8282387256622314,40,-119.8740234375,-2.9968504905700684,40,1122
-134.15847778320312,-4.327692985534668,31,-119.18382263183594,-3.844639539718628,31,-87.92118835449219,-2.836167335510254,31,-110.6974105834961,-4.0999040603637695,27,-111.47225952148438,-3.595879316329956,31,-90.90426635742188,-2.9323956966400146,31,1123
-67.80552673339844,-1.8325817584991455,37,-80.76033020019531,-2.182711601257324,37,-83.04157257080078,-2.2443668842315674,37,-77.60975646972656,-1.9899938106536865,39,-97.51178741455078,-2.635453701019287,37,-114.25505065917969,-3.0879743099212646,37,1124
-126.07415008544922,-2.033453941345215,62,-212.468017578125,-3.426903486251831,62,-171.42161560058594,-2.764864683151245,62,-175.45977783203125,-2.6584815979003906,66,-209.73861694335938,-3.382880926132202,62,-176.1346435546875,-2.84088134765625,62,1125
-83.89456176757812,-2.207751512527466,38,-100.85638427734375,-2.6541154384613037,38,-142.99124145507812,-3.762927293777466,38,-170.78060913085938,-3.41561222076416,50,-118.83728790283203,-3.1272971630096436,38,-135.23977661132812,-3.558941602706909,38,1126
-95.9937973022461,-2.7426798343658447,35,-161.2845458984375,-4.608129978179932,35,-218.1605224609375,-6.233157634735107,35,-302.6300048828125,-6.3047919273376465,48,-145.38922119140625,-4.153977870941162,35,-216.3199920654297,-6.18057107925415,35,1127
-55.38832092285156,-1.3187695741653442,42,-74.80355834960938,-1.7810370922088623,42,-90.96564483642578,-2.165848731994629,42,-74.60493469238281,-1.7349984645843506,43,-99.73979187011719,-2.3747570514678955,42,-99.46905517578125,-2.3683109283447266,42,1128
-86.21487426757812,-2.6942148208618164,32,-95.20719909667969,-2.9752249717712402,32,-66.73832702636719,-2.0855727195739746,32,-57.226837158203125,-1.5896344184875488,36,-108.83805847167969,-3.4011893272399902,32,-88.1077880859375,-2.753368377685547,32,1129
-43.76386642456055,-1.0419968366622925,42,-81.3812255859375,-1.9376481771469116,42,-87.09794616699219,-2.073760509490967,42,-63.74888610839844,-1.72294282913208,37,-101.20692443847656,-2.409688711166382,42,-109.53059387207031,-2.6078712940216064,42,1130
-99.25126647949219,-2.5449042320251465,39,-129.22976684570312,-3.3135838508605957,39,-118.78324127197266,-3.0457241535186768,39,-69.28343963623047,-2.664747714996338,26,-136.13919067382812,-3.490748405456543,39,-128.15463256835938,-3.2860162258148193,39,1131
-70.86717987060547,-1.5405908823013306,46,-69.35828399658203,-1.5077887773513794,46,-67.83427429199219,-1.4746581315994263,46,-60.96870422363281,-1.2193740606307983,50,-88.89814758300781,-1.9325684309005737,46,-70.05120849609375,-1.5228523015975952,46,1132
-65.07884216308594,-3.6154911518096924,18,-87.971435546875,-4.887301921844482,18,-69.0869140625,-3.8381619453430176,18,-71.5284423828125,-2.1675286293029785,33,-88.16390991210938,-4.8979949951171875,18,-77.07396697998047,-4.281887054443359,18,1133
-133.82972717285156,-3.9361684322357178,34,-152.00172424316406,-4.470638751983643,34,-134.9241485595703,-3.9683573246002197,34,-80.29508972167969,-3.823575735092163,21,-160.52313232421875,-4.721268653869629,34,-154.95681762695312,-4.557553291320801,34,1134
-97.42707824707031,-2.4356770515441895,40,-109.33317565917969,-2.7333292961120605,40,-107.52964782714844,-2.6882412433624268,40,-101.06370544433594,-2.9724619388580322,34,-106.34786987304688,-2.6586966514587402,40,-106.86088562011719,-2.6715221405029297,40,1135
-156.08267211914062,-3.5473334789276123,44,-134.07640075683594,-3.0471909046173096,44,-120.06156921386719,-2.7286720275878906,44,-76.38009643554688,-2.5460031032562256,30,-170.97520446777344,-3.8858001232147217,44,-134.62338256835938,-3.059622287750244,44,1136
-71.46673583984375,-2.4643702507019043,29,-49.05459976196289,-1.6915379762649536,29,-50.64262390136719,-1.7462973594665527,29,-46.38886260986328,-1.5996159315109253,29,-61.28468704223633,-2.113265037536621,29,-61.89530944824219,-2.1343209743499756,29,1137
-80.10948181152344,-1.9538898468017578,41,-142.87872314453125,-3.484846830368042,41,-149.33102416992188,-3.6422200202941895,41,-97.0499496459961,-3.7326903343200684,26,-132.68309020996094,-3.236172914505005,41,-137.39520263671875,-3.351102590560913,41,1138
-42.77137756347656,-1.3797218799591064,31,-87.61949157714844,-2.8264353275299072,31,-136.6507568359375,-4.4080891609191895,31,-143.43504333496094,-3.259887456893921,44,-100.98131561279297,-3.2574617862701416,31,-150.93820190429688,-4.868974208831787,31,1139
-76.8499984741211,-2.479032278060913,31,-102.03651428222656,-3.2915005683898926,31,-109.89353942871094,-3.544952869415283,31,-88.6649169921875,-3.694371461868286,24,-128.3977508544922,-4.141862869262695,31,-122.56522369384766,-3.953716993331909,31,1140
-26.599159240722656,-1.2090526819229126,22,-47.15045928955078,-2.143202781677246,22,-36.99371337890625,-1.681532382965088,22,-34.69434356689453,-1.6521116495132446,21,-64.51115417480469,-2.9323251247406006,22,-54.66865539550781,-2.484938859939575,22,1141
-85.16527557373047,-2.183725118637085,39,-117.05911254882812,-3.0015156269073486,39,-118.62358093261719,-3.041630268096924,39,-72.67527770996094,-2.5060441493988037,29,-134.91595458984375,-3.459383487701416,39,-122.9622573852539,-3.1528782844543457,39,1142
-92.81497955322266,-2.5085129737854004,37,-130.937744140625,-3.538857936859131,37,-105.06362915039062,-2.839557647705078,37,-93.13761901855469,-2.822352170944214,33,-136.74365234375,-3.6957743167877197,37,-112.31884765625,-3.03564453125,37,1143
-53.40668869018555,-1.6689590215682983,32,-104.54574584960938,-3.267054557800293,32,-105.78193664550781,-3.305685520172119,32,-134.37686157226562,-3.7326905727386475,36,-103.63948059082031,-3.2387337684631348,32,-104.48792266845703,-3.2652475833892822,32,1144
-62.465248107910156,-1.9520390033721924,32,-75.80203247070312,-2.3688135147094727,32,-77.10162353515625,-2.409425735473633,32,-61.384063720703125,-1.6590287685394287,37,-79.65641784667969,-2.4892630577087402,32,-85.31301879882812,-2.666031837463379,32,1145
-43.20207977294922,-0.7448634505271912,58,-99.07095336914062,-1.7081198692321777,58,-105.93760681152344,-1.8265104293823242,58,-40.09507751464844,-0.8530867695808411,47,-111.05972290039062,-1.9148228168487549,58,-123.82369232177734,-2.1348912715911865,58,1146
-80.57431030273438,-1.7516154050827026,46,-244.51531982421875,-5.315550327301025,46,-275.368408203125,-5.986269950866699,46,-269.7183837890625,-5.993741989135742,45,-234.2086181640625,-5.09149169921875,46,-267.0755615234375,-5.805990695953369,46,1147
-14.122143745422363,-0.7432706952095032,19,-53.86906433105469,-2.8352138996124268,19,-72.40978240966797,-3.8110411167144775,19,-113.25379943847656,-3.5391812324523926,32,-76.22798156738281,-4.011999130249023,19,-73.661865234375,-3.8769402503967285,19,1148
-79.92756652832031,-2.1602044105529785,37,-157.78311157226562,-4.264408588409424,37,-151.7898712158203,-4.102428913116455,37,-95.00596618652344,-5.000314235687256,19,-134.3289794921875,-3.6305129528045654,37,-145.77850341796875,-3.9399595260620117,37,1149
-125.10475158691406,-4.633509159088135,27,-88.37711334228516,-3.273226499557495,27,-47.836280822753906,-1.7717140913009644,27,-71.73076629638672,-1.6302447319030762,44,-85.0416488647461,-3.149690628051758,27,-57.09992218017578,-2.114811897277832,27,1150
-99.37364959716797,-2.3110151290893555,43,-120.02084350585938,-2.791182518005371,43,-95.81391906738281,-2.2282307147979736,43,-90.9297866821289,-1.9767345190048218,46,-124.42195892333984,-2.893533945083618,43,-96.82087707519531,-2.251648187637329,43,1151
-64.83450317382812,-2.3155179023742676,28,-92.7025146484375,-3.3108041286468506,28,-81.49518585205078,-2.9105422496795654,28,-98.13209533691406,-2.652218818664551,37,-113.916259765625,-4.0684380531311035,28,-90.78455352783203,-3.2423055171966553,28,1152
-88.1240463256836,-1.7624809741973877,50,-129.67529296875,-2.593505859375,50,-121.75181579589844,-2.4350364208221436,50,-70.75711822509766,-2.620634078979492,27,-163.0518035888672,-3.2610361576080322,50,-154.62252807617188,-3.0924506187438965,50,1153
-104.26277160644531,-3.06655216217041,34,-158.95831298828125,-4.675244331359863,34,-221.82278442382812,-6.524199485778809,34,-305.6268310546875,-6.2372822761535645,49,-170.70053100585938,-5.020603656768799,34,-230.7658233642578,-6.787230014801025,34,1154
-98.2000961303711,-2.5842130184173584,38,-152.84689331054688,-4.022286891937256,38,-146.71005249023438,-3.860790967941284,38,-145.10891723632812,-3.8186557292938232,38,-165.97732543945312,-4.367824554443359,38,-180.66073608398438,-4.75423002243042,38,1155
-75.8929672241211,-2.168370485305786,35,-113.6195068359375,-3.2462716102600098,35,-99.20404052734375,-2.8344011306762695,35,-97.69107818603516,-2.8732669353485107,34,-119.24605560302734,-3.4070301055908203,35,-108.59416198730469,-3.1026904582977295,35,1156
-105.79689025878906,-3.7784602642059326,28,-139.75387573242188,-4.991209983825684,28,-129.70684814453125,-4.632387638092041,28,-127.34494018554688,-3.4417550563812256,37,-140.12289428710938,-5.00438928604126,28,-128.46395874023438,-4.587998390197754,28,1157
-105.73772430419922,-1.5781749486923218,67,-153.78329467773438,-2.2952730655670166,67,-164.2528533935547,-2.451535224914551,67,-45.03628921508789,-1.801451563835144,25,-167.62905883789062,-2.5019261837005615,67,-183.58050537109375,-2.7400076389312744,67,1158
-77.97366333007812,-1.591299295425415,49,-130.9712677001953,-2.6728830337524414,49,-124.32478332519531,-2.537240505218506,49,-65.97112274169922,-2.2748663425445557,29,-114.68318939208984,-2.340473175048828,49,-112.68017578125,-2.299595355987549,49,1159
-76.50904846191406,-2.1859729290008545,35,-104.5323257446289,-2.986637830734253,35,-87.13386535644531,-2.4895389080047607,35,-93.23039245605469,-2.3905229568481445,39,-120.66915893554688,-3.44769024848938,35,-110.73289489746094,-3.163796901702881,35,1160
-111.59796142578125,-2.7219014167785645,41,-129.14376831054688,-3.149847984313965,41,-113.21537017822266,-2.761350393295288,41,-87.4798583984375,-2.650904893875122,33,-133.80885314941406,-3.2636306285858154,41,-129.14999389648438,-3.1499998569488525,41,1161
-62.11847686767578,-1.9412024021148682,32,-73.57190704345703,-2.2991220951080322,32,-82.59923553466797,-2.581226110458374,32,-80.05827331542969,-2.2238409519195557,36,-79.51658630371094,-2.484893321990967,32,-78.64263916015625,-2.457582473754883,32,1162
-98.03504943847656,-2.513719320297241,39,-124.6840591430664,-3.1970272064208984,39,-116.24080657958984,-2.9805335998535156,39,-74.82612609863281,-2.5802111625671387,29,-138.52133178710938,-3.5518290996551514,39,-122.72583770751953,-3.1468162536621094,39,1163
-105.74421691894531,-2.6436054706573486,40,-109.24311065673828,-2.7310776710510254,40,-131.26373291015625,-3.2815933227539062,40,-125.18685150146484,-3.053337812423706,41,-107.59236145019531,-2.6898090839385986,40,-134.0762481689453,-3.3519062995910645,40,1164
-90.3138427734375,-2.0525872707366943,44,-206.2261199951172,-4.686957359313965,44,-204.97149658203125,-4.658442974090576,44,-184.77297973632812,-4.9938645362854,37,-197.25096130371094,-4.48297643661499,44,-205.75650024414062,-4.676284313201904,44,1165
-61.15874099731445,-2.1842408180236816,28,-79.522705078125,-2.8400967121124268,28,-45.313438415527344,-1.6183370351791382,28,-33.335594177246094,-1.2346516847610474,27,-59.41817855834961,-2.122077703475952,28,-48.44229507446289,-1.7300819158554077,28,1166
-94.60453796386719,-2.489593029022217,38,-189.32745361328125,-4.982301235198975,38,-215.56500244140625,-5.672763347625732,38,-271.6153869628906,-5.658653736114502,48,-200.7431640625,-5.28271484375,38,-221.93984985351562,-5.840522289276123,38,1167
-79.15666198730469,-2.0830700397491455,38,-129.11581420898438,-3.397784471511841,38,-95.94416046142578,-2.524846315383911,38,-111.6162109375,-2.480360269546509,45,-124.942626953125,-3.2879638671875,38,-86.60256958007812,-2.279015064239502,38,1168
-100.4375,-2.789930582046509,36,-121.43182373046875,-3.3731062412261963,36,-104.33001708984375,-2.8980560302734375,36,-85.43745422363281,-3.4174981117248535,25,-117.97319030761719,-3.2770330905914307,36,-133.4990234375,-3.708306312561035,36,1169
-149.0612335205078,-3.549077033996582,42,-202.5916748046875,-4.823611259460449,42,-206.69625854492188,-4.921339511871338,42,-227.6866912841797,-5.059704303741455,45,-188.55572509765625,-4.489421844482422,42,-187.97470092773438,-4.475588321685791,42,1170
-81.96153259277344,-2.483682870864868,33,-104.64613342285156,-3.1710948944091797,33,-106.06991577148438,-3.2142398357391357,33,-84.81778717041016,-3.141399621963501,27,-98.76248168945312,-2.992802381515503,33,-101.7535400390625,-3.0834405422210693,33,1171
-90.55490112304688,-2.447429656982422,37,-170.12380981445312,-4.597940921783447,37,-161.78294372558594,-4.372511863708496,37,-154.1253204345703,-4.281259059906006,36,-165.4629669189453,-4.4719719886779785,37,-153.9149169921875,-4.159862518310547,37,1172
-133.86532592773438,-3.4324443340301514,39,-144.95079040527344,-3.716686964035034,39,-129.50119018554688,-3.3205432891845703,39,-182.41189575195312,-3.80024790763855,48,-142.22860717773438,-3.6468873023986816,39,-138.64559936523438,-3.5550153255462646,39,1173
-46.68463897705078,-1.5059560537338257,31,-70.26979064941406,-2.2667675018310547,31,-74.15608978271484,-2.392132043838501,31,-74.78788757324219,-2.136796712875366,35,-69.0283432006836,-2.2267208099365234,31,-81.74005126953125,-2.6367757320404053,31,1174
-58.26543426513672,-1.8795301914215088,31,-91.43051147460938,-2.949371337890625,31,-95.33595275878906,-3.0753533840179443,31,-45.62644958496094,-1.901102066040039,24,-93.38217163085938,-3.0123281478881836,31,-86.83335876464844,-2.8010761737823486,31,1175
-54.074275970458984,-1.502063274383545,36,-80.09146118164062,-2.2247629165649414,36,-88.16796875,-2.449110269546509,36,-99.81423950195312,-2.4953560829162598,40,-77.49341583251953,-2.152594804763794,36,-94.49005889892578,-2.6247239112854004,36,1176
-81.0174560546875,-2.1320383548736572,38,-87.61540222167969,-2.305668592453003,38,-112.1713638305664,-2.951878070831299,38,-68.62344360351562,-2.4508373737335205,28,-84.95128631591797,-2.235560178756714,38,-97.41936492919922,-2.5636675357818604,38,1177
-85.01839447021484,-3.0363712310791016,28,-69.0760498046875,-2.4670016765594482,28,-81.67131042480469,-2.916832447052002,28,-139.79542541503906,-2.8529679775238037,49,-81.09954071044922,-2.8964121341705322,28,-89.22992706298828,-3.1867830753326416,28,1178
-107.5899429321289,-2.9078361988067627,37,-157.265625,-4.250422477722168,37,-151.38177490234375,-4.091399192810059,37,-160.22885131835938,-4.577967166900635,35,-154.4507598876953,-4.174345016479492,37,-158.19683837890625,-4.275590419769287,37,1179
-101.79560089111328,-3.3931868076324463,30,-110.18540954589844,-3.672847032546997,30,-95.38482666015625,-3.1794941425323486,30,-37.79991149902344,-1.7181777954101562,22,-89.25633239746094,-2.9752111434936523,30,-89.30345916748047,-2.9767820835113525,30,1180
-78.38076782226562,-1.9117259979248047,41,-127.65155029296875,-3.113452434539795,41,-146.7884979248047,-3.580207347869873,41,-86.39209747314453,-3.199707269668579,27,-119.70465087890625,-2.9196255207061768,41,-130.3789520263672,-3.1799745559692383,41,1181
-66.9114990234375,-2.573519229888916,26,-52.3392448425293,-2.013047933578491,26,-52.627708435058594,-2.0241427421569824,26,-51.23321533203125,-1.76666259765625,29,-65.63456726074219,-2.5244064331054688,26,-70.827392578125,-2.724130392074585,26,1182
-71.73202514648438,-2.2416257858276367,32,-76.3874282836914,-2.3871071338653564,32,-77.6667709350586,-2.427086591720581,32,-95.96241760253906,-2.3405468463897705,41,-72.29965209960938,-2.259364128112793,32,-93.24006652832031,-2.9137520790100098,32,1183
-62.4383544921875,-1.7839529514312744,35,-70.13058471679688,-2.0037310123443604,35,-63.732696533203125,-1.8209341764450073,35,-60.454345703125,-1.7272670269012451,35,-62.25059509277344,-1.7785884141921997,35,-63.01164245605469,-1.8003326654434204,35,1184
-63.78944396972656,-3.7523202896118164,17,-113.58502960205078,-6.681472301483154,17,-105.43490600585938,-6.202053070068359,17,-142.96237182617188,-3.971177101135254,36,-102.28727722167969,-6.0168986320495605,17,-98.71654510498047,-5.80685567855835,17,1185
-64.90365600585938,-2.8218979835510254,23,-58.410972595214844,-2.539607524871826,23,-57.14743423461914,-2.484671115875244,23,-49.234256744384766,-2.1406197547912598,23,-68.45619201660156,-2.976356267929077,23,-58.39142608642578,-2.538757562637329,23,1186
-67.16438293457031,-1.975422978401184,34,-117.45834350585938,-3.4546570777893066,34,-66.57951354980469,-1.9582209587097168,34,-46.67273712158203,-1.944697380065918,24,-131.202880859375,-3.858908176422119,34,-80.6573715209961,-2.3722755908966064,34,1187
-92.08067321777344,-3.0693557262420654,30,-105.95023345947266,-3.531674385070801,30,-73.97882080078125,-2.465960741043091,30,-21.622337341308594,-0.6756980419158936,32,-112.40074157714844,-3.7466914653778076,30,-68.80485534667969,-2.2934951782226562,30,1188
-91.7198715209961,-2.0845425128936768,44,-82.2686996459961,-1.8697432279586792,44,-89.57234191894531,-2.0357351303100586,44,-64.9278564453125,-1.6648168563842773,39,-118.93020629882812,-2.7029592990875244,44,-98.6363525390625,-2.2417352199554443,44,1189
-86.71102142333984,-2.408639430999756,36,-114.56851959228516,-3.1824588775634766,36,-107.23283386230469,-2.9786899089813232,36,-81.36688232421875,-2.8057546615600586,29,-111.89584350585938,-3.10821795463562,36,-106.941162109375,-2.970587730407715,36,1190
-103.59893035888672,-2.6563827991485596,39,-107.50372314453125,-2.7565057277679443,39,-107.80921936035156,-2.764338970184326,39,-98.86192321777344,-2.6719439029693604,37,-120.80238342285156,-3.09749698638916,39,-112.8617935180664,-2.8938920497894287,39,1191
-91.28549194335938,-2.226475477218628,41,-83.83853912353516,-2.044842481613159,41,-70.7845458984375,-1.726452350616455,41,-70.47306060791016,-1.5660680532455444,45,-111.2629165649414,-2.7137296199798584,41,-85.31550598144531,-2.0808660984039307,41,1192
-82.17263793945312,-1.9564913511276245,42,-82.1581039428711,-1.9561452865600586,42,-77.08396911621094,-1.8353326320648193,42,-54.12677001953125,-1.6402051448822021,33,-102.83914184570312,-2.4485509395599365,42,-91.66508483886719,-2.182502031326294,42,1193
-131.66476440429688,-2.743016004562378,48,-179.99526977539062,-3.749901533126831,48,-146.6884307861328,-3.05600905418396,48,-113.62142944335938,-3.0708494186401367,37,-178.8026123046875,-3.7250545024871826,48,-156.46630859375,-3.2597148418426514,48,1194
-146.9539794921875,-3.265644073486328,45,-131.74432373046875,-2.9276516437530518,45,-119.36627960205078,-2.6525840759277344,45,-79.22201538085938,-2.400667190551758,33,-119.36126708984375,-2.652472496032715,45,-111.25285339355469,-2.472285747528076,45,1195
-89.056396484375,-3.2983851432800293,27,-74.64010620117188,-2.764448404312134,27,-70.37532806396484,-2.6064937114715576,27,-83.6505126953125,-2.0402565002441406,41,-63.728267669677734,-2.3603062629699707,27,-60.93435287475586,-2.2568278312683105,27,1196
-74.501953125,-2.1912338733673096,34,-94.28199768066406,-2.7730000019073486,34,-86.01040649414062,-2.5297179222106934,34,-57.3203239440918,-2.729539155960083,21,-83.41361236572266,-2.453341484069824,34,-98.52898406982422,-2.897911310195923,34,1197
-134.193603515625,-2.531954765319824,53,-151.76687622070312,-2.863525867462158,53,-133.07847595214844,-2.5109145641326904,53,-65.90023803710938,-1.9382423162460327,34,-148.82391357421875,-2.8079984188079834,53,-140.38970947265625,-2.648862361907959,53,1198
-80.09281921386719,-2.966400623321533,27,-83.95587921142578,-3.1094770431518555,27,-104.97169494628906,-3.887840509414673,27,-78.80521392822266,-2.626840353012085,30,-101.19877624511719,-3.748102903366089,27,-109.90462493896484,-4.070541858673096,27,1199
-101.23881530761719,-2.4692394733428955,41,-121.2486343383789,-2.9572837352752686,41,-113.86734008789062,-2.777252197265625,41,-108.55592346191406,-2.713898181915283,40,-131.7383270263672,-3.213129997253418,41,-125.36967468261719,-3.0577969551086426,41,1200
-61.20794677734375,-1.974449872970581,31,-93.42440032958984,-3.013690233230591,31,-111.27519226074219,-3.589522361755371,31,-106.83226013183594,-3.338508129119873,32,-111.92567443847656,-3.6105055809020996,31,-114.91327667236328,-3.7068798542022705,31,1201
-41.86599349975586,-1.0734870433807373,39,-105.81069946289062,-2.71309494972229,39,-102.75930786132812,-2.6348540782928467,39,-80.28466796875,-2.432868719100952,33,-118.33195495605469,-3.0341527462005615,39,-102.39512634277344,-2.625516176223755,39,1202
-151.9517822265625,-3.4534494876861572,44,-142.13702392578125,-3.230386972427368,44,-145.19198608398438,-3.2998178005218506,44,-62.293060302734375,-2.5955440998077393,24,-137.15927124023438,-3.1172561645507812,44,-139.09686279296875,-3.161292314529419,44,1203
-112.80613708496094,-3.418367862701416,33,-94.34538269042969,-2.8589510917663574,33,-94.05009460449219,-2.8500027656555176,33,-75.57810974121094,-1.8433685302734375,41,-102.45901489257812,-3.10481858253479,33,-94.83375549316406,-2.8737502098083496,33,1204
-70.43905639648438,-2.0125443935394287,35,-126.29450225830078,-3.6084144115448,35,-114.08655548095703,-3.259615898132324,35,-175.794677734375,-3.8216233253479004,46,-126.30211639404297,-3.6086318492889404,35,-118.19126892089844,-3.3768932819366455,35,1205
-139.64413452148438,-2.1158201694488525,66,-205.6677703857422,-3.116178274154663,66,-208.72750854492188,-3.1625380516052246,66,-82.52195739746094,-2.5788111686706543,32,-193.8628692626953,-2.9373161792755127,66,-208.51806640625,-3.159364700317383,66,1206
-120.57827758789062,-3.0144569873809814,40,-130.76116943359375,-3.269029140472412,40,-118.48309326171875,-2.9620773792266846,40,-101.63273620605469,-3.3877577781677246,30,-133.37380981445312,-3.3343453407287598,40,-131.12986755371094,-3.2782466411590576,40,1207
-56.96240997314453,-1.4240602254867554,40,-172.10459899902344,-4.302615165710449,40,-143.32431030273438,-3.5831077098846436,40,-83.93287658691406,-3.1086251735687256,27,-162.0005340576172,-4.050013542175293,40,-139.75901794433594,-3.4939754009246826,40,1208
-86.47991943359375,-2.1619980335235596,40,-109.52593231201172,-2.7381482124328613,40,-111.76457214355469,-2.794114351272583,40,-104.42913818359375,-2.983689546585083,35,-113.39486694335938,-2.834871768951416,40,-137.7291259765625,-3.443228244781494,40,1209
-87.12983703613281,-2.489423990249634,35,-189.88702392578125,-5.4253435134887695,35,-222.42059326171875,-6.354874134063721,35,-286.18035888671875,-5.962090969085693,48,-186.5717010498047,-5.330619812011719,35,-234.67970275878906,-6.705134391784668,35,1210
-65.55418395996094,-1.3657121658325195,48,-66.86466979980469,-1.3930139541625977,48,-67.85652160644531,-1.4136775732040405,48,-58.609283447265625,-1.1961078643798828,49,-74.88951110839844,-1.560198187828064,48,-73.27806091308594,-1.5266262292861938,48,1211
-94.4593734741211,-3.2572197914123535,29,-116.29916381835938,-4.010315895080566,29,-115.64169311523438,-3.987644672393799,29,-118.60540771484375,-4.089841842651367,29,-104.7411117553711,-3.611762523651123,29,-119.21226501464844,-4.110767841339111,29,1212
-79.13322448730469,-3.0435855388641357,26,-185.91073608398438,-7.1504130363464355,26,-190.41326904296875,-7.323587417602539,26,-269.95794677734375,-6.427570343017578,42,-189.16412353515625,-7.275543212890625,26,-206.5211944580078,-7.943122863769531,26,1213
-120.13703918457031,-3.8753883838653564,31,-126.93547058105469,-4.094692707061768,31,-95.14524841308594,-3.0692014694213867,31,-94.57952880859375,-2.4251160621643066,39,-137.11813354492188,-4.423165798187256,31,-109.30911254882812,-3.5261003971099854,31,1214
-95.47566223144531,-3.6721408367156982,26,-106.00457763671875,-4.077099323272705,26,-100.00743103027344,-3.8464395999908447,26,-86.79953002929688,-2.63028883934021,33,-107.54828643798828,-4.136472702026367,26,-103.41775512695312,-3.9776060581207275,26,1215
-54.98451232910156,-1.1953154802322388,46,-117.66283416748047,-2.5578877925872803,46,-137.4109649658203,-2.987194776535034,46,-101.94456481933594,-2.9983694553375244,34,-124.9448471069336,-2.7161922454833984,46,-139.10342407226562,-3.0239875316619873,46,1216
-128.86483764648438,-3.3042266368865967,39,-142.59661865234375,-3.6563236713409424,39,-125.89035034179688,-3.2279577255249023,39,-65.06365966796875,-2.602546453475952,25,-150.5595245361328,-3.8605005741119385,39,-145.7396240234375,-3.7369134426116943,39,1217
-78.0030288696289,-2.052711248397827,38,-89.30956268310547,-2.3502516746520996,38,-92.73926544189453,-2.440506935119629,38,-111.4386978149414,-2.6533024311065674,42,-97.44412231445312,-2.564318895339966,38,-86.6976089477539,-2.2815160751342773,38,1218
-98.45690155029297,-2.2896955013275146,43,-142.96499633789062,-3.3247673511505127,43,-154.9276123046875,-3.6029677391052246,43,-93.34723663330078,-3.4573049545288086,27,-144.59078979492188,-3.362576484680176,43,-154.529541015625,-3.59371018409729,43,1219
-60.408145904541016,-1.6780040264129639,36,-84.08746337890625,-2.3357629776000977,36,-72.23434448242188,-2.00650954246521,36,-33.52565383911133,-1.1973447799682617,28,-94.67649841308594,-2.6299028396606445,36,-88.39553833007812,-2.4554316997528076,36,1220
-65.7935791015625,-1.4953086376190186,44,-107.2945785522461,-2.4385130405426025,44,-110.99786376953125,-2.5226786136627197,44,-60.315582275390625,-1.884861946105957,32,-128.34967041015625,-2.9170379638671875,44,-115.82484436035156,-2.632382869720459,44,1221
-93.18672180175781,-3.5841047763824463,26,-54.48658752441406,-2.0956380367279053,26,-48.25749969482422,-1.8560576438903809,26,-48.994651794433594,-1.4410191774368286,34,-81.01317596435547,-3.115891456604004,26,-58.64056396484375,-2.255406379699707,26,1222
-95.95909118652344,-2.041682720184326,47,-111.7675552368164,-2.37803316116333,47,-80.18540954589844,-1.7060725688934326,47,-94.29949188232422,-1.964572787284851,48,-118.12369537353516,-2.513270139694214,47,-101.30730438232422,-2.1554746627807617,47,1223
-48.840206146240234,-1.878469467163086,26,-97.91755676269531,-3.7660598754882812,26,-96.34965515136719,-3.7057559490203857,26,-110.90414428710938,-2.6405749320983887,42,-104.08960723876953,-4.003446578979492,26,-106.14189147949219,-4.082380294799805,26,1224
-31.53512954711914,-0.7167074680328369,44,-41.947059631347656,-0.9533422589302063,44,-38.12388610839844,-0.8664519786834717,44,-26.785011291503906,-0.5952224731445312,45,-67.41394805908203,-1.5321351289749146,44,-63.971527099609375,-1.453898310661316,44,1225
-81.4891128540039,-2.2635865211486816,36,-197.64144897460938,-5.490040302276611,36,-226.20831298828125,-6.28356409072876,36,-281.7957458496094,-6.262127876281738,45,-180.2154541015625,-5.005984783172607,36,-216.44589233398438,-6.012385845184326,36,1226
-81.56101989746094,-2.3988535404205322,34,-93.02825927734375,-2.7361252307891846,34,-90.35380554199219,-2.6574649810791016,34,-87.18368530273438,-2.641929864883423,33,-103.30123901367188,-3.03827166557312,34,-101.99266052246094,-2.999784231185913,34,1227
-84.87269592285156,-2.829089879989624,30,-95.75173950195312,-3.1917245388031006,30,-98.05755615234375,-3.268585205078125,30,-89.4306411743164,-3.193951368331909,28,-96.20677185058594,-3.206892490386963,30,-100.56950378417969,-3.3523168563842773,30,1228
-81.6864013671875,-2.9173715114593506,28,-176.9792022705078,-6.320685863494873,28,-191.17501831054688,-6.82767915725708,28,-299.5279846191406,-6.511477947235107,46,-183.61767578125,-6.557774066925049,28,-198.10301208496094,-7.075107574462891,28,1229
-88.03874969482422,-2.2009687423706055,40,-133.16395568847656,-3.32909893989563,40,-85.27423095703125,-2.1318557262420654,40,-44.67930603027344,-1.8616377115249634,24,-133.70541381835938,-3.3426353931427,40,-115.9404296875,-2.898510694503784,40,1230
-80.3337173461914,-1.8257663249969482,44,-158.9622802734375,-3.612779140472412,44,-185.79254150390625,-4.222557544708252,44,-95.01597595214844,-4.131129264831543,23,-162.60447692871094,-3.695556402206421,44,-186.0660400390625,-4.228773593902588,44,1231
-78.48796081542969,-2.0654726028442383,38,-99.94183349609375,-2.6300482749938965,38,-97.7580337524414,-2.572579860687256,38,-59.010589599609375,-1.9035674333572388,31,-107.35298919677734,-2.8250787258148193,38,-125.32915496826172,-3.298135757446289,38,1232
-43.988582611083984,-1.0997145175933838,40,-61.381656646728516,-1.534541368484497,40,-58.15235137939453,-1.4538087844848633,40,-58.94694137573242,-1.551235318183899,38,-94.16470336914062,-2.3541176319122314,40,-77.32571411132812,-1.933142900466919,40,1233
-56.897064208984375,-2.2758824825286865,25,-59.035118103027344,-2.3614046573638916,25,-68.55803680419922,-2.742321491241455,25,-57.40146255493164,-2.296058416366577,25,-64.2357406616211,-2.569429636001587,25,-60.799346923828125,-2.431973934173584,25,1234
-46.144065856933594,-1.0487288236618042,44,-129.78482055664062,-2.949655055999756,44,-99.69563293457031,-2.2658097743988037,44,-48.39402389526367,-1.3826863765716553,35,-129.41171264648438,-2.9411752223968506,44,-120.94145202636719,-2.748669385910034,44,1235
-130.0914764404297,-3.025383234024048,43,-172.9330596923828,-4.021698951721191,43,-158.67198181152344,-3.6900460720062256,43,-145.32754516601562,-4.036876201629639,36,-185.923095703125,-4.323792934417725,43,-173.657958984375,-4.038557052612305,43,1236
-109.58015441894531,-2.4904580116271973,44,-280.1826477050781,-6.3677873611450195,44,-288.9658203125,-6.5674052238464355,44,-283.2706298828125,-6.437968730926514,44,-268.3600158691406,-6.099091053009033,44,-285.5237731933594,-6.4891767501831055,44,1237
-83.14232635498047,-1.3197194337844849,63,-70.80948638916016,-1.1239601373672485,63,-38.93605041503906,-0.6180325746536255,63,-20.48185157775879,-0.30569928884506226,67,-80.03659057617188,-1.270422101020813,63,-47.35612487792969,-0.7516845464706421,63,1238
-124.85061645507812,-3.4680726528167725,36,-128.23939514160156,-3.5622053146362305,36,-110.956298828125,-3.0821194648742676,36,-41.38411331176758,-1.8810960054397583,22,-139.93466186523438,-3.8870739936828613,36,-110.40018463134766,-3.066671848297119,36,1239
-116.47889709472656,-3.0652341842651367,38,-142.831787109375,-3.7587311267852783,38,-116.41275024414062,-3.063493490219116,38,-109.98248291015625,-2.390923500061035,46,-147.50640869140625,-3.8817474842071533,38,-114.99160766601562,-3.026094913482666,38,1240
-80.42251586914062,-2.680750608444214,30,-89.44693756103516,-2.981564521789551,30,-73.96139526367188,-2.4653799533843994,30,-67.48003387451172,-2.326897621154785,29,-83.55269622802734,-2.7850899696350098,30,-75.19771575927734,-2.5065906047821045,30,1241
-39.529014587402344,-1.0402371883392334,38,-102.7103271484375,-2.7029032707214355,38,-98.16289520263672,-2.5832340717315674,38,-104.3599853515625,-2.7463154792785645,38,-114.40547943115234,-3.0106704235076904,38,-121.2225112915039,-3.19006609916687,38,1242
-80.94390869140625,-2.3807032108306885,34,-119.78225708007812,-3.52300763130188,34,-107.10751342773438,-3.1502208709716797,34,-92.77650451660156,-2.157593011856079,43,-112.38755798339844,-3.305516481399536,34,-99.65292358398438,-2.9309682846069336,34,1243
-90.17414855957031,-1.840288758277893,49,-111.60063934326172,-2.27756404876709,49,-112.6200942993164,-2.2983691692352295,49,-67.79015350341797,-1.5406852960586548,44,-131.59042358398438,-2.685518741607666,49,-114.35883331298828,-2.3338537216186523,49,1244
-93.73580169677734,-2.7569353580474854,34,-109.34286499023438,-3.2159667015075684,34,-113.60496520996094,-3.341322422027588,34,-106.3627700805664,-3.3238365650177,32,-118.73030090332031,-3.492067575454712,34,-113.48873901367188,-3.3379039764404297,34,1245
-93.13191223144531,-2.024606704711914,46,-115.90888977050781,-2.519758462905884,46,-138.87396240234375,-3.0189990997314453,46,-109.272705078125,-2.8755974769592285,38,-126.10102844238281,-2.7413268089294434,46,-124.76124572753906,-2.712200880050659,46,1246
-71.97649383544922,-1.7994123697280884,40,-117.84789276123047,-2.946197271347046,40,-104.23702239990234,-2.6059255599975586,40,-55.32990264892578,-1.9079276323318481,29,-121.22805786132812,-3.0307013988494873,40,-111.94757080078125,-2.798689365386963,40,1247
-81.18504333496094,-1.8451145887374878,44,-254.86175537109375,-5.7923126220703125,44,-289.175048828125,-6.572160243988037,44,-298.9423828125,-6.643164157867432,45,-257.6689453125,-5.856112480163574,44,-307.32574462890625,-6.984675884246826,44,1248
-94.65480041503906,-2.057713031768799,46,-119.13491821289062,-2.5898895263671875,46,-117.6458969116211,-2.5575194358825684,46,-59.68158721923828,-2.1314852237701416,28,-147.8301544189453,-3.2136991024017334,46,-150.18728637695312,-3.2649409770965576,46,1249
-49.295291900634766,-2.7386274337768555,18,-66.47451782226562,-3.693028688430786,18,-66.1903305053711,-3.6772406101226807,18,-51.769840240478516,-1.9174014329910278,27,-63.46699523925781,-3.525944232940674,18,-61.74737548828125,-3.4304096698760986,18,1250
-104.68624877929688,-3.3769757747650146,31,-79.20065307617188,-2.5548598766326904,31,-64.43411254882812,-2.078519821166992,31,-77.63008880615234,-2.283237934112549,34,-92.32846069335938,-2.978337526321411,31,-83.01995849609375,-2.678063154220581,31,1251
-77.47714233398438,-1.9865933656692505,39,-83.1461181640625,-2.1319518089294434,39,-76.21864318847656,-1.9543241262435913,39,-45.04479217529297,-1.668325662612915,27,-118.52365112304688,-3.0390679836273193,39,-114.04795837402344,-2.924306631088257,39,1252
-47.85523223876953,-2.080662250518799,23,-52.75657653808594,-2.293764114379883,23,-54.70014190673828,-2.3782670497894287,23,-46.478816986083984,-2.446253538131714,19,-62.18944549560547,-2.7038888931274414,23,-73.5439224243164,-3.197561740875244,23,1253
-75.90828704833984,-2.0515754222869873,37,-116.86592102050781,-3.158538341522217,37,-122.1310806274414,-3.300839900970459,37,-113.08024597167969,-2.8270061016082764,40,-124.13961791992188,-3.3551247119903564,37,-122.45985412597656,-3.309725761413574,37,1254
-130.62042236328125,-2.6657228469848633,49,-156.879150390625,-3.201615333557129,49,-178.29937744140625,-3.6387627124786377,49,-69.51713562011719,-2.5747087001800537,27,-171.51434326171875,-3.5002927780151367,49,-185.22366333007812,-3.7800748348236084,49,1255
-19.72698974609375,-0.5977875590324402,33,-104.44221496582031,-3.1649155616760254,33,-102.39458465576172,-3.1028661727905273,33,-99.36575317382812,-3.105179786682129,32,-149.77978515625,-4.53878116607666,33,-139.55548095703125,-4.228953838348389,33,1256
-98.25320434570312,-2.655492067337036,37,-52.847991943359375,-1.4283241033554077,37,-46.61830139160156,-1.2599540948867798,37,-37.71636199951172,-1.0776103734970093,35,-89.89303588867188,-2.42954158782959,37,-71.68717956542969,-1.9374912977218628,37,1257
-61.386436462402344,-1.659092903137207,37,-99.46363830566406,-2.688206434249878,37,-79.88075256347656,-2.1589393615722656,37,-76.61603546142578,-2.128223180770874,36,-120.70410919189453,-3.2622733116149902,37,-101.81794738769531,-2.7518362998962402,37,1258
-47.4395866394043,-1.437563180923462,33,-77.85153198242188,-2.3591372966766357,33,-81.57254028320312,-2.471895217895508,33,-87.4469223022461,-2.301234722137451,38,-108.52381134033203,-3.288600444793701,33,-101.18205261230469,-3.0661227703094482,33,1259
-39.85197067260742,-1.3742058277130127,29,-89.97277069091797,-3.1025092601776123,29,-121.43684387207031,-4.1874775886535645,29,-50.9256591796875,-2.8292033672332764,18,-103.92390441894531,-3.583582878112793,29,-120.5962905883789,-4.158492565155029,29,1260
-64.33987426757812,-2.2978527545928955,28,-88.06900024414062,-3.1453213691711426,28,-69.44768524169922,-2.4802744388580322,28,-68.22063446044922,-1.8950176239013672,36,-93.43974304199219,-3.3371336460113525,28,-83.28946685791016,-2.974623918533325,28,1261
-83.94698333740234,-2.2688374519348145,37,-65.87274932861328,-1.7803446054458618,37,-97.06159973144531,-2.623286485671997,37,-62.363365173339844,-1.8897989988327026,33,-74.39642333984375,-2.010714054107666,37,-104.92375183105469,-2.8357770442962646,37,1262
-83.13433837890625,-1.73196542263031,48,-92.3436508178711,-1.9238260984420776,48,-100.58881378173828,-2.0956003665924072,48,-45.41401672363281,-1.1644619703292847,39,-143.8978271484375,-2.9978713989257812,48,-135.78945922851562,-2.828947067260742,48,1263
-147.57098388671875,-3.27935528755188,45,-140.1800537109375,-3.1151123046875,45,-133.91546630859375,-2.9758992195129395,45,-88.39967346191406,-2.4555463790893555,36,-168.0814971923828,-3.7351443767547607,45,-161.32461547851562,-3.584991455078125,45,1264
-82.0851058959961,-1.9544073343276978,42,-115.406494140625,-2.7477736473083496,42,-93.17259216308594,-2.2183949947357178,42,-75.11399841308594,-2.276181697845459,33,-110.32400512695312,-2.6267619132995605,42,-95.05646514892578,-2.263249158859253,42,1265
-115.653076171875,-2.51419734954834,46,-108.52702331542969,-2.359283208847046,46,-120.06632232666016,-2.610137462615967,46,-91.37710571289062,-2.125048875808716,43,-106.90652465820312,-2.3240549564361572,46,-118.31961059570312,-2.5721654891967773,46,1266
-84.46743774414062,-1.9197144508361816,44,-163.14822387695312,-3.707914113998413,44,-153.14852905273438,-3.4806482791900635,44,-146.08349609375,-4.296573638916016,34,-179.72708129882812,-4.0847063064575195,44,-176.08895874023438,-4.002021789550781,44,1267
-96.2461166381836,-3.2082037925720215,30,-116.97423553466797,-3.8991410732269287,30,-104.1030502319336,-3.4701015949249268,30,-99.00587463378906,-3.535924196243286,28,-121.9757080078125,-4.06585693359375,30,-115.97010040283203,-3.8656699657440186,30,1268
-145.269287109375,-2.462191343307495,59,-157.21893310546875,-2.6647276878356934,59,-140.22210693359375,-2.376645803451538,59,-180.7550048828125,-2.7387123107910156,66,-161.6066131591797,-2.7390952110290527,59,-144.2957000732422,-2.4456899166107178,59,1269
-72.31295776367188,-2.5826056003570557,28,-71.87702941894531,-2.5670368671417236,28,-59.96001052856445,-2.1414289474487305,28,-58.60886001586914,-2.2541868686676025,26,-88.80593872070312,-3.171640634536743,28,-76.43707275390625,-2.7298953533172607,28,1270
-66.7988510131836,-2.3856732845306396,28,-78.94420623779297,-2.8194358348846436,28,-74.47209167480469,-2.659717559814453,28,-84.5533447265625,-2.168034553527832,39,-105.84980773925781,-3.7803502082824707,28,-81.80931091308594,-2.9217610359191895,28,1271
-106.21823120117188,-2.2128798961639404,48,-250.77517700195312,-5.224483013153076,48,-285.0912170410156,-5.9394001960754395,48,-289.0817565917969,-6.424038887023926,45,-249.24481201171875,-5.192600250244141,48,-305.5386047363281,-6.365387439727783,48,1272
-84.95352172851562,-1.7337453365325928,49,-196.2837371826172,-4.005790710449219,49,-219.99835205078125,-4.489762306213379,49,-179.6829071044922,-4.856294631958008,37,-202.22943115234375,-4.127131462097168,49,-231.52127075195312,-4.724924087524414,49,1273
-74.53113555908203,-3.5491015911102295,21,-60.53722381591797,-2.8827250003814697,21,-67.10309600830078,-3.195385456085205,21,-77.11998748779297,-2.487741470336914,31,-63.891780853271484,-3.0424656867980957,21,-65.09407043457031,-3.099717617034912,21,1274
-74.28782653808594,-2.2511463165283203,33,-124.03077697753906,-3.7585084438323975,33,-107.17964172363281,-3.2478678226470947,33,-114.33567810058594,-3.1759910583496094,36,-109.13066101074219,-3.3069896697998047,33,-100.45181274414062,-3.043994426727295,33,1275
-43.6158447265625,-1.0903961658477783,40,-58.78492736816406,-1.4696232080459595,40,-76.81588745117188,-1.920397162437439,40,-78.93487548828125,-2.1926355361938477,36,-63.09214401245117,-1.5773036479949951,40,-84.37676239013672,-2.109419107437134,40,1276
-100.82152557373047,-2.7249062061309814,37,-107.07555389404297,-2.8939337730407715,37,-95.9421615600586,-2.593031406402588,37,-83.61862182617188,-2.259962797164917,37,-100.39865112304688,-2.71347713470459,37,-90.2858657836914,-2.4401586055755615,37,1277
-91.21195983886719,-3.040398597717285,30,-131.90737915039062,-4.396912574768066,30,-181.956787109375,-6.065226078033447,30,-268.809814453125,-5.843691825866699,46,-148.0388946533203,-4.934629917144775,30,-186.1981201171875,-6.20660400390625,30,1278
-79.67489624023438,-2.213191509246826,36,-100.41366577148438,-2.7892684936523438,36,-98.98812103271484,-2.7496700286865234,36,-94.43362426757812,-2.485095262527466,38,-94.1409912109375,-2.61502742767334,36,-100.20872497558594,-2.7835757732391357,36,1279
-41.14338684082031,-1.5824379920959473,26,-43.34693145751953,-1.6671897172927856,26,-66.90771484375,-2.573373556137085,26,-56.444095611572266,-1.525516152381897,37,-54.26762008666992,-2.0872161388397217,26,-69.94416809082031,-2.6901602745056152,26,1280
-103.58491516113281,-2.589622974395752,40,-92.2985610961914,-2.307464122772217,40,-63.252296447753906,-1.5813074111938477,40,-62.987003326416016,-1.3401490449905396,47,-98.86666870117188,-2.4716668128967285,40,-77.837646484375,-1.9459412097930908,40,1281
-61.335289001464844,-1.752436876296997,35,-94.5098648071289,-2.700281858444214,35,-87.98583221435547,-2.513880968093872,35,-108.7681884765625,-2.36452579498291,46,-109.7420425415039,-3.1354868412017822,35,-124.051513671875,-3.5443289279937744,35,1282
-111.28195190429688,-4.2800750732421875,26,-59.06756591796875,-2.27182936668396,26,-59.603904724121094,-2.2924578189849854,26,-75.52650451660156,-2.097958564758301,36,-79.93448638916016,-3.0744032859802246,26,-76.30252075195312,-2.9347124099731445,26,1283
-129.12387084960938,-2.635180950164795,49,-125.036376953125,-2.551762819290161,49,-153.59085083007812,-3.134507179260254,49,-80.8581771850586,-2.3781816959381104,34,-152.51400756835938,-3.1125307083129883,49,-150.64804077148438,-3.0744497776031494,49,1284
-90.68350219726562,-2.3252179622650146,39,-100.31214904785156,-2.57210636138916,39,-73.00690460205078,-1.8719719648361206,39,-60.43262481689453,-1.6786839962005615,36,-98.73617553710938,-2.5316967964172363,39,-92.48335266113281,-2.371367931365967,39,1285
-106.27363586425781,-2.3616364002227783,45,-131.80714416503906,-2.9290475845336914,45,-124.3416519165039,-2.7631478309631348,45,-74.07081604003906,-2.0019140243530273,37,-132.8593292236328,-2.9524295330047607,45,-119.43595123291016,-2.65413236618042,45,1286
-35.32157897949219,-0.7849239706993103,45,-64.06111907958984,-1.4235804080963135,45,-68.66305541992188,-1.5258456468582153,45,-53.44190216064453,-1.1133729219436646,48,-93.17622375488281,-2.070582866668701,45,-89.08544921875,-1.979676604270935,45,1287
-95.17391967773438,-3.6605353355407715,26,-123.77754211425781,-4.760674476623535,26,-166.81491088867188,-6.415957927703857,26,-293.13031005859375,-6.236814975738525,47,-115.34912872314453,-4.43650484085083,26,-176.52520751953125,-6.789431095123291,26,1288
-45.60505676269531,-1.0364785194396973,44,-60.850372314453125,-1.3829630613327026,44,-52.62832260131836,-1.1960982084274292,44,-42.357810974121094,-0.9850654006004333,43,-75.78330993652344,-1.7223479747772217,44,-65.75946807861328,-1.4945334196090698,44,1289
-91.73916625976562,-3.0579721927642822,30,-78.97886657714844,-2.632628917694092,30,-72.37734985351562,-2.4125783443450928,30,-53.479190826416016,-2.056891918182373,26,-82.58954620361328,-2.7529847621917725,30,-69.47792053222656,-2.3159306049346924,30,1290
-122.58902740478516,-3.6055595874786377,34,-114.5041275024414,-3.3677685260772705,34,-106.33924102783203,-3.127624750137329,34,-146.9866180419922,-3.1273748874664307,47,-113.86996459960938,-3.349116563796997,34,-98.74800109863281,-2.904352903366089,34,1291
-68.53517150878906,-2.0768234729766846,33,-95.0291976928711,-2.8796727657318115,33,-94.03446960449219,-2.849529266357422,33,-76.59147644042969,-2.252690553665161,34,-77.70484924316406,-2.3546924591064453,33,-98.18592071533203,-2.9753308296203613,33,1292
-52.654197692871094,-1.6985224485397339,31,-76.49755096435547,-2.467663049697876,31,-73.94609832763672,-2.3853580951690674,31,-32.24989700317383,-1.3437457084655762,24,-63.230003356933594,-2.039677619934082,31,-72.2787857055664,-2.331573724746704,31,1293
-75.75003051757812,-1.6467398405075073,46,-116.15156555175781,-2.525033950805664,46,-116.82704162597656,-2.5397183895111084,46,-61.7606201171875,-1.9922780990600586,31,-104.46920013427734,-2.2710695266723633,46,-128.27716064453125,-2.7886338233947754,46,1294
-113.13938903808594,-2.459552049636841,46,-115.78570556640625,-2.517080545425415,46,-134.37930297851562,-2.9212892055511475,46,-34.74728775024414,-1.1981823444366455,29,-141.1289520263672,-3.0680205821990967,46,-135.4258270263672,-2.944039821624756,46,1295
-35.62089920043945,-0.8095659017562866,44,-105.9728012084961,-2.408472776412964,44,-104.67840576171875,-2.3790547847747803,44,-67.49339294433594,-2.17720627784729,31,-95.48797607421875,-2.1701812744140625,44,-104.64016723632812,-2.378185510635376,44,1296
-83.56830596923828,-2.695751905441284,31,-97.08847045898438,-3.1318862438201904,31,-79.06218719482422,-2.5503931045532227,31,-83.49658203125,-2.6934380531311035,31,-94.19336700439453,-3.0384957790374756,31,-82.27134704589844,-2.653914451599121,31,1297
-20.212018966674805,-0.5944711565971375,34,-74.83592224121094,-2.201056480407715,34,-79.67688751220703,-2.343437910079956,34,-25.395259857177734,-1.4938387870788574,17,-72.76411437988281,-2.1401209831237793,34,-78.71749114990234,-2.315220355987549,34,1298
-67.04642486572266,-2.311945676803589,29,-87.622802734375,-3.0214760303497314,29,-97.22422790527344,-3.3525595664978027,29,-137.78726196289062,-2.599759578704834,53,-84.4318618774414,-2.9114434719085693,29,-90.0205307006836,-3.104156255722046,29,1299
-91.58357238769531,-2.1805613040924072,42,-87.53009033203125,-2.084049701690674,42,-120.60081481933594,-2.871448040008545,42,-40.906982421875,-1.573345422744751,26,-110.26422119140625,-2.625338554382324,42,-98.09260559082031,-2.335538148880005,42,1300
-80.37223815917969,-1.786049723625183,45,-233.57254028320312,-5.190500736236572,45,-266.7432861328125,-5.927628517150879,45,-288.37664794921875,-6.007846832275391,48,-228.52195739746094,-5.07826566696167,45,-262.2828369140625,-5.828507423400879,45,1301
-103.08087921142578,-3.5545129776000977,29,-85.40723419189453,-2.9450769424438477,29,-87.16791534423828,-3.0057902336120605,29,-90.94673919677734,-2.458019971847534,37,-89.82760620117188,-3.097503662109375,29,-85.42665100097656,-2.945746660232544,29,1302
-35.96461486816406,-0.9221696257591248,39,-70.0975341796875,-1.7973726987838745,39,-65.22505187988281,-1.6724371910095215,39,-59.96402359008789,-1.462537169456482,41,-77.85005187988281,-1.9961551427841187,39,-72.61380004882812,-1.8618923425674438,39,1303
-79.34270477294922,-2.2039639949798584,36,-116.91069793701172,-3.2475194931030273,36,-96.32935333251953,-2.6758153438568115,36,-109.75392150878906,-2.5524168014526367,43,-111.92153930664062,-3.108931541442871,36,-110.21681213378906,-3.0615780353546143,36,1304
-32.42759704589844,-0.9007666110992432,36,-83.97286987304688,-2.3325796127319336,36,-64.17901611328125,-1.7827504873275757,36,-55.994754791259766,-1.2726080417633057,44,-87.0162124633789,-2.417117118835449,36,-53.39989471435547,-1.4833303689956665,36,1305
-93.2928466796875,-2.59146785736084,36,-118.61805725097656,-3.2949459552764893,36,-120.87120056152344,-3.3575334548950195,36,-70.02753448486328,-2.500983476638794,28,-121.64346313476562,-3.3789851665496826,36,-118.26640319824219,-3.2851779460906982,36,1306
-61.685760498046875,-1.5421440601348877,40,-82.44358825683594,-2.0610897541046143,40,-83.88352966308594,-2.09708833694458,40,-78.99298858642578,-1.8370462656021118,43,-88.94955444335938,-2.2237389087677,40,-90.67234802246094,-2.2668087482452393,40,1307
-87.97926330566406,-2.0947444438934326,42,-113.33702087402344,-2.698500394821167,42,-107.80103302001953,-2.5666911602020264,42,-93.801513671875,-3.025855302810669,31,-128.22384643554688,-3.0529487133026123,42,-125.6839828491211,-2.992475748062134,42,1308
-115.90335845947266,-3.5122230052948,33,-110.06265258789062,-3.3352317810058594,33,-73.65562438964844,-2.2319886684417725,33,-63.387245178222656,-1.6680854558944702,38,-102.89680480957031,-3.1180849075317383,33,-64.73539733886719,-1.9616787433624268,33,1309
-104.49696350097656,-2.902693510055542,36,-91.87748718261719,-2.552152395248413,36,-98.17988586425781,-2.7272191047668457,36,-67.02310180664062,-2.1620354652404785,31,-92.02963256835938,-2.5563786029815674,36,-94.38760375976562,-2.621877908706665,36,1310
-106.68008422851562,-3.1376495361328125,34,-174.7776641845703,-5.140519618988037,34,-204.47650146484375,-6.014014720916748,34,-273.1834411621094,-5.812413692474365,47,-178.89349365234375,-5.261573314666748,34,-214.66473388671875,-6.313668727874756,34,1311
-88.26053619384766,-2.0525705814361572,43,-139.1125030517578,-3.2351744174957275,43,-132.62136840820312,-3.0842177867889404,43,-99.19507598876953,-3.3065025806427,30,-122.5039291381836,-2.848928689956665,43,-113.259765625,-2.6339480876922607,43,1312
-49.233367919921875,-1.641112208366394,30,-84.26168823242188,-2.808722972869873,30,-95.05728149414062,-3.1685760021209717,30,-87.91419982910156,-1.8315458297729492,48,-96.33602905273438,-3.2112009525299072,30,-90.81317138671875,-3.0271058082580566,30,1313
-65.28443908691406,-1.4507653713226318,45,-136.2557373046875,-3.027905225753784,45,-106.53643798828125,-2.367476463317871,45,-72.79708099365234,-2.1410906314849854,34,-120.95642852783203,-2.687920570373535,45,-114.53167724609375,-2.5451483726501465,45,1314
-39.66938781738281,-0.793387770652771,50,-72.7413558959961,-1.454827070236206,50,-54.90055847167969,-1.0980111360549927,50,-46.450538635253906,-0.9107948541641235,51,-91.89582824707031,-1.837916612625122,50,-70.34379577636719,-1.4068759679794312,50,1315
-98.40010070800781,-2.4600024223327637,40,-153.60464477539062,-3.840116024017334,40,-134.69522094726562,-3.3673806190490723,40,-84.52242279052734,-2.9145662784576416,29,-157.26358032226562,-3.9315896034240723,40,-141.47157287597656,-3.5367894172668457,40,1316
-89.37950134277344,-2.4827640056610107,36,-85.52802276611328,-2.3757784366607666,36,-63.94736862182617,-1.7763158082962036,36,-75.90066528320312,-1.8071587085723877,42,-98.10954284667969,-2.7252650260925293,36,-70.89744567871094,-1.9693734645843506,36,1317
-54.35365676879883,-1.7533438205718994,31,-72.07098388671875,-2.3248703479766846,31,-70.55116271972656,-2.275843858718872,31,-77.87509155273438,-1.8541688919067383,42,-71.1238021850586,-2.294316291809082,31,-70.06583404541016,-2.260188102722168,31,1318
-103.34999084472656,-3.3338706493377686,31,-114.53787231445312,-3.694770097732544,31,-118.9487075805664,-3.837054967880249,31,-87.1517562866211,-3.7892067432403564,23,-121.30548858642578,-3.9130802154541016,31,-117.04271697998047,-3.775571584701538,31,1319
-58.93855285644531,-1.3706640005111694,43,-109.93006896972656,-2.5565133094787598,43,-108.42755889892578,-2.521571159362793,43,-86.81874084472656,-2.17046856880188,40,-127.03962707519531,-2.9544098377227783,43,-123.07235717773438,-2.862147808074951,43,1320
-47.748409271240234,-1.0380089282989502,46,-104.50961303710938,-2.2719480991363525,46,-107.10135650634766,-2.3282904624938965,46,-36.650238037109375,-1.2216745615005493,30,-123.79093933105469,-2.6911072731018066,46,-120.40676879882812,-2.6175384521484375,46,1321
-111.73741149902344,-3.6044325828552246,31,-80.58049011230469,-2.5993707180023193,31,-82.17245483398438,-2.650724411010742,31,-69.25643157958984,-2.388152837753296,29,-91.25365447998047,-2.9436662197113037,31,-81.12979888916016,-2.6170902252197266,31,1322
-115.18692016601562,-3.5995912551879883,32,-134.86605834960938,-4.214564323425293,32,-127.85026550292969,-3.9953207969665527,32,-87.36111450195312,-1.8991546630859375,46,-126.1683578491211,-3.942761182785034,32,-128.4580078125,-4.014312744140625,32,1323
-81.13255310058594,-2.1350672245025635,38,-102.46287536621094,-2.6963913440704346,38,-109.81797790527344,-2.889946699142456,38,-63.4244270324707,-2.439401149749756,26,-110.03935241699219,-2.8957724571228027,38,-116.25774383544922,-3.0594143867492676,38,1324
-51.20716857910156,-1.8965617418289185,27,-64.42890930175781,-2.386255979537964,27,-63.66557693481445,-2.3579843044281006,27,-55.46112823486328,-1.6806402206420898,33,-58.93877410888672,-2.182917594909668,27,-70.73817443847656,-2.6199324131011963,27,1325
-71.8802261352539,-2.478628396987915,29,-56.04380798339844,-1.9325450658798218,29,-64.47538757324219,-2.2232892513275146,29,-64.8554458618164,-1.7067222595214844,38,-67.15168762207031,-2.315575361251831,29,-75.95433044433594,-2.619114875793457,29,1326
-84.7869873046875,-3.261038064956665,26,-89.70252990722656,-3.4500973224639893,26,-81.19390106201172,-3.122842311859131,26,-65.45214080810547,-1.983398199081421,33,-104.52719116210938,-4.0202765464782715,26,-84.22128295898438,-3.2392802238464355,26,1327
-94.1536865234375,-2.4777286052703857,38,-111.58413696289062,-2.936424732208252,38,-107.0672378540039,-2.817559003829956,38,-109.93502044677734,-2.748375415802002,40,-145.64007568359375,-3.8326334953308105,38,-147.8751220703125,-3.8914506435394287,38,1328
-57.689727783203125,-1.8609589338302612,31,-83.82884216308594,-2.7041561603546143,31,-104.15644836425781,-3.3598854541778564,31,-143.60772705078125,-3.6822493076324463,39,-94.17997741699219,-3.0380637645721436,31,-109.16780090332031,-3.5215420722961426,31,1329
-89.82719421386719,-2.3032612800598145,39,-138.1351318359375,-3.541926383972168,39,-136.15440368652344,-3.491138458251953,39,-124.6891098022461,-4.795734882354736,26,-141.41006469726562,-3.625899076461792,39,-140.67298889160156,-3.606999635696411,39,1330
-74.33163452148438,-2.008963108062744,37,-103.68052673339844,-2.8021764755249023,37,-76.41425323486328,-2.0652501583099365,37,-79.7836685180664,-2.156315326690674,37,-142.69305419921875,-3.8565690517425537,37,-112.33732604980469,-3.0361440181732178,37,1331
-87.54414367675781,-2.30379319190979,38,-132.4681396484375,-3.4860036373138428,38,-141.21240234375,-3.716115951538086,38,-68.26695251464844,-3.250807285308838,21,-126.180419921875,-3.3205373287200928,38,-127.40534973144531,-3.3527724742889404,38,1332
-104.74789428710938,-2.831024169921875,37,-121.08721160888672,-3.272627353668213,37,-88.22881317138672,-2.3845624923706055,37,-117.62522888183594,-2.557070255279541,46,-125.70246887207031,-3.3973641395568848,37,-94.54216766357422,-2.5551936626434326,37,1333
-43.35106658935547,-0.9424144625663757,46,-121.30226135253906,-2.637005567550659,46,-128.49456787109375,-2.7933602333068848,46,-105.63917541503906,-2.9344215393066406,36,-113.32657623291016,-2.463621139526367,46,-103.51603698730469,-2.2503485679626465,46,1334
-97.30408477783203,-2.560633897781372,38,-139.4588623046875,-3.6699700355529785,38,-108.88148498535156,-2.865302324295044,38,-15.051137924194336,-0.8853610754013062,17,-143.73602294921875,-3.782526969909668,38,-130.0784912109375,-3.4231181144714355,38,1335
-33.64659118652344,-0.8854365944862366,38,-119.00253295898438,-3.131645679473877,38,-100.23240661621094,-2.637694835662842,38,-64.7004623413086,-2.4884793758392334,26,-132.74288940429688,-3.4932339191436768,38,-129.47134399414062,-3.4071407318115234,38,1336
-116.21192932128906,-2.3716719150543213,49,-153.0125732421875,-3.1227054595947266,49,-175.05105590820312,-3.5724704265594482,49,-152.84898376464844,-3.3228039741516113,46,-150.87228393554688,-3.079026222229004,49,-179.541015625,-3.66410231590271,49,1337
-96.60578918457031,-2.6834940910339355,36,-124.6714096069336,-3.463094711303711,36,-101.61936950683594,-2.8227603435516357,36,-88.7484359741211,-2.773388624191284,32,-140.6672821044922,-3.9074244499206543,36,-128.5452880859375,-3.57070255279541,36,1338
-109.73867797851562,-3.0482966899871826,36,-107.37383270263672,-2.9826064109802246,36,-87.49333953857422,-2.430370569229126,36,-58.71574401855469,-1.834867000579834,32,-109.51981353759766,-3.0422170162200928,36,-99.76460266113281,-2.7712390422821045,36,1339
-66.06076049804688,-2.3593127727508545,28,-86.7889633178711,-3.0996057987213135,28,-77.08574676513672,-2.7530624866485596,28,-68.21781921386719,-2.728712797164917,25,-95.98310852050781,-3.4279682636260986,28,-96.90251922607422,-3.4608042240142822,28,1340
-54.82162094116211,-1.245945930480957,44,-138.3891143798828,-3.145207166671753,44,-104.8701171875,-2.3834116458892822,44,-79.20184326171875,-2.4000558853149414,33,-157.46128845214844,-3.5786657333374023,44,-142.2484893798828,-3.2329201698303223,44,1341
-98.75113677978516,-2.408564329147339,41,-110.17001342773438,-2.6870734691619873,41,-108.77455139160156,-2.6530377864837646,41,-104.48947143554688,-2.321988344192505,45,-140.90321350097656,-3.4366636276245117,41,-128.3118133544922,-3.12955641746521,41,1342
-88.43917846679688,-1.9225908517837524,46,-115.13575744628906,-2.502951145172119,46,-112.98042297363281,-2.4560961723327637,46,-37.544227600097656,-1.1732571125030518,32,-129.19883728027344,-2.8086702823638916,46,-134.32876586914062,-2.9201905727386475,46,1343
-73.36088562011719,-1.9305496215820312,38,-62.18736267089844,-1.6365095376968384,38,-71.45116424560547,-1.880293846130371,38,-71.92839050292969,-1.8928524255752563,38,-74.55029296875,-1.9618498086929321,38,-77.53809356689453,-2.040476083755493,38,1344
-135.782958984375,-3.0859763622283936,44,-142.910888671875,-3.2479746341705322,44,-135.13882446289062,-3.0713369846343994,44,-99.19224548339844,-2.917418956756592,34,-127.71401977539062,-2.9025914669036865,44,-128.14187622070312,-2.9123153686523438,44,1345
-62.567108154296875,-1.8959729671478271,33,-128.98611450195312,-3.90867018699646,33,-91.68814849853516,-2.778428792953491,33,-74.62467956542969,-2.40724778175354,31,-115.16848754882812,-3.4899542331695557,33,-84.7254638671875,-2.5674383640289307,33,1346
-96.52107238769531,-1.9698177576065063,49,-112.22016906738281,-2.290207624435425,49,-116.65533447265625,-2.380721092224121,49,-100.48188781738281,-2.392426013946533,42,-114.55303955078125,-2.3378171920776367,49,-123.89679718017578,-2.52850604057312,49,1347
-81.24563598632812,-2.389577627182007,34,-91.75104522705078,-2.6985602378845215,34,-80.48332214355469,-2.367156505584717,34,-71.95152282714844,-2.569697141647339,28,-94.52752685546875,-2.780221462249756,34,-84.8770980834961,-2.496385335922241,34,1348
-60.362571716308594,-1.8863303661346436,32,-81.0029296875,-2.531341552734375,32,-65.45967102050781,-2.045614719390869,32,-71.19552612304688,-1.9776535034179688,36,-74.09465026855469,-2.315457820892334,32,-70.14064025878906,-2.191895008087158,32,1349
-78.45182037353516,-2.705235242843628,29,-106.6524658203125,-3.677671194076538,29,-70.35906982421875,-2.4261748790740967,29,-86.91510772705078,-2.5563266277313232,34,-97.76510620117188,-3.3712105751037598,29,-74.44818878173828,-2.567178964614868,29,1350
-105.40977478027344,-2.7739415168762207,38,-110.64028930664062,-2.9115865230560303,38,-99.78805541992188,-2.6260013580322266,38,-122.8133544921875,-2.8561246395111084,43,-103.98417663574219,-2.7364256381988525,38,-102.7994155883789,-2.7052478790283203,38,1351
-69.03363037109375,-1.500731110572815,46,-129.08474731445312,-2.806190252304077,46,-116.97409057617188,-2.542915105819702,46,-109.22881317138672,-2.6641173362731934,41,-142.26332092285156,-3.0926809310913086,46,-130.2124481201172,-2.830705404281616,46,1352
-70.49677276611328,-1.5325385332107544,46,-112.13523864746094,-2.437722682952881,46,-123.02184295654297,-2.6743879318237305,46,-123.8957748413086,-3.021848201751709,41,-114.72685241699219,-2.4940619468688965,46,-129.1744384765625,-2.8081400394439697,46,1353
-66.86070251464844,-2.2286901473999023,30,-96.18048095703125,-3.2060160636901855,30,-79.46422576904297,-2.6488075256347656,30,-97.14344024658203,-2.4908573627471924,39,-118.76016998291016,-3.958672285079956,30,-93.07827758789062,-3.102609157562256,30,1354
-56.56040573120117,-1.9503588676452637,29,-99.9686279296875,-3.4471940994262695,29,-74.59619140625,-2.572282552719116,29,-73.0352783203125,-2.2823524475097656,32,-94.46678161621094,-3.2574751377105713,29,-77.9658203125,-2.6884765625,29,1355
-155.2774200439453,-3.4506094455718994,45,-161.08843994140625,-3.5797431468963623,45,-113.92131042480469,-2.5315847396850586,45,-95.52415466308594,-2.2743847370147705,42,-141.3343505859375,-3.140763282775879,45,-116.1876220703125,-2.581947088241577,45,1356
-115.425537109375,-4.275020122528076,27,-110.86056518554688,-4.105947017669678,27,-86.15213012695312,-3.19081974029541,27,-87.35694885253906,-2.7299046516418457,32,-112.53732299804688,-4.168048858642578,27,-80.82838439941406,-2.9936437606811523,27,1357
-114.97340393066406,-3.832446813583374,30,-135.08140563964844,-4.502713680267334,30,-121.73516845703125,-4.0578389167785645,30,-128.83590698242188,-3.7892913818359375,34,-140.22454833984375,-4.674151420593262,30,-134.1282958984375,-4.470942974090576,30,1358
-78.2900390625,-1.957250952720642,40,-114.79369354248047,-2.869842290878296,40,-119.8096694946289,-2.995241641998291,40,-94.36849975585938,-2.9490156173706055,32,-105.4652328491211,-2.6366307735443115,40,-114.72984313964844,-2.868246078491211,40,1359
-97.19452667236328,-2.314155340194702,42,-124.65933227539062,-2.9680793285369873,42,-135.003662109375,-3.2143728733062744,42,-79.38606262207031,-2.6462020874023438,30,-131.21438598632812,-3.1241519451141357,42,-121.39215087890625,-2.890289306640625,42,1360
-82.6074447631836,-1.720988392829895,48,-126.87068176269531,-2.643139123916626,48,-126.94548797607422,-2.644697666168213,48,-111.03797149658203,-2.5822784900665283,43,-134.53378295898438,-2.8027870655059814,48,-120.64436340332031,-2.5134241580963135,48,1361
-83.25666809082031,-2.134786367416382,39,-99.65109252929688,-2.5551562309265137,39,-72.574462890625,-1.8608837127685547,39,-56.36634063720703,-1.6104668378829956,35,-90.95494079589844,-2.3321778774261475,39,-74.50602722167969,-1.91041100025177,39,1362
-75.39297485351562,-2.1540849208831787,35,-72.44852447509766,-2.069957733154297,35,-92.97184753417969,-2.6563384532928467,35,-90.2359619140625,-2.3746306896209717,38,-79.30342102050781,-2.2658119201660156,35,-88.21299743652344,-2.520371437072754,35,1363
-131.1155548095703,-2.8503382205963135,46,-155.9681396484375,-3.3906116485595703,46,-152.1046905517578,-3.306623697280884,46,-60.22377014160156,-2.2305099964141846,27,-162.46963500976562,-3.5319485664367676,46,-148.4920654296875,-3.22808837890625,46,1364
-129.05117797851562,-3.0726470947265625,42,-57.69805145263672,-1.373763084411621,42,-42.52971267700195,-1.012612223625183,42,-63.755882263183594,-1.2501153945922852,51,-68.70057678222656,-1.6357280015945435,42,-52.29771041870117,-1.2451835870742798,42,1365
-64.10783386230469,-1.687048316001892,38,-66.63548278808594,-1.7535653114318848,38,-74.60733795166016,-1.9633510112762451,38,-57.315155029296875,-1.6375758647918701,35,-72.19287872314453,-1.8998125791549683,38,-79.384765625,-2.0890727043151855,38,1366
-77.70932006835938,-2.354827880859375,33,-103.45622253417969,-3.1350369453430176,33,-95.9189453125,-2.90663480758667,33,-78.3331069946289,-2.7976109981536865,28,-97.88957214355469,-2.966350555419922,33,-93.52937316894531,-2.834223508834839,33,1367
-89.62017822265625,-1.9915595054626465,45,-138.82498168945312,-3.0849995613098145,45,-140.32232666015625,-3.118273973464966,45,-70.29762268066406,-2.196800708770752,32,-137.00392150878906,-3.0445315837860107,45,-137.28433227539062,-3.050762891769409,45,1368
-73.23363494873047,-2.5252976417541504,29,-112.697021484375,-3.886104106903076,29,-104.07584381103516,-3.58882212638855,29,-106.40788269042969,-2.8758888244628906,37,-105.46858978271484,-3.636847972869873,29,-90.84080505371094,-3.132441520690918,29,1369
-64.01396942138672,-1.7781658172607422,36,-89.9779052734375,-2.4993863105773926,36,-94.15579986572266,-2.615438938140869,36,-93.49203491210938,-2.1742334365844727,43,-79.90992736816406,-2.2197201251983643,36,-73.05138397216797,-2.029205083847046,36,1370
-77.033447265625,-2.139817953109741,36,-98.30883026123047,-2.7308008670806885,36,-99.86559295654297,-2.7740442752838135,36,-60.45789337158203,-1.9502546787261963,31,-100.8232192993164,-2.800644874572754,36,-110.46853637695312,-3.068570375442505,36,1371
-86.80778503417969,-1.8871257305145264,46,-98.21353149414062,-2.1350767612457275,46,-81.56619262695312,-1.7731781005859375,46,-69.9061279296875,-1.7924648523330688,39,-94.31754302978516,-2.0503814220428467,46,-83.92456817626953,-1.8244471549987793,46,1372
-72.62541198730469,-2.504324436187744,29,-101.8449935913086,-3.5118963718414307,29,-95.5641098022461,-3.295314073562622,29,-98.10531616210938,-3.6335301399230957,27,-99.58997344970703,-3.4341371059417725,29,-94.61189270019531,-3.262479066848755,29,1373
-93.64744567871094,-1.6429376602172852,57,-136.17550659179688,-2.3890440464019775,57,-117.5597915649414,-2.062452554702759,57,-51.09159851074219,-1.3100409507751465,39,-129.85821533203125,-2.2782142162323,57,-132.759033203125,-2.329105854034424,57,1374
-104.53501892089844,-3.8716673851013184,27,-83.06329345703125,-3.076418161392212,27,-54.447017669677734,-2.0165562629699707,27,-58.07820129394531,-2.07422137260437,28,-107.21633911132812,-3.970975637435913,27,-63.37264633178711,-2.347135066986084,27,1375
-78.61875915527344,-2.9118058681488037,27,-91.87474060058594,-3.402768135070801,27,-100.29597473144531,-3.714665651321411,27,-50.42502975463867,-2.192392587661743,23,-86.71186065673828,-3.21155047416687,27,-77.91806030273438,-2.8858540058135986,27,1376
-107.975341796875,-2.249486207962036,48,-146.5852813720703,-3.0538599491119385,48,-135.0329132080078,-2.813185691833496,48,-102.31950378417969,-3.789611339569092,27,-140.59054565429688,-2.928969621658325,48,-128.83432006835938,-2.6840484142303467,48,1377
-75.29718780517578,-2.428941488265991,31,-109.05841064453125,-3.5180132389068604,31,-98.11399841308594,-3.1649677753448486,31,-124.5386962890625,-2.767526626586914,45,-90.8724365234375,-2.931368827819824,31,-81.65461730957031,-2.6340198516845703,31,1378
-89.34799194335938,-2.0306360721588135,44,-119.09719848632812,-2.706754446029663,44,-125.18106079101562,-2.8450241088867188,44,-116.9622802734375,-2.999032735824585,39,-135.02227783203125,-3.068688154220581,44,-137.27008056640625,-3.119774580001831,44,1379
-64.03108215332031,-2.207968235015869,29,-82.36983489990234,-2.840339183807373,29,-63.44119644165039,-2.1876275539398193,29,-50.338417053222656,-1.480541706085205,34,-80.05413055419922,-2.7604873180389404,29,-64.2635498046875,-2.215984582901001,29,1380
-90.36783599853516,-3.012261152267456,30,-117.78077697753906,-3.926025867462158,30,-113.20673370361328,-3.7735579013824463,30,-54.895660400390625,-3.0497589111328125,18,-119.91285705566406,-3.9970953464508057,30,-116.72752380371094,-3.8909175395965576,30,1381
-64.0761489868164,-2.0023796558380127,32,-69.01348876953125,-2.1566715240478516,32,-69.49786376953125,-2.1718082427978516,32,-54.884315490722656,-1.9601541757583618,28,-85.12489318847656,-2.6601529121398926,32,-76.36146545410156,-2.386295795440674,32,1382
-117.57540893554688,-2.5559871196746826,46,-183.30511474609375,-3.984893798828125,46,-172.19973754882812,-3.7434725761413574,46,-74.20603942871094,-2.558828830718994,29,-170.20590209960938,-3.7001283168792725,46,-143.17779541015625,-3.112560749053955,46,1383
-75.57234954833984,-1.937752604484558,39,-106.24947357177734,-2.7243454456329346,39,-77.44501495361328,-1.9857696294784546,39,-81.37135314941406,-2.086444854736328,39,-109.42005920410156,-2.805642604827881,39,-86.05815124511719,-2.2066192626953125,39,1384
-154.6031494140625,-3.0314342975616455,51,-161.07730102539062,-3.1583783626556396,51,-141.1403045654297,-2.7674570083618164,51,-55.572757720947266,-1.916301965713501,29,-174.30638122558594,-3.4177722930908203,51,-154.63540649414062,-3.032066822052002,51,1385
-131.82493591308594,-2.996021270751953,44,-159.88172912597656,-3.6336755752563477,44,-129.1363067626953,-2.9349160194396973,44,-51.83309555053711,-1.4809455871582031,35,-153.92056274414062,-3.498194694519043,44,-111.72696685791016,-2.5392491817474365,44,1386
-55.25171661376953,-1.6250505447387695,34,-91.9286880493164,-2.703784942626953,34,-87.95449829101562,-2.5868968963623047,34,-86.31037139892578,-2.3327126502990723,37,-86.0362548828125,-2.530478000640869,34,-95.88067626953125,-2.8200199604034424,34,1387
-123.58366394042969,-3.168811798095703,39,-109.75035095214844,-2.8141114711761475,39,-90.50993347167969,-2.320767641067505,39,-69.05697631835938,-1.973056435585022,35,-111.44972229003906,-2.857685089111328,39,-92.55732727050781,-2.373264789581299,39,1388
-118.18836212158203,-3.030470848083496,39,-134.66250610351562,-3.4528846740722656,39,-179.47923278808594,-4.602031707763672,39,-117.84226989746094,-4.532394886016846,26,-156.3527374267578,-4.009044647216797,39,-201.5321044921875,-5.167490005493164,39,1389
-91.40090942382812,-2.856278419494629,32,-125.91492462158203,-3.9348413944244385,32,-109.00315856933594,-3.406348705291748,32,-118.15855407714844,-2.6257455348968506,45,-134.3473358154297,-4.198354244232178,32,-115.17508697509766,-3.5992214679718018,32,1390
-117.71754455566406,-3.1815552711486816,37,-163.14028930664062,-4.409196853637695,37,-163.13861083984375,-4.409151554107666,37,-179.13101196289062,-4.369049072265625,41,-156.97665405273438,-4.242612361907959,37,-155.67172241210938,-4.207344055175781,37,1391
-16.615781784057617,-0.4615494906902313,36,-121.34300231933594,-3.370638847351074,36,-118.43883514404297,-3.2899675369262695,36,-77.80641174316406,-2.992554187774658,26,-127.76171875,-3.548936605453491,36,-124.68609619140625,-3.4635026454925537,36,1392
-65.05091094970703,-1.6262727975845337,40,-128.74440002441406,-3.2186100482940674,40,-119.1792984008789,-2.979482412338257,40,-113.51585388183594,-3.067996025085449,37,-145.04502868652344,-3.6261258125305176,40,-144.32064819335938,-3.6080162525177,40,1393
-58.72872543334961,-1.5872628688812256,37,-108.42633056640625,-2.930441379547119,37,-102.78839874267578,-2.778064727783203,37,-100.61868286132812,-1.9729152917861938,51,-118.29872131347656,-3.197262763977051,37,-114.89389038085938,-3.1052403450012207,37,1394
-62.32774353027344,-1.7313262224197388,36,-117.06027221679688,-3.251674175262451,36,-76.58353424072266,-2.1273202896118164,36,-64.02421569824219,-1.8830652236938477,34,-140.5435333251953,-3.903986930847168,36,-123.50279235839844,-3.430633068084717,36,1395
-97.40472412109375,-2.782992124557495,35,-74.72293090820312,-2.1349408626556396,35,-88.359130859375,-2.5245466232299805,35,-74.61807250976562,-2.331814765930176,32,-102.40365600585938,-2.925818681716919,35,-117.1054916381836,-3.3458712100982666,35,1396
-89.414794921875,-2.6298468112945557,34,-108.76795959472656,-3.1990575790405273,34,-75.18948364257812,-2.2114553451538086,34,-70.20718383789062,-1.560159683227539,45,-132.44744873046875,-3.8955132961273193,34,-105.23811340332031,-3.09523868560791,34,1397
-85.65901184082031,-2.5193827152252197,34,-94.1768798828125,-2.7699081897735596,34,-77.11430358886719,-2.2680678367614746,34,-64.66175842285156,-2.0206799507141113,32,-105.81695556640625,-3.1122634410858154,34,-96.9881820678711,-2.8525936603546143,34,1398
-86.27872467041016,-2.331857442855835,37,-82.36243438720703,-2.2260117530822754,37,-83.5048828125,-2.2568886280059814,37,-61.447547912597656,-1.4630368947982788,42,-96.23164367675781,-2.6008553504943848,37,-101.33761596679688,-2.73885440826416,37,1399
-82.72034454345703,-2.363438367843628,35,-101.57269287109375,-2.9020769596099854,35,-78.47584533691406,-2.2421669960021973,35,-71.22723388671875,-2.2976527214050293,31,-148.42147827148438,-4.2406134605407715,35,-132.41978454589844,-3.7834224700927734,35,1400
-31.502857208251953,-1.0500952005386353,30,-74.08445739746094,-2.469481945037842,30,-53.64909744262695,-1.788303256034851,30,-43.220767974853516,-1.3942183256149292,31,-88.51356506347656,-2.9504520893096924,30,-69.14344024658203,-2.304781436920166,30,1401
-169.8101348876953,-3.14463210105896,54,-139.61544799804688,-2.5854711532592773,54,-126.52261352539062,-2.3430113792419434,54,-26.627784729003906,-0.8875928521156311,30,-151.91650390625,-2.8132686614990234,54,-120.11508178710938,-2.224353313446045,54,1402
-80.46173095703125,-2.0115432739257812,40,-188.89193725585938,-4.722298622131348,40,-241.1269073486328,-6.028172492980957,40,-274.04547119140625,-6.08989953994751,45,-181.77264404296875,-4.544316291809082,40,-244.25930786132812,-6.10648250579834,40,1403
-74.11690521240234,-1.6112370491027832,46,-111.75975036621094,-2.4295597076416016,46,-120.39439392089844,-2.617269515991211,46,-97.94081115722656,-2.2259275913238525,44,-137.46237182617188,-2.9883124828338623,46,-141.03640747070312,-3.0660088062286377,46,1404
-105.81500244140625,-2.8598649501800537,37,-110.86397552490234,-2.996323585510254,37,-112.67500305175781,-3.0452704429626465,37,-61.474220275878906,-2.7942826747894287,22,-117.65060424804688,-3.179746150970459,37,-116.29824829101562,-3.143195867538452,37,1405
-98.69896697998047,-2.145629644393921,46,-119.33483123779297,-2.594235420227051,46,-105.74195861816406,-2.2987382411956787,46,-98.15269470214844,-2.133754253387451,46,-151.81460571289062,-3.3003175258636475,46,-141.58724975585938,-3.0779836177825928,46,1406
-93.39823150634766,-2.830249547958374,33,-100.40654754638672,-3.0426225662231445,33,-89.4933090209961,-2.711918354034424,33,-70.08163452148438,-2.336054563522339,30,-99.86164093017578,-3.0261104106903076,33,-93.35307312011719,-2.828881025314331,33,1407
-98.94908142089844,-2.248842716217041,44,-123.22904968261719,-2.8006601333618164,44,-111.49274444580078,-2.533926010131836,44,-103.72090148925781,-2.593022584915161,40,-121.76225280761719,-2.7673239707946777,44,-120.7834701538086,-2.7450788021087646,44,1408
-159.20346069335938,-3.9800865650177,40,-115.41896057128906,-2.8854739665985107,40,-121.0242919921875,-3.0256073474884033,40,-63.3804931640625,-2.2635891437530518,28,-139.747314453125,-3.493682861328125,40,-127.23192596435547,-3.180798053741455,40,1409
-66.8638687133789,-2.089495897293091,32,-127.85975646972656,-3.995617389678955,32,-136.36932373046875,-4.261541366577148,32,-168.4844207763672,-3.6627047061920166,46,-124.58058166503906,-3.8931431770324707,32,-129.2646484375,-4.039520263671875,32,1410
-104.61967468261719,-2.682555675506592,39,-111.09959411621094,-2.848707437515259,39,-99.15208435058594,-2.54236102104187,39,-96.67446899414062,-2.544064998626709,38,-109.91635131835938,-2.8183679580688477,39,-104.44829559326172,-2.678161382675171,39,1411
-64.94090270996094,-1.9100265502929688,34,-211.49798583984375,-6.220529079437256,34,-235.53933715820312,-6.9276275634765625,34,-295.6314392089844,-6.290030479431152,47,-217.33038330078125,-6.392070293426514,34,-222.3872833251953,-6.540802478790283,34,1412
-50.27228546142578,-1.933549404144287,26,-91.18325805664062,-3.5070483684539795,26,-96.70211791992188,-3.7193121910095215,26,-104.83035278320312,-2.9951529502868652,35,-95.26704406738281,-3.6641170978546143,26,-105.462158203125,-4.056236743927002,26,1413
-121.55506134033203,-2.9647576808929443,41,-126.91090393066406,-3.0953879356384277,41,-46.14473342895508,-1.1254812479019165,41,-40.30265808105469,-1.0075664520263672,40,-121.62774658203125,-2.9665303230285645,41,-61.08454132080078,-1.489866852760315,41,1414
-98.18598175048828,-2.653675079345703,37,-76.90267944335938,-2.0784506797790527,37,-91.52050018310547,-2.473526954650879,37,-74.20977020263672,-1.9528887271881104,38,-86.49392700195312,-2.3376736640930176,37,-72.06072998046875,-1.947587251663208,37,1415
-81.33724975585938,-1.9838353395462036,41,-108.60234069824219,-2.6488375663757324,41,-113.87020874023438,-2.7773220539093018,41,-92.46170806884766,-2.4332027435302734,38,-114.84723663330078,-2.801152229309082,41,-107.68750762939453,-2.6265246868133545,41,1416
-41.05048370361328,-0.9122329950332642,45,-98.35130310058594,-2.185584545135498,45,-83.89236450195312,-1.8642747402191162,45,-59.34386444091797,-1.447411298751831,41,-107.42484283447266,-2.387218713760376,45,-99.4329833984375,-2.2096219062805176,45,1417
-81.75191497802734,-2.335768938064575,35,-74.22875213623047,-2.120821475982666,35,-95.53170013427734,-2.7294771671295166,35,-109.72383117675781,-2.6124720573425293,42,-87.17830657958984,-2.4908087253570557,35,-103.19451904296875,-2.9484148025512695,35,1418
-89.71273803710938,-1.8690153360366821,48,-138.63619995117188,-2.888254165649414,48,-128.8034210205078,-2.6834046840667725,48,-121.1265869140625,-2.471971273422241,49,-135.77407836914062,-2.8286266326904297,48,-130.5694580078125,-2.7201969623565674,48,1419
-85.81694030761719,-3.0648906230926514,28,-104.95289611816406,-3.7483177185058594,28,-94.92005157470703,-3.3900017738342285,28,-104.15069580078125,-3.1560816764831543,33,-92.71597290039062,-3.3112847805023193,28,-100.38105010986328,-3.5850374698638916,28,1420
-314.73468017578125,-6.842058181762695,46,-220.7976531982422,-4.7999491691589355,46,-133.6455078125,-2.90533709526062,46,-68.06856536865234,-2.002016544342041,34,-222.80142211914062,-4.843509197235107,46,-139.1354522705078,-3.024683713912964,46,1421
-101.045654296875,-2.730963706970215,37,-130.78639221191406,-3.5347673892974854,37,-157.81829833984375,-4.265359401702881,37,-125.717529296875,-3.9286727905273438,32,-143.9214324951172,-3.889768362045288,37,-161.90676879882812,-4.375858783721924,37,1422
-104.55531311035156,-2.431518793106079,43,-156.89251708984375,-3.648663282394409,43,-164.84085083007812,-3.833508253097534,43,-88.86128234863281,-3.417741537094116,26,-158.71348571777344,-3.6910111904144287,43,-156.4425048828125,-3.638197898864746,43,1423
-102.60987854003906,-3.3099961280822754,31,-97.99668884277344,-3.1611835956573486,31,-88.78738403320312,-2.8641092777252197,31,-114.24793243408203,-2.596544027328491,44,-89.90144348144531,-2.9000465869903564,31,-99.66775512695312,-3.2150888442993164,31,1424
-73.113037109375,-2.2155466079711914,33,-71.23471069335938,-2.158627510070801,33,-89.19609069824219,-2.702911853790283,33,-79.76318359375,-2.6587727069854736,30,-72.17424011230469,-2.187098264694214,33,-97.8475341796875,-2.9650766849517822,33,1425
-44.014522552490234,-1.6301674842834473,27,-57.7318000793457,-2.1382148265838623,27,-68.32270812988281,-2.530470609664917,27,-77.97491455078125,-2.999035120010376,26,-56.54497528076172,-2.0942583084106445,27,-70.02287292480469,-2.593439817428589,27,1426
-60.81966781616211,-1.7888137102127075,34,-51.925315856933594,-1.5272151231765747,34,-62.06793212890625,-1.8255274295806885,34,-78.67442321777344,-2.126335859298706,37,-62.96634292602539,-1.851951241493225,34,-73.39752960205078,-2.1587507724761963,34,1427
-29.89370346069336,-0.9341782331466675,32,-92.39675903320312,-2.8873987197875977,32,-85.50645446777344,-2.67207670211792,32,-65.11262512207031,-1.3853750228881836,47,-91.17205810546875,-2.8491268157958984,32,-76.45474243164062,-2.3892107009887695,32,1428
-109.59750366210938,-2.810192346572876,39,-92.5823974609375,-2.3739075660705566,39,-85.42729949951172,-2.190443515777588,39,-73.63154602050781,-1.990041732788086,37,-94.11763763427734,-2.4132728576660156,39,-86.35025787353516,-2.214109182357788,39,1429
-75.91030883789062,-2.4487197399139404,31,-96.5093002319336,-3.113203287124634,31,-87.29922485351562,-2.816103935241699,31,-96.45392608642578,-3.0141851902008057,32,-102.28199768066406,-3.2994191646575928,31,-96.05960083007812,-3.098696708679199,31,1430
-76.78300476074219,-2.0206053256988525,38,-115.6192626953125,-3.042612075805664,38,-117.90025329589844,-3.1026382446289062,38,-90.20428466796875,-2.7334632873535156,33,-99.94786071777344,-2.630206823348999,38,-100.24710083007812,-2.6380815505981445,38,1431
-72.18598937988281,-1.8046497106552124,40,-100.77345275878906,-2.519336223602295,40,-93.53244018554688,-2.338310956954956,40,-83.62981414794922,-1.9006775617599487,44,-128.46859741210938,-3.21171498298645,40,-119.01589965820312,-2.9753975868225098,40,1432
-58.43400573730469,-1.6695430278778076,35,-75.9655990600586,-2.170445680618286,35,-76.50933837890625,-2.185981035232544,35,-77.18438720703125,-1.9296096563339233,40,-91.88084411621094,-2.625166893005371,35,-98.05518341064453,-2.801576614379883,35,1433
-64.07246398925781,-2.288302183151245,28,-135.13124084472656,-4.826115608215332,28,-125.83036804199219,-4.493941783905029,28,-125.02899169921875,-4.465321063995361,28,-132.44805908203125,-4.730288028717041,28,-134.22763061523438,-4.793843746185303,28,1434
-71.46971893310547,-2.464473009109497,29,-89.77842712402344,-3.0958077907562256,29,-86.0694580078125,-2.967912435531616,29,-80.36418914794922,-2.4352784156799316,33,-98.74844360351562,-3.405118703842163,29,-79.33969116210938,-2.735851526260376,29,1435
-89.9177017211914,-2.430208206176758,37,-131.8637237548828,-3.5638844966888428,37,-115.79109191894531,-3.129488945007324,37,-120.31688690185547,-3.7599027156829834,32,-130.06463623046875,-3.5152604579925537,37,-118.80079650878906,-3.210832357406616,37,1436
-38.25615692138672,-0.8694581389427185,44,-69.39219665527344,-1.57709538936615,44,-69.24496459960938,-1.5737491846084595,44,-13.823519706726074,-0.4936971366405487,28,-84.3958511352539,-1.9180874824523926,44,-76.68182373046875,-1.7427687644958496,44,1437
-93.55785369873047,-1.9905925989151,47,-182.398681640625,-3.8808228969573975,47,-175.69692993164062,-3.7382326126098633,47,-151.99244689941406,-3.897242307662964,39,-185.26995849609375,-3.9419140815734863,47,-182.67320251464844,-3.8866639137268066,47,1438
-88.81806182861328,-2.27738618850708,39,-118.53590393066406,-3.039382219314575,39,-133.59532165527344,-3.4255211353302,39,-119.98033905029297,-3.635767936706543,33,-118.90847778320312,-3.0489354133605957,39,-145.36636352539062,-3.7273426055908203,39,1439
-82.92286682128906,-2.5128140449523926,33,-127.18891906738281,-3.8542096614837646,33,-131.16970825195312,-3.974839687347412,33,-115.89059448242188,-3.8630197048187256,30,-137.96810913085938,-4.180851936340332,33,-135.9034423828125,-4.1182861328125,33,1440
-37.08747482299805,-1.002364158630371,37,-87.15168762207031,-2.3554511070251465,37,-100.22588348388672,-2.7088077068328857,37,-62.85845184326172,-1.904801607131958,33,-86.44317626953125,-2.3363020420074463,37,-96.73141479492188,-2.6143624782562256,37,1441
-82.89666748046875,-3.070246934890747,27,-85.43363189697266,-3.1642086505889893,27,-91.43093872070312,-3.386331081390381,27,-133.1597900390625,-3.414353609085083,39,-68.4129409790039,-2.5338125228881836,27,-80.78321075439453,-2.9919707775115967,27,1442
-98.95511627197266,-2.748753309249878,36,-92.65423583984375,-2.5737287998199463,36,-74.15983581542969,-2.059995412826538,36,-79.02056884765625,-2.1356911659240723,37,-92.95955657958984,-2.582209825515747,36,-93.35877990722656,-2.593299388885498,36,1443
-60.90689468383789,-1.522672414779663,40,-119.65739440917969,-2.9914348125457764,40,-108.97158813476562,-2.724289655685425,40,-76.10649108886719,-2.2384262084960938,34,-126.0747299194336,-3.1518683433532715,40,-108.1841049194336,-2.7046027183532715,40,1444
-136.5560760498047,-3.175722599029541,43,-127.95686340332031,-2.975740909576416,43,-118.30064392089844,-2.7511777877807617,43,-58.103607177734375,-1.8157377243041992,32,-127.99154663085938,-2.9765474796295166,43,-119.72400665283203,-2.7842791080474854,43,1445
-37.630611419677734,-1.3439503908157349,28,-78.93766784667969,-2.819202423095703,28,-57.13357162475586,-2.040484666824341,28,-44.48268127441406,-1.1405816078186035,39,-71.38304901123047,-2.5493946075439453,28,-64.49938201904297,-2.303549289703369,28,1446
-49.581546783447266,-1.652718186378479,30,-63.887516021728516,-2.1295838356018066,30,-62.401641845703125,-2.080054759979248,30,-55.704132080078125,-1.856804370880127,30,-78.85955810546875,-2.6286518573760986,30,-63.05171203613281,-2.1017236709594727,30,1447
-104.72123718261719,-4.027740001678467,26,-84.28997802734375,-3.24192214012146,26,-84.1065444946289,-3.2348670959472656,26,-79.39178466796875,-2.646392822265625,30,-83.45612335205078,-3.209850788116455,26,-86.89969635009766,-3.3422961235046387,26,1448
-69.06953430175781,-1.9734152555465698,35,-90.05179595947266,-2.572908401489258,35,-94.41546630859375,-2.697584867477417,35,-92.35084533691406,-2.9790594577789307,31,-103.7772445678711,-2.96506404876709,35,-113.852294921875,-3.252922773361206,35,1449
-72.12373352050781,-2.253866672515869,32,-93.50943756103516,-2.9221699237823486,32,-88.75086975097656,-2.7734646797180176,32,-84.75648498535156,-2.568378448486328,33,-91.6243896484375,-2.863262176513672,32,-92.00599670410156,-2.875187397003174,32,1450
-38.80476379394531,-1.9402382373809814,20,-55.981258392333984,-2.799062967300415,20,-71.27496337890625,-3.5637481212615967,20,-92.63462829589844,-2.573184013366699,36,-60.017154693603516,-3.0008578300476074,20,-81.08592224121094,-4.054296016693115,20,1451
-253.01028442382812,-5.883960247039795,43,-163.58621215820312,-3.804330587387085,43,-99.23808288574219,-2.3078622817993164,43,-55.96981430053711,-1.4728899002075195,38,-184.36395263671875,-4.287533760070801,43,-83.96125793457031,-1.952587366104126,43,1452
-88.2176513671875,-1.9603922367095947,45,-120.40839385986328,-2.6757421493530273,45,-114.85303497314453,-2.5522897243499756,45,-52.51738739013672,-1.6411683559417725,32,-126.10319519042969,-2.802293300628662,45,-120.13607788085938,-2.6696906089782715,45,1453
-54.941871643066406,-2.2892446517944336,24,-45.778507232666016,-1.907437801361084,24,-45.78154754638672,-1.9075645208358765,24,-39.14359664916992,-1.397985577583313,28,-65.14653015136719,-2.7144386768341064,24,-51.07551956176758,-2.1281466484069824,24,1454
-150.00091552734375,-3.000018358230591,50,-158.8333740234375,-3.1766674518585205,50,-158.75222778320312,-3.175044536590576,50,-112.15174865722656,-2.7354085445404053,41,-154.130615234375,-3.0826122760772705,50,-149.32032775878906,-2.9864065647125244,50,1455
-68.66828918457031,-1.525961995124817,45,-122.85679626464844,-2.7301509380340576,45,-102.35869598388672,-2.2746376991271973,45,-82.98681640625,-1.9758765697479248,42,-149.80972290039062,-3.3291049003601074,45,-118.43577575683594,-2.631906032562256,45,1456
-82.16281127929688,-1.9562574625015259,42,-116.9686050415039,-2.7849667072296143,42,-98.00489044189453,-2.3334498405456543,42,-134.0997314453125,-2.681994676589966,50,-154.82687377929688,-3.686354160308838,42,-141.74661254882812,-3.3749194145202637,42,1457
-108.95527648925781,-3.1130077838897705,35,-132.4771728515625,-3.785062074661255,35,-133.645263671875,-3.8184361457824707,35,-98.47821044921875,-4.281661510467529,23,-129.3885498046875,-3.6968157291412354,35,-144.6212158203125,-4.132034778594971,35,1458
-27.393024444580078,-0.7208690643310547,38,-94.58656311035156,-2.4891200065612793,38,-79.22834777832031,-2.084956407546997,38,-77.05181884765625,-1.8793126344680786,41,-126.31350708007812,-3.3240396976470947,38,-115.75946807861328,-3.04630184173584,38,1459
-100.1602783203125,-3.577152729034424,28,-97.67652893066406,-3.488447427749634,28,-99.92684173583984,-3.5688157081604004,28,-100.07147979736328,-2.63346004486084,38,-124.42518615722656,-4.443756580352783,28,-107.26029968261719,-3.8307249546051025,28,1460
-116.42079162597656,-2.5871286392211914,45,-136.89083862304688,-3.0420186519622803,45,-102.25970458984375,-2.272437810897827,45,-73.41472625732422,-2.5315423011779785,29,-150.94679260253906,-3.3543732166290283,45,-138.7360382080078,-3.0830230712890625,45,1461
-121.83059692382812,-4.685791969299316,26,-103.19805908203125,-3.96915602684021,26,-81.39347839355469,-3.1305184364318848,26,-74.39993286132812,-2.8615357875823975,26,-102.34812927246094,-3.9364664554595947,26,-96.3826675415039,-3.7070257663726807,26,1462
-55.68577575683594,-1.740180492401123,32,-77.6147689819336,-2.425461530685425,32,-54.16828155517578,-1.6927587985992432,32,-58.343589782714844,-1.3259906768798828,44,-97.35964965820312,-3.0424890518188477,32,-80.79906463623047,-2.524970769882202,32,1463
-111.83699035644531,-2.600860357284546,43,-121.20289611816406,-2.818671941757202,43,-90.901123046875,-2.1139795780181885,43,-70.03256225585938,-1.7957067489624023,39,-146.82521057128906,-3.4145398139953613,43,-127.37572479248047,-2.962226152420044,43,1464
-64.36821746826172,-1.462913990020752,44,-120.95822143554688,-2.7490503787994385,44,-145.12368774414062,-3.2982656955718994,44,-113.68356323242188,-2.9916727542877197,38,-153.49172973632812,-3.48844838142395,44,-186.01455688476562,-4.227603435516357,44,1465
-120.51693725585938,-3.5446157455444336,34,-113.05842590332031,-3.3252477645874023,34,-89.09715270996094,-2.620504379272461,34,-72.43379211425781,-2.336573839187622,31,-120.00312042236328,-3.529503583908081,34,-98.80841064453125,-2.906129837036133,34,1466
-56.35966110229492,-1.7078685760498047,33,-72.96273803710938,-2.2109920978546143,33,-66.3525390625,-2.010683059692383,33,-75.84220886230469,-2.298248767852783,33,-113.8056640625,-3.4486565589904785,33,-106.90077209472656,-3.239417314529419,33,1467
-81.01264190673828,-1.9288724660873413,42,-172.32199096679688,-4.102904319763184,42,-102.98603820800781,-2.4520485401153564,42,-91.617431640625,-2.9554009437561035,31,-178.13360595703125,-4.241276264190674,42,-136.20831298828125,-3.2430551052093506,42,1468
-152.39999389648438,-4.916128635406494,31,-131.70648193359375,-4.24859619140625,31,-114.11558532714844,-3.681147813796997,31,-107.703125,-3.590104103088379,30,-139.66908264160156,-4.505454063415527,31,-127.44613647460938,-4.111165523529053,31,1469
-81.82160949707031,-1.995648980140686,41,-100.85865783691406,-2.4599673748016357,41,-87.09991455078125,-2.1243882179260254,41,-92.22356414794922,-2.426935911178589,38,-108.0349349975586,-2.634998321533203,41,-142.41583251953125,-3.4735569953918457,41,1470
-46.54248046875,-0.9902655482292175,47,-127.26984405517578,-2.707869052886963,47,-118.89988708496094,-2.529784917831421,47,-51.207359313964844,-1.6518503427505493,31,-155.52650451660156,-3.309074640274048,47,-144.02340698242188,-3.0643277168273926,47,1471
-77.38690185546875,-2.0364973545074463,38,-120.20513916015625,-3.1632931232452393,38,-125.70643615722656,-3.3080642223358154,38,-143.73800659179688,-3.505805015563965,41,-145.43148803710938,-3.8271443843841553,38,-133.01119995117188,-3.5002946853637695,38,1472
-66.17021179199219,-2.281731367111206,29,-79.26439666748047,-2.73325514793396,29,-67.02546691894531,-2.311223030090332,29,-60.487403869628906,-1.7790412902832031,34,-79.46416473388672,-2.7401435375213623,29,-68.8050537109375,-2.3725881576538086,29,1473
-53.749267578125,-1.143601417541504,47,-69.68131256103516,-1.4825811386108398,47,-83.77609252929688,-1.7824701070785522,47,-49.82695007324219,-1.107265591621399,45,-97.38359069824219,-2.071991205215454,47,-91.47785949707031,-1.9463374614715576,47,1474
-44.58283233642578,-1.5373390913009644,29,-48.142662048339844,-1.660091757774353,29,-48.06133270263672,-1.657287359237671,29,-50.985443115234375,-1.4995718002319336,34,-66.16858673095703,-2.281675338745117,29,-71.67198944091797,-2.4714479446411133,29,1475
-120.36395263671875,-3.253079891204834,37,-102.73932647705078,-2.7767386436462402,37,-81.79342651367188,-2.2106330394744873,37,-21.03290557861328,-1.051645278930664,20,-113.79267883300781,-3.0754778385162354,37,-89.23998260498047,-2.411891460418701,37,1476
-70.29559326171875,-2.0084455013275146,35,-99.92863464355469,-2.8551037311553955,35,-82.73603820800781,-2.363886833190918,35,-61.04309844970703,-1.565207600593567,39,-113.92791748046875,-3.2550833225250244,35,-116.68204498291016,-3.333772659301758,35,1477
-92.93122863769531,-2.8160977363586426,33,-62.26203918457031,-1.8867284059524536,33,-58.05622482299805,-1.759279489517212,33,-46.71725082397461,-1.2294013500213623,38,-80.15576171875,-2.428962469100952,33,-87.05773162841797,-2.638113021850586,33,1478
-67.68812561035156,-1.692203164100647,40,-118.72938537597656,-2.9682345390319824,40,-84.17779541015625,-2.104444980621338,40,-122.68836212158203,-1.6806625127792358,73,-131.20620727539062,-3.2801551818847656,40,-107.69760131835938,-2.6924400329589844,40,1479
-29.738182067871094,-0.8260605931282043,36,-51.74744415283203,-1.4374289512634277,36,-70.68238830566406,-1.9633996486663818,36,-52.737205505371094,-1.2862733602523804,41,-73.91012573242188,-2.0530591011047363,36,-83.31580352783203,-2.3143279552459717,36,1480
-56.477317810058594,-1.227767825126648,46,-85.69483947753906,-1.862931251525879,46,-106.7162094116211,-2.319917678833008,46,-24.423629760742188,-0.8141210079193115,30,-95.75697326660156,-2.0816733837127686,46,-105.27668762207031,-2.288623571395874,46,1481
-91.29488372802734,-1.9424443244934082,47,-139.24053955078125,-2.962564706802368,47,-91.5859375,-1.9486370086669922,47,-73.72160339355469,-1.843040108680725,40,-146.36447143554688,-3.114137649536133,47,-102.60575866699219,-2.183101177215576,47,1482
-44.87673568725586,-1.6621012687683105,27,-86.10417175292969,-3.1890432834625244,27,-71.34751892089844,-2.642500638961792,27,-83.25455474853516,-2.3787014484405518,35,-98.42351531982422,-3.645315408706665,27,-66.37016296386719,-2.4581542015075684,27,1483
-120.04740905761719,-2.667720317840576,45,-143.2807159423828,-3.184015989303589,45,-142.05746459960938,-3.156832456588745,45,-88.56095123291016,-3.162891149520874,28,-153.51199340820312,-3.4113776683807373,45,-137.40765380859375,-3.0535035133361816,45,1484
-33.78303527832031,-1.6891517639160156,20,-65.84427642822266,-3.2922139167785645,20,-47.62678909301758,-2.3813395500183105,20,-57.43128204345703,-1.7403419017791748,33,-72.26814270019531,-3.6134071350097656,20,-64.89555358886719,-3.2447776794433594,20,1485
-43.8387451171875,-1.289374828338623,34,-110.99931335449219,-3.26468563079834,34,-115.84555053710938,-3.407222032546997,34,-143.38067626953125,-3.413825511932373,42,-123.50657653808594,-3.6325464248657227,34,-134.10887145996094,-3.944378614425659,34,1486
-131.22019958496094,-3.4531631469726562,38,-101.70468139648438,-2.676439046859741,38,-84.10186004638672,-2.2132067680358887,38,-73.78988647460938,-2.0497190952301025,36,-96.94715118408203,-2.551240921020508,38,-74.22713470458984,-1.9533456563949585,38,1487
-303.5263977050781,-6.898327350616455,44,-149.16091918945312,-3.3900208473205566,44,-119.3421630859375,-2.7123219966888428,44,-87.09600830078125,-2.3539462089538574,37,-159.49978637695312,-3.624995231628418,44,-122.06129455566406,-2.774120330810547,44,1488
-77.45616912841797,-1.8013062477111816,43,-81.84341430664062,-1.9033352136611938,43,-78.24616241455078,-1.8196781873703003,43,-88.87649536132812,-1.9320976734161377,46,-84.61497497558594,-1.967790126800537,43,-84.56060028076172,-1.9665255546569824,43,1489
-135.6869659423828,-3.570709705352783,38,-112.97974395751953,-2.973151206970215,38,-81.03041076660156,-2.1323792934417725,38,-67.3786392211914,-1.8716288805007935,36,-126.49111938476562,-3.3287136554718018,38,-76.12397766113281,-2.003262519836426,38,1490
-127.89228057861328,-3.2792892456054688,39,-99.37841796875,-2.5481646060943604,39,-88.17431640625,-2.2608799934387207,39,-83.8957748413086,-2.397022247314453,35,-100.32229614257812,-2.57236647605896,39,-78.78496551513672,-2.020127296447754,39,1491
-47.290550231933594,-1.2781230211257935,37,-95.92189025878906,-2.5924835205078125,37,-110.16496276855469,-2.977431535720825,37,-112.81816864013672,-2.8927736282348633,39,-96.24785614013672,-2.6012933254241943,37,-106.51463317871094,-2.8787739276885986,37,1492
-92.42051696777344,-2.5672366619110107,36,-152.2106170654297,-4.228072643280029,36,-138.8717041015625,-3.8575472831726074,36,-145.85824584960938,-4.1673784255981445,35,-168.939453125,-4.69276237487793,36,-146.1226806640625,-4.058963298797607,36,1493
-110.19654846191406,-2.448812246322632,45,-106.19851684570312,-2.359966993331909,45,-126.50492858886719,-2.811220645904541,45,-71.76229858398438,-2.314912796020508,31,-103.19278717041016,-2.29317307472229,45,-111.41787719726562,-2.4759528636932373,45,1494
-39.41620635986328,-1.313873529434204,30,-99.32194519042969,-3.3107314109802246,30,-92.09213256835938,-3.069737672805786,30,-103.58844757080078,-2.959669828414917,35,-96.70927429199219,-3.223642587661743,30,-95.68878173828125,-3.1896259784698486,30,1495
-80.35130310058594,-2.4348878860473633,33,-102.72799682617188,-3.1129696369171143,33,-89.8675537109375,-2.723259210586548,33,-86.07032775878906,-2.608191728591919,33,-103.49371337890625,-3.1361732482910156,33,-89.92967224121094,-2.7251415252685547,33,1496
-40.96739959716797,-1.2414363622665405,33,-76.92013549804688,-2.3309133052825928,33,-76.40048217773438,-2.3151662349700928,33,-66.55158996582031,-1.7986916303634644,37,-90.10711669921875,-2.7305185794830322,33,-76.2450180053711,-2.310455083847046,33,1497
-44.95439147949219,-1.0216907262802124,44,-91.21238708496094,-2.0730087757110596,44,-77.6253662109375,-1.7642128467559814,44,-79.1531753540039,-1.9305652379989624,41,-78.88986206054688,-1.7929514646530151,44,-88.01506042480469,-2.00034236907959,44,1498
-91.61215209960938,-2.234442710876465,41,-102.47596740722656,-2.4994137287139893,41,-84.40260314941406,-2.0586001873016357,41,-78.50094604492188,-1.8256033658981323,43,-92.41302490234375,-2.2539761066436768,41,-85.36651611328125,-2.0821101665496826,41,1499
-153.463623046875,-3.7430152893066406,41,-108.30705261230469,-2.6416354179382324,41,-97.47563171386719,-2.3774545192718506,41,-113.37545776367188,-2.464683771133423,46,-94.03650665283203,-2.2935733795166016,41,-89.3331298828125,-2.17885684967041,41,1500
-53.975608825683594,-1.1015430688858032,49,-189.958984375,-3.876713991165161,49,-193.70518493652344,-3.953166961669922,49,-145.14801025390625,-4.682193756103516,31,-189.85000610351562,-3.8744900226593018,49,-192.89051818847656,-3.9365410804748535,49,1501
-92.29037475585938,-2.006312608718872,46,-153.25355529785156,-3.331598997116089,46,-139.38063049316406,-3.0300137996673584,46,-142.4722442626953,-3.3921961784362793,42,-148.6880645751953,-3.232349157333374,46,-151.02471923828125,-3.2831461429595947,46,1502
-93.28253173828125,-2.454803466796875,38,-109.85787200927734,-2.8909966945648193,38,-118.53401184082031,-3.1193161010742188,38,-55.262725830078125,-2.0467677116394043,27,-101.92050170898438,-2.6821184158325195,38,-111.1626968383789,-2.9253342151641846,38,1503
-51.52143096923828,-1.4720408916473389,35,-111.09648132324219,-3.174185276031494,35,-82.4485092163086,-2.3556716442108154,35,-68.23651123046875,-2.4370181560516357,28,-115.7037124633789,-3.3058204650878906,35,-89.89479064941406,-2.568422555923462,35,1504
-68.65605163574219,-1.5966523885726929,43,-92.86090850830078,-2.1595559120178223,43,-106.49152374267578,-2.4765470027923584,43,-19.23883628845215,-0.7399552464485168,26,-99.30728149414062,-2.309471607208252,43,-118.06981658935547,-2.74580979347229,43,1505
-40.691017150878906,-1.1626005172729492,35,-107.37705993652344,-3.067915916442871,35,-120.28560638427734,-3.4367315769195557,35,-91.05254364013672,-3.139742851257324,29,-115.72233581542969,-3.306352376937866,35,-126.35233306884766,-3.6100666522979736,35,1506
-58.51523971557617,-1.5814930200576782,37,-130.44444274902344,-3.5255255699157715,37,-133.30088806152344,-3.602726697921753,37,-121.21597290039062,-3.565175771713257,34,-127.20280456542969,-3.437913656234741,37,-127.32431030273438,-3.441197633743286,37,1507
-87.74069213867188,-3.249655246734619,27,-83.82188415527344,-3.1045141220092773,27,-61.19270706176758,-2.2663965225219727,27,-83.65216064453125,-2.1449272632598877,39,-97.45573425292969,-3.609471559524536,27,-67.08650970458984,-2.4846856594085693,27,1508
-81.69092559814453,-2.4026741981506348,34,-105.24150085449219,-3.0953383445739746,34,-84.88604736328125,-2.4966485500335693,34,-105.65350341796875,-2.347855567932129,45,-119.91508483886719,-3.526914358139038,34,-98.51610565185547,-2.8975324630737305,34,1509
-124.77608489990234,-2.9708590507507324,42,-132.170654296875,-3.1469204425811768,42,-163.27752685546875,-3.8875601291656494,42,-182.44744873046875,-3.9662489891052246,46,-130.04876708984375,-3.0963993072509766,42,-162.0991668701172,-3.859503984451294,42,1510
-86.75590515136719,-2.4787402153015137,35,-105.45761108398438,-3.0130746364593506,35,-94.77388000488281,-2.707825183868408,35,-86.91321563720703,-2.7160379886627197,32,-112.28768157958984,-3.208219528198242,35,-94.34227752685547,-2.695493698120117,35,1511
-56.96531677246094,-1.5823699235916138,36,-121.90118408203125,-3.386143922805786,36,-98.66746520996094,-2.740762948989868,36,-133.31271362304688,-2.777348279953003,48,-105.77017974853516,-2.9380605220794678,36,-119.68067932128906,-3.324463367462158,36,1512
-99.22151184082031,-2.6816625595092773,37,-133.58583068847656,-3.6104278564453125,37,-129.52467346191406,-3.500666856765747,37,-109.90057373046875,-3.330320358276367,33,-137.13064575195312,-3.7062337398529053,37,-132.7305908203125,-3.587313175201416,37,1513
-76.91960144042969,-1.6721652746200562,46,-99.68356323242188,-2.1670339107513428,46,-117.073486328125,-2.5450758934020996,46,-67.16976165771484,-2.3161985874176025,29,-103.18644714355469,-2.2431836128234863,46,-126.23655700683594,-2.7442729473114014,46,1514
-80.91963195800781,-2.790332078933716,29,-71.6012191772461,-2.4690074920654297,29,-85.13761901855469,-2.9357800483703613,29,-87.35505676269531,-2.647122859954834,33,-83.87226867675781,-2.8921473026275635,29,-84.15591430664062,-2.901928186416626,29,1515
-42.407432556152344,-1.4623252153396606,29,-83.50304412841797,-2.879415273666382,29,-86.94401550292969,-2.9980695247650146,29,-90.67861938476562,-2.2116737365722656,41,-94.91500854492188,-3.2729313373565674,29,-89.76260375976562,-3.095262289047241,29,1516
-152.12979125976562,-3.380661964416504,45,-126.96965789794922,-2.8215479850769043,45,-136.9242706298828,-3.0427615642547607,45,-57.36602783203125,-1.6390293836593628,35,-135.58621215820312,-3.0130269527435303,45,-128.0731201171875,-2.8460693359375,45,1517
-72.30513000488281,-1.9027665853500366,38,-120.06480407714844,-3.159600019454956,38,-133.23521423339844,-3.5061898231506348,38,-132.53111267089844,-3.1555027961730957,42,-122.44364166259766,-3.222201108932495,38,-126.6580810546875,-3.3331074714660645,38,1518
-74.2784194946289,-1.727405071258545,43,-85.32271575927734,-1.984249234199524,43,-85.37505340576172,-1.9854663610458374,43,-85.10380554199219,-1.9341773986816406,44,-92.68194580078125,-2.1553940773010254,43,-88.35101318359375,-2.0546746253967285,43,1519
-61.19525909423828,-1.8544018268585205,33,-81.36248779296875,-2.4655299186706543,33,-79.85934448242188,-2.419980049133301,33,-64.73356628417969,-1.6598349809646606,39,-86.84184265136719,-2.631571054458618,33,-80.08181762695312,-2.4267218112945557,33,1520
-63.095787048339844,-1.538921594619751,41,-93.45997619628906,-2.2795116901397705,41,-71.163818359375,-1.7357028722763062,41,-66.98025512695312,-1.5947679281234741,42,-84.77555084228516,-2.0676963329315186,41,-85.5565185546875,-2.0867443084716797,41,1521
-111.45419311523438,-2.7183949947357178,41,-53.83201599121094,-1.3129760026931763,41,-36.16731643676758,-0.8821296691894531,41,-20.70785140991211,-0.5176962614059448,40,-80.26978302001953,-1.9577995538711548,41,-90.28564453125,-2.2020888328552246,41,1522
-68.93658447265625,-2.2237608432769775,31,-76.79730224609375,-2.477332353591919,31,-76.97319793701172,-2.483006477355957,31,-61.382484436035156,-2.3608648777008057,26,-80.91471862792969,-2.610152244567871,31,-80.30816650390625,-2.590585947036743,31,1523
-50.69241714477539,-1.6352392435073853,31,-76.0363540649414,-2.4527857303619385,31,-67.03982543945312,-2.1625750064849854,31,-58.90771484375,-1.785082221031189,33,-77.6890869140625,-2.5060994625091553,31,-81.27446746826172,-2.6217570304870605,31,1524
-121.62922668457031,-2.533942222595215,48,-142.61398315429688,-2.9711246490478516,48,-123.07601165771484,-2.5640835762023926,48,-65.53204345703125,-1.7711362838745117,37,-136.17605590820312,-2.837001085281372,48,-125.6846923828125,-2.6184310913085938,48,1525
-87.95025634765625,-2.3144805431365967,38,-113.72023010253906,-2.9926376342773438,38,-128.47921752929688,-3.3810319900512695,38,-97.20877075195312,-3.600324869155884,27,-150.25344848632812,-3.954038143157959,38,-154.52658081054688,-4.066488742828369,38,1526
-154.09317016601562,-4.164680480957031,37,-133.0263671875,-3.5953071117401123,37,-116.11285400390625,-3.1381852626800537,37,-97.34435272216797,-3.605346441268921,27,-127.054931640625,-3.4339170455932617,37,-125.36642456054688,-3.38828182220459,37,1527
-104.41361999511719,-3.1640491485595703,33,-79.87570190429688,-2.420475721359253,33,-82.43083190917969,-2.497904062271118,33,-56.21924591064453,-1.9385946989059448,29,-106.26121520996094,-3.220036745071411,33,-67.00352478027344,-2.030409812927246,33,1528
-92.62638092041016,-3.3080849647521973,28,-111.45796203613281,-3.9806416034698486,28,-101.76388549804688,-3.6344244480133057,28,-98.2921142578125,-3.2764039039611816,30,-121.73075103759766,-4.347527027130127,28,-96.72415161132812,-3.4544339179992676,28,1529
-144.16506958007812,-3.2764787673950195,44,-159.97946166992188,-3.635896921157837,44,-149.20362854003906,-3.390991449356079,44,-87.33830261230469,-3.119225025177002,28,-179.95452880859375,-4.0898756980896,44,-154.55938720703125,-3.5127134323120117,44,1530
-92.2227554321289,-2.492506980895996,37,-131.76345825195312,-3.5611746311187744,37,-101.91188049316406,-2.7543752193450928,37,-121.02027893066406,-2.8814351558685303,42,-118.3131103515625,-3.1976516246795654,37,-88.77757263183594,-2.3993937969207764,37,1531
-54.235511779785156,-1.93698251247406,28,-89.52342987060547,-3.197265386581421,28,-49.85541915893555,-1.7805507183074951,28,-48.1387939453125,-1.7192426919937134,28,-55.866851806640625,-1.9952447414398193,28,-45.378578186035156,-1.6206635236740112,28,1532
-88.55948638916016,-3.0537753105163574,29,-81.08216857910156,-2.7959368228912354,29,-62.70105743408203,-2.1621053218841553,29,-105.86079406738281,-2.461879014968872,43,-90.62464904785156,-3.124987840652466,29,-71.86170959472656,-2.477989912033081,29,1533
-84.13053894042969,-1.6826107501983643,50,-117.14472961425781,-2.3428945541381836,50,-90.31423950195312,-1.806284785270691,50,-42.745155334472656,-1.155274510383606,37,-115.11962890625,-2.3023924827575684,50,-101.5699691772461,-2.0313994884490967,50,1534
-95.20735168457031,-2.025688409805298,47,-175.41500854492188,-3.732234239578247,47,-153.80361938476562,-3.2724175453186035,47,-112.16976928710938,-3.0316154956817627,37,-173.26962280273438,-3.6865878105163574,47,-163.59506225585938,-3.480746030807495,47,1535
-72.33210754394531,-1.9034764766693115,38,-61.11157989501953,-1.6081994771957397,38,-56.4152717590332,-1.4846124649047852,38,-47.8993034362793,-1.2281873226165771,39,-65.97489929199219,-1.736181616783142,38,-73.4278564453125,-1.93231201171875,38,1536
-89.8218765258789,-3.3267362117767334,27,-84.77519989013672,-3.139822244644165,27,-71.18742370605469,-2.636571168899536,27,-57.46892547607422,-1.5123401880264282,38,-83.39274597167969,-3.088620185852051,27,-77.542724609375,-2.871952772140503,27,1537
-101.50682067871094,-2.819633960723877,36,-160.45103454589844,-4.456973075866699,36,-133.69773864746094,-3.7138261795043945,36,-143.84288024902344,-3.688278913497925,39,-166.99447631835938,-4.638735294342041,36,-139.93603515625,-3.8871121406555176,36,1538
-46.15361785888672,-1.6483434438705444,28,-53.97144317626953,-1.927551507949829,28,-55.305564880371094,-1.975198745727539,28,-22.314903259277344,-0.9297876358032227,24,-55.09651184082031,-1.967732548713684,28,-65.99356079101562,-2.356912851333618,28,1539
-106.64656829833984,-2.8823397159576416,37,-109.69068145751953,-2.9646129608154297,37,-87.99951171875,-2.3783652782440186,37,-82.93175506591797,-2.3036599159240723,36,-99.61965942382812,-2.6924233436584473,37,-113.88002014160156,-3.07783842086792,37,1540
-109.65319061279297,-2.7413296699523926,40,-95.64324188232422,-2.3910810947418213,40,-94.76029968261719,-2.3690075874328613,40,-102.34516143798828,-2.380120038986206,43,-109.92948913574219,-2.748237133026123,40,-98.05610656738281,-2.4514026641845703,40,1541
-47.38721466064453,-1.8225852251052856,26,-61.86859893798828,-2.379561424255371,26,-69.88062286376953,-2.687716245651245,26,-89.86881256103516,-2.042473077774048,44,-59.36357116699219,-2.2832143306732178,26,-70.04222106933594,-2.6939315795898438,26,1542
-102.56269836425781,-2.5640673637390137,40,-138.65878295898438,-3.4664695262908936,40,-106.82022857666016,-2.6705057621002197,40,-109.59629821777344,-2.884113073348999,38,-129.48886108398438,-3.2372214794158936,40,-121.57539367675781,-3.0393848419189453,40,1543
-21.2906436920166,-0.9256801605224609,23,-81.80770874023438,-3.556856870651245,23,-85.88810729980469,-3.7342655658721924,23,-105.0974349975586,-2.4441263675689697,43,-56.98115921020508,-2.4774417877197266,23,-74.70579528808594,-3.2480781078338623,23,1544
-61.20579528808594,-1.3601287603378296,45,-79.63047790527344,-1.7695661783218384,45,-75.0670394897461,-1.668156385421753,45,-53.55068588256836,-1.3061143159866333,41,-96.89900207519531,-2.153311252593994,45,-97.03630828857422,-2.156362295150757,45,1545
-62.11839294433594,-2.2185139656066895,28,-73.08267211914062,-2.610095500946045,28,-74.86951446533203,-2.6739113330841064,28,-80.832763671875,-1.8371082544326782,44,-71.08197021484375,-2.5386416912078857,28,-92.77449035644531,-3.3133747577667236,28,1546
-100.25361633300781,-3.341787099838257,30,-95.90111541748047,-3.1967039108276367,30,-87.63641357421875,-2.9212138652801514,30,-83.64529418945312,-2.61391544342041,32,-92.24407958984375,-3.0748026371002197,30,-93.09754180908203,-3.1032514572143555,30,1547
-70.84439086914062,-2.5301568508148193,28,-95.37324523925781,-3.4061872959136963,28,-106.06314086914062,-3.7879693508148193,28,-103.019287109375,-2.1918997764587402,47,-115.73239135742188,-4.133299827575684,28,-91.33367919921875,-3.2619171142578125,28,1548
-95.77326202392578,-2.9929144382476807,32,-141.36109924316406,-4.417534351348877,32,-139.9393310546875,-4.373104095458984,32,-142.3321075439453,-3.846813678741455,37,-147.39273071289062,-4.606022834777832,32,-120.24749755859375,-3.7577342987060547,32,1549
-111.15045166015625,-3.585498332977295,31,-117.01856994628906,-3.7747926712036133,31,-122.40467834472656,-3.948538064956665,31,-153.69113159179688,-3.7485642433166504,41,-127.29181671142578,-4.10618782043457,31,-128.32298278808594,-4.139451026916504,31,1550
-44.42594909667969,-1.6454055309295654,27,-79.4654312133789,-2.943164110183716,27,-103.6583480834961,-3.839198112487793,27,-88.05474853515625,-3.82846736907959,23,-97.42828369140625,-3.608454942703247,27,-113.99639892578125,-4.222088813781738,27,1551
-42.73954391479492,-2.136977195739746,20,-68.65912628173828,-3.4329562187194824,20,-54.93745040893555,-2.7468724250793457,20,-19.154193878173828,-0.38308387994766235,50,-71.7935562133789,-3.5896778106689453,20,-58.58473205566406,-2.929236650466919,20,1552
-84.66991424560547,-2.1167478561401367,40,-145.5186309814453,-3.637965679168701,40,-136.2218017578125,-3.4055449962615967,40,-128.51271057128906,-3.2951977252960205,39,-155.06643676757812,-3.8766608238220215,40,-152.6901092529297,-3.8172526359558105,40,1553
-120.88490295410156,-2.8782119750976562,42,-119.38406372070312,-2.842477798461914,42,-114.78394317626953,-2.7329509258270264,42,-139.6564483642578,-3.1034765243530273,45,-124.88763427734375,-2.973515033721924,42,-121.21050262451172,-2.8859643936157227,42,1554
-40.09300231933594,-1.8224091529846191,22,-76.80412292480469,-3.4910964965820312,22,-75.5782470703125,-3.4353749752044678,22,-147.891845703125,-3.0182008743286133,49,-86.44879150390625,-3.929490566253662,22,-78.2439193725586,-3.556541681289673,22,1555
-55.47643280029297,-1.2328096628189087,45,-80.53450012207031,-1.7896555662155151,45,-61.11680603027344,-1.3581511974334717,45,-56.648040771484375,-1.3173962831497192,43,-90.90301513671875,-2.020066976547241,45,-63.58458709716797,-1.4129908084869385,45,1556
-74.89021301269531,-2.0802836418151855,36,-117.0770492553711,-3.2521402835845947,36,-91.26237487792969,-2.5350658893585205,36,-78.87161254882812,-2.3900489807128906,33,-121.42295837402344,-3.3728599548339844,36,-101.13848876953125,-2.8094024658203125,36,1557
-89.32933044433594,-2.414306163787842,37,-47.19775390625,-1.2756149768829346,37,-48.21217346191406,-1.3030316829681396,37,-34.384552001953125,-0.8596137762069702,40,-86.61322021484375,-2.340897798538208,37,-77.7192611694336,-2.100520610809326,37,1558
-74.56369018554688,-2.1303911209106445,35,-72.64769744873047,-2.075648546218872,35,-73.5553970336914,-2.1015827655792236,35,-76.07845306396484,-1.8113917112350464,42,-104.53451538085938,-2.9867005348205566,35,-113.93019104003906,-3.255148410797119,35,1559
-69.99876403808594,-1.521712303161621,46,-149.43206787109375,-3.248523235321045,46,-156.67941284179688,-3.406074285507202,46,-123.01024627685547,-3.5145785808563232,35,-139.6539306640625,-3.0359549522399902,46,-152.76425170898438,-3.3209619522094727,46,1560
-104.19235229492188,-2.7419040203094482,38,-109.30028533935547,-2.8763232231140137,38,-97.80026245117188,-2.5736911296844482,38,-79.45962524414062,-2.4831132888793945,32,-125.81256103515625,-3.310856819152832,38,-121.44351959228516,-3.1958820819854736,38,1561
-47.198116302490234,-1.17995285987854,40,-118.49576568603516,-2.9623942375183105,40,-109.71986389160156,-2.7429966926574707,40,-98.2176513671875,-2.7282681465148926,36,-124.73632049560547,-3.118407964706421,40,-119.39140319824219,-2.9847850799560547,40,1562
-68.83226013183594,-1.7649297714233398,39,-102.91846466064453,-2.638935089111328,39,-79.55322265625,-2.0398261547088623,39,-84.48383331298828,-2.112095832824707,40,-129.09539794921875,-3.310138463973999,39,-105.32025909423828,-2.700519561767578,39,1563
-60.91700744628906,-1.6921391487121582,36,-114.59107208251953,-3.1830854415893555,36,-101.75334930419922,-2.826481819152832,36,-100.23348999023438,-2.863814115524292,35,-125.4225845336914,-3.4839606285095215,36,-110.02166748046875,-3.056157350540161,36,1564
-53.360477447509766,-2.223353147506714,24,-77.8388671875,-3.2432861328125,24,-93.02318572998047,-3.8759660720825195,24,-107.2858657836914,-2.899617910385132,37,-78.41946411132812,-3.2674777507781982,24,-94.53104400634766,-3.938793420791626,24,1565
-59.03514862060547,-2.108398199081421,28,-92.61468505859375,-3.3076672554016113,28,-74.80219268798828,-2.671506881713867,28,-68.58219909667969,-2.743288040161133,25,-84.82902526855469,-3.0296080112457275,28,-80.84774780273438,-2.8874194622039795,28,1566
-105.89328002929688,-2.5827629566192627,41,-109.47843933105469,-2.67020583152771,41,-96.51142883300781,-2.3539373874664307,41,-95.26251983642578,-2.8867430686950684,33,-126.07284545898438,-3.0749473571777344,41,-124.80708312988281,-3.0440752506256104,41,1567
-63.72541809082031,-2.4509775638580322,26,-130.290771484375,-5.011183738708496,26,-144.16368103027344,-5.544756889343262,26,-257.1422119140625,-5.844141006469727,44,-145.53439331054688,-5.597476482391357,26,-155.0076904296875,-5.96183443069458,26,1568
-88.58708190917969,-2.7683463096618652,32,-90.81221771240234,-2.8378818035125732,32,-80.41324615478516,-2.512913942337036,32,-99.97509765625,-3.845196008682251,26,-93.29428100585938,-2.9154462814331055,32,-88.35287475585938,-2.7610273361206055,32,1569
-68.96904754638672,-1.6821719408035278,41,-144.03082275390625,-3.512946844100952,41,-130.91793823242188,-3.1931204795837402,41,-109.87667083740234,-3.4336459636688232,32,-157.0055694580078,-3.82940411567688,41,-165.8405303955078,-4.044890880584717,41,1570
-99.31053924560547,-2.920898199081421,34,-108.83831787109375,-3.201127052307129,34,-87.7872543334961,-2.5819780826568604,34,-139.0883331298828,-2.9593262672424316,47,-96.50184631347656,-2.838289499282837,34,-95.37094116210938,-2.805027723312378,34,1571
-128.53709411621094,-4.7606329917907715,27,-98.10272216796875,-3.6334340572357178,27,-82.6544189453125,-3.061274766921997,27,-92.0794677734375,-2.2458407878875732,41,-127.02027893066406,-4.7044548988342285,27,-88.11044311523438,-3.263349771499634,27,1572
-66.52780151367188,-1.705841064453125,39,-130.460693359375,-3.3451459407806396,39,-114.40052032470703,-2.933346748352051,39,-133.51429748535156,-2.966984272003174,45,-117.90180969238281,-3.023123264312744,39,-110.04849243164062,-2.82175612449646,39,1573
-65.56388854980469,-1.8212190866470337,36,-74.27684020996094,-2.0632455348968506,36,-56.47510528564453,-1.5687528848648071,36,-49.02164077758789,-1.4855042695999146,33,-86.12767028808594,-2.392435312271118,36,-66.35602569580078,-1.843222975730896,36,1574
-99.46379089355469,-2.6882104873657227,37,-98.93739318847656,-2.673983573913574,37,-92.90740966796875,-2.5110111236572266,37,-68.49076080322266,-2.140336275100708,32,-102.44115447998047,-2.7686798572540283,37,-96.37207794189453,-2.6046507358551025,37,1575
-41.99501419067383,-1.3998337984085083,30,-60.71461486816406,-2.023820400238037,30,-64.8801040649414,-2.162670135498047,30,-56.66960144042969,-2.098874092102051,27,-68.04776763916016,-2.268258810043335,30,-72.61173248291016,-2.420391082763672,30,1576
-87.36241912841797,-1.9413870573043823,45,-108.15910339355469,-2.4035356044769287,45,-73.67636108398438,-1.6372524499893188,45,-58.93047332763672,-1.6837278604507446,35,-124.65435791015625,-2.770096778869629,45,-98.7091064453125,-2.193535804748535,45,1577
-36.72124481201172,-1.468849778175354,25,-51.49988555908203,-2.059995412826538,25,-49.61787414550781,-1.9847149848937988,25,-61.15898132324219,-2.3522684574127197,26,-55.605323791503906,-2.224212884902954,25,-62.32024002075195,-2.492809534072876,25,1578
-52.896873474121094,-1.8891741037368774,28,-89.22283172607422,-3.1865296363830566,28,-84.81858825683594,-3.029235363006592,28,-79.93551635742188,-3.0744428634643555,26,-118.77465057373047,-4.241951942443848,28,-111.23597717285156,-3.9727134704589844,28,1579
-52.705909729003906,-1.7568637132644653,30,-91.2557373046875,-3.041857957839966,30,-91.54052734375,-3.0513508319854736,30,-86.31578826904297,-2.6156299114227295,33,-94.71548461914062,-3.1571829319000244,30,-96.08028411865234,-3.2026760578155518,30,1580
-84.14971923828125,-2.2144663333892822,38,-104.05181884765625,-2.738205671310425,38,-89.17823028564453,-2.3467955589294434,38,-74.25468444824219,-1.8110898733139038,41,-95.87168884277344,-2.5229392051696777,38,-96.77706146240234,-2.546764850616455,38,1581
-101.62223815917969,-2.746546983718872,37,-138.50006103515625,-3.7432448863983154,37,-132.05072021484375,-3.5689384937286377,37,-68.28080749511719,-2.7312324047088623,25,-137.59848022460938,-3.7188777923583984,37,-141.60679626464844,-3.8272106647491455,37,1582
-115.79541015625,-3.6186065673828125,32,-125.98218536376953,-3.936943292617798,32,-108.533447265625,-3.3916702270507812,32,-104.78607940673828,-2.4949066638946533,42,-129.43618774414062,-4.0448808670043945,32,-111.75277709960938,-3.492274284362793,32,1583
-78.20236206054688,-1.861961007118225,42,-138.9852294921875,-3.3091721534729004,42,-110.99079895019531,-2.6426379680633545,42,-92.97273254394531,-2.446650743484497,38,-150.12002563476562,-3.5742862224578857,42,-125.77063751220703,-2.9945390224456787,42,1584
-71.92085266113281,-2.3200275897979736,31,-120.35000610351562,-3.882258176803589,31,-106.21597290039062,-3.4263217449188232,31,-114.19650268554688,-3.0863919258117676,37,-126.70563507080078,-4.087278366088867,31,-119.16255187988281,-3.8439533710479736,31,1585
-113.17301177978516,-2.514955759048462,45,-143.15936279296875,-3.181319236755371,45,-120.54879760742188,-2.6788620948791504,45,-72.55286407470703,-2.3404150009155273,31,-151.1884307861328,-3.3597428798675537,45,-127.82559204101562,-2.840568780899048,45,1586
-188.0854034423828,-4.274668216705322,44,-192.7858123779297,-4.381495952606201,44,-115.41584014892578,-2.623087167739868,44,-82.03395080566406,-3.155151844024658,26,-211.02317810058594,-4.795981407165527,44,-128.76217651367188,-2.926413059234619,44,1587
-160.61993408203125,-3.6504530906677246,44,-225.8925018310547,-5.133920669555664,44,-248.49203491210938,-5.647546291351318,44,-286.94219970703125,-6.1051530838012695,47,-230.47576904296875,-5.238085746765137,44,-247.1785125732422,-5.6176934242248535,44,1588
-66.9635009765625,-2.092609405517578,32,-78.1634521484375,-2.442607879638672,32,-102.42269134521484,-3.200709104537964,32,-100.68115234375,-2.6495039463043213,38,-90.11993408203125,-2.8162479400634766,32,-97.98593139648438,-3.0620603561401367,32,1589
-69.84722137451172,-1.4551504850387573,48,-158.0860137939453,-3.2934587001800537,48,-153.91036987304688,-3.20646595954895,48,-137.11215209960938,-3.7057337760925293,37,-164.34971618652344,-3.423952341079712,48,-160.98873901367188,-3.3539321422576904,48,1590
-145.2735595703125,-2.964766502380371,49,-206.21438598632812,-4.208456993103027,49,-158.53182983398438,-3.2353434562683105,49,-113.19635009765625,-2.829908847808838,40,-212.70669555664062,-4.3409528732299805,49,-153.42799377441406,-3.131183624267578,49,1591
-92.29864501953125,-2.4289116859436035,38,-134.52513122558594,-3.540135145187378,38,-131.30322265625,-3.455348014831543,38,-130.61288452148438,-3.5300779342651367,37,-138.7660675048828,-3.6517386436462402,38,-129.85015869140625,-3.417109489440918,38,1592
-23.491107940673828,-0.6711745262145996,35,-60.249332427978516,-1.7214094400405884,35,-58.73542785644531,-1.6781550645828247,35,-21.949018478393555,-0.4877559542655945,45,-60.319984436035156,-1.7234281301498413,35,-58.89715576171875,-1.682775855064392,35,1593
-98.70464324951172,-3.2901546955108643,30,-104.50782012939453,-3.4835939407348633,30,-121.531982421875,-4.051065921783447,30,-102.73296356201172,-2.8536934852600098,36,-107.59150695800781,-3.586383581161499,30,-113.90201568603516,-3.796733856201172,30,1594
-57.61000061035156,-2.057500123977661,28,-68.26252746582031,-2.4379475116729736,28,-76.88713836669922,-2.745969295501709,28,-78.32655334472656,-2.447704792022705,32,-80.76608276367188,-2.88450288772583,28,-93.35464477539062,-3.334094524383545,28,1595
-58.87187194824219,-1.3082637786865234,45,-74.54098510742188,-1.6564663648605347,45,-103.888916015625,-2.308642625808716,45,-93.60623168945312,-2.340155839920044,40,-77.37586975097656,-1.71946382522583,45,-97.2093505859375,-2.160207748413086,45,1596
-75.45071411132812,-2.03920841217041,37,-77.36759948730469,-2.0910162925720215,37,-75.44229888916016,-2.0389809608459473,37,-70.0748519897461,-1.5572189092636108,45,-67.89960479736328,-1.8351244926452637,37,-63.24308395385742,-1.7092725038528442,37,1597
-51.96416091918945,-2.078566551208496,25,-85.3638916015625,-3.414555549621582,25,-86.37034606933594,-3.4548139572143555,25,-112.19361877441406,-3.8687455654144287,29,-99.62126159667969,-3.9848504066467285,25,-100.14657592773438,-4.005863189697266,25,1598
-111.47296142578125,-2.5923943519592285,43,-123.41355895996094,-2.8700828552246094,43,-77.7073745727539,-1.8071482181549072,43,-25.504066467285156,-0.7970020771026611,32,-148.77935791015625,-3.4599850177764893,43,-104.98534393310547,-2.4415197372436523,43,1599
-38.71516036987305,-1.7597800493240356,22,-74.87774658203125,-3.403533935546875,22,-80.74026489257812,-3.6700119972229004,22,-67.49737548828125,-3.0680625438690186,22,-77.75756072998047,-3.5344345569610596,22,-94.83909606933594,-4.310867786407471,22,1600
-144.81881713867188,-3.29133677482605,44,-148.58172607421875,-3.3768575191497803,44,-122.19068908691406,-2.7770612239837646,44,-20.80379867553711,-1.1557666063308716,18,-159.81204223632812,-3.632091760635376,44,-142.333251953125,-3.234846591949463,44,1601
-125.8951416015625,-2.5179028511047363,50,-127.88458251953125,-2.5576915740966797,50,-104.67745971679688,-2.0935492515563965,50,-18.051244735717773,-0.6942786574363708,26,-140.70384216308594,-2.8140769004821777,50,-128.88485717773438,-2.5776970386505127,50,1602
-23.450969696044922,-0.7564828991889954,31,-119.55458068847656,-3.8565993309020996,31,-106.0406723022461,-3.4206669330596924,31,-137.95455932617188,-3.3647453784942627,41,-124.1517105102539,-4.004893779754639,31,-107.390380859375,-3.464205741882324,31,1603
-95.85651397705078,-2.590716600418091,37,-160.33267211914062,-4.333315372467041,37,-124.7477035522461,-3.3715596199035645,37,-76.55240631103516,-3.189683675765991,24,-166.66949462890625,-4.504580974578857,37,-145.036865234375,-3.919915199279785,37,1604
-89.74089813232422,-1.9508891105651855,46,-105.39673614501953,-2.2912333011627197,46,-101.03048706054688,-2.196315050125122,46,-78.84933471679688,-2.0749824047088623,38,-112.8592529296875,-2.4534621238708496,46,-107.43360900878906,-2.3355133533477783,46,1605
-71.11885070800781,-2.1551167964935303,33,-123.52874755859375,-3.743295431137085,33,-115.46810150146484,-3.4990334510803223,33,-30.97705841064453,-1.822179913520813,17,-118.94137573242188,-3.6042840480804443,33,-113.49264526367188,-3.439171075820923,33,1606
-69.28146362304688,-2.165045738220215,32,-189.03677368164062,-5.9073991775512695,32,-191.13125610351562,-5.972851753234863,32,-258.7694091796875,-5.750431537628174,45,-168.18878173828125,-5.255899429321289,32,-179.00294494628906,-5.593842029571533,32,1607
-97.74114990234375,-1.9164931774139404,51,-171.72311401367188,-3.367119789123535,51,-171.67486572265625,-3.36617374420166,51,-110.63184356689453,-2.9900498390197754,37,-178.09788513183594,-3.4921154975891113,51,-191.380126953125,-3.752551555633545,51,1608
-40.89490509033203,-1.0485873222351074,39,-105.04560852050781,-2.693477153778076,39,-130.8161163330078,-3.354259490966797,39,-73.93912506103516,-2.7384860515594482,27,-113.3067626953125,-2.905301570892334,39,-131.22898864746094,-3.3648457527160645,39,1609
-52.30030059814453,-1.3410333395004272,39,-110.94255065917969,-2.8446807861328125,39,-116.88500213623047,-2.997051239013672,39,-60.989784240722656,-2.1030960083007812,29,-118.25267028808594,-3.0321197509765625,39,-118.86349487304688,-3.0477819442749023,39,1610
-143.33181762695312,-3.0496132373809814,47,-156.64605712890625,-3.332894802093506,47,-155.25537109375,-3.3033058643341064,47,-90.38526916503906,-2.915653944015503,31,-177.5921630859375,-3.7785565853118896,47,-173.00694274902344,-3.6809988021850586,47,1611
-72.03858947753906,-1.8957523107528687,38,-100.61309814453125,-2.6477131843566895,38,-96.32410430908203,-2.5348448753356934,38,-83.17979431152344,-2.376565456390381,35,-128.08615112304688,-3.3706881999969482,38,-127.32276916503906,-3.3505992889404297,38,1612
-59.8783073425293,-1.6632863283157349,36,-113.98072814941406,-3.1661312580108643,36,-112.3207778930664,-3.1200215816497803,36,-70.59122467041016,-2.941301107406616,24,-122.64405822753906,-3.4067792892456055,36,-118.22450256347656,-3.2840139865875244,36,1613
-100.37593841552734,-2.641472101211548,38,-139.47402954101562,-3.6703691482543945,38,-108.178466796875,-2.8468017578125,38,-76.99764251708984,-3.0799057483673096,25,-161.26873779296875,-4.2439141273498535,38,-124.96253967285156,-3.2884879112243652,38,1614
-54.46224594116211,-1.1346300840377808,48,-91.90162658691406,-1.9146171808242798,48,-103.44010925292969,-2.1550023555755615,48,-46.7908935546875,-1.1697723865509033,40,-103.47970581054688,-2.155827283859253,48,-104.00041961669922,-2.166675329208374,48,1615
-66.24681091308594,-1.4095065593719482,47,-90.62361145019531,-1.9281619787216187,47,-112.39910888671875,-2.391470432281494,47,-78.50626373291016,-2.0659542083740234,38,-120.16606140136719,-2.556724786758423,47,-125.16096496582031,-2.662999153137207,47,1616
-80.55048370361328,-1.8306927680969238,44,-110.58963012695312,-2.5134007930755615,44,-105.08043670654297,-2.3881916999816895,44,-37.45246124267578,-1.2914642095565796,29,-119.47479248046875,-2.7153360843658447,44,-113.595703125,-2.5817205905914307,44,1617
-32.93011474609375,-1.6465057134628296,20,-62.68106460571289,-3.1340532302856445,20,-68.18207550048828,-3.4091038703918457,20,-63.486106872558594,-2.5394442081451416,25,-64.8712158203125,-3.243560791015625,20,-71.60393524169922,-3.5801968574523926,20,1618
-93.0701904296875,-2.737358570098877,34,-91.95640563964844,-2.7046000957489014,34,-140.46414184570312,-4.131298065185547,34,-159.08270263671875,-4.545219898223877,35,-86.24139404296875,-2.5365116596221924,34,-137.57992553710938,-4.046468257904053,34,1619
-65.98477172851562,-2.1994924545288086,30,-148.88601684570312,-4.962867259979248,30,-183.162109375,-6.105403423309326,30,-268.7265625,-6.249454975128174,43,-154.37478637695312,-5.14582633972168,30,-175.88198852539062,-5.862732887268066,30,1620
-30.042938232421875,-1.4306161403656006,21,-54.235103607177734,-2.5826239585876465,21,-65.96249389648438,-3.141071081161499,21,-56.41393280029297,-1.945307970046997,29,-52.10315704345703,-2.481102705001831,21,-80.95285034179688,-3.8548977375030518,21,1621
-79.50540161132812,-2.271582841873169,35,-128.85874938964844,-3.681678533554077,35,-105.1011962890625,-3.0028913021087646,35,-81.34127807617188,-2.6239120960235596,31,-135.19622802734375,-3.8627493381500244,35,-110.72901916503906,-3.1636862754821777,35,1622
-178.3496856689453,-3.877166986465454,46,-122.09451293945312,-2.654228448867798,46,-105.28587341308594,-2.288823366165161,46,-80.16134643554688,-2.0554192066192627,39,-125.24923706054688,-2.7228095531463623,46,-111.28815460205078,-2.4193077087402344,46,1623
-108.01812744140625,-3.2732765674591064,33,-119.67724609375,-3.6265830993652344,33,-142.80340576171875,-4.327375888824463,33,-212.05128479003906,-4.5117292404174805,47,-110.28907012939453,-3.342092990875244,33,-152.410400390625,-4.618496894836426,33,1624
-45.86652755737305,-1.6987602710723877,27,-66.83890533447266,-2.475515127182007,27,-59.94331741333008,-2.220122814178467,27,-31.756057739257812,-1.4434571266174316,22,-68.00243377685547,-2.518608570098877,27,-64.07032775878906,-2.3729751110076904,27,1625
-58.14031982421875,-1.8754942417144775,31,-100.54315185546875,-3.2433273792266846,31,-107.9683837890625,-3.482851028442383,31,-73.74691009521484,-2.8364195823669434,26,-106.81124877929688,-3.445524215698242,31,-113.63137817382812,-3.6655282974243164,31,1626
-117.49957275390625,-3.175664186477661,37,-69.22599792480469,-1.8709728717803955,37,-74.6283187866211,-2.016981601715088,37,-15.28191089630127,-0.5269624590873718,29,-71.44192504882812,-1.9308627843856812,37,-61.28061294555664,-1.6562328338623047,37,1627
-98.81787872314453,-3.529209852218628,28,-116.21158599853516,-4.150413990020752,28,-114.77362060546875,-4.099057674407959,28,-153.8902130126953,-3.2742598056793213,47,-123.1418228149414,-4.397922039031982,28,-121.89497375488281,-4.353392124176025,28,1628
-72.49903106689453,-2.499966621398926,29,-76.63752746582031,-2.6426732540130615,29,-61.11316680908203,-2.1073505878448486,29,-61.46377944946289,-1.8625388145446777,33,-98.26726531982422,-3.388526439666748,29,-68.89160919189453,-2.375572681427002,29,1629
-59.41710662841797,-2.2006335258483887,27,-92.95185852050781,-3.4426615238189697,27,-83.64649200439453,-3.098018169403076,27,-103.87360382080078,-2.9678173065185547,35,-80.49653625488281,-2.981353282928467,27,-91.93318939208984,-3.404932975769043,27,1630
-30.910667419433594,-0.8586296439170837,36,-110.90658569335938,-3.0807385444641113,36,-122.89009857177734,-3.413613796234131,36,-126.77727508544922,-3.42641282081604,37,-109.20478820800781,-3.033466339111328,36,-119.36907958984375,-3.315807819366455,36,1631
-113.42398071289062,-2.413276195526123,47,-126.38267517089844,-2.688992977142334,47,-109.26805877685547,-2.324852228164673,47,-85.40587615966797,-2.189894199371338,39,-133.55291748046875,-2.8415515422821045,47,-94.42581939697266,-2.0090599060058594,47,1632
-106.58747863769531,-2.2205724716186523,48,-94.8470687866211,-1.9759806394577026,48,-101.90873718261719,-2.123098611831665,48,-17.648584365844727,-0.6787917017936707,26,-112.01817321777344,-2.333711862564087,48,-109.43930053710938,-2.2799854278564453,48,1633
-69.72146606445312,-1.834775447845459,38,-83.49101257324219,-2.197131872177124,38,-64.95696258544922,-1.7093937397003174,38,-70.47201538085938,-2.1355156898498535,33,-69.77130889892578,-1.8360871076583862,38,-58.46315383911133,-1.5385040044784546,38,1634
-100.892578125,-3.0573508739471436,33,-120.62579345703125,-3.655327081680298,33,-101.29779815673828,-3.0696301460266113,33,-99.65054321289062,-2.5551421642303467,39,-124.218994140625,-3.764211893081665,33,-98.64740753173828,-2.9893152713775635,33,1635
-119.95832824707031,-3.7486977577209473,32,-87.93580627441406,-2.7479939460754395,32,-83.00404357910156,-2.593876361846924,32,-78.29608917236328,-2.0604233741760254,38,-91.30972290039062,-2.853428840637207,32,-75.98145294189453,-2.374420404434204,32,1636
-75.57395935058594,-2.042539358139038,37,-133.0389404296875,-3.595647096633911,37,-134.9412384033203,-3.6470603942871094,37,-110.32418823242188,-3.4476308822631836,32,-129.20166015625,-3.491936683654785,37,-136.7667694091797,-3.696399211883545,37,1637
-123.00733184814453,-2.7334961891174316,45,-192.2650146484375,-4.272555828094482,45,-178.4279022216797,-3.965064525604248,45,-141.34075927734375,-3.5335190296173096,40,-201.89768981933594,-4.486615180969238,45,-199.58645629882812,-4.4352545738220215,45,1638
-114.20828247070312,-2.537961721420288,45,-144.35513305664062,-3.2078919410705566,45,-128.72879028320312,-2.860639810562134,45,-69.15382385253906,-2.3051273822784424,30,-149.34146118164062,-3.3186991214752197,45,-138.78590393066406,-3.0841312408447266,45,1639
-100.8465576171875,-2.9660751819610596,34,-126.45397186279297,-3.7192344665527344,34,-108.68838500976562,-3.1967172622680664,34,-121.37081146240234,-3.7928378582000732,32,-133.05520629882812,-3.91338849067688,34,-112.34701538085938,-3.30432391166687,34,1640
-109.35955810546875,-2.1871912479400635,50,-137.66961669921875,-2.753392219543457,50,-161.6834259033203,-3.233668565750122,50,-74.56150817871094,-2.330047130584717,32,-138.63192749023438,-2.7726385593414307,50,-152.26925659179688,-3.0453851222991943,50,1641
-133.78732299804688,-3.111333131790161,43,-137.15084838867188,-3.1895546913146973,43,-128.4466094970703,-2.9871304035186768,43,-97.05754089355469,-3.033048152923584,32,-158.14077758789062,-3.677692413330078,43,-144.43649291992188,-3.3589882850646973,43,1642
-124.2009506225586,-2.822748899459839,44,-116.08450317382812,-2.638284206390381,44,-96.60457611083984,-2.195558547973633,44,-28.4013671875,-1.0519025325775146,27,-139.57464599609375,-3.1721510887145996,44,-123.42977905273438,-2.805222272872925,44,1643
-75.9524917602539,-1.8524998426437378,41,-118.05947875976562,-2.8794994354248047,41,-120.90463256835938,-2.9488935470581055,41,-123.6142578125,-2.522739887237549,49,-126.01033782958984,-3.073422908782959,41,-110.29149627685547,-2.6900365352630615,41,1644
-80.20767211914062,-1.8229016065597534,44,-147.31439208984375,-3.3480544090270996,44,-152.53294372558594,-3.466657876968384,44,-95.82394409179688,-2.9944982528686523,32,-136.96791076660156,-3.1129071712493896,44,-158.9654083251953,-3.6128501892089844,44,1645
-78.83968353271484,-1.7918109893798828,44,-173.2890167236328,-3.9383866786956787,44,-177.842529296875,-4.041875839233398,44,-194.92575073242188,-4.237516403198242,46,-154.68960571289062,-3.5156729221343994,44,-173.20333862304688,-3.9364395141601562,44,1646
-67.05172729492188,-2.4833972454071045,27,-110.63999938964844,-4.097777843475342,27,-81.97230529785156,-3.036011219024658,27,-90.08604431152344,-1.9167243242263794,47,-107.81689453125,-3.993218421936035,27,-93.59561157226562,-3.4665040969848633,27,1647
-72.10160064697266,-1.676781415939331,43,-136.72738647460938,-3.179706573486328,43,-97.06703186035156,-2.2573728561401367,43,-86.06845092773438,-2.1517112255096436,40,-140.11325073242188,-3.2584476470947266,43,-109.14266204833984,-2.538201332092285,43,1648
-59.52751922607422,-1.5263466835021973,39,-83.72465515136719,-2.1467859745025635,39,-80.18840026855469,-2.056112766265869,39,-74.7335205078125,-1.779369592666626,42,-86.64833068847656,-2.221752166748047,39,-92.76295471191406,-2.37853741645813,39,1649
-45.94670867919922,-1.837868332862854,25,-70.40193176269531,-2.81607723236084,25,-84.32876586914062,-3.373150587081909,25,-125.93356323242188,-3.4036097526550293,37,-70.31051635742188,-2.812420606613159,25,-81.5542221069336,-3.2621688842773438,25,1650
-64.71881103515625,-2.2316832542419434,29,-76.94511413574219,-2.6532797813415527,29,-67.11014556884766,-2.314142942428589,29,-73.50414276123047,-1.9865984916687012,37,-83.52182006835938,-2.8800628185272217,29,-73.84282684326172,-2.54630446434021,29,1651
-83.28546905517578,-3.203287363052368,26,-90.48643493652344,-3.4802474975585938,26,-81.06996154785156,-3.118075370788574,26,-76.86402893066406,-2.196115016937256,35,-77.3702392578125,-2.975778341293335,26,-68.4473648071289,-2.6325910091400146,26,1652
-106.15283966064453,-3.3172762393951416,32,-140.20108032226562,-4.381283760070801,32,-123.70075988769531,-3.8656487464904785,32,-117.27730560302734,-3.007110357284546,39,-112.95820617675781,-3.5299439430236816,32,-112.22418212890625,-3.5070056915283203,32,1653
-68.3656997680664,-2.5320630073547363,27,-108.85525512695312,-4.031676292419434,27,-98.05252075195312,-3.631574869155884,27,-102.6249771118164,-4.276040554046631,24,-110.44976043701172,-4.090732097625732,27,-105.90901184082031,-3.922555923461914,27,1654
-94.85859680175781,-2.432271718978882,39,-123.74459838867188,-3.172938346862793,39,-110.21005249023438,-2.8258988857269287,39,-123.91769409179688,-3.0223827362060547,41,-131.03314208984375,-3.3598241806030273,39,-123.25849914550781,-3.1604743003845215,39,1655
-103.26312255859375,-2.6477723121643066,39,-109.8990249633789,-2.8179237842559814,39,-120.86856842041016,-3.099194049835205,39,-139.83673095703125,-2.9752495288848877,47,-121.44125366210938,-3.1138782501220703,39,-116.65657806396484,-2.991194248199463,39,1656
-108.53404998779297,-3.1921780109405518,34,-83.94328308105469,-2.4689199924468994,34,-73.88699340820312,-2.173146963119507,34,-49.565818786621094,-1.6521939039230347,30,-89.88961029052734,-2.6438121795654297,34,-73.85087585449219,-2.1720845699310303,34,1657
-46.95516586303711,-1.381034255027771,34,-98.79100799560547,-2.9056179523468018,34,-85.90438842773438,-2.526599645614624,34,-13.938759803771973,-0.7743755578994751,18,-101.43061065673828,-2.983253240585327,34,-79.26428985595703,-2.3313026428222656,34,1658
-149.84072875976562,-3.8420698642730713,39,-128.79803466796875,-3.302513599395752,39,-88.80982971191406,-2.277175188064575,39,-94.10749053955078,-2.352687358856201,40,-120.84852600097656,-3.098680257797241,39,-107.83618927001953,-2.7650303840637207,39,1659
-141.63763427734375,-1.770470380783081,80,-228.6746368408203,-2.8584330081939697,80,-239.46827697753906,-2.9933533668518066,80,-36.530296325683594,-2.029460906982422,18,-253.79022216796875,-3.172377824783325,80,-235.0843048095703,-2.938553810119629,80,1660
-63.47336959838867,-1.586834192276001,40,-93.18030548095703,-2.32950758934021,40,-99.5479736328125,-2.488699436187744,40,-45.81458282470703,-1.5798132419586182,29,-139.75003051757812,-3.493750810623169,40,-137.42398071289062,-3.4355995655059814,40,1661
-59.644195556640625,-1.7041199207305908,35,-76.05796813964844,-2.1730847358703613,35,-77.67353820800781,-2.2192440032958984,35,-74.7409439086914,-1.8229498863220215,41,-91.21949768066406,-2.606271266937256,35,-96.52494049072266,-2.7578554153442383,35,1662
-90.6633071899414,-2.9246227741241455,31,-107.59724426269531,-3.470878839492798,31,-118.37466430664062,-3.818537473678589,31,-87.72940063476562,-3.133192777633667,28,-102.6790542602539,-3.312227487564087,31,-113.64590454101562,-3.66599702835083,31,1663
-127.09895324707031,-4.099966049194336,31,-69.64901733398438,-2.2467424869537354,31,-72.28654479980469,-2.3318240642547607,31,-69.88996887207031,-2.3296656608581543,30,-108.5233154296875,-3.5007522106170654,31,-86.80721282958984,-2.8002326488494873,31,1664
-107.99661254882812,-3.8570218086242676,28,-86.70304107666016,-3.0965371131896973,28,-85.39994049072266,-3.0499978065490723,28,-72.3995590209961,-1.7237989902496338,42,-97.90140533447266,-3.496478796005249,28,-93.54885864257812,-3.3410305976867676,28,1665
-61.324737548828125,-1.7521353960037231,35,-77.0979995727539,-2.2028000354766846,35,-62.71324157714844,-1.791806936264038,35,-42.37944793701172,-1.5135517120361328,28,-91.308837890625,-2.6088240146636963,35,-89.67506408691406,-2.5621447563171387,35,1666
-96.84464263916016,-2.6174228191375732,37,-82.64691162109375,-2.2337002754211426,37,-94.37876892089844,-2.5507774353027344,37,-88.60848236083984,-2.685105562210083,33,-103.54010009765625,-2.7983810901641846,37,-104.59390258789062,-2.826862335205078,37,1667
-96.06047058105469,-2.9109232425689697,33,-96.06563568115234,-2.9110798835754395,33,-108.26226806640625,-3.280674695968628,33,-51.51036071777344,-2.5755181312561035,20,-97.97904968261719,-2.969062089920044,33,-109.79869079589844,-3.327233076095581,33,1668
-53.35166931152344,-1.7783889770507812,30,-55.10124206542969,-1.8367080688476562,30,-62.06671905517578,-2.0688905715942383,30,-60.388450622558594,-1.887139081954956,32,-89.82595825195312,-2.9941985607147217,30,-92.95027160644531,-3.0983424186706543,30,1669
-60.825504302978516,-1.5206376314163208,40,-110.14629364013672,-2.753657341003418,40,-88.43610382080078,-2.210902690887451,40,-22.594194412231445,-0.8368220329284668,27,-123.11504364013672,-3.077876091003418,40,-98.10302734375,-2.45257568359375,40,1670
-78.15982055664062,-1.9063371419906616,41,-151.61593627929688,-3.6979496479034424,41,-141.04736328125,-3.4401795864105225,41,-168.9469451904297,-2.484513998031616,68,-166.4761962890625,-4.060395240783691,41,-143.9076385498047,-3.5099422931671143,41,1671
-80.89864349365234,-2.074324131011963,39,-152.01756286621094,-3.897886276245117,39,-138.9772186279297,-3.563518524169922,39,-147.14425659179688,-3.5888843536376953,41,-160.12843322753906,-4.1058573722839355,39,-142.60455322265625,-3.656527042388916,39,1672
-87.25871276855469,-2.4238531589508057,36,-82.2088623046875,-2.2835795879364014,36,-84.79182434082031,-2.3553285598754883,36,-104.74124145507812,-2.9926068782806396,35,-91.90003967285156,-2.552778959274292,36,-95.45736694335938,-2.6515934467315674,36,1673
-40.964561462402344,-1.638582468032837,25,-76.9229965209961,-3.0769197940826416,25,-77.65086364746094,-3.106034517288208,25,-89.96802520751953,-2.8115007877349854,32,-84.71221160888672,-3.388488531112671,25,-96.7236328125,-3.868945360183716,25,1674
-109.57805633544922,-2.2828762531280518,48,-227.01251220703125,-4.729427337646484,48,-262.77392578125,-5.474456787109375,48,-294.1921081542969,-6.395480632781982,46,-206.5091552734375,-4.302274227142334,48,-245.99404907226562,-5.124876022338867,48,1675
-82.2331771850586,-1.749642014503479,47,-143.0996551513672,-3.044673442840576,47,-160.28494262695312,-3.410317897796631,47,-51.81676483154297,-2.159031867980957,24,-154.408447265625,-3.2852861881256104,47,-163.6763916015625,-3.4824764728546143,47,1676
-78.70771789550781,-1.8739932775497437,42,-92.90562438964844,-2.21203875541687,42,-110.61898803710938,-2.6337854862213135,42,-60.109100341796875,-2.072727680206299,29,-87.88347625732422,-2.092463731765747,42,-98.53767395019531,-2.346135139465332,42,1677
-87.91050720214844,-2.375959634780884,37,-126.25862121582031,-3.4123952388763428,37,-123.53534698486328,-3.3387932777404785,37,-85.90361022949219,-2.962193489074707,29,-127.70750427246094,-3.4515540599823,37,-111.18412780761719,-3.004976511001587,37,1678
-125.318603515625,-3.6858413219451904,34,-114.96481323242188,-3.3813180923461914,34,-73.3210220336914,-2.1565005779266357,34,-72.54296875,-2.0726561546325684,35,-128.95556640625,-3.7928106784820557,34,-94.8779296875,-2.79052734375,34,1679
-67.69449615478516,-3.0770225524902344,22,-55.931495666503906,-2.5423407554626465,22,-63.281524658203125,-2.8764328956604004,22,-80.79109191894531,-2.6061642169952393,31,-65.16939544677734,-2.962245225906372,22,-53.168785095214844,-2.4167630672454834,22,1680
-62.71336364746094,-2.239763021469116,28,-73.46171569824219,-2.6236326694488525,28,-65.24786376953125,-2.3302807807922363,28,-51.74009323120117,-1.6168779134750366,32,-72.14166259765625,-2.5764880180358887,28,-51.18318557739258,-1.8279708623886108,28,1681
-44.58729553222656,-2.47707200050354,18,-69.9228286743164,-3.884601593017578,18,-69.35543060302734,-3.8530795574188232,18,-81.20503234863281,-2.030125856399536,40,-54.69165802001953,-3.0384254455566406,18,-61.8862419128418,-3.438124656677246,18,1682
-63.73530197143555,-2.1245100498199463,30,-123.12356567382812,-4.104118824005127,30,-197.17459106445312,-6.572486400604248,30,-301.83343505859375,-6.421988010406494,47,-123.36282348632812,-4.112093925476074,30,-204.87155151367188,-6.829051494598389,30,1683
-47.02565002441406,-1.383107304573059,34,-98.4942626953125,-2.896890163421631,34,-125.51333618164062,-3.691568613052368,34,-105.33311462402344,-3.511103868484497,30,-103.7221908569336,-3.0506527423858643,34,-126.37335968017578,-3.7168636322021484,34,1684
-121.02264404296875,-3.103144645690918,39,-128.8712921142578,-3.304392099380493,39,-115.37440490722656,-2.958317995071411,39,-109.97311401367188,-2.4438469409942627,45,-131.99765014648438,-3.3845551013946533,39,-123.39175415039062,-3.163891077041626,39,1685
-58.27316665649414,-2.1582653522491455,27,-86.92034912109375,-3.2192721366882324,27,-77.04371643066406,-2.853471040725708,27,-70.27925109863281,-1.8994392156600952,37,-68.49826049804688,-2.5369725227355957,27,-57.99327850341797,-2.1478991508483887,27,1686
-86.5583267211914,-1.8032984733581543,48,-278.48956298828125,-5.801866054534912,48,-319.7630920410156,-6.661731243133545,48,-311.427490234375,-6.626116752624512,47,-260.5023498535156,-5.4271321296691895,48,-314.5908203125,-6.553975582122803,48,1687
-83.70848083496094,-2.7002735137939453,31,-118.29984283447266,-3.8161239624023438,31,-99.74565124511719,-3.2176015377044678,31,-102.65361022949219,-2.932960271835327,35,-135.30909729003906,-4.364809513092041,31,-103.69796752929688,-3.345095634460449,31,1688
-96.73514556884766,-2.249654531478882,43,-111.874755859375,-2.601738452911377,43,-123.92790222167969,-2.8820443153381348,43,-72.32539367675781,-2.2601685523986816,32,-121.28191375732422,-2.820509672164917,43,-119.876220703125,-2.7878191471099854,43,1689
-50.18107604980469,-1.6727025508880615,30,-68.54077911376953,-2.2846925258636475,30,-99.77210998535156,-3.3257369995117188,30,-85.95291137695312,-3.183441162109375,27,-76.38468933105469,-2.546156406402588,30,-104.28099060058594,-3.4760329723358154,30,1690
-52.41583251953125,-2.096633195877075,25,-78.59806823730469,-3.143922805786133,25,-86.69857788085938,-3.4679431915283203,25,-115.3876953125,-2.307753801345825,50,-81.58345031738281,-3.263338088989258,25,-85.71292877197266,-3.4285171031951904,25,1691
-79.44256591796875,-1.847501516342163,43,-143.1478729248047,-3.3290202617645264,43,-138.1649932861328,-3.213139295578003,43,-90.44450378417969,-2.917564630508423,31,-150.9136199951172,-3.5096189975738525,43,-137.16513061523438,-3.1898868083953857,43,1692
-75.3925552368164,-2.1540729999542236,35,-75.6070785522461,-2.1602022647857666,35,-85.69264221191406,-2.4483611583709717,35,-107.6917953491211,-2.626629114151001,41,-84.30699920654297,-2.408771514892578,35,-89.16021728515625,-2.5474348068237305,35,1693
-92.74533081054688,-2.9917848110198975,31,-114.63253784179688,-3.6978237628936768,31,-108.05674743652344,-3.485701560974121,31,-108.81236267089844,-4.185091018676758,26,-133.76446533203125,-4.314982891082764,31,-129.2705078125,-4.170016288757324,31,1694
-65.18555450439453,-1.9753198623657227,33,-86.26332092285156,-2.6140401363372803,33,-88.12395477294922,-2.6704227924346924,33,-71.80802917480469,-2.3163881301879883,31,-83.21627807617188,-2.521705389022827,33,-88.01482391357422,-2.6671159267425537,33,1695
-59.04572296142578,-1.7366389036178589,34,-94.31071472167969,-2.7738444805145264,34,-83.72307586669922,-2.4624433517456055,34,-72.02043914794922,-2.0577268600463867,35,-75.68768310546875,-2.2261083126068115,34,-79.78096771240234,-2.346498966217041,34,1696
-79.44012451171875,-2.3364741802215576,34,-110.24287414550781,-3.2424373626708984,34,-106.46910858154297,-3.1314444541931152,34,-93.48446655273438,-2.032270908355713,46,-108.58619689941406,-3.193711757659912,34,-115.89158630371094,-3.408576011657715,34,1697
-85.13530731201172,-2.837843656539917,30,-100.64065551757812,-3.3546884059906006,30,-98.94779968261719,-3.298259973526001,30,-94.8321762084961,-2.3708043098449707,40,-110.09867095947266,-3.6699557304382324,30,-115.51976013183594,-3.850658655166626,30,1698
-42.63520812988281,-1.291975975036621,33,-96.54052734375,-2.9254705905914307,33,-67.89666748046875,-2.0574748516082764,33,-33.816986083984375,-1.4090410470962524,24,-95.88858032226562,-2.905714511871338,33,-106.23847961425781,-3.2193479537963867,33,1699
-41.4081916809082,-1.0617485046386719,39,-117.22474670410156,-3.005762815475464,39,-115.87886047363281,-2.971252918243408,39,-67.16981506347656,-2.7987422943115234,24,-113.49776458740234,-2.9101991653442383,39,-114.32377624511719,-2.9313788414001465,39,1700
-106.85559844970703,-2.3745689392089844,45,-156.06051635742188,-3.4680113792419434,45,-136.7433624267578,-3.03874135017395,45,-109.64370727539062,-3.045658588409424,36,-143.6962890625,-3.193250894546509,45,-130.2886962890625,-2.8953044414520264,45,1701
-62.95308303833008,-1.4640251398086548,43,-140.0948944091797,-3.2580208778381348,43,-124.32176208496094,-2.8912038803100586,43,-83.88583374023438,-2.796194553375244,30,-138.4001922607422,-3.218609094619751,43,-133.42088317871094,-3.102811336517334,43,1702
-69.79954528808594,-1.8864742517471313,37,-101.9905014038086,-2.756500005722046,37,-75.23977661132812,-2.0335075855255127,37,-68.485107421875,-1.8509488105773926,37,-107.52068328857422,-2.9059643745422363,37,-77.41259002685547,-2.0922322273254395,37,1703
-78.84574890136719,-2.021685838699341,39,-119.13642883300781,-3.0547802448272705,39,-123.44200134277344,-3.165179491043091,39,-107.5495834350586,-3.25907826423645,33,-127.73617553710938,-3.2752864360809326,39,-125.5262451171875,-3.2186217308044434,39,1704
-61.61305618286133,-1.9875179529190063,31,-97.27476501464844,-3.1378955841064453,31,-79.85403442382812,-2.5759365558624268,31,-136.75381469726562,-2.9729089736938477,46,-98.99168395996094,-3.1932802200317383,31,-90.17835998535156,-2.9089794158935547,31,1705
-70.81904602050781,-1.914028286933899,37,-70.7882080078125,-1.9131947755813599,37,-63.86408996582031,-1.726056456565857,37,-58.84520721435547,-1.7307413816452026,34,-84.84898376464844,-2.293215751647949,37,-89.98477172851562,-2.432020902633667,37,1706
-89.15594482421875,-3.429074764251709,26,-107.26287841796875,-4.125495433807373,26,-97.23500061035156,-3.739807605743408,26,-96.39403533935547,-2.2950961589813232,42,-112.97614288330078,-4.345236301422119,26,-110.9901123046875,-4.268850326538086,26,1707
-68.52342224121094,-1.7130855321884155,40,-72.24906921386719,-1.8062267303466797,40,-70.13153076171875,-1.7532882690429688,40,-72.16972351074219,-2.0047144889831543,36,-81.77581787109375,-2.0443954467773438,40,-77.6033935546875,-1.9400848150253296,40,1708
-108.7958984375,-4.029477596282959,27,-151.28933715820312,-5.60330867767334,27,-152.27423095703125,-5.639786243438721,27,-142.16006469726562,-2.961668014526367,48,-159.30133056640625,-5.900049209594727,27,-151.41558837890625,-5.60798454284668,27,1709
-116.50028991699219,-2.4270894527435303,48,-160.60325622558594,-3.3459012508392334,48,-120.95476531982422,-2.5198910236358643,48,-107.61392974853516,-2.624730110168457,41,-149.1104736328125,-3.1064682006835938,48,-129.07699584960938,-2.6891040802001953,48,1710
-63.28626251220703,-1.3184638023376465,48,-65.0133285522461,-1.3544443845748901,48,-46.51484680175781,-0.9690592885017395,48,-59.408897399902344,-1.2640191316604614,47,-75.50064849853516,-1.5729302167892456,48,-66.40892028808594,-1.383519172668457,48,1711
-97.23090362548828,-3.352789878845215,29,-86.41926574707031,-2.9799747467041016,29,-64.38146209716797,-2.22005033493042,29,-69.44711303710938,-2.314903736114502,30,-98.2789077758789,-3.388927936553955,29,-89.43478393554688,-3.083958148956299,29,1712
-49.85848617553711,-1.0838801860809326,46,-84.94830322265625,-1.846702218055725,46,-92.067626953125,-2.0014700889587402,46,-79.34551239013672,-1.7632336616516113,45,-100.96580505371094,-2.194908857345581,46,-103.64456939697266,-2.253142833709717,46,1713
-59.19451904296875,-2.192389488220215,27,-85.30341339111328,-3.1593856811523438,27,-87.67463684082031,-3.247208833694458,27,-41.74993133544922,-1.9880919456481934,21,-98.85753631591797,-3.6613903045654297,27,-99.26751708984375,-3.67657470703125,27,1714
-72.39082336425781,-1.9050216674804688,38,-76.82304382324219,-2.0216591358184814,38,-85.94490814208984,-2.2617080211639404,38,-55.056209564208984,-1.776006817817688,31,-80.34207153320312,-2.114264965057373,38,-87.99913787841797,-2.3157668113708496,38,1715
-75.47856140136719,-2.2199575901031494,34,-90.05558776855469,-2.648693799972534,34,-71.00993347167969,-2.0885274410247803,34,-89.72325134277344,-2.300596237182617,39,-100.34048461914062,-2.951190710067749,34,-107.16838073730469,-3.1520111560821533,34,1716
-78.71956634521484,-1.8742754459381104,42,-109.39961242675781,-2.604752779006958,42,-93.2540283203125,-2.220334053039551,42,-106.07239532470703,-2.4667999744415283,43,-129.19430541992188,-3.076054811477661,42,-102.93987274169922,-2.4509494304656982,42,1717
-110.92933654785156,-3.6976444721221924,30,-106.55450439453125,-3.551816701889038,30,-102.47549438476562,-3.4158499240875244,30,-110.79930114746094,-2.4622066020965576,45,-116.48722839355469,-3.8829076290130615,30,-105.50848388671875,-3.516949415206909,30,1718
-138.52845764160156,-3.011488199234009,46,-114.71910858154297,-2.493893623352051,46,-112.34332275390625,-2.442246198654175,46,-38.860572814941406,-1.4392805099487305,27,-142.802734375,-3.10440731048584,46,-129.95553588867188,-2.825120449066162,46,1719
-55.549381256103516,-1.9154958724975586,29,-93.8744125366211,-3.237048625946045,29,-98.49722290039062,-3.396456003189087,29,-115.54341888427734,-3.7272069454193115,31,-95.44563293457031,-3.291228771209717,29,-99.92363739013672,-3.4456427097320557,29,1720
-62.06963348388672,-2.298875331878662,27,-84.8855209350586,-3.1439082622528076,27,-78.29551696777344,-2.899833917617798,27,-95.4699478149414,-2.893028736114502,33,-104.57781219482422,-3.8732523918151855,27,-95.60828399658203,-3.5410475730895996,27,1721
-17.06536865234375,-0.43757355213165283,39,-93.43958282470703,-2.3958866596221924,39,-86.3161849975586,-2.21323561668396,39,-93.9834976196289,-1.8428137302398682,51,-95.31887817382812,-2.4440739154815674,39,-93.80316162109375,-2.4052093029022217,39,1722
-73.50142669677734,-2.0417063236236572,36,-136.14671325683594,-3.781853199005127,36,-122.90243530273438,-3.413956642150879,36,-118.93677520751953,-3.398193597793579,35,-149.05178833007812,-4.140327453613281,36,-124.81636810302734,-3.4671213626861572,36,1723
-105.2283935546875,-3.18873929977417,33,-110.50572967529297,-3.348658561706543,33,-89.98697662353516,-2.7268781661987305,33,-80.55075073242188,-2.0137686729431152,40,-107.389404296875,-3.2542243003845215,33,-94.03050231933594,-2.8494091033935547,33,1724
-55.51206970214844,-1.914209246635437,29,-59.69328308105469,-2.058389186859131,29,-56.787994384765625,-1.9582066535949707,29,-79.44804382324219,-1.937757134437561,41,-60.035465240478516,-2.070188522338867,29,-53.65117645263672,-1.8500405550003052,29,1725
-52.38639450073242,-1.540776252746582,34,-91.52733612060547,-2.6919803619384766,34,-78.35540008544922,-2.3045706748962402,34,-93.04427337646484,-2.3261067867279053,40,-97.63542175292969,-2.8716299533843994,34,-91.03229522705078,-2.6774203777313232,34,1726
-69.75489044189453,-1.5853384733200073,44,-133.70936584472656,-3.038849115371704,44,-144.64990234375,-3.2874977588653564,44,-115.6052474975586,-3.303007125854492,35,-143.0404510498047,-3.2509193420410156,44,-148.29833984375,-3.3704168796539307,44,1727
-78.03378295898438,-1.7340840101242065,45,-265.7659606933594,-5.905910015106201,45,-308.09869384765625,-6.846637725830078,45,-322.1103515625,-7.158007621765137,45,-272.72979736328125,-6.060662269592285,45,-308.8570556640625,-6.863490104675293,45,1728
-32.95966339111328,-1.4330288171768188,23,-45.17473602294922,-1.9641189575195312,23,-56.580665588378906,-2.460028886795044,23,-64.40657043457031,-1.6101642847061157,40,-48.426029205322266,-2.1054794788360596,23,-69.07461547851562,-3.003244161605835,23,1729
-98.42037200927734,-3.075636625289917,32,-120.70120239257812,-3.7719125747680664,32,-113.75830078125,-3.5549468994140625,32,-123.13886260986328,-3.3280773162841797,37,-105.03147888183594,-3.282233715057373,32,-116.73434448242188,-3.6479482650756836,32,1730
-86.53144836425781,-2.7041077613830566,32,-92.09014892578125,-2.877817153930664,32,-86.58411407470703,-2.7057535648345947,32,-62.52609634399414,-2.7185258865356445,23,-113.02609252929688,-3.5320653915405273,32,-107.2167739868164,-3.3505241870880127,32,1731
-54.485389709472656,-2.3689301013946533,23,-104.9488296508789,-4.562992572784424,23,-91.90383911132812,-3.995819091796875,23,-102.12313842773438,-2.5530784130096436,40,-88.87918853759766,-3.8643126487731934,23,-87.18416595458984,-3.7906157970428467,23,1732
-52.743858337402344,-1.352406620979309,39,-71.75137329101562,-1.8397787809371948,39,-43.734710693359375,-1.1214028596878052,39,-30.820505142211914,-0.7004660367965698,44,-90.17904663085938,-2.3122832775115967,39,-53.094154357910156,-1.3613885641098022,39,1733
-80.6759033203125,-2.6024484634399414,31,-83.55419158935547,-2.6952965259552,31,-81.31016540527344,-2.622908592224121,31,-72.59397888183594,-2.6886658668518066,27,-82.0396499633789,-2.646440267562866,31,-95.67859649658203,-3.0864062309265137,31,1734
-40.94600296020508,-1.2795625925064087,32,-108.13713836669922,-3.3792855739593506,32,-106.83759307861328,-3.338674783706665,32,-73.7762451171875,-2.837547779083252,26,-109.02714538574219,-3.4070982933044434,32,-102.24761199951172,-3.195237874984741,32,1735
-17.606889724731445,-0.5502153038978577,32,-68.7647476196289,-2.1488983631134033,32,-77.77159118652344,-2.4303622245788574,32,-66.72578430175781,-2.0851807594299316,32,-69.74856567382812,-2.179642677307129,32,-68.7517318725586,-2.148491621017456,32,1736
-113.30901336669922,-2.4632394313812256,46,-128.44125366210938,-2.792201280593872,46,-135.74366760253906,-2.950949192047119,46,-117.02127075195312,-2.854177236557007,41,-127.40381622314453,-2.7696480751037598,46,-154.37045288085938,-3.355879306793213,46,1737
-122.27265930175781,-2.717170238494873,45,-108.11994934082031,-2.402665615081787,45,-93.7048568725586,-2.0823302268981934,45,-90.83392333984375,-2.018531560897827,45,-113.8031005859375,-2.5289578437805176,45,-100.867431640625,-2.2414984703063965,45,1738
-98.31161499023438,-2.2343549728393555,44,-144.86387634277344,-3.292360782623291,44,-142.87588500976562,-3.2471792697906494,44,-67.9400863647461,-2.342761516571045,29,-149.01890563964844,-3.386793375015259,44,-146.92034912109375,-3.3390989303588867,44,1739
-79.24017333984375,-1.5238494873046875,52,-124.02684020996094,-2.385131597518921,52,-110.02569580078125,-2.1158788204193115,52,-31.603012084960938,-0.8778614401817322,36,-135.83547973632812,-2.6122207641601562,52,-119.42677307128906,-2.296668767929077,52,1740
-34.824501037597656,-0.9164342284202576,38,-73.73994445800781,-1.9405248165130615,38,-78.91354370117188,-2.076672315597534,38,-71.33367919921875,-1.4861183166503906,48,-62.88384246826172,-1.654837965965271,38,-100.95950317382812,-2.6568291187286377,38,1741
-27.45732879638672,-0.7420899868011475,37,-78.79853820800781,-2.129690170288086,37,-80.21148681640625,-2.1678779125213623,37,-77.66862487792969,-2.099152088165283,37,-93.14161682128906,-2.517340898513794,37,-77.78227233886719,-2.1022236347198486,37,1742
-82.70075988769531,-2.6677663326263428,31,-101.0760498046875,-3.2605178356170654,31,-117.06214141845703,-3.776198148727417,31,-66.52876281738281,-3.69604229927063,18,-115.45184326171875,-3.724252939224243,31,-113.14228820800781,-3.6497511863708496,31,1743
-73.78561401367188,-1.8446403741836548,40,-109.40261840820312,-2.735065460205078,40,-79.629150390625,-1.990728735923767,40,-70.91773223876953,-2.0262210369110107,35,-76.683349609375,-1.917083740234375,40,-79.74610900878906,-1.9936527013778687,40,1744
-46.79611587524414,-1.0635480880737305,44,-143.43231201171875,-3.2598252296447754,44,-143.2487030029297,-3.25565242767334,44,-92.48885345458984,-3.0829617977142334,30,-141.1070098876953,-3.206977605819702,44,-144.13168334960938,-3.2757201194763184,44,1745
-74.53897094726562,-2.404482841491699,31,-97.44261932373047,-3.143310308456421,31,-92.93795776367188,-2.9979987144470215,31,-54.265811920166016,-2.1706323623657227,25,-79.54472351074219,-2.5659587383270264,31,-89.90519714355469,-2.90016770362854,31,1746
-142.2577667236328,-2.903219699859619,49,-127.24407958984375,-2.596817970275879,49,-135.77281188964844,-2.770873785018921,49,-53.57275390625,-1.8473362922668457,29,-139.38021850585938,-2.844494342803955,49,-113.95075988769531,-2.3255257606506348,49,1747
-113.94151306152344,-2.1498398780822754,53,-122.8580093383789,-2.318075656890869,53,-128.22097778320312,-2.4192638397216797,53,-38.20556640625,-2.01081919670105,19,-146.75527954101562,-2.768967628479004,53,-145.2457275390625,-2.740485429763794,53,1748
-77.33325958251953,-2.974356174468994,26,-97.92145538330078,-3.766209840774536,26,-80.84844970703125,-3.109555721282959,26,-76.56147003173828,-2.32004451751709,33,-105.8663330078125,-4.071782112121582,26,-94.2611083984375,-3.62542724609375,26,1749
-102.16549682617188,-2.5541374683380127,40,-97.91316223144531,-2.447829008102417,40,-106.08975219726562,-2.6522438526153564,40,-90.3808822631836,-2.4427266120910645,37,-110.99390411376953,-2.7748475074768066,40,-108.36585235595703,-2.70914626121521,40,1750
-65.12608337402344,-1.415784478187561,46,-122.53268432617188,-2.6637539863586426,46,-154.97479248046875,-3.3690171241760254,46,-82.23867797851562,-2.9370956420898438,28,-146.20362854003906,-3.178339719772339,46,-162.09609985351562,-3.5238282680511475,46,1751
-20.104461669921875,-0.5584572553634644,36,-119.56936645507812,-3.32137131690979,36,-114.53611755371094,-3.181558847427368,36,-145.68360900878906,-3.310991048812866,44,-117.8257064819336,-3.2729363441467285,36,-127.67583465576172,-3.546550989151001,36,1752
-77.1990966796875,-1.8829047679901123,41,-118.15583801269531,-2.881849765777588,41,-111.80506134033203,-2.7269527912139893,41,-75.16217041015625,-2.6843631267547607,28,-136.65443420410156,-3.3330349922180176,41,-123.15022277832031,-3.003664016723633,41,1753
-94.26222229003906,-3.770488977432251,25,-122.17154693603516,-4.886861801147461,25,-107.38264465332031,-4.2953057289123535,25,-120.81884765625,-2.8766391277313232,42,-114.52828979492188,-4.581131458282471,25,-111.7463607788086,-4.469854354858398,25,1754
-119.9884033203125,-2.926546335220337,41,-109.91332244873047,-2.6808128356933594,41,-82.25244140625,-2.006157159805298,41,-53.426265716552734,-1.57136070728302,34,-102.56082916259766,-2.501483678817749,41,-89.93363189697266,-2.1935031414031982,41,1755
-142.75030517578125,-2.5043914318084717,57,-128.95162963867188,-2.2623093128204346,57,-89.50169372558594,-1.5702052116394043,57,-55.17018127441406,-0.8487720489501953,65,-174.51516723632812,-3.0616695880889893,57,-157.99937438964844,-2.771918773651123,57,1756
-64.3021240234375,-1.5683444738388062,41,-62.31537628173828,-1.5198872089385986,41,-54.58090591430664,-1.3312416076660156,41,-46.8983154296875,-1.116626501083374,42,-87.99046325683594,-2.146108865737915,41,-84.55166625976562,-2.0622358322143555,41,1757
-82.24974822998047,-1.8693124055862427,44,-104.76097869873047,-2.3809313774108887,44,-87.58004760742188,-1.9904556274414062,44,-80.7665786743164,-1.7184377908706665,47,-119.6927719116211,-2.720290184020996,44,-112.37937927246094,-2.554076910018921,44,1758
-106.13250732421875,-2.122650146484375,50,-122.69218444824219,-2.453843593597412,50,-88.81556701660156,-1.7763113975524902,50,-40.877288818359375,-1.5722033977508545,26,-128.01065063476562,-2.560213088989258,50,-126.52522277832031,-2.5305044651031494,50,1759
-102.91448211669922,-2.5101094245910645,41,-91.78253173828125,-2.238598346710205,41,-71.32064819335938,-1.7395280599594116,41,-59.531593322753906,-1.5264511108398438,39,-95.85050964355469,-2.3378171920776367,41,-95.96319580078125,-2.3405656814575195,41,1760
-86.31771850585938,-2.976473093032837,29,-99.24175262451172,-3.4221293926239014,29,-101.16665649414062,-3.4885053634643555,29,-92.0268783569336,-2.875839948654175,32,-114.19392395019531,-3.9377214908599854,29,-107.2625961303711,-3.6987102031707764,29,1761
-52.468196868896484,-1.8738641738891602,28,-99.92363739013672,-3.5687012672424316,28,-94.12039184570312,-3.3614425659179688,28,-76.80278778076172,-3.339251756668091,23,-120.01522827148438,-4.286258220672607,28,-104.9158935546875,-3.7469961643218994,28,1762
-90.72400665283203,-1.9722610712051392,46,-110.64813995361328,-2.4053943157196045,46,-121.44869232177734,-2.6401889324188232,46,-68.87445831298828,-2.22175669670105,31,-107.10073852539062,-2.3282768726348877,46,-113.41020202636719,-2.4654390811920166,46,1763
-38.462772369384766,-1.479337453842163,26,-98.54466247558594,-3.7901792526245117,26,-88.897216796875,-3.419123649597168,26,-104.87837982177734,-2.6891891956329346,39,-81.55207824707031,-3.1366183757781982,26,-102.68527221679688,-3.9494335651397705,26,1764
-20.509918212890625,-0.4363812506198883,47,-52.76525115966797,-1.1226649284362793,47,-53.07741165161133,-1.129306674003601,47,-47.97341537475586,-1.0207109451293945,47,-76.35822296142578,-1.624643087387085,47,-83.1436538696289,-1.7690138816833496,47,1765
-104.9388427734375,-3.3851239681243896,31,-107.89473724365234,-3.480475425720215,31,-105.09903717041016,-3.390291452407837,31,-115.56584167480469,-2.7515676021575928,42,-102.54981994628906,-3.308058738708496,31,-103.50833129882812,-3.3389785289764404,31,1766
-47.286895751953125,-1.525383710861206,31,-53.54875183105469,-1.7273790836334229,31,-47.846805572509766,-1.543445348739624,31,-56.21121597290039,-1.3383623361587524,42,-68.55001831054688,-2.2112908363342285,31,-64.62498474121094,-2.08467698097229,31,1767
-53.999759674072266,-1.3846092224121094,39,-71.56271362304688,-1.8349413871765137,39,-66.02047729492188,-1.6928327083587646,39,-54.11025619506836,-1.5460072755813599,35,-88.69361877441406,-2.274195432662964,39,-81.54905700683594,-2.091001510620117,39,1768
-85.37622833251953,-2.6680071353912354,32,-101.14320373535156,-3.1607251167297363,32,-92.34832000732422,-2.885885000228882,32,-78.76288604736328,-2.812960147857666,28,-121.45415496826172,-3.7954423427581787,32,-118.91645812988281,-3.716139316558838,32,1769
-113.11164855957031,-2.458948850631714,46,-129.3741455078125,-2.81248140335083,46,-131.68385314941406,-2.862692356109619,46,-56.783504486083984,-2.183980941772461,26,-141.58148193359375,-3.0778582096099854,46,-129.89767456054688,-2.8238625526428223,46,1770
-57.66960144042969,-1.9886069297790527,29,-93.21223449707031,-3.214215040206909,29,-89.57528686523438,-3.0888030529022217,29,-73.0556411743164,-2.8098323345184326,26,-94.16595458984375,-3.2471017837524414,29,-106.89006042480469,-3.685864210128784,29,1771
-49.938392639160156,-1.4268112182617188,35,-86.10443115234375,-2.4601266384124756,35,-89.13909912109375,-2.5468313694000244,35,-84.38908386230469,-2.6371588706970215,32,-99.27517700195312,-2.8364336490631104,35,-112.99127197265625,-3.2283220291137695,35,1772
-58.96491241455078,-1.9654971361160278,30,-105.7701416015625,-3.5256714820861816,30,-113.66656494140625,-3.7888855934143066,30,-120.87832641601562,-2.518298387527466,48,-120.8070297241211,-4.026900768280029,30,-123.7464599609375,-4.124882221221924,30,1773
-68.14116668701172,-2.0041520595550537,34,-102.24516296386719,-3.0072107315063477,34,-90.86955261230469,-2.6726338863372803,34,-58.383506774902344,-2.0132243633270264,29,-115.96895599365234,-3.4108517169952393,34,-110.20802307128906,-3.241412401199341,34,1774
-72.419921875,-2.785381555557251,26,-76.93370819091797,-2.958988666534424,26,-78.62279510498047,-3.023953676223755,26,-115.3147201538086,-2.6817376613616943,43,-91.85836791992188,-3.5330140590667725,26,-83.00630187988281,-3.1925501823425293,26,1775
-67.20885467529297,-2.0366320610046387,33,-104.40828704833984,-3.1638875007629395,33,-142.096923828125,-4.305967330932617,33,-116.73575592041016,-3.8911919593811035,30,-123.912109375,-3.7549123764038086,33,-141.64151000976562,-4.2921671867370605,33,1776
-80.48868560791016,-1.829288363456726,44,-106.41314697265625,-2.418480634689331,44,-97.21656799316406,-2.2094674110412598,44,-107.45349884033203,-2.3878555297851562,45,-147.4649658203125,-3.3514764308929443,44,-145.58197021484375,-3.3086812496185303,44,1777
-89.58927154541016,-2.1851041316986084,41,-139.3243408203125,-3.3981547355651855,41,-127.14337921142578,-3.101058006286621,41,-140.79205322265625,-3.433952569961548,41,-131.09178161621094,-3.1973605155944824,41,-140.8235626220703,-3.434720993041992,41,1778
-100.51567077636719,-2.8718762397766113,35,-104.29940032958984,-2.979982852935791,35,-82.60272216796875,-2.3600778579711914,35,-68.22408294677734,-2.2741360664367676,30,-131.59576416015625,-3.7598788738250732,35,-100.85478210449219,-2.8815650939941406,35,1779
-104.71001434326172,-2.3268892765045166,45,-92.87100219726562,-2.063800096511841,45,-90.22958374023438,-2.0051019191741943,45,-87.59487915039062,-2.037090301513672,43,-130.055419921875,-2.890120506286621,45,-129.202392578125,-2.871164321899414,45,1780
-53.557220458984375,-0.9918003678321838,54,-141.23782348632812,-2.6155152320861816,54,-156.57101440429688,-2.899463176727295,54,-68.98408508300781,-1.8153706789016724,38,-149.1639404296875,-2.7622952461242676,54,-148.98828125,-2.759042263031006,54,1781
-135.26101684570312,-3.9782652854919434,34,-111.39987182617188,-3.2764668464660645,34,-118.52542114257812,-3.486041784286499,34,-87.23287963867188,-3.008030414581299,29,-133.82516479492188,-3.9360342025756836,34,-126.3242416381836,-3.715418815612793,34,1782
-62.00657653808594,-1.3479690551757812,46,-133.3981475830078,-2.8999598026275635,46,-145.5322265625,-3.1637439727783203,46,-99.07062530517578,-2.913841962814331,34,-134.15077209472656,-2.916321039199829,46,-124.7913818359375,-2.7128560543060303,46,1783
-126.70045471191406,-3.3342225551605225,38,-99.4261474609375,-2.6164774894714355,38,-73.69850158691406,-1.939434289932251,38,-61.37669372558594,-1.5737613439559937,39,-91.90628051757812,-2.418586254119873,38,-94.99755859375,-2.4999358654022217,38,1784
-45.41498565673828,-1.6820365190505981,27,-59.39278030395508,-2.199732542037964,27,-51.47719955444336,-1.9065629243850708,27,-46.33940887451172,-1.18818998336792,39,-79.57801818847656,-2.947334051132202,27,-62.79445266723633,-2.3257205486297607,27,1785
-156.76986694335938,-3.4837749004364014,45,-136.24322509765625,-3.0276272296905518,45,-117.83596801757812,-2.618577003479004,45,-96.72945404052734,-2.5455119609832764,38,-174.41879272460938,-3.8759732246398926,45,-150.1273193359375,-3.336162567138672,45,1786
-160.60162353515625,-3.41705584526062,47,-159.5489959716797,-3.3946595191955566,47,-152.50814819335938,-3.244854211807251,47,-76.82512664794922,-2.400785207748413,32,-165.4125213623047,-3.5194153785705566,47,-162.12112426757812,-3.449385643005371,47,1787
-80.37612915039062,-1.9603934288024902,41,-91.17024230957031,-2.2236645221710205,41,-101.07862854003906,-2.465332508087158,41,-71.50032043457031,-2.1029505729675293,34,-81.16607666015625,-1.9796603918075562,41,-84.38418579101562,-2.0581507682800293,41,1788
-78.81991577148438,-2.4631223678588867,32,-106.40845489501953,-3.3252642154693604,32,-89.72244262695312,-2.803826332092285,32,-94.44548034667969,-2.0094783306121826,47,-128.242919921875,-4.007591247558594,32,-81.18225860595703,-2.5369455814361572,32,1789
-116.89068603515625,-4.030713081359863,29,-70.98275756835938,-2.447681188583374,29,-94.9187240600586,-3.273059368133545,29,-126.58982849121094,-3.164745807647705,40,-84.72169494628906,-2.9214377403259277,29,-96.69866943359375,-3.3344368934631348,29,1790
-23.711702346801758,-0.6586583852767944,36,-104.85540008544922,-2.9126501083374023,36,-108.47502136230469,-3.013195037841797,36,-105.16161346435547,-3.39231014251709,31,-111.81214904785156,-3.105893135070801,36,-113.9646987915039,-3.1656861305236816,36,1791
-43.3955078125,-1.1127053499221802,39,-108.63326263427734,-2.785468339920044,39,-88.71977996826172,-2.2748661041259766,39,-64.64390563964844,-1.3754022121429443,47,-99.67805480957031,-2.555847644805908,39,-94.01378631591797,-2.4106099605560303,39,1792
-73.10804748535156,-1.8745653629302979,39,-75.81723022460938,-1.9440315961837769,39,-91.6301498413086,-2.3494911193847656,39,-98.79134368896484,-2.352174758911133,42,-78.669921875,-2.0171775817871094,39,-83.7265625,-2.1468348503112793,39,1793
-12.828194618225098,-0.2788738012313843,46,-138.8470001220703,-3.0184130668640137,46,-147.23391723632812,-3.200737237930298,46,-124.82936096191406,-3.1207339763641357,40,-138.72146606445312,-3.015684127807617,46,-163.12098693847656,-3.5461084842681885,46,1794
-105.13334655761719,-2.6957268714904785,39,-138.3700408935547,-3.54794979095459,39,-116.96021270751953,-2.9989798069000244,39,-104.89698028564453,-3.88507342338562,27,-140.94189453125,-3.6138947010040283,39,-109.6584701538086,-2.811755657196045,39,1795
-63.44492721557617,-2.7584750652313232,23,-77.65373992919922,-3.3762495517730713,23,-76.05948638916016,-3.306934118270874,23,-80.6272201538086,-3.3594675064086914,24,-73.68114471435547,-3.2035279273986816,23,-75.8046646118164,-3.2958550453186035,23,1796
-63.92910385131836,-1.9977844953536987,32,-62.13212585449219,-1.9416289329528809,32,-80.95634460449219,-2.529885768890381,32,-88.93978881835938,-2.6951451301574707,33,-70.06035614013672,-2.1893861293792725,32,-73.2847900390625,-2.290149688720703,32,1797
-79.2601089477539,-2.9355595111846924,27,-73.51959228515625,-2.722947835922241,27,-72.72557067871094,-2.693539619445801,27,-68.59292602539062,-2.212675094604492,31,-82.34356689453125,-3.0497617721557617,27,-88.83000183105469,-3.2899999618530273,27,1798
-97.49235534667969,-2.074305534362793,47,-160.4755401611328,-3.4143731594085693,47,-154.11474609375,-3.2790372371673584,47,-57.887752532958984,-2.894387722015381,20,-167.83470153808594,-3.570950984954834,47,-166.91311645507812,-3.5513429641723633,47,1799
-75.31000518798828,-2.2150001525878906,34,-89.23358917236328,-2.6245174407958984,34,-70.06063079833984,-2.0606067180633545,34,-59.46949768066406,-1.858421802520752,32,-107.36968994140625,-3.1579320430755615,34,-76.46678161621094,-2.249022960662842,34,1800
-61.70161437988281,-1.2592166662216187,49,-106.8407211303711,-2.180422782897949,49,-124.2007064819336,-2.534708261489868,49,-56.938995361328125,-1.6746762990951538,34,-110.84658813476562,-2.2621753215789795,49,-139.41299438476562,-2.845163106918335,49,1801
-30.290559768676758,-0.8414044380187988,36,-97.86460876464844,-2.718461275100708,36,-115.923583984375,-3.220099449157715,36,-53.68014907836914,-2.236672878265381,24,-98.32188415527344,-2.731163501739502,36,-102.90602111816406,-2.8585004806518555,36,1802
-95.44902038574219,-2.807324171066284,34,-188.51861572265625,-5.544665336608887,34,-209.76602172851562,-6.169589042663574,34,-289.2931213378906,-6.288980960845947,46,-192.423095703125,-5.659502983093262,34,-206.78201293945312,-6.081823825836182,34,1803
-88.57176208496094,-3.4066061973571777,26,-77.52978515625,-2.981914758682251,26,-65.53163146972656,-2.520447254180908,26,-57.107337951660156,-1.7846043109893799,32,-85.47439575195312,-3.2874767780303955,26,-66.40321350097656,-2.5539698600769043,26,1804
-94.39738464355469,-3.9332244396209717,24,-84.52177429199219,-3.521740674972534,24,-73.46139526367188,-3.0608913898468018,24,-54.983367919921875,-2.8938615322113037,19,-84.54920196533203,-3.522883415222168,24,-76.27066040039062,-3.1779441833496094,24,1805
-80.40101623535156,-2.2971718311309814,35,-66.42073822021484,-1.897735357284546,35,-66.4840087890625,-1.8995431661605835,35,-72.60110473632812,-1.8615667819976807,39,-77.05182647705078,-2.2014808654785156,35,-76.34290313720703,-2.1812257766723633,35,1806
-56.63054656982422,-1.4902775287628174,38,-79.67341613769531,-2.0966689586639404,38,-72.68424224853516,-1.9127432107925415,38,-62.90473175048828,-1.534261703491211,41,-78.24617767333984,-2.059109926223755,38,-73.49983215332031,-1.9342061281204224,38,1807
-105.8565673828125,-2.4058310985565186,44,-113.75476837158203,-2.5853357315063477,44,-87.61038208007812,-1.9911450147628784,44,-59.63639831542969,-1.7038971185684204,35,-123.77501678466797,-2.8130686283111572,44,-102.01468658447266,-2.3185155391693115,44,1808
-78.5386962890625,-2.9088406562805176,27,-102.75846862792969,-3.8058691024780273,27,-99.30059814453125,-3.677799940109253,27,-95.63792419433594,-3.415640115737915,28,-115.39185333251953,-4.273772239685059,27,-105.71235656738281,-3.9152724742889404,27,1809
-109.40585327148438,-2.7351462841033936,40,-155.63308715820312,-3.890827178955078,40,-141.29974365234375,-3.5324935913085938,40,-182.25872802734375,-3.0891308784484863,59,-157.4784698486328,-3.9369616508483887,40,-140.34115600585938,-3.5085289478302,40,1810
-90.90631103515625,-3.134700298309326,29,-95.32710266113281,-3.2871415615081787,29,-102.98894500732422,-3.5513429641723633,29,-78.97373962402344,-3.158949613571167,25,-106.41273498535156,-3.6694047451019287,29,-104.94274139404297,-3.618715286254883,29,1811
-112.66136932373047,-2.8887531757354736,39,-109.53499603271484,-2.8085896968841553,39,-113.72571563720703,-2.916043996810913,39,-114.12438201904297,-3.170121669769287,36,-109.39229583740234,-2.8049306869506836,39,-108.5521011352539,-2.7833871841430664,39,1812
-138.71153259277344,-2.8898236751556396,48,-129.03109741210938,-2.688147783279419,48,-118.32975769042969,-2.465203285217285,48,-56.95922088623047,-1.6752711534500122,34,-132.0557861328125,-2.75116229057312,48,-131.6154327392578,-2.741988182067871,48,1813
-63.69349670410156,-2.359018325805664,27,-95.23968505859375,-3.527395725250244,27,-95.017822265625,-3.519178628921509,27,-35.022003173828125,-1.945666790008545,18,-98.83018493652344,-3.660377264022827,27,-87.53079223632812,-3.2418811321258545,27,1814
-75.10342407226562,-1.5327229499816895,49,-122.38345336914062,-2.497621536254883,49,-121.23948669433594,-2.4742753505706787,49,-61.73146057128906,-1.7637560367584229,35,-139.81910705566406,-2.8534512519836426,49,-134.3785858154297,-2.742420196533203,49,1815
-85.78414916992188,-1.7871698141098022,48,-81.26823425292969,-1.693088173866272,48,-72.3559799194336,-1.5074162483215332,48,-77.29316711425781,-1.515552282333374,51,-92.23248291015625,-1.921510100364685,48,-89.28108215332031,-1.8600225448608398,48,1816
-136.8086700439453,-3.4202167987823486,40,-119.00071716308594,-2.97501802444458,40,-92.0140380859375,-2.3003509044647217,40,-57.05734634399414,-1.9019114971160889,30,-119.39724731445312,-2.984931230545044,40,-102.33724975585938,-2.5584311485290527,40,1817
-120.2968521118164,-2.6732633113861084,45,-120.87258911132812,-2.6860575675964355,45,-99.1418685913086,-2.203152656555176,45,-78.53995513916016,-2.7082743644714355,29,-137.85040283203125,-3.063342332839966,45,-123.25825500488281,-2.739072322845459,45,1818
-45.75157928466797,-1.5776406526565552,29,-95.87797546386719,-3.3061370849609375,29,-81.1883773803711,-2.7995991706848145,29,-109.16827392578125,-2.3227293491363525,47,-99.77957916259766,-3.4406752586364746,29,-81.42710876464844,-2.807831287384033,29,1819
-100.41485595703125,-3.586244821548462,28,-83.07334899902344,-2.966905355453491,28,-79.9934310913086,-2.8569083213806152,28,-78.875,-2.719827651977539,29,-79.21827697753906,-2.829224109649658,28,-78.09828186035156,-2.78922438621521,28,1820
-45.36683654785156,-1.7448782920837402,26,-67.28838348388672,-2.588014841079712,26,-57.00789260864258,-2.1926112174987793,26,-47.849098205566406,-1.4952843189239502,32,-69.509033203125,-2.673424243927002,26,-67.89875030517578,-2.611490488052368,26,1821
-65.5503921508789,-2.2603583335876465,29,-71.67008209228516,-2.4713821411132812,29,-83.65491485595703,-2.8846521377563477,29,-70.57044982910156,-2.016298532485962,35,-72.13339233398438,-2.487358331680298,29,-76.10624694824219,-2.6243534088134766,29,1822
-84.15375518798828,-2.8051252365112305,30,-109.56048583984375,-3.6520161628723145,30,-92.5582275390625,-3.0852742195129395,30,-93.7564468383789,-3.472460985183716,27,-100.01325988769531,-3.333775281906128,30,-102.48344421386719,-3.4161148071289062,30,1823
-92.46112823486328,-2.2551493644714355,41,-108.74342346191406,-2.6522786617279053,41,-113.81838989257812,-2.7760581970214844,41,-114.86689758300781,-2.8716723918914795,40,-129.8258819580078,-3.166484832763672,41,-146.76910400390625,-3.5797343254089355,41,1824
-105.32809448242188,-2.9257802963256836,36,-77.59153747558594,-2.155320405960083,36,-75.65266418457031,-2.1014628410339355,36,-76.15083312988281,-1.8573373556137085,41,-77.32403564453125,-2.1478898525238037,36,-75.76729583740234,-2.104647159576416,36,1825
-32.200599670410156,-0.805014967918396,40,-57.03825759887695,-1.4259564876556396,40,-55.859840393066406,-1.396496057510376,40,-46.5791015625,-1.1090261936187744,42,-69.6077880859375,-1.7401946783065796,40,-67.59223937988281,-1.6898059844970703,40,1826
-72.47761535644531,-1.8584003448486328,39,-97.85118103027344,-2.509004592895508,39,-83.65061950683594,-2.144887685775757,39,-82.218505859375,-2.163644790649414,38,-99.81297302246094,-2.559307098388672,39,-102.40489959716797,-2.6257667541503906,39,1827
-93.19259643554688,-2.025926113128662,46,-131.89707946777344,-2.867327928543091,46,-136.75706481933594,-2.972979784011841,46,-76.2403793334961,-2.6289784908294678,29,-135.70619201660156,-2.950134515762329,46,-143.5901641845703,-3.121525287628174,46,1828
-86.12333679199219,-2.6097981929779053,33,-62.50812530517578,-1.8941856622695923,33,-54.41489791870117,-1.6489362716674805,33,-31.917673110961914,-0.7599446177482605,42,-68.16160583496094,-2.0655031204223633,33,-68.5873031616211,-2.0784032344818115,33,1829
-107.01863098144531,-2.2295548915863037,48,-156.60693359375,-3.2626445293426514,48,-143.93331909179688,-2.998610734939575,48,-124.12117004394531,-2.8865387439727783,43,-161.92300415039062,-3.3733959197998047,48,-139.81307983398438,-2.9127724170684814,48,1830
-92.9461669921875,-2.16153883934021,43,-123.52394104003906,-2.872649908065796,43,-122.64289855957031,-2.8521604537963867,43,-109.66802215576172,-3.0463340282440186,36,-117.7929458618164,-2.739370822906494,43,-113.45803833007812,-2.638559103012085,43,1831
-49.22483825683594,-0.9651929140090942,51,-115.04622650146484,-2.2558083534240723,51,-115.66552734375,-2.267951488494873,51,-108.88874816894531,-2.01645827293396,54,-118.62709045410156,-2.326021432876587,51,-115.27379608154297,-2.260270595550537,51,1832
-47.01416778564453,-1.0933527946472168,43,-99.11272430419922,-2.3049471378326416,43,-115.99300384521484,-2.697511672973633,43,-68.22089385986328,-2.200674057006836,31,-104.24996948242188,-2.4244179725646973,43,-109.36341857910156,-2.543335199356079,43,1833
-86.01527404785156,-2.4575793743133545,35,-82.86357116699219,-2.367530584335327,35,-78.82278442382812,-2.252079486846924,35,-50.51449966430664,-1.7418793439865112,29,-94.92381286621094,-2.712108850479126,35,-84.81855773925781,-2.423387289047241,35,1834
-95.46992492675781,-2.9834351539611816,32,-83.2873764038086,-2.6027305126190186,32,-85.8131332397461,-2.6816604137420654,32,-70.61160278320312,-2.434882879257202,29,-102.78384399414062,-3.2119951248168945,32,-92.03190612792969,-2.8759970664978027,32,1835
-64.63249969482422,-1.7953472137451172,36,-75.45317077636719,-2.095921516418457,36,-89.20245361328125,-2.4778459072113037,36,-85.60330200195312,-2.3778696060180664,36,-104.86602783203125,-2.91294527053833,36,-90.72238159179688,-2.520066261291504,36,1836
-114.9976806640625,-2.8749420642852783,40,-96.260498046875,-2.406512498855591,40,-87.55204010009766,-2.1888010501861572,40,-82.81312561035156,-2.0703282356262207,40,-95.6905288696289,-2.392263174057007,40,-99.79553985595703,-2.4948885440826416,40,1837
-114.24440002441406,-2.7864487171173096,41,-92.18759155273438,-2.2484779357910156,41,-99.59487915039062,-2.4291434288024902,41,-74.17688751220703,-2.649174451828003,28,-119.13663482666016,-2.905771493911743,41,-99.7651596069336,-2.4332966804504395,41,1838
-49.38607406616211,-1.9754430055618286,25,-83.77251434326172,-3.350900650024414,25,-71.91338348388672,-2.876535415649414,25,-74.32967376708984,-2.97318696975708,25,-89.05577087402344,-3.5622308254241943,25,-83.2283706665039,-3.329134941101074,25,1839
-153.27691650390625,-3.831923007965088,40,-120.41036987304688,-3.0102591514587402,40,-99.67871856689453,-2.4919679164886475,40,-61.01667785644531,-1.906771183013916,32,-145.0517120361328,-3.6262927055358887,40,-132.4243621826172,-3.3106091022491455,40,1840
-105.57722473144531,-3.0164921283721924,35,-86.3199462890625,-2.4662842750549316,35,-96.20172119140625,-2.7486205101013184,35,-65.45256805419922,-2.3375916481018066,28,-82.31901550292969,-2.3519718647003174,35,-95.22605895996094,-2.7207446098327637,35,1841
-101.2073745727539,-3.373579263687134,30,-77.80686950683594,-2.593562364578247,30,-67.9571762084961,-2.2652392387390137,30,-65.47636413574219,-2.3384416103363037,28,-74.65071105957031,-2.4883570671081543,30,-65.55070495605469,-2.185023546218872,30,1842
-126.23420715332031,-2.8689591884613037,44,-179.6787872314453,-4.083608627319336,44,-161.15274047851562,-3.662562370300293,44,-67.93923950195312,-2.264641284942627,30,-175.26266479492188,-3.9832422733306885,44,-146.51968383789062,-3.3299927711486816,44,1843
-102.37926483154297,-2.3268015384674072,44,-103.3823471069336,-2.3495988845825195,44,-122.02227783203125,-2.773233652114868,44,-93.76142120361328,-2.534092426300049,37,-110.38700866699219,-2.508795738220215,44,-124.83857727050781,-2.83724045753479,44,1844
-37.67281723022461,-0.9913899302482605,38,-87.56118774414062,-2.304241895675659,38,-89.51609802246094,-2.355686902999878,38,-38.911109924316406,-1.3417624235153198,29,-85.12979125976562,-2.240257740020752,38,-89.69822692871094,-2.3604795932769775,38,1845
-25.94693946838379,-0.9266763925552368,28,-72.4112319946289,-2.5861153602600098,28,-57.65000915527344,-2.058928966522217,28,-41.53809356689453,-1.661523699760437,25,-69.20487976074219,-2.4716029167175293,28,-57.86083984375,-2.0664584636688232,28,1846
-69.41432189941406,-1.6930322647094727,41,-101.57106018066406,-2.4773428440093994,41,-115.9688491821289,-2.8285086154937744,41,-43.65868377685547,-1.6169883012771606,27,-99.49153900146484,-2.4266228675842285,41,-114.06602478027344,-2.7820980548858643,41,1847
-74.68431854248047,-3.111846685409546,24,-56.046180725097656,-2.3352575302124023,24,-61.718040466308594,-2.571584939956665,24,-65.600830078125,-2.0500259399414062,32,-58.32347869873047,-2.430145025253296,24,-73.47029113769531,-3.0612621307373047,24,1848
-115.97657775878906,-2.697129726409912,43,-137.58328247070312,-3.199611186981201,43,-129.99819946289062,-3.0232138633728027,43,-89.05928039550781,-2.783102512359619,32,-139.7684326171875,-3.2504286766052246,43,-124.434326171875,-2.8938214778900146,43,1849
-38.243621826171875,-1.274787425994873,30,-65.64793395996094,-2.1882643699645996,30,-74.01236724853516,-2.467078924179077,30,-60.946922302246094,-1.6038663387298584,38,-65.99822998046875,-2.1999409198760986,30,-62.29127883911133,-2.076375961303711,30,1850
-37.19041442871094,-1.7709721326828003,21,-72.26687622070312,-3.441279888153076,21,-97.27688598632812,-4.632232666015625,21,-170.7397918701172,-4.06523323059082,42,-64.176513671875,-3.0560245513916016,21,-102.43928527832031,-4.878061294555664,21,1851
-101.77730560302734,-3.1805408000946045,32,-112.37849426269531,-3.5118279457092285,32,-98.2585678100586,-3.070580244064331,32,-95.64781188964844,-2.7327945232391357,35,-102.9957275390625,-3.218616485595703,32,-92.78364562988281,-2.899488925933838,32,1852
-75.93588256835938,-1.9983127117156982,38,-137.78228759765625,-3.625849723815918,38,-95.954833984375,-2.5251271724700928,38,-86.15599822998047,-2.4616000652313232,35,-127.2595443725586,-3.34893536567688,38,-89.84400177001953,-2.3643157482147217,38,1853
-81.61689758300781,-2.550528049468994,32,-119.66134643554688,-3.73941707611084,32,-118.38642883300781,-3.699575901031494,32,-65.64707946777344,-3.126051425933838,21,-143.82736206054688,-4.49460506439209,32,-115.95542907714844,-3.6236071586608887,32,1854
-99.54664611816406,-2.7651846408843994,36,-128.3489990234375,-3.5652499198913574,36,-83.6266098022461,-2.3229613304138184,36,-77.0167465209961,-2.5672249794006348,30,-130.971923828125,-3.638108968734741,36,-96.36540222167969,-2.676816701889038,36,1855
-98.74007415771484,-1.9360798597335815,51,-134.27151489257812,-2.632774829864502,51,-140.1681671142578,-2.7483954429626465,51,-44.2520751953125,-2.107241630554199,21,-152.5574951171875,-2.991323471069336,51,-162.67669677734375,-3.189739227294922,51,1856
-76.2637939453125,-2.7237069606781006,28,-109.04332733154297,-3.894404649734497,28,-103.6907730102539,-3.7032418251037598,28,-151.68252563476562,-4.596440315246582,33,-107.82856750488281,-3.851020336151123,28,-103.53472900390625,-3.6976687908172607,28,1857
-93.50786590576172,-2.5272395610809326,37,-113.51282501220703,-3.0679142475128174,37,-107.18049621582031,-2.8967702388763428,37,-70.95413208007812,-2.7290050983428955,26,-122.54335021972656,-3.3119823932647705,37,-105.37400817871094,-2.8479461669921875,37,1858
-105.49334716796875,-2.1977779865264893,48,-122.40653991699219,-2.5501363277435303,48,-121.28274536132812,-2.526723861694336,48,-114.80024719238281,-2.551116704940796,45,-132.4640655517578,-2.7596681118011475,48,-125.78526306152344,-2.6205263137817383,48,1859
-89.78231811523438,-2.493953227996826,36,-120.02375793457031,-3.3339931964874268,36,-110.02513885498047,-3.0562539100646973,36,-71.43954467773438,-3.106067180633545,23,-121.97746276855469,-3.3882627487182617,36,-117.38382720947266,-3.2606618404388428,36,1860
-60.97172546386719,-1.8476279973983765,33,-62.40922164916992,-1.8911885023117065,33,-61.21556091308594,-1.8550169467926025,33,-43.41246032714844,-1.0336300134658813,42,-78.50520324707031,-2.3789455890655518,33,-64.34598541259766,-1.9498783349990845,33,1861
-84.97026824951172,-2.0724456310272217,41,-68.47676849365234,-1.6701650619506836,41,-75.10581970214844,-1.831849217414856,41,-83.22096252441406,-1.8493547439575195,45,-108.07489013671875,-2.6359729766845703,41,-94.03581237792969,-2.2935564517974854,41,1862
-111.7708740234375,-3.6055121421813965,31,-98.71419525146484,-3.18432879447937,31,-100.68771362304688,-3.247990846633911,31,-125.01493072509766,-3.378781795501709,37,-106.58172607421875,-3.438120126724243,31,-112.79781341552734,-3.638639211654663,31,1863
-78.86111450195312,-1.923441767692566,41,-97.05067443847656,-2.3670895099639893,41,-98.74186706542969,-2.4083383083343506,41,-135.80828857421875,-2.716165781021118,50,-102.74732971191406,-2.5060324668884277,41,-100.99105834960938,-2.4631965160369873,41,1864
-138.78216552734375,-3.3043372631073,42,-142.59136962890625,-3.3950326442718506,42,-144.83847045898438,-3.4485349655151367,42,-106.65773010253906,-3.1369919776916504,34,-165.55276489257812,-3.941732406616211,42,-153.2940673828125,-3.6498587131500244,42,1865
-27.046175003051758,-0.676154375076294,40,-56.87005615234375,-1.4217513799667358,40,-44.42633819580078,-1.1106584072113037,40,-29.084613800048828,-0.7653845548629761,38,-51.46957778930664,-1.286739468574524,40,-55.107608795166016,-1.3776901960372925,40,1866
-14.239142417907715,-0.7910634875297546,18,-89.09444427490234,-4.949691295623779,18,-88.59099578857422,-4.921721935272217,18,-120.99855041503906,-4.172363758087158,29,-87.47674560546875,-4.859819412231445,18,-82.78386688232422,-4.599103927612305,18,1867
-78.8136215209961,-2.2518177032470703,35,-84.49117279052734,-2.4140334129333496,35,-81.5516357421875,-2.3300466537475586,35,-89.52035522460938,-2.295393705368042,39,-91.3385238647461,-2.6096720695495605,35,-92.03013610839844,-2.629432439804077,35,1868
-54.08977508544922,-1.690305471420288,32,-64.41752624511719,-2.013047695159912,32,-66.44281005859375,-2.0763378143310547,32,-62.549381256103516,-2.1568751335144043,29,-72.22465515136719,-2.2570204734802246,32,-82.70111083984375,-2.584409713745117,32,1869
-44.83123779296875,-1.0188918113708496,44,-130.1483154296875,-2.957916259765625,44,-116.68934631347656,-2.6520307064056396,44,-55.61659240722656,-1.6357821226119995,34,-142.62571716308594,-3.2414934635162354,44,-121.19569396972656,-2.7544476985931396,44,1870
-111.02328491210938,-2.4135496616363525,46,-146.71080017089844,-3.1893651485443115,46,-124.86503601074219,-2.7144572734832764,46,-114.81836700439453,-2.670194625854492,43,-141.3382568359375,-3.07257080078125,46,-117.2623291015625,-2.5491809844970703,46,1871
-107.4933090209961,-3.359165906906128,32,-87.20465087890625,-2.7251453399658203,32,-65.75621795654297,-2.0548818111419678,32,-64.16154479980469,-1.8871042728424072,34,-99.627197265625,-3.1133499145507812,32,-95.41091918945312,-2.98159122467041,32,1872
-48.87430191040039,-1.6853207349777222,29,-86.94313049316406,-2.9980390071868896,29,-94.02722930908203,-3.2423181533813477,29,-103.93048095703125,-2.3095662593841553,45,-98.35911560058594,-3.391693592071533,29,-103.63955688476562,-3.573777914047241,29,1873
-140.7122039794922,-3.6080052852630615,39,-194.82388305664062,-4.995484352111816,39,-227.25238037109375,-5.82698392868042,39,-278.86419677734375,-6.196982383728027,45,-183.93707275390625,-4.716335296630859,39,-203.04766845703125,-5.206350326538086,39,1874
-77.6177978515625,-2.425556182861328,32,-80.93462371826172,-2.5292069911956787,32,-87.00208282470703,-2.7188150882720947,32,-90.38536071777344,-2.510704517364502,36,-109.71897888183594,-3.428718090057373,32,-111.918212890625,-3.4974441528320312,32,1875
-188.44723510742188,-3.9259841442108154,48,-182.71925354003906,-3.8066511154174805,48,-149.87509155273438,-3.1223976612091064,48,-65.19569396972656,-2.4146554470062256,27,-173.87582397460938,-3.622412919998169,48,-147.40243530273438,-3.0708839893341064,48,1876
-106.6798095703125,-2.133596181869507,50,-153.3688507080078,-3.0673770904541016,50,-148.03643798828125,-2.960728645324707,50,-131.64939880371094,-2.9920318126678467,44,-178.23883056640625,-3.564776659011841,50,-172.09347534179688,-3.4418694972991943,50,1877
-117.54035186767578,-3.265009880065918,36,-214.91539001464844,-5.969871997833252,36,-226.28036499023438,-6.2855658531188965,36,-295.26129150390625,-6.561362266540527,45,-208.78932189941406,-5.799703598022461,36,-245.0323028564453,-6.806452751159668,36,1878
-80.63350677490234,-2.121934413909912,38,-95.02627563476562,-2.5006914138793945,38,-99.68228149414062,-2.623217821121216,38,-65.68363189697266,-3.1277918815612793,21,-110.18644714355469,-2.8996434211730957,38,-103.4594497680664,-2.7226171493530273,38,1879
-62.4003791809082,-2.1517372131347656,29,-69.29834747314453,-2.3895981311798096,29,-90.83076477050781,-3.1320953369140625,29,-92.16325378417969,-2.792825937271118,33,-72.31956481933594,-2.4937779903411865,29,-82.95043182373047,-2.8603596687316895,29,1880
-139.50637817382812,-3.671220541000366,38,-108.93473815917969,-2.866703748703003,38,-81.16609954833984,-2.1359500885009766,38,-65.2748794555664,-2.1758294105529785,30,-119.06593322753906,-3.1333141326904297,38,-97.70984649658203,-2.5713117122650146,38,1881
-72.85888671875,-2.6021029949188232,28,-78.50064849853516,-2.8035945892333984,28,-78.24211120605469,-2.794361114501953,28,-77.65974426269531,-2.588658094406128,30,-88.02302551269531,-3.14367938041687,28,-75.96693420410156,-2.713104724884033,28,1882
-109.4623794555664,-2.9584426879882812,37,-184.35708618164062,-4.982624053955078,37,-204.4320831298828,-5.525191307067871,37,-230.58343505859375,-5.362405300140381,43,-194.75497436523438,-5.26364803314209,37,-208.8281707763672,-5.644004821777344,37,1883
-76.78814697265625,-2.5596048831939697,30,-101.10760498046875,-3.370253562927246,30,-108.90750122070312,-3.6302499771118164,30,-231.3260040283203,-3.504939556121826,66,-103.20249938964844,-3.4400832653045654,30,-109.27670288085938,-3.642556667327881,30,1884
-110.19170379638672,-2.448704481124878,45,-96.7598876953125,-2.150219678878784,45,-76.43665313720703,-1.6985923051834106,45,-78.29559326171875,-1.8208277225494385,43,-102.54006958007812,-2.278668165206909,45,-79.20210266113281,-1.7600467205047607,45,1885
-62.7471923828125,-2.852145195007324,22,-71.96845245361328,-3.2712934017181396,22,-66.47859191894531,-3.021754264831543,22,-60.50906753540039,-1.5923439264297485,38,-83.63282775878906,-3.801492214202881,22,-74.64556121826172,-3.3929800987243652,22,1886
-99.72114562988281,-2.6242406368255615,38,-124.0587158203125,-3.2647030353546143,38,-105.35441589355469,-2.772484540939331,38,-86.7146987915039,-2.9901621341705322,29,-143.28659057617188,-3.7706997394561768,38,-143.1626434326172,-3.7674379348754883,38,1887
-114.9219970703125,-4.420076847076416,26,-99.09867858886719,-3.8114876747131348,26,-70.33143615722656,-2.7050552368164062,26,-72.39204406738281,-2.3352272510528564,31,-104.63261413574219,-4.024331092834473,26,-79.20519256591797,-3.046353578567505,26,1888
-110.06246948242188,-3.4394521713256836,32,-113.20977783203125,-3.5378055572509766,32,-95.31349182128906,-2.978546619415283,32,-107.55479431152344,-3.7087860107421875,29,-116.4551773071289,-3.6392242908477783,32,-118.225830078125,-3.6945571899414062,32,1889
-25.431055068969727,-0.9781175255775452,26,-43.635772705078125,-1.6782989501953125,26,-43.794715881347656,-1.6844121217727661,26,-36.46965026855469,-1.4587860107421875,25,-50.4902229309082,-1.9419316053390503,26,-47.0911865234375,-1.811199426651001,26,1890
-87.02043151855469,-1.9337873458862305,45,-139.97288513183594,-3.110508441925049,45,-153.63369750976562,-3.4140820503234863,45,-63.04279708862305,-2.521711826324463,25,-152.765625,-3.394791603088379,45,-155.29977416992188,-3.451106071472168,45,1891
-46.38316345214844,-1.4055503606796265,33,-109.30014038085938,-3.3121254444122314,33,-96.79357147216797,-2.933138608932495,33,-143.18011474609375,-2.9829189777374268,48,-114.18836975097656,-3.4602537155151367,33,-105.93750762939453,-3.2102274894714355,33,1892
-80.30342102050781,-1.7457265853881836,46,-157.4825897216797,-3.423534631729126,46,-124.29259490966797,-2.7020130157470703,46,-65.45065307617188,-1.9833531379699707,33,-164.06466674804688,-3.5666232109069824,46,-143.84774780273438,-3.1271250247955322,46,1893
-54.489402770996094,-1.81631338596344,30,-63.63602828979492,-2.1212010383605957,30,-63.0921630859375,-2.103072166442871,30,-69.02538299560547,-1.8655508756637573,37,-74.7360610961914,-2.4912021160125732,30,-77.23800659179688,-2.5746002197265625,30,1894
-51.1732063293457,-1.505094289779663,34,-62.96568298339844,-1.8519318103790283,34,-59.701210021972656,-1.7559179067611694,34,-58.1928825378418,-1.7115553617477417,34,-57.86514663696289,-1.7019160985946655,34,-57.37649917602539,-1.6875441074371338,34,1895
-116.48561096191406,-3.7576003074645996,31,-82.01689910888672,-2.6457064151763916,31,-81.2470474243164,-2.6208724975585938,31,-88.06941986083984,-2.001577615737915,44,-96.97508239746094,-3.1282284259796143,31,-89.94422912597656,-2.9014267921447754,31,1896
-87.021728515625,-1.977766513824463,44,-119.06660461425781,-2.706059217453003,44,-118.32652282714844,-2.689239263534546,44,-77.771240234375,-2.1603121757507324,36,-139.4386749267578,-3.169060707092285,44,-137.4889678955078,-3.124749183654785,44,1897
-57.20513916015625,-1.3952473402023315,41,-99.52333068847656,-2.427398204803467,41,-105.47061920166016,-2.5724542140960693,41,-85.98974609375,-1.9108831882476807,45,-129.3565673828125,-3.1550381183624268,41,-129.99334716796875,-3.17056941986084,41,1898
-86.7020492553711,-2.7094390392303467,32,-77.75495910644531,-2.429842472076416,32,-75.84735870361328,-2.370229959487915,32,-42.16312789916992,-2.4801840782165527,17,-70.57102966308594,-2.2053446769714355,32,-92.48420715332031,-2.8901314735412598,32,1899
-65.89852905273438,-1.7810413837432861,37,-118.54336547851562,-3.2038748264312744,37,-117.68363189697266,-3.1806387901306152,37,-95.04963684082031,-3.394629955291748,28,-119.70195007324219,-3.2351877689361572,37,-117.09242248535156,-3.1646599769592285,37,1900
-77.82926177978516,-2.3584625720977783,33,-112.43746948242188,-3.407196044921875,33,-115.51842498779297,-3.500558376312256,33,-106.10343933105469,-2.652585983276367,40,-100.93724060058594,-3.058704376220703,33,-122.17567443847656,-3.7022931575775146,33,1901
-44.802127838134766,-1.4452298879623413,31,-127.7889404296875,-4.122223854064941,31,-110.55691528320312,-3.566352128982544,31,-120.9912109375,-3.902942180633545,31,-119.47315979003906,-3.853972911834717,31,-110.8859634399414,-3.5769665241241455,31,1902
-73.36781311035156,-2.2927441596984863,32,-83.49287414550781,-2.609152317047119,32,-69.91398620605469,-2.184812068939209,32,-99.82341766357422,-2.170074224472046,46,-86.70418548583984,-2.709505796432495,32,-81.90396118164062,-2.5594987869262695,32,1903
-44.262351989746094,-1.6393463611602783,27,-90.87886810302734,-3.3658840656280518,27,-89.49176025390625,-3.314509630203247,27,-78.29082489013672,-3.1316330432891846,25,-112.80620574951172,-4.17800760269165,27,-96.35383605957031,-3.5686604976654053,27,1904
-20.984718322753906,-0.49963614344596863,42,-62.584136962890625,-1.490098476409912,42,-67.71253967285156,-1.6122033596038818,42,-35.87871170043945,-1.0552562475204468,34,-83.93851470947266,-1.9985361099243164,42,-83.62073516845703,-1.9909698963165283,42,1905
-106.12937927246094,-3.4235284328460693,31,-102.00038146972656,-3.290334939956665,31,-77.63656616210938,-2.5044052600860596,31,-70.73865509033203,-1.6076966524124146,44,-96.56107330322266,-3.1148734092712402,31,-95.66256713867188,-3.0858893394470215,31,1906
-110.91152954101562,-2.9976089000701904,37,-125.4976806640625,-3.391829252243042,37,-128.16464233398438,-3.463909149169922,37,-75.7809066772461,-3.444586753845215,22,-124.37699890136719,-3.3615405559539795,37,-154.55410766601562,-4.177137851715088,37,1907
-92.60420989990234,-2.374466896057129,39,-95.23402404785156,-2.4418981075286865,39,-101.45188903808594,-2.601330518722534,39,-94.24664306640625,-2.692761182785034,35,-82.91314697265625,-2.1259782314300537,39,-120.39555358886719,-3.0870654582977295,39,1908
-57.886390686035156,-1.1813548803329468,49,-271.4189147949219,-5.539161682128906,49,-310.5377197265625,-6.3375043869018555,49,-298.85516357421875,-6.358620643615723,47,-272.7803649902344,-5.566946029663086,49,-293.42755126953125,-5.988317489624023,49,1909
-46.00917053222656,-1.9170488119125366,24,-83.23097229003906,-3.4679572582244873,24,-64.21304321289062,-2.6755435466766357,24,-62.53923034667969,-2.233543872833252,28,-90.51568603515625,-3.77148699760437,24,-61.12430953979492,-2.5468461513519287,24,1910
-79.94122314453125,-1.9497859477996826,41,-124.53726196289062,-3.03749418258667,41,-140.1983642578125,-3.4194722175598145,41,-89.92852783203125,-3.330686330795288,27,-130.87350463867188,-3.1920366287231445,41,-142.63568115234375,-3.47891902923584,41,1911
-42.91680908203125,-1.0467514991760254,41,-69.0931396484375,-1.6851985454559326,41,-96.37356567382812,-2.3505747318267822,41,-65.95067596435547,-2.0609586238861084,32,-78.26241302490234,-1.9088393449783325,41,-98.48051452636719,-2.401963710784912,41,1912
-67.72264862060547,-1.8303418159484863,37,-97.4171371459961,-2.6328957080841064,37,-101.22222900390625,-2.7357358932495117,37,-90.4388427734375,-2.2058253288269043,41,-100.49163818359375,-2.7159903049468994,37,-91.78321838378906,-2.4806275367736816,37,1913
-79.08123779296875,-2.1373307704925537,37,-74.40876770019531,-2.011047840118408,37,-68.68611907958984,-1.8563816547393799,37,-47.63492202758789,-1.4885913133621216,32,-69.7069091796875,-1.8839704990386963,37,-68.21915435791016,-1.8437609672546387,37,1914
-87.66401672363281,-2.247795343399048,39,-108.94778442382812,-2.7935328483581543,39,-103.17350769042969,-2.645474672317505,39,-118.67994689941406,-2.6972715854644775,44,-94.57878112792969,-2.4250969886779785,39,-100.90591430664062,-2.5873310565948486,39,1915
-107.90283966064453,-2.2958052158355713,47,-108.53279113769531,-2.309208393096924,47,-116.39897155761719,-2.476573944091797,47,-52.79729080200195,-1.5999178886413574,33,-105.23284149169922,-2.238996744155884,47,-106.95634460449219,-2.2756669521331787,47,1916
-86.38435363769531,-2.0567703247070312,42,-102.53384399414062,-2.441282033920288,42,-100.65740966796875,-2.3966050148010254,42,-55.22187423706055,-1.6733901500701904,33,-110.87345123291016,-2.6398441791534424,42,-89.5960693359375,-2.13323974609375,42,1917
-80.44705963134766,-2.5139706134796143,32,-93.32363891601562,-2.9163637161254883,32,-115.27452087402344,-3.6023287773132324,32,-85.7606201171875,-2.9572627544403076,29,-79.25758361816406,-2.476799488067627,32,-102.22830200195312,-3.194634437561035,32,1918
-40.42162322998047,-0.7626721262931824,53,-131.06060791015625,-2.472841739654541,53,-121.10201263427734,-2.2849435806274414,53,-56.495208740234375,-1.8831735849380493,30,-126.3524398803711,-2.3840084075927734,53,-138.3219757080078,-2.6098484992980957,53,1919
-51.37993621826172,-1.5111745595932007,34,-89.74810791015625,-2.639650344848633,34,-110.17327880859375,-3.2403905391693115,34,-43.39574432373047,-1.6072497367858887,27,-75.30561065673828,-2.2148709297180176,34,-94.21041107177734,-2.7708945274353027,34,1920
-120.42179870605469,-4.460066795349121,27,-72.38410186767578,-2.6808927059173584,27,-42.84946060180664,-1.5870170593261719,27,-20.42211151123047,-0.6807370781898499,30,-62.14968490600586,-2.30184006690979,27,-33.753326416015625,-1.250123143196106,27,1921
-132.97012329101562,-2.8291516304016113,47,-178.943115234375,-3.807300329208374,47,-157.99200439453125,-3.361531972885132,47,-110.10282897949219,-3.23831844329834,34,-202.0950164794922,-4.299893856048584,47,-162.2241668701172,-3.45157790184021,47,1922
-97.13785552978516,-2.023705244064331,48,-126.18285369873047,-2.6288094520568848,48,-105.1482162475586,-2.1905877590179443,48,-68.71864318847656,-2.082383155822754,33,-133.70257568359375,-2.7854702472686768,48,-101.21925354003906,-2.108734369277954,48,1923
-63.1688232421875,-2.2560293674468994,28,-114.15968322753906,-4.077131748199463,28,-127.98347473144531,-4.570838451385498,28,-242.77081298828125,-5.394906997680664,45,-121.34844970703125,-4.333873271942139,28,-140.69114685058594,-5.024683952331543,28,1924
-48.542850494384766,-1.61809504032135,30,-87.99032592773438,-2.9330108165740967,30,-78.72784423828125,-2.6242613792419434,30,-50.72808074951172,-1.2078114748001099,42,-93.13719177246094,-3.1045730113983154,30,-72.45089721679688,-2.415030002593994,30,1925
-75.35087585449219,-2.2162022590637207,34,-98.14225769042969,-2.8865370750427246,34,-89.02021026611328,-2.618241548538208,34,-65.51443481445312,-2.183814525604248,30,-91.435302734375,-2.6892735958099365,34,-86.29512023925781,-2.5380916595458984,34,1926
-41.37734603881836,-1.7240561246871948,24,-45.923885345458984,-1.9134951829910278,24,-57.04438018798828,-2.3768491744995117,24,-49.731361389160156,-1.5541050434112549,32,-53.647560119628906,-2.2353150844573975,24,-58.49219512939453,-2.4371747970581055,24,1927
-99.31500244140625,-2.1130852699279785,47,-80.96392822265625,-1.7226368188858032,47,-90.88410949707031,-1.9337044954299927,47,-23.86086654663086,-0.8227884769439697,29,-94.41132354736328,-2.008751630783081,47,-116.05012512207031,-2.469151496887207,47,1928
-44.37092590332031,-1.3445734977722168,33,-63.740745544433594,-1.9315377473831177,33,-62.97900390625,-1.9084546566009521,33,-64.66664123535156,-1.9595952033996582,33,-67.91813659667969,-2.0581252574920654,33,-72.12918853759766,-2.1857330799102783,33,1929
-34.2625732421875,-1.1052442789077759,31,-74.95454406738281,-2.4178884029388428,31,-82.33123779296875,-2.655846357345581,31,-60.290184020996094,-2.621312379837036,23,-80.28999328613281,-2.5899996757507324,31,-68.3737564086914,-2.2056050300598145,31,1930
-54.82874298095703,-1.3707185983657837,40,-82.10986328125,-2.052746534347534,40,-78.61907196044922,-1.9654767513275146,40,-75.34634399414062,-1.8836586475372314,40,-88.26439666748047,-2.2066099643707275,40,-85.40091705322266,-2.1350228786468506,40,1931
-30.329294204711914,-0.9783643484115601,31,-88.30651092529297,-2.8485970497131348,31,-86.48846435546875,-2.789950370788574,31,-80.87044525146484,-2.995201587677002,27,-111.1102294921875,-3.584200859069824,31,-109.48567199707031,-3.5317959785461426,31,1932
-126.28094482421875,-2.382659435272217,53,-141.68380737304688,-2.673279285430908,53,-138.49615478515625,-2.6131350994110107,53,-128.86769104003906,-2.801471471786499,46,-151.3249053955078,-2.855186939239502,53,-142.90476989746094,-2.6963164806365967,53,1933
-75.70098114013672,-2.29396915435791,33,-112.63314819335938,-3.41312575340271,33,-94.18030548095703,-2.8539485931396484,33,-102.72669982910156,-3.1129302978515625,33,-95.2918472290039,-2.88763165473938,33,-82.6307373046875,-2.5039618015289307,33,1934
-65.7194595336914,-2.1199824810028076,31,-203.51043701171875,-6.564852714538574,31,-228.9893341064453,-7.386752605438232,31,-309.9349365234375,-6.5943603515625,47,-178.1537322998047,-5.746894359588623,31,-208.2921905517578,-6.71910285949707,31,1935
-36.46635437011719,-0.9350347518920898,39,-100.08393096923828,-2.5662546157836914,39,-65.11371612548828,-1.669582486152649,39,-65.17118835449219,-1.7150312662124634,38,-93.20074462890625,-2.3897626399993896,39,-73.65991973876953,-1.8887158632278442,39,1936
-134.77052307128906,-3.287086009979248,41,-124.52272033691406,-3.037139415740967,41,-118.35570526123047,-2.8867244720458984,41,-93.99747467041016,-3.0321764945983887,31,-132.63653564453125,-3.2350375652313232,41,-119.76242065429688,-2.921034574508667,41,1937
-67.33792877197266,-1.4028735160827637,48,-112.39884948730469,-2.3416426181793213,48,-119.56770324707031,-2.4909937381744385,48,-113.54163360595703,-2.365450620651245,48,-144.0621337890625,-3.0012943744659424,48,-138.58775329589844,-2.887244939804077,48,1938
-32.65644836425781,-0.8593802452087402,38,-116.8320083618164,-3.07452654838562,38,-109.15115356445312,-2.872398853302002,38,-91.50936889648438,-2.9519150257110596,31,-128.5438995361328,-3.3827342987060547,38,-114.87931823730469,-3.0231399536132812,38,1939
-141.2290802001953,-2.769197702407837,51,-126.30947875976562,-2.476656436920166,51,-120.1103744506836,-2.355105400085449,51,-113.59322357177734,-1.6704885959625244,68,-134.06488037109375,-2.62872314453125,51,-130.07638549804688,-2.5505173206329346,51,1940
-70.99504089355469,-2.151364803314209,33,-63.90794372558594,-1.936604380607605,33,-64.1084213256836,-1.9426794052124023,33,-66.56343841552734,-2.0170738697052,33,-71.09059143066406,-2.1542603969573975,33,-72.18989562988281,-2.187572479248047,33,1941
-91.39840698242188,-2.4702272415161133,37,-105.57450103759766,-2.853364944458008,37,-113.01815795898438,-3.0545449256896973,37,-70.25154113769531,-2.701982259750366,26,-103.40538024902344,-2.7947399616241455,37,-116.48861694335938,-3.148340940475464,37,1942
-67.29922485351562,-2.926053285598755,23,-89.27734375,-3.8816237449645996,23,-75.67736053466797,-3.2903199195861816,23,-95.90394592285156,-3.196798086166382,30,-93.05351257324219,-4.045804977416992,23,-85.67818450927734,-3.7251384258270264,23,1943
-47.15520477294922,-1.5718401670455933,30,-114.79558563232422,-3.82651948928833,30,-102.47663116455078,-3.4158875942230225,30,-120.5113754272461,-3.171351909637451,38,-117.81990814208984,-3.927330255508423,30,-107.07647705078125,-3.569216012954712,30,1944
-45.61208724975586,-1.1403021812438965,40,-150.51382446289062,-3.762845516204834,40,-160.29998779296875,-4.007499694824219,40,-146.568115234375,-4.310826778411865,34,-151.80792236328125,-3.7951979637145996,40,-162.35707092285156,-4.058926582336426,40,1945
-103.53266906738281,-2.798180341720581,37,-95.30523681640625,-2.575817108154297,37,-99.39181518554688,-2.686265230178833,37,-81.50086212158203,-2.202725887298584,37,-124.3247299194336,-3.3601279258728027,37,-113.25265502929688,-3.060882568359375,37,1946
-130.37985229492188,-2.7740395069122314,47,-129.3932647705078,-2.7530481815338135,47,-129.27574157714844,-2.7505476474761963,47,-118.0245590209961,-2.9506139755249023,40,-146.70729064941406,-3.121431827545166,47,-154.7091064453125,-3.2916831970214844,47,1947
-114.5504379272461,-2.9371907711029053,39,-126.74758911132812,-3.2499382495880127,39,-122.13175964355469,-3.1315836906433105,39,-110.91722106933594,-3.081033945083618,36,-132.65478515625,-3.401404857635498,39,-124.05841064453125,-3.1809849739074707,39,1948
-96.08441162109375,-2.7452688217163086,35,-75.59121704101562,-2.1597490310668945,35,-79.19876098632812,-2.262821674346924,35,-66.99327087402344,-2.1610732078552246,31,-79.0849609375,-2.259570360183716,35,-77.0711669921875,-2.202033281326294,35,1949
-77.39201354980469,-2.764000415802002,28,-69.30960845947266,-2.4753432273864746,28,-75.28572082519531,-2.6887757778167725,28,-76.07368469238281,-2.001939058303833,38,-105.3068618774414,-3.7609593868255615,28,-106.77117919921875,-3.8132565021514893,28,1950
-63.17353820800781,-1.4691520929336548,43,-131.54742431640625,-3.0592424869537354,43,-126.27799987792969,-2.9366977214813232,43,-64.81005859375,-2.492694616317749,26,-121.4993667602539,-2.8255667686462402,43,-117.83235931396484,-2.7402875423431396,43,1951
-98.11307525634766,-2.180290460586548,45,-138.26531982421875,-3.0725626945495605,45,-98.24676513671875,-2.1832613945007324,45,-107.27700805664062,-2.4381139278411865,44,-148.2497100830078,-3.294437885284424,45,-111.31759643554688,-2.473724365234375,45,1952
-247.87689208984375,-5.388628005981445,46,-154.94606018066406,-3.3683927059173584,46,-129.42576599121094,-2.813603639602661,46,-77.37986755371094,-2.496124744415283,31,-156.30145263671875,-3.397857666015625,46,-136.2998809814453,-2.963040828704834,46,1953
-55.75731658935547,-1.6399210691452026,34,-55.063575744628906,-1.6195169687271118,34,-75.57688903808594,-2.2228496074676514,34,-39.676239013671875,-1.8893446922302246,21,-100.29045104980469,-2.949719190597534,34,-106.43561553955078,-3.1304593086242676,34,1954
-98.5545654296875,-2.737626791000366,36,-61.16249084472656,-1.6989580392837524,36,-51.256385803222656,-1.4237885475158691,36,-42.24972152709961,-1.2071348428726196,35,-62.26528549194336,-1.7295912504196167,36,-72.77931213378906,-2.0216474533081055,36,1955
-128.0392608642578,-2.510573625564575,51,-146.3971710205078,-2.870532751083374,51,-131.7548828125,-2.5834290981292725,51,-110.74220275878906,-2.5168683528900146,44,-160.45474243164062,-3.1461713314056396,51,-147.38815307617188,-2.8899638652801514,51,1956
-72.28675842285156,-2.6772873401641846,27,-76.67546081542969,-2.839831829071045,27,-55.955509185791016,-2.0724263191223145,27,-81.84717559814453,-1.9962725639343262,41,-92.03412628173828,-3.4086713790893555,27,-71.6717300415039,-2.654508590698242,27,1957
-98.70999145507812,-2.5310254096984863,39,-233.68405151367188,-5.991898536682129,39,-272.6948547363281,-6.992175579071045,39,-328.3262939453125,-7.137527942657471,46,-217.26519775390625,-5.570902347564697,39,-284.32611083984375,-7.290412902832031,39,1958
-54.19806671142578,-2.084541082382202,26,-87.93965148925781,-3.382294178009033,26,-86.99526977539062,-3.3459718227386475,26,-102.50389862060547,-2.277864456176758,45,-98.51659393310547,-3.78909969329834,26,-87.95773315429688,-3.3829896450042725,26,1959
-100.25221252441406,-3.341740369796753,30,-95.804931640625,-3.193497657775879,30,-80.22711944580078,-2.6742372512817383,30,-77.06265258789062,-2.4858920574188232,31,-98.50601196289062,-3.283533811569214,30,-82.0556869506836,-2.73518967628479,30,1960
-243.23269653320312,-5.175163745880127,47,-130.16262817382812,-2.7694175243377686,47,-115.30726623535156,-2.453346014022827,47,-61.32039260864258,-2.044013023376465,30,-135.5712890625,-2.884495496749878,47,-115.48686218261719,-2.457167387008667,47,1961
-158.68836975097656,-3.690427303314209,43,-150.3536376953125,-3.496596336364746,43,-142.64468383789062,-3.3173182010650635,43,-159.47802734375,-3.3224589824676514,48,-151.22122192382812,-3.516772508621216,43,-146.26547241210938,-3.401522636413574,43,1962
-48.78510665893555,-1.060545802116394,46,-66.47111511230469,-1.4450242519378662,46,-52.064369201660156,-1.1318341493606567,46,-28.532184600830078,-0.7711400985717773,37,-69.59497833251953,-1.5129343271255493,46,-77.07695007324219,-1.6755858659744263,46,1963
-73.96880340576172,-2.6417429447174072,28,-49.47339630126953,-1.766906976699829,28,-63.466896057128906,-2.266674757003784,28,-30.50283432006836,-1.2709513902664185,24,-62.402587890625,-2.228663921356201,28,-50.57630920410156,-1.806296706199646,28,1964
-114.99126434326172,-2.6134378910064697,44,-124.92115020751953,-2.8391170501708984,44,-106.6395034790039,-2.4236249923706055,44,-64.02877807617188,-2.37143611907959,27,-152.9541473388672,-3.4762306213378906,44,-146.9217529296875,-3.3391306400299072,44,1965
-52.064056396484375,-1.5312957763671875,34,-104.31082153320312,-3.067965269088745,34,-119.67050170898438,-3.5197205543518066,34,-91.48065185546875,-3.2671661376953125,28,-114.10704040527344,-3.3560893535614014,34,-122.57518768310547,-3.6051526069641113,34,1966
-59.54011535644531,-1.9846705198287964,30,-54.63721466064453,-1.8212405443191528,30,-41.97733688354492,-1.3992445468902588,30,-16.69892692565918,-0.6184787750244141,27,-60.86064910888672,-2.0286881923675537,30,-52.49397277832031,-1.749799132347107,30,1967
-59.61783981323242,-1.3864613771438599,43,-58.527076721191406,-1.3610948324203491,43,-46.8377799987793,-1.0892506837844849,43,-40.581275939941406,-1.0967912673950195,37,-83.76116180419922,-1.9479340314865112,43,-63.488990783691406,-1.4764881134033203,43,1968
-70.52375030517578,-1.9589930772781372,36,-116.83477783203125,-3.245410442352295,36,-117.89834594726562,-3.274954080581665,36,-156.4218292236328,-2.4440910816192627,64,-106.4874267578125,-2.95798397064209,36,-100.7110824584961,-2.797530174255371,36,1969
-96.63328552246094,-2.5429811477661133,38,-86.42109680175781,-2.2742393016815186,38,-97.25595092773438,-2.5593671798706055,38,-58.36369323730469,-2.0125410556793213,29,-92.64178466796875,-2.437941789627075,38,-99.96641540527344,-2.630695104598999,38,1970
-112.15081787109375,-2.9513373374938965,38,-69.30353546142578,-1.823777198791504,38,-70.48075866699219,-1.8547568321228027,38,-81.73631286621094,-1.857643485069275,44,-95.67881774902344,-2.5178635120391846,38,-86.52993774414062,-2.2771036624908447,38,1971
-46.62004852294922,-1.2950013875961304,36,-109.62570190429688,-3.0451583862304688,36,-108.66162109375,-3.018378257751465,36,-75.47679138183594,-2.902953624725342,26,-109.03834533691406,-3.0288429260253906,36,-115.73548889160156,-3.214874744415283,36,1972
-95.68904113769531,-2.899667978286743,33,-101.42381286621094,-3.073448896408081,33,-110.20325469970703,-3.3394925594329834,33,-85.62991333007812,-2.7622551918029785,31,-107.62661743164062,-3.2614126205444336,33,-96.2166748046875,-2.915656805038452,33,1973
-44.371849060058594,-1.5847089290618896,28,-77.97624206542969,-2.7848658561706543,28,-48.18114471435547,-1.7207552194595337,28,-93.60783386230469,-2.127450704574585,44,-78.20802307128906,-2.7931437492370605,28,-64.86753845214844,-2.316697835922241,28,1974
-115.05789184570312,-2.675765037536621,43,-111.56514739990234,-2.5945382118225098,43,-111.53925323486328,-2.5939362049102783,43,-40.78033447265625,-1.853651523590088,22,-104.63134002685547,-2.4332869052886963,43,-124.29833984375,-2.8906590938568115,43,1975
-61.807891845703125,-2.1313066482543945,29,-73.89106750488281,-2.5479679107666016,29,-73.54548645019531,-2.5360512733459473,29,-99.28779602050781,-2.836794137954712,35,-72.55865478515625,-2.5020225048065186,29,-88.14089965820312,-3.039341449737549,29,1976
-75.15609741210938,-2.2104735374450684,34,-82.50511169433594,-2.4266209602355957,34,-88.44746398925781,-2.601396083831787,34,-58.218597412109375,-2.1562442779541016,27,-87.65484619140625,-2.5780837535858154,34,-103.91227722167969,-3.056243419647217,34,1977
-64.08274841308594,-2.0025858879089355,32,-85.12539672851562,-2.6601686477661133,32,-84.86799621582031,-2.6521248817443848,32,-89.86921691894531,-2.7233095169067383,33,-90.49549865722656,-2.82798433303833,32,-95.91885375976562,-2.997464179992676,32,1978
