chosen_logp,chosen_mean_logp,chosen_tokens,rejected_prime_logp,rejected_prime_mean_logp,rejected_prime_tokens,rejected_double_prime_logp,rejected_double_prime_mean_logp,rejected_double_prime_tokens,rejected_logp,rejected_mean_logp,rejected_tokens,rejected_prime_v2_logp,rejected_prime_v2_mean_logp,rejected_prime_v2_tokens,rejected_double_prime_v2_logp,rejected_double_prime_v2_mean_logp,rejected_double_prime_v2_tokens,index
-56.98298645019531,-1.899432897567749,30,-69.62407684326172,-2.3208024501800537,30,-57.84612274169922,-1.92820405960083,30,-61.93513107299805,-1.935472846031189,32,-81.68508911132812,-2.7228362560272217,30,-56.90031814575195,-1.8966772556304932,30,0
-82.16294860839844,-1.7861510515213013,46,-119.89830017089844,-2.606484889984131,46,-120.53445434570312,-2.620314121246338,46,-54.18120193481445,-1.593564748764038,34,-109.66400146484375,-2.384000062942505,46,-121.255126953125,-2.6359810829162598,46,1
-68.8770751953125,-1.4056545495986938,49,-111.40184020996094,-2.2735068798065186,49,-98.08184051513672,-2.0016701221466064,49,-81.22679138183594,-1.9339711666107178,42,-102.95503997802734,-2.101123332977295,49,-102.55096435546875,-2.09287691116333,49,2
-68.00244140625,-1.5455100536346436,44,-79.50228881835938,-1.8068702220916748,44,-71.79685974121094,-1.631746768951416,44,-21.474536895751953,-0.7158178687095642,30,-76.1806640625,-1.7313786745071411,44,-90.44474792480469,-2.0555624961853027,44,3
-103.90145874023438,-3.246920585632324,32,-82.22513580322266,-2.569535493850708,32,-64.79258728027344,-2.024768352508545,32,-88.53620910644531,-1.924700140953064,46,-84.72615051269531,-2.6476922035217285,32,-70.76193237304688,-2.211310386657715,32,4
-57.791107177734375,-3.399477005004883,17,-80.98806762695312,-4.764003753662109,17,-53.45122528076172,-3.1441898345947266,17,-65.71302795410156,-2.4338159561157227,27,-80.6070556640625,-4.741591453552246,17,-53.04779815673828,-3.1204586029052734,17,5
-92.70564270019531,-2.6487326622009277,35,-98.11495971679688,-2.8032846450805664,35,-100.83013916015625,-2.8808610439300537,35,-79.63833618164062,-3.1855335235595703,25,-94.5369873046875,-2.701056718826294,35,-102.75798797607422,-2.9359424114227295,35,6
-80.04060363769531,-2.354135513305664,34,-90.80464172363281,-2.670724868774414,34,-77.79637908935547,-2.2881288528442383,34,-22.337646484375,-1.1756656169891357,19,-89.55519104003906,-2.6339762210845947,34,-97.90523529052734,-2.879565715789795,34,7
-48.89809036254883,-1.3582803010940552,36,-75.81817626953125,-2.10606050491333,36,-52.131561279296875,-1.44809889793396,36,-49.1519775390625,-1.1988286972045898,41,-78.3847885131836,-2.1773552894592285,36,-61.28914260864258,-1.702476143836975,36,8
-87.82945251464844,-1.9961239099502563,44,-137.25408935546875,-3.1194112300872803,44,-134.6428985595703,-3.060065984725952,44,-91.23383331298828,-3.145994186401367,29,-138.84823608398438,-3.155641794204712,44,-113.8729476928711,-2.5880215167999268,44,9
-62.70050811767578,-1.5675127506256104,40,-87.08149719238281,-2.177037477493286,40,-93.05001831054688,-2.3262505531311035,40,-49.043678283691406,-1.7515599727630615,28,-83.62240600585938,-2.0905601978302,40,-84.68167114257812,-2.117041826248169,40,10
-36.198028564453125,-1.2066009044647217,30,-141.40638732910156,-4.713546276092529,30,-197.001953125,-6.566731929779053,30,-289.3263854980469,-6.155880451202393,47,-129.66574096679688,-4.32219123840332,30,-188.48141479492188,-6.282713890075684,30,11
-108.36859130859375,-3.612286329269409,30,-75.62117004394531,-2.5207056999206543,30,-72.85327911376953,-2.4284427165985107,30,-30.851943969726562,-1.6237865686416626,19,-99.59333801269531,-3.3197779655456543,30,-82.79332733154297,-2.759777545928955,30,12
-61.85929870605469,-1.6278762817382812,38,-126.82386016845703,-3.337470054626465,38,-142.21517944335938,-3.742504835128784,38,-158.5225830078125,-3.522724151611328,45,-128.09304809570312,-3.3708696365356445,38,-141.1062774658203,-3.7133231163024902,38,13
-115.44363403320312,-1.7230392694473267,67,-130.086181640625,-1.941584825515747,67,-131.5137176513672,-1.9628913402557373,67,-111.11756896972656,-1.7637709379196167,63,-154.760009765625,-2.3098509311676025,67,-118.41569519042969,-1.767398476600647,67,14
-92.7640151977539,-2.650400400161743,35,-77.35969543457031,-2.2102770805358887,35,-90.47233581542969,-2.5849239826202393,35,-117.4092025756836,-2.49806809425354,47,-94.50871276855469,-2.700248956680298,35,-114.0257797241211,-3.2578794956207275,35,15
-85.28622436523438,-1.8952494859695435,45,-107.28439331054688,-2.3840975761413574,45,-118.37135314941406,-2.63047456741333,45,-62.93561553955078,-1.9071398973464966,33,-141.7102508544922,-3.1491167545318604,45,-117.56532287597656,-2.612562656402588,45,16
-64.20980072021484,-2.378140687942505,27,-85.36326599121094,-3.16160249710083,27,-85.02085876464844,-3.148920774459839,27,-84.74017333984375,-2.1728248596191406,39,-92.86372375488281,-3.439397096633911,27,-78.06794738769531,-2.8914053440093994,27,17
-90.81282043457031,-2.522578239440918,36,-57.16902160644531,-1.5880284309387207,36,-60.827537536621094,-1.6896538734436035,36,-55.32770538330078,-1.4953434467315674,37,-91.71050262451172,-2.547513961791992,36,-77.98123168945312,-2.1661453247070312,36,18
-66.37635803222656,-1.8964673280715942,35,-97.54883575439453,-2.787109613418579,35,-84.92166137695312,-2.42633318901062,35,-79.9288330078125,-2.5783493518829346,31,-109.91065979003906,-3.1403045654296875,35,-98.44910430908203,-2.8128316402435303,35,19
-47.228965759277344,-1.3119157552719116,36,-82.48030853271484,-2.2911195755004883,36,-73.05415344238281,-2.0292820930480957,36,-55.866477966308594,-1.3625969886779785,41,-96.26720428466797,-2.674088954925537,36,-68.36112213134766,-1.8989200592041016,36,20
-83.92327880859375,-1.9981733560562134,42,-91.41047668457031,-2.1764400005340576,42,-99.98207092285156,-2.380525588989258,42,-77.40947723388672,-2.2116992473602295,35,-87.41380310058594,-2.0812809467315674,42,-112.14354705810547,-2.6700844764709473,42,21
-69.50337219238281,-2.396667957305908,29,-92.50086212158203,-3.1896848678588867,29,-87.34264373779297,-3.011815309524536,29,-130.49159240722656,-3.2622897624969482,40,-91.55546569824219,-3.1570849418640137,29,-89.89207458496094,-3.099726676940918,29,22
-92.29622650146484,-2.494492530822754,37,-236.79397583007812,-6.399837017059326,37,-259.9384460449219,-7.025363445281982,37,-318.4090576171875,-6.633522033691406,48,-242.29006958007812,-6.548380374908447,37,-261.3847351074219,-7.064452171325684,37,23
-78.7318344116211,-2.3156421184539795,34,-84.59261322021484,-2.488018035888672,34,-67.6209716796875,-1.9888521432876587,34,-75.07579803466797,-1.5015159845352173,50,-88.72923278808594,-2.6096832752227783,34,-82.93507385253906,-2.4392669200897217,34,24
-66.78402709960938,-1.3629393577575684,49,-93.54508972167969,-1.9090834856033325,49,-128.80174255371094,-2.6286070346832275,49,-70.77583312988281,-2.0221667289733887,35,-92.4947509765625,-1.8876479864120483,49,-134.32073974609375,-2.741239547729492,49,25
-55.916629791259766,-1.164929747581482,48,-92.59415435791016,-1.9290448427200317,48,-95.59422302246094,-1.9915462732315063,48,-38.99034118652344,-1.1140097379684448,35,-94.60076141357422,-1.9708491563796997,48,-94.81018829345703,-1.9752122163772583,48,26
-84.2933578491211,-2.2781989574432373,37,-163.67349243164062,-4.42360782623291,37,-211.55633544921875,-5.717738628387451,37,-270.4027099609375,-5.87831974029541,46,-166.17666625976562,-4.4912614822387695,37,-219.66282653808594,-5.936833381652832,37,27
-17.06569480895996,-0.27088403701782227,63,-99.24276733398438,-1.5752819776535034,63,-143.988037109375,-2.285524368286133,63,-63.847686767578125,-1.3879932165145874,46,-122.8805160522461,-1.9504843950271606,63,-139.54122924804688,-2.214940071105957,63,28
-21.423084259033203,-0.535577118396759,40,-104.7623291015625,-2.619058132171631,40,-104.24508666992188,-2.6061272621154785,40,-69.65455627441406,-2.579798460006714,27,-108.88911437988281,-2.7222278118133545,40,-113.79525756835938,-2.844881534576416,40,29
-103.84675598144531,-3.054316282272339,34,-87.8323974609375,-2.583305835723877,34,-76.82018280029297,-2.2594170570373535,34,-69.97708892822266,-2.2573254108428955,31,-94.27381896972656,-2.772759437561035,34,-77.72845458984375,-2.286130905151367,34,30
-97.89871215820312,-1.6593002080917358,59,-111.64120483398438,-1.892223834991455,59,-96.53462219238281,-1.63618004322052,59,-88.01023864746094,-1.6298192739486694,54,-123.62026977539062,-2.0952587127685547,59,-103.66377258300781,-1.7570130825042725,59,31
-91.69268798828125,-3.0564229488372803,30,-148.18057250976562,-4.939352512359619,30,-214.535888671875,-7.151196479797363,30,-291.50799560546875,-6.337130546569824,46,-157.6742401123047,-5.255807876586914,30,-209.60104370117188,-6.986701488494873,30,32
-73.93402099609375,-1.9456321001052856,38,-92.20832824707031,-2.42653489112854,38,-90.4405517578125,-2.380014419555664,38,-58.66009521484375,-1.8922611474990845,31,-99.18206787109375,-2.6100544929504395,38,-93.89727783203125,-2.4709808826446533,38,33
-66.61088562011719,-1.9591436386108398,34,-86.8766098022461,-2.55519437789917,34,-86.38395690917969,-2.5407047271728516,34,-80.78848266601562,-2.7858097553253174,29,-108.13142395019531,-3.1803359985351562,34,-100.48249816894531,-2.9553675651550293,34,34
-80.95211791992188,-1.6190423965454102,50,-97.93283081054688,-1.958656668663025,50,-99.28404235839844,-1.9856808185577393,50,-95.50727844238281,-1.8726917505264282,51,-111.31714630126953,-2.2263429164886475,50,-103.63618469238281,-2.072723627090454,50,35
-80.68473815917969,-1.8337440490722656,44,-105.1805419921875,-2.3904669284820557,44,-86.55413818359375,-1.967139482498169,44,-94.5740966796875,-1.970293641090393,48,-101.33694458007812,-2.303112268447876,44,-83.62186431884766,-1.9004969596862793,44,36
-86.30953979492188,-2.3326902389526367,37,-165.05868530273438,-4.461045742034912,37,-192.84371948242188,-5.211992263793945,37,-244.95123291015625,-5.103150844573975,48,-153.42630004882812,-4.1466569900512695,37,-203.02197265625,-5.4870805740356445,37,37
-55.10515594482422,-1.7775856256484985,31,-70.79660034179688,-2.2837612628936768,31,-75.84491729736328,-2.44661021232605,31,-69.83187103271484,-1.8873478174209595,37,-70.05948638916016,-2.259983539581299,31,-80.92100524902344,-2.6103549003601074,31,38
-90.74751281738281,-1.9307981729507446,47,-106.54759979248047,-2.266970157623291,47,-80.40960693359375,-1.7108427286148071,47,-80.59419250488281,-1.7520476579666138,46,-105.67902374267578,-2.2484898567199707,47,-85.8728256225586,-1.8270814418792725,47,39
-71.98225402832031,-1.6740058660507202,43,-115.5158462524414,-2.686414957046509,43,-132.57888793945312,-3.0832300186157227,43,-81.78036499023438,-3.028902292251587,27,-110.81201934814453,-2.57702374458313,43,-133.34027099609375,-3.1009366512298584,43,40
-108.18310546875,-2.6386122703552246,41,-106.61616516113281,-2.6003942489624023,41,-88.72405242919922,-2.164001226425171,41,-85.9874038696289,-2.1496851444244385,40,-90.3814468383789,-2.204425573348999,41,-84.9511489868164,-2.071979284286499,41,41
-65.68531799316406,-2.2650110721588135,29,-75.55706787109375,-2.6054160594940186,29,-75.09410095214844,-2.589451789855957,29,-66.37593078613281,-1.89645516872406,35,-74.38618469238281,-2.5650408267974854,29,-69.15522766113281,-2.3846631050109863,29,42
-87.53294372558594,-1.8624030351638794,47,-107.49267578125,-2.2870781421661377,47,-118.90476989746094,-2.52988862991333,47,-71.73056030273438,-2.0494446754455566,35,-104.77262878417969,-2.2292048931121826,47,-115.43211364746094,-2.4560024738311768,47,43
-119.23078155517578,-2.772808790206909,43,-249.2747039794922,-5.797086238861084,43,-271.21258544921875,-6.30726957321167,43,-302.1044006347656,-6.42775297164917,47,-234.62213134765625,-5.456328868865967,43,-274.8354797363281,-6.3915228843688965,43,44
-55.350914001464844,-1.7855134010314941,31,-55.891273498535156,-1.802944302558899,31,-42.657020568847656,-1.3760329484939575,31,-41.624542236328125,-1.2242512702941895,34,-59.974945068359375,-1.934675693511963,31,-58.850887298583984,-1.8984156847000122,31,45
-54.18462371826172,-1.1779266595840454,46,-87.23765563964844,-1.8964707851409912,46,-65.57405853271484,-1.425523042678833,46,-49.26405334472656,-1.1729536056518555,42,-84.10948181152344,-1.8284670114517212,46,-74.12376403808594,-1.6113861799240112,46,46
-82.3078384399414,-2.1659958362579346,38,-124.8037109375,-3.2843081951141357,38,-114.45059204101562,-3.011857748031616,38,-113.03717041015625,-3.7679057121276855,30,-127.66941833496094,-3.3597214221954346,38,-113.96898651123047,-2.9991838932037354,38,47
-109.01138305664062,-3.0280940532684326,36,-114.42559814453125,-3.1784887313842773,36,-89.32540130615234,-2.4812612533569336,36,-52.84377670288086,-2.5163702964782715,21,-98.16446685791016,-2.7267906665802,36,-108.7366943359375,-3.020463705062866,36,48
-68.61477661132812,-1.5594267845153809,44,-119.15365600585938,-2.7080376148223877,44,-131.08169555664062,-2.9791295528411865,44,-89.97708129882812,-2.5707738399505615,35,-107.22919464111328,-2.4370272159576416,44,-138.49154663085938,-3.1475350856781006,44,49
-81.94353485107422,-2.4101040363311768,34,-75.07066345214844,-2.207960605621338,34,-80.93281555175781,-2.3803768157958984,34,-81.35128784179688,-2.2597579956054688,36,-87.60506439208984,-2.5766196250915527,34,-97.08779907226562,-2.8555235862731934,34,50
-56.750099182128906,-1.233697772026062,46,-115.56295776367188,-2.5122382640838623,46,-151.15505981445312,-3.2859795093536377,46,-86.13128662109375,-2.9700443744659424,29,-141.39759826660156,-3.0738608837127686,46,-157.39657592773438,-3.4216647148132324,46,51
-66.19086456298828,-2.363959550857544,28,-65.75296020507812,-2.3483200073242188,28,-63.03953552246094,-2.2514119148254395,28,-61.96791458129883,-1.9364973306655884,32,-65.61552429199219,-2.343411684036255,28,-65.0475845336914,-2.3231279850006104,28,52
-88.53375244140625,-2.8559274673461914,31,-65.64863586425781,-2.1176979541778564,31,-58.95466995239258,-1.9017635583877563,31,-61.47443389892578,-1.8080716133117676,34,-73.4287109375,-2.3686680793762207,31,-83.10919189453125,-2.680941581726074,31,53
-116.0434341430664,-3.1363091468811035,37,-111.77604675292969,-3.0209741592407227,37,-91.57742309570312,-2.4750654697418213,37,-67.272216796875,-2.4025790691375732,28,-111.20789337158203,-3.0056188106536865,37,-88.20199584960938,-2.3838376998901367,37,54
-82.25534057617188,-1.8694396018981934,44,-125.90275573730469,-2.86142635345459,44,-90.13737487792969,-2.048576593399048,44,-37.34197235107422,-1.3830360174179077,27,-113.40489959716797,-2.5773839950561523,44,-93.330810546875,-2.12115478515625,44,55
-48.87131881713867,-0.9774263501167297,50,-77.23602294921875,-1.5447204113006592,50,-59.33222198486328,-1.186644434928894,50,-37.2440185546875,-0.7600820064544678,49,-93.62783813476562,-1.8725568056106567,50,-61.258506774902344,-1.2251701354980469,50,56
-39.61320495605469,-0.9661757349967957,41,-97.29052734375,-2.3729395866394043,41,-145.50729370117188,-3.5489583015441895,41,-156.66827392578125,-3.1973116397857666,49,-108.25714111328125,-2.64041805267334,41,-131.78378295898438,-3.2142386436462402,41,57
-73.14901733398438,-1.6255336999893188,45,-88.93931579589844,-1.9764292240142822,45,-119.70732879638672,-2.660162925720215,45,-55.6209602355957,-1.794224500656128,31,-85.28036499023438,-1.8951191902160645,45,-113.35099792480469,-2.518911123275757,45,58
-100.47354125976562,-2.511838436126709,40,-129.71734619140625,-3.242933750152588,40,-111.89607238769531,-2.7974019050598145,40,-92.68724822998047,-2.574645757675171,36,-142.26144409179688,-3.5565361976623535,40,-120.94122314453125,-3.0235304832458496,40,59
-48.18898010253906,-0.9834485650062561,49,-96.8751449584961,-1.9770437479019165,49,-105.61559295654297,-2.1554203033447266,49,-72.01069641113281,-1.8002674579620361,40,-99.73414611816406,-2.035390853881836,49,-104.55816650390625,-2.1338400840759277,49,60
-68.19679260253906,-1.894355297088623,36,-100.11503601074219,-2.780973196029663,36,-94.77888488769531,-2.632746696472168,36,-69.19902038574219,-2.562926769256592,27,-104.57670593261719,-2.9049084186553955,36,-100.97960662841797,-2.8049890995025635,36,61
-295.9452209472656,-6.433591842651367,46,-174.94882202148438,-3.8032352924346924,46,-129.7440948486328,-2.820523738861084,46,-101.91764831542969,-3.3972549438476562,30,-172.27883911132812,-3.745192050933838,46,-137.28146362304688,-2.984379529953003,46,62
-43.53133010864258,-0.9261985421180725,47,-93.98489379882812,-1.999678611755371,47,-72.95811462402344,-1.5523003339767456,47,-48.3635368347168,-1.1795984506607056,41,-103.19935607910156,-2.1957309246063232,47,-80.11537170410156,-1.7045823335647583,47,63
-176.797119140625,-2.357295036315918,75,-237.69625854492188,-3.169283390045166,75,-167.39602661132812,-2.2319469451904297,75,-100.86540222167969,-2.1927261352539062,46,-224.26931762695312,-2.990257501602173,75,-200.7016143798828,-2.6760215759277344,75,64
-86.21282958984375,-2.6125099658966064,33,-104.81910705566406,-3.1763365268707275,33,-102.1322250366211,-3.0949158668518066,33,-169.04266357421875,-3.3808531761169434,50,-105.95256805419922,-3.210683822631836,33,-111.52198791503906,-3.3794541358947754,33,65
-61.54994583129883,-1.985482096672058,31,-163.86985778808594,-5.286124229431152,31,-187.70242309570312,-6.054916858673096,31,-299.3447570800781,-6.36903715133667,47,-162.69146728515625,-5.248111724853516,31,-200.8809051513672,-6.480029106140137,31,66
-173.7536163330078,-3.777252435684204,46,-198.9115753173828,-4.324164867401123,46,-127.71604919433594,-2.7764358520507812,46,-96.69906616210938,-3.1193246841430664,31,-183.39492797851562,-3.9868462085723877,46,-128.04135131835938,-2.7835075855255127,46,67
-60.756126403808594,-1.6420574188232422,37,-99.51089477539062,-2.689483642578125,37,-110.81243133544922,-2.9949305057525635,37,-139.59457397460938,-3.1021015644073486,45,-96.55297088623047,-2.609539747238159,37,-121.16178131103516,-3.2746427059173584,37,68
-93.21958923339844,-2.4531471729278564,38,-110.81239318847656,-2.9161155223846436,38,-87.63650512695312,-2.3062238693237305,38,-77.35833740234375,-2.7627978324890137,28,-108.50569152832031,-2.8554129600524902,38,-96.76358032226562,-2.546410083770752,38,69
-58.20677185058594,-1.5731559991836548,37,-87.47093963623047,-2.364079475402832,37,-111.46444702148438,-3.0125527381896973,37,-46.47987365722656,-2.4463090896606445,19,-98.5093994140625,-2.6624162197113037,37,-107.85457611083984,-2.9149885177612305,37,70
-72.05703735351562,-2.32442045211792,31,-117.51839447021484,-3.7909159660339355,31,-94.69246673583984,-3.054595708847046,31,-87.56488037109375,-2.9188294410705566,30,-122.96067810058594,-3.9664735794067383,31,-88.53174591064453,-2.855862855911255,31,71
-58.196651458740234,-1.5314908027648926,38,-168.07720947265625,-4.423084259033203,38,-213.65383911132812,-5.622469425201416,38,-263.8204345703125,-6.135358810424805,43,-172.63861083984375,-4.543121337890625,38,-227.367919921875,-5.9833664894104,38,72
-93.34481048583984,-2.3934566974639893,39,-73.49235534667969,-1.884419322013855,39,-58.971923828125,-1.5121005773544312,39,-41.306785583496094,-1.290837049484253,32,-81.05807495117188,-2.0784122943878174,39,-79.57389831542969,-2.040356397628784,39,73
-82.18458557128906,-1.9112694263458252,43,-81.70555114746094,-1.9001290798187256,43,-92.39305877685547,-2.1486756801605225,43,-59.59831237792969,-1.922526240348816,31,-80.2921142578125,-1.8672584295272827,43,-92.45169067382812,-2.1500394344329834,43,74
-83.93328857421875,-2.797776222229004,30,-68.99652099609375,-2.299884080886841,30,-83.07290649414062,-2.769096851348877,30,-60.24200439453125,-2.0080668926239014,30,-82.730712890625,-2.7576904296875,30,-83.12965393066406,-2.7709884643554688,30,75
-116.67529296875,-2.4307353496551514,48,-135.84056091308594,-2.8300116062164307,48,-120.58432006835938,-2.5121734142303467,48,-46.797943115234375,-1.9499143362045288,24,-151.8573760986328,-3.1636953353881836,48,-124.07705688476562,-2.5849387645721436,48,76
-53.182857513427734,-1.3295714855194092,40,-73.65043640136719,-1.8412609100341797,40,-99.92010498046875,-2.498002529144287,40,-73.51564025878906,-2.450521230697632,30,-75.4108657836914,-1.885271668434143,40,-105.37234497070312,-2.6343085765838623,40,77
-80.53934478759766,-1.8730080127716064,43,-126.75704956054688,-2.947838306427002,43,-124.40928649902344,-2.8932392597198486,43,-89.40885925292969,-3.083064079284668,29,-139.62289428710938,-3.247044086456299,43,-118.80027770996094,-2.7627971172332764,43,78
-86.93655395507812,-2.8978850841522217,30,-69.71327209472656,-2.3237757682800293,30,-71.16865539550781,-2.372288465499878,30,-50.832279205322266,-1.239811658859253,41,-65.01008605957031,-2.1670029163360596,30,-74.37220001220703,-2.4790732860565186,30,79
-120.13945007324219,-3.432555675506592,35,-115.38449096679688,-3.2966997623443604,35,-74.25271606445312,-2.1215062141418457,35,-84.64845275878906,-2.730595350265503,31,-125.23989868164062,-3.5782828330993652,35,-83.75979614257812,-2.393136978149414,35,80
-85.60133361816406,-2.252666711807251,38,-78.37169647216797,-2.062412977218628,38,-81.26515197753906,-2.138556718826294,38,-81.46144104003906,-2.088754892349243,39,-84.8271484375,-2.2322933673858643,38,-90.24038696289062,-2.3747470378875732,38,81
-74.773193359375,-1.9172613620758057,39,-81.71031188964844,-2.0951361656188965,39,-89.1673355102539,-2.286341905593872,39,-97.21739196777344,-2.113421678543091,46,-83.32035827636719,-2.1364195346832275,39,-100.44772338867188,-2.57558274269104,39,82
-98.9566879272461,-2.105461359024048,47,-97.73558807373047,-2.0794806480407715,47,-90.08047485351562,-1.916605830192566,47,-74.30862426757812,-1.688832402229309,44,-103.05278015136719,-2.192612409591675,47,-105.59364318847656,-2.246673345565796,47,83
-96.3892593383789,-1.967127799987793,49,-125.02241516113281,-2.5514779090881348,49,-118.96047973632812,-2.427764892578125,49,-92.56074523925781,-2.373352527618408,39,-122.5312271118164,-2.5006372928619385,49,-127.75625610351562,-2.6072704792022705,49,84
-25.810056686401367,-0.9926944971084595,26,-73.31229400634766,-2.8197035789489746,26,-50.22785186767578,-1.931840419769287,26,-51.95008850097656,-1.404056429862976,37,-75.8487777709961,-2.9172606468200684,26,-48.15358352661133,-1.8520609140396118,26,85
-82.53516387939453,-2.2926435470581055,36,-105.1199722290039,-2.919999122619629,36,-105.26332092285156,-2.923981189727783,36,-106.47781372070312,-2.8777787685394287,37,-116.2546615600586,-3.2292962074279785,36,-104.1177749633789,-2.892160415649414,36,86
-59.70499038696289,-1.8657809495925903,32,-68.44667053222656,-2.13895845413208,32,-66.09532165527344,-2.065478801727295,32,-49.01719665527344,-1.9606878757476807,25,-77.13691711425781,-2.4105286598205566,32,-63.34071731567383,-1.9793974161148071,32,87
-111.27107238769531,-2.528887987136841,44,-108.18565368652344,-2.4587647914886475,44,-98.59524536132812,-2.2408010959625244,44,-102.17750549316406,-2.0435500144958496,50,-117.70262145996094,-2.6750595569610596,44,-107.37759399414062,-2.4403998851776123,44,88
-89.54102325439453,-3.443885564804077,26,-80.1787338256836,-3.0837974548339844,26,-48.960350036621094,-1.8830903768539429,26,-23.426401138305664,-1.1155428886413574,21,-82.50843811035156,-3.173401355743408,26,-55.606178283691406,-2.1386990547180176,26,89
-67.32267761230469,-1.496059536933899,45,-76.29578399658203,-1.6954618692398071,45,-106.76136779785156,-2.3724749088287354,45,-70.002197265625,-2.121278762817383,33,-84.12315368652344,-1.86940336227417,45,-103.66559600830078,-2.303679943084717,45,90
-60.74109649658203,-1.3804794549942017,44,-103.10636901855469,-2.3433265686035156,44,-98.85836029052734,-2.2467808723449707,44,-79.08578491210938,-1.9771445989608765,40,-93.31147766113281,-2.120715379714966,44,-102.42819213867188,-2.327913522720337,44,91
-78.13800811767578,-2.0562634468078613,38,-84.61671447753906,-2.2267556190490723,38,-84.48252868652344,-2.223224401473999,38,-110.60626983642578,-2.6334826946258545,42,-63.002498626708984,-1.6579605340957642,38,-77.73834991455078,-2.045746088027954,38,92
-80.40234375,-2.010058641433716,40,-98.13703918457031,-2.453425884246826,40,-88.80680847167969,-2.220170259475708,40,-63.613685607910156,-1.9879276752471924,32,-92.75439453125,-2.318859815597534,40,-100.30899047851562,-2.5077247619628906,40,93
-137.29330444335938,-3.3486170768737793,41,-86.32186889648438,-2.1054115295410156,41,-62.47386932373047,-1.5237529277801514,41,-34.8051643371582,-1.0547019243240356,33,-81.25363159179688,-1.9817959070205688,41,-77.69293212890625,-1.8949495553970337,41,94
-59.33607482910156,-2.8255274295806885,21,-87.8177261352539,-4.181796550750732,21,-83.9636459350586,-3.9982688426971436,21,-90.3854751586914,-4.304070472717285,21,-75.72625732421875,-3.6060123443603516,21,-84.17401123046875,-4.008286476135254,21,95
-75.41981506347656,-2.6006832122802734,29,-55.017860412597656,-1.8971675634384155,29,-60.29981994628906,-2.0793042182922363,29,-56.69594192504883,-1.7717481851577759,32,-65.88818359375,-2.2720062732696533,29,-65.77739715576172,-2.268186092376709,29,96
-95.3751220703125,-1.946431040763855,49,-150.83795166015625,-3.0783255100250244,49,-126.37549591064453,-2.579091787338257,49,-123.9820785522461,-2.755157232284546,45,-136.98956298828125,-2.7957053184509277,49,-143.4839324951172,-2.928243637084961,49,97
-15.57166576385498,-0.5369539856910706,29,-113.43769073486328,-3.911644458770752,29,-115.29336547851562,-3.975633382797241,29,-128.0995330810547,-2.9790589809417725,43,-128.88238525390625,-4.444220066070557,29,-117.00917053222656,-4.034799098968506,29,98
-87.78076934814453,-1.8287659883499146,48,-160.428466796875,-3.342259645462036,48,-152.6585693359375,-3.180386781692505,48,-117.48200225830078,-2.9370501041412354,40,-151.99302673339844,-3.1665213108062744,48,-147.92877197265625,-3.0818493366241455,48,99
-118.83741760253906,-4.40138578414917,27,-119.79862213134766,-4.436985969543457,27,-75.74481964111328,-2.805363655090332,27,-62.74275207519531,-3.1371376514434814,20,-116.74237060546875,-4.32379150390625,27,-89.91170501708984,-3.3300631046295166,27,100
-82.9061050415039,-1.842357873916626,45,-129.3128662109375,-2.873619318008423,45,-116.94178771972656,-2.5987064838409424,45,-65.09478759765625,-2.0998318195343018,31,-134.71307373046875,-2.993623971939087,45,-113.42911529541016,-2.5206470489501953,45,101
-116.8123779296875,-2.8490824699401855,41,-125.65643310546875,-3.064790964126587,41,-171.48931884765625,-4.182666301727295,41,-169.42031860351562,-4.033817291259766,42,-112.80882263183594,-2.751434803009033,41,-170.3074951171875,-4.153841495513916,41,102
-27.637367248535156,-1.6257275342941284,17,-50.695167541503906,-2.9820687770843506,17,-65.09077453613281,-3.828869104385376,17,-81.44955444335938,-2.468168258666992,33,-54.71086120605469,-3.2182860374450684,17,-70.01095581054688,-4.11829137802124,17,103
-85.85986328125,-2.2015349864959717,39,-98.89775848388672,-2.5358400344848633,39,-87.91607666015625,-2.254258394241333,39,-50.587989807128906,-1.4878820180892944,34,-112.03824615478516,-2.8727755546569824,39,-74.65426635742188,-1.9142119884490967,39,104
-60.477901458740234,-2.239922285079956,27,-76.55963897705078,-2.8355422019958496,27,-84.96249389648438,-3.146759033203125,27,-77.76699829101562,-2.6816205978393555,29,-94.46533203125,-3.498716115951538,27,-98.63367462158203,-3.6530990600585938,27,105
-39.989585876464844,-1.4281995296478271,28,-98.95646667480469,-3.5341594219207764,28,-101.66667175292969,-3.6309525966644287,28,-102.34246063232422,-2.76601243019104,37,-101.47923278808594,-3.624258279800415,28,-118.82232666015625,-4.243654727935791,28,106
-65.19374084472656,-1.5161335468292236,43,-103.30194091796875,-2.4023706912994385,43,-98.36168670654297,-2.2874810695648193,43,-53.342803955078125,-2.0516462326049805,26,-112.39970397949219,-2.6139466762542725,43,-112.84504699707031,-2.6243033409118652,43,107
-66.14360046386719,-2.5439846515655518,26,-57.5267448425293,-2.212567090988159,26,-56.518733978271484,-2.173797369003296,26,-84.55845642089844,-2.348845958709717,36,-65.72579956054688,-2.5279154777526855,26,-68.39087677001953,-2.630418300628662,26,108
-84.03424835205078,-2.626070261001587,32,-92.15223693847656,-2.8797574043273926,32,-89.04208374023438,-2.782565116882324,32,-56.69398880004883,-2.5769994258880615,22,-93.96439361572266,-2.936387300491333,32,-97.67312622070312,-3.0522851943969727,32,109
-82.76295471191406,-2.955819845199585,28,-75.46882629394531,-2.69531512260437,28,-73.79496765136719,-2.6355345249176025,28,-74.77435302734375,-2.412075996398926,31,-76.02610778808594,-2.7152180671691895,28,-78.504638671875,-2.803737163543701,28,110
-61.390411376953125,-2.192514657974243,28,-91.71099853515625,-3.275392770767212,28,-97.23005676269531,-3.4725019931793213,28,-166.86209106445312,-3.405348777770996,49,-94.82546997070312,-3.3866238594055176,28,-114.80003356933594,-4.100001335144043,28,111
-136.79006958007812,-3.7997241020202637,36,-177.3465576171875,-4.92629337310791,36,-217.75704956054688,-6.048807144165039,36,-261.11083984375,-5.555549621582031,47,-181.33941650390625,-5.037206172943115,36,-207.30723571777344,-5.7585344314575195,36,112
-62.46290969848633,-1.6437608003616333,38,-84.58161163330078,-2.225831985473633,38,-74.85179138183594,-1.9697840213775635,38,-75.82855224609375,-1.995488166809082,38,-93.72779846191406,-2.4665210247039795,38,-81.89159393310547,-2.1550419330596924,38,113
-62.60118865966797,-1.5650297403335571,40,-100.49549865722656,-2.51238751411438,40,-99.0793685913086,-2.4769842624664307,40,-45.700523376464844,-1.9869792461395264,23,-102.66775512695312,-2.5666937828063965,40,-115.8135986328125,-2.8953399658203125,40,114
-85.44779205322266,-3.0517067909240723,28,-89.12690734863281,-3.1831037998199463,28,-66.59539794921875,-2.3784070014953613,28,-63.864051818847656,-2.0601305961608887,31,-98.5693588256836,-3.520334243774414,28,-76.5750503540039,-2.734823226928711,28,115
-41.653438568115234,-1.301669955253601,32,-84.39669036865234,-2.6373965740203857,32,-75.71387481689453,-2.366058588027954,32,-58.64924621582031,-2.255740165710449,26,-92.30406951904297,-2.8845021724700928,32,-74.51211547851562,-2.3285036087036133,32,116
-34.66771697998047,-1.7333858013153076,20,-67.22628784179688,-3.361314296722412,20,-68.42693328857422,-3.421346664428711,20,-59.62739562988281,-1.9875798225402832,30,-64.89041137695312,-3.244520664215088,20,-78.61778259277344,-3.930889129638672,20,117
-61.444061279296875,-1.5361015796661377,40,-82.6700439453125,-2.066751003265381,40,-78.05886840820312,-1.9514716863632202,40,-77.22675323486328,-1.7161500453948975,45,-89.76805114746094,-2.244201183319092,40,-76.78335571289062,-1.9195839166641235,40,118
-77.20201110839844,-1.7545911073684692,44,-116.43840026855469,-2.646327257156372,44,-92.62471771240234,-2.105107307434082,44,-41.185325622558594,-1.211333155632019,34,-109.02566528320312,-2.477855920791626,44,-87.68780517578125,-1.9929046630859375,44,119
-64.9117431640625,-1.9670225381851196,33,-86.26619720458984,-2.6141271591186523,33,-75.5640869140625,-2.289820909500122,33,-78.5848388671875,-2.619494676589966,30,-87.95869445800781,-2.665415048599243,33,-81.26670837402344,-2.462627410888672,33,120
-126.45309448242188,-4.079132080078125,31,-107.60907745361328,-3.4712605476379395,31,-77.1800765991211,-2.4896798133850098,31,-75.1220932006836,-2.59041690826416,29,-105.64507293701172,-3.4079055786132812,31,-85.18267059326172,-2.7478280067443848,31,121
-77.02982330322266,-1.8340433835983276,42,-127.3065414428711,-3.0311081409454346,42,-127.40214538574219,-3.033384323120117,42,-114.32513427734375,-2.5982985496520996,44,-107.99917602539062,-2.571408987045288,42,-122.26947021484375,-2.91117787361145,42,122
-61.02162170410156,-1.9684394598007202,31,-62.53131103515625,-2.017138957977295,31,-72.2979736328125,-2.3321926593780518,31,-93.36512756347656,-2.121934652328491,44,-68.13911437988281,-2.198035955429077,31,-87.43565368652344,-2.820504903793335,31,123
-112.05203247070312,-2.605861186981201,43,-126.99797821044922,-2.9534413814544678,43,-112.18521881103516,-2.6089584827423096,43,-91.08566284179688,-1.8588911294937134,49,-125.3487319946289,-2.9150867462158203,43,-109.653564453125,-2.5500829219818115,43,124
-51.91575622558594,-2.732408285140991,19,-73.60752868652344,-3.8740804195404053,19,-77.31330871582031,-4.069121360778809,19,-84.47533416748047,-3.0169761180877686,28,-66.85686492919922,-3.518782377243042,19,-72.89283752441406,-3.8364651203155518,19,125
-67.2176513671875,-1.97698974609375,34,-104.802490234375,-3.082426071166992,34,-81.98747253417969,-2.4113962650299072,34,-63.37125015258789,-2.4373557567596436,26,-86.93328094482422,-2.556861162185669,34,-87.18524169921875,-2.564271926879883,34,126
-177.96884155273438,-4.237353324890137,42,-146.7760772705078,-3.494668483734131,42,-110.2137680053711,-2.6241374015808105,42,-71.69136047363281,-2.312624454498291,31,-162.82972717285156,-3.8768982887268066,42,-134.35745239257812,-3.1989870071411133,42,127
-141.34820556640625,-3.2124593257904053,44,-157.76913452148438,-3.5856621265411377,44,-118.18061828613281,-2.6859230995178223,44,-77.99516296386719,-2.689488410949707,29,-126.98029327392578,-2.885915756225586,44,-125.6715087890625,-2.856170654296875,44,128
-39.73014450073242,-2.20723032951355,18,-66.53297424316406,-3.6962764263153076,18,-60.09355926513672,-3.338531017303467,18,-91.33226776123047,-3.382676601409912,27,-76.36349487304688,-4.2424163818359375,18,-79.50797271728516,-4.417109489440918,18,129
-66.51044464111328,-2.217014789581299,30,-67.22418212890625,-2.2408061027526855,30,-46.84852600097656,-1.5616174936294556,30,-50.413543701171875,-1.6262433528900146,31,-76.9014892578125,-2.563382863998413,30,-57.265113830566406,-1.908837080001831,30,130
-54.098655700683594,-1.3194794654846191,41,-63.55231475830078,-1.5500564575195312,41,-57.25293731689453,-1.3964130878448486,41,-44.153629302978516,-1.5225389003753662,29,-61.66414260864258,-1.5040035247802734,41,-65.04913330078125,-1.5865641832351685,41,131
-60.086952209472656,-2.22544264793396,27,-79.17301940917969,-2.9323339462280273,27,-87.21082305908203,-3.2300305366516113,27,-108.62291717529297,-2.5261144638061523,43,-80.8597412109375,-2.994805335998535,27,-88.57317352294922,-3.2804880142211914,27,132
-100.7954330444336,-2.239898443222046,45,-100.21674346923828,-2.227038860321045,45,-92.69306945800781,-2.0598459243774414,45,-91.41775512695312,-1.9873424768447876,46,-117.89545440673828,-2.619899034500122,45,-99.81907653808594,-2.2182016372680664,45,133
-50.162757873535156,-1.0450574159622192,48,-68.740234375,-1.4320882558822632,48,-67.82181549072266,-1.4129544496536255,48,-42.7374267578125,-0.854748547077179,50,-69.12174987792969,-1.440036416053772,48,-72.67823791503906,-1.5141299962997437,48,134
-66.161376953125,-1.6136921644210815,41,-118.734375,-2.8959603309631348,41,-96.83525085449219,-2.361835479736328,41,-91.73987579345703,-2.29349684715271,40,-113.18438720703125,-2.7605948448181152,41,-99.33409118652344,-2.4227826595306396,41,135
-114.57850646972656,-3.0967164039611816,37,-128.98526000976562,-3.4860880374908447,37,-116.72538757324219,-3.15474009513855,37,-119.65904235839844,-3.1489222049713135,38,-131.9310760498047,-3.565704822540283,37,-109.59797668457031,-2.9621074199676514,37,136
-127.5411376953125,-3.036693811416626,42,-141.12841796875,-3.3602004051208496,42,-136.00392150878906,-3.2381885051727295,42,-123.57284545898438,-3.9862208366394043,31,-130.90338134765625,-3.1167471408843994,42,-147.90235900878906,-3.521484851837158,42,137
-63.17784881591797,-2.2563517093658447,28,-75.59278106689453,-2.699742078781128,28,-64.6258316040039,-2.308065414428711,28,-85.1645278930664,-2.2411718368530273,38,-76.147216796875,-2.71954345703125,28,-70.91304016113281,-2.5326085090637207,28,138
-113.29682922363281,-2.9814956188201904,38,-108.1382064819336,-2.8457422256469727,38,-86.56180572509766,-2.277942180633545,38,-93.00888061523438,-2.162997245788574,43,-105.77958679199219,-2.7836732864379883,38,-86.44587707519531,-2.2748916149139404,38,139
-62.20062255859375,-2.006471633911133,31,-90.50260925292969,-2.9194390773773193,31,-77.05741119384766,-2.4857230186462402,31,-80.58981323242188,-2.5184316635131836,32,-91.50881958007812,-2.951897382736206,31,-80.933349609375,-2.610753297805786,31,140
-62.36210632324219,-1.5590527057647705,40,-97.83792114257812,-2.4459481239318848,40,-87.74142456054688,-2.193535566329956,40,-88.44673156738281,-2.1572372913360596,41,-98.72433471679688,-2.4681084156036377,40,-94.55097198486328,-2.363774299621582,40,141
-69.98045349121094,-2.413119077682495,29,-63.596099853515625,-2.1929688453674316,29,-71.28655242919922,-2.4581570625305176,29,-83.0376205444336,-2.4422829151153564,34,-76.7822036743164,-2.6476621627807617,29,-68.10493469238281,-2.3484461307525635,29,142
-28.28268051147461,-0.601759135723114,47,-61.25775909423828,-1.3033565282821655,47,-58.957557678222656,-1.2544161081314087,47,-49.04940414428711,-0.8758822083473206,56,-86.76892852783203,-1.8461474180221558,47,-79.64990997314453,-1.6946789026260376,47,143
-120.91387176513672,-3.4546821117401123,35,-93.30693817138672,-2.665912628173828,35,-105.46598052978516,-3.0133137702941895,35,-121.90667724609375,-3.0476670265197754,40,-94.75870513916016,-2.7073915004730225,35,-129.28433227539062,-3.693838119506836,35,144
-103.1878890991211,-2.3997182846069336,43,-137.330078125,-3.193722724914551,43,-139.52801513671875,-3.244837522506714,43,-158.81478881835938,-3.609426975250244,44,-136.72723388671875,-3.1797029972076416,43,-121.96490478515625,-2.836393117904663,43,145
-88.58192443847656,-2.8574814796447754,31,-173.8506317138672,-5.608084678649902,31,-187.12991333007812,-6.036448955535889,31,-318.632568359375,-6.779416561126709,47,-163.57257080078125,-5.276534557342529,31,-209.95652770996094,-6.772791385650635,31,146
-83.3532485961914,-2.381521463394165,35,-77.90480041503906,-2.225851535797119,35,-82.15091705322266,-2.3471691608428955,35,-83.49752044677734,-1.9880361557006836,42,-78.07164001464844,-2.2306182384490967,35,-83.11622619628906,-2.3747494220733643,35,147
-56.58232879638672,-1.825236439704895,31,-89.66654968261719,-2.8924694061279297,31,-85.5469970703125,-2.759580612182617,31,-74.17405700683594,-2.5577261447906494,29,-78.25102233886719,-2.524226427078247,31,-86.11529541015625,-2.7779128551483154,31,148
-65.33362579345703,-1.63334059715271,40,-77.90498352050781,-1.9476245641708374,40,-90.27362060546875,-2.256840467453003,40,-46.739295959472656,-1.5077192783355713,31,-86.86204528808594,-2.17155122756958,40,-81.93145751953125,-2.0482864379882812,40,149
-87.20791625976562,-2.294945240020752,38,-104.83192443847656,-2.758734941482544,38,-81.61918640136719,-2.1478734016418457,38,-53.21418762207031,-1.6629433631896973,32,-105.85812377929688,-2.7857401371002197,38,-81.04002380371094,-2.132632255554199,38,150
-78.87178802490234,-2.81684947013855,28,-55.707420349121094,-1.9895507097244263,28,-49.975059509277344,-1.7848235368728638,28,-70.60676574707031,-1.908290982246399,37,-68.33171081542969,-2.440418243408203,28,-46.526634216308594,-1.6616655588150024,28,151
-62.79621124267578,-1.6971949338912964,37,-97.82632446289062,-2.6439547538757324,37,-102.69263458251953,-2.7754766941070557,37,-64.90950775146484,-2.5963802337646484,25,-91.56117248535156,-2.474626302719116,37,-102.67652130126953,-2.775041103363037,37,152
-97.73789978027344,-2.124737024307251,46,-101.2590103149414,-2.2012827396392822,46,-111.95860290527344,-2.433882713317871,46,-56.45970153808594,-1.9468863010406494,29,-143.67697143554688,-3.1234123706817627,46,-110.83320617675781,-2.4094176292419434,46,153
-73.83441162109375,-2.953376531600952,25,-71.34054565429688,-2.8536217212677,25,-81.34828186035156,-3.2539312839508057,25,-126.29776000976562,-3.5082712173461914,36,-81.46942138671875,-3.258776903152466,25,-92.63460540771484,-3.7053842544555664,25,154
-176.48194885253906,-5.515060901641846,32,-90.92237854003906,-2.8413243293762207,32,-80.21168518066406,-2.506615161895752,32,-81.57261657714844,-2.3991947174072266,34,-88.982177734375,-2.7806930541992188,32,-83.65019989013672,-2.6140687465667725,32,155
-41.682350158691406,-1.3445919752120972,31,-84.10215759277344,-2.71297287940979,31,-89.13113403320312,-2.8751978874206543,31,-87.85008239746094,-2.9283361434936523,30,-97.35604095458984,-3.140517473220825,31,-93.47537231445312,-3.0153346061706543,31,156
-47.7640380859375,-1.837078332901001,26,-49.10240936279297,-1.8885542154312134,26,-77.99947357177734,-2.9999797344207764,26,-86.77635192871094,-2.1164963245391846,41,-45.28263473510742,-1.7416398525238037,26,-72.97906494140625,-2.806887149810791,26,157
-70.5650634765625,-1.6410479545593262,43,-93.4349594116211,-2.172905921936035,43,-86.97251892089844,-2.0226166248321533,43,-69.90556335449219,-1.426644206047058,49,-89.24767303466797,-2.0755271911621094,43,-93.45780944824219,-2.1734373569488525,43,158
-59.8797607421875,-1.7108503580093384,35,-96.58992004394531,-2.759711980819702,35,-99.572021484375,-2.8449149131774902,35,-115.02507019042969,-2.3474504947662354,49,-85.12911987304688,-2.432260513305664,35,-98.2916488647461,-2.808332920074463,35,159
-105.6609878540039,-2.348021984100342,45,-148.52691650390625,-3.30059814453125,45,-169.40090942382812,-3.7644646167755127,45,-122.5088882446289,-3.8284027576446533,32,-156.88729858398438,-3.486384391784668,45,-162.98085021972656,-3.6217966079711914,45,160
-95.61015319824219,-2.1729581356048584,44,-166.5000457763672,-3.7840919494628906,44,-139.42433166503906,-3.1687347888946533,44,-138.2454833984375,-3.2915592193603516,42,-173.0672607421875,-3.933346748352051,44,-145.72915649414062,-3.312026262283325,44,161
-62.74401092529297,-2.323852300643921,27,-80.25768280029297,-2.9725067615509033,27,-71.05045318603516,-2.631498336791992,27,-79.91592407226562,-2.350468397140503,34,-85.96604919433594,-3.1839277744293213,27,-77.01883697509766,-2.8525495529174805,27,162
-91.27529907226562,-2.226226806640625,41,-91.57504272460938,-2.2335376739501953,41,-69.35626983642578,-1.6916162967681885,41,-38.34727096557617,-1.065201997756958,36,-87.86624145507812,-2.1430790424346924,41,-71.35211181640625,-1.74029541015625,41,163
-77.40396118164062,-2.669102191925049,29,-56.676700592041016,-1.9543689489364624,29,-71.62435913085938,-2.4698054790496826,29,-64.91151428222656,-1.7543652057647705,37,-74.15924835205078,-2.557215452194214,29,-70.65235137939453,-2.4362878799438477,29,164
-89.11056518554688,-2.4752933979034424,36,-100.33967590332031,-2.7872133255004883,36,-96.96012115478516,-2.6933367252349854,36,-37.59318923950195,-1.790151834487915,21,-108.74673461914062,-3.020742654800415,36,-94.18456268310547,-2.6162378787994385,36,165
-36.03619384765625,-1.3346738815307617,27,-55.62926483154297,-2.060343027114868,27,-63.06111145019531,-2.335596799850464,27,-46.167728424072266,-2.0072925090789795,23,-59.0347900390625,-2.1864736080169678,27,-64.28115844726562,-2.3807835578918457,27,166
-124.400634765625,-2.7043616771698,46,-121.53081512451172,-2.6419742107391357,46,-108.75899505615234,-2.364326000213623,46,-69.45214080810547,-2.3949015140533447,29,-113.642578125,-2.4704909324645996,46,-115.26839447021484,-2.5058345794677734,46,167
-111.70592498779297,-2.538770914077759,44,-248.40911865234375,-5.6456618309021,44,-283.3363342285156,-6.439462184906006,44,-306.5821533203125,-6.3871283531188965,48,-241.49087524414062,-5.488429069519043,44,-275.72467041015625,-6.266469955444336,44,168
-108.02833557128906,-2.572103261947632,42,-98.06410217285156,-2.334859609603882,42,-104.48751831054688,-2.487797975540161,42,-62.443016052246094,-1.8922126293182373,33,-88.6082763671875,-2.1097209453582764,42,-95.14124298095703,-2.2652676105499268,42,169
-85.77486419677734,-2.1993556022644043,39,-90.58699035644531,-2.3227434158325195,39,-78.90771484375,-2.0232746601104736,39,-45.87899398803711,-1.911624789237976,24,-75.62843322753906,-1.9391906261444092,39,-94.11017608642578,-2.413081407546997,39,170
-60.53944396972656,-1.8345285654067993,33,-74.31556701660156,-2.2519869804382324,33,-78.41059875488281,-2.3760788440704346,33,-76.29898071289062,-2.384343147277832,32,-78.67093658447266,-2.383967876434326,33,-83.38569641113281,-2.526839256286621,33,171
-100.76190948486328,-2.6516292095184326,38,-120.71289825439453,-3.1766552925109863,38,-121.19329833984375,-3.1892974376678467,38,-75.60425567626953,-2.438847064971924,31,-113.37855529785156,-2.9836461544036865,38,-126.94123840332031,-3.3405590057373047,38,172
-128.99050903320312,-2.3034019470214844,56,-193.6968231201172,-3.458871841430664,56,-193.57948303222656,-3.4567763805389404,56,-169.664794921875,-4.039638042449951,42,-202.2405242919922,-3.611438035964966,56,-192.81716918945312,-3.4431636333465576,56,173
-57.67852020263672,-1.8024537563323975,32,-93.2567138671875,-2.9142723083496094,32,-103.41828155517578,-3.231821298599243,32,-106.5837173461914,-2.7329158782958984,39,-83.29271697998047,-2.6028974056243896,32,-99.91903686523438,-3.122469902038574,32,174
-46.905845642089844,-1.7372535467147827,27,-61.22655487060547,-2.2676501274108887,27,-79.45549774169922,-2.942796230316162,27,-106.96967315673828,-2.6090164184570312,41,-64.13687133789062,-2.3754396438598633,27,-70.14878845214844,-2.5981032848358154,27,175
-50.793582916259766,-1.2698395252227783,40,-95.64933776855469,-2.391233444213867,40,-100.02345275878906,-2.5005862712860107,40,-56.5599479675293,-1.9503430128097534,29,-95.58262634277344,-2.3895657062530518,40,-102.46826934814453,-2.561706781387329,40,176
-57.28362274169922,-1.3321772813796997,43,-116.2212142944336,-2.7028188705444336,43,-112.42576599121094,-2.6145527362823486,43,-61.87928009033203,-1.933727502822876,32,-116.60377502441406,-2.7117156982421875,43,-115.14926147460938,-2.677889823913574,43,177
-53.08307647705078,-2.211794853210449,24,-169.47007751464844,-7.061253070831299,24,-208.02694702148438,-8.667789459228516,24,-336.85357666015625,-7.167097568511963,47,-149.78927612304688,-6.241219997406006,24,-206.2349853515625,-8.593124389648438,24,178
-75.08358001708984,-1.7064449787139893,44,-113.17626953125,-2.572187900543213,44,-106.57882690429688,-2.422245979309082,44,-74.55734252929688,-2.2593133449554443,33,-116.6983642578125,-2.652235507965088,44,-104.70355224609375,-2.3796262741088867,44,179
-40.17299270629883,-1.434749722480774,28,-86.48246765136719,-3.0886595249176025,28,-91.18473815917969,-3.2565977573394775,28,-110.37739562988281,-2.62803316116333,42,-85.10670471191406,-3.039525270462036,28,-91.36790466308594,-3.263139486312866,28,180
-97.10128784179688,-2.3119354248046875,42,-112.98126983642578,-2.690030336380005,42,-100.85811614990234,-2.401383638381958,42,-69.72987365722656,-1.9369409084320068,36,-111.92279815673828,-2.6648285388946533,42,-109.24504089355469,-2.601072311401367,42,181
-55.93586730957031,-1.1901248693466187,47,-98.82383728027344,-2.102634906768799,47,-124.88758087158203,-2.657182455062866,47,-84.61643981933594,-2.350456714630127,36,-119.69316864013672,-2.5466630458831787,47,-119.34494018554688,-2.5392539501190186,47,182
-58.737735748291016,-1.5875064134597778,37,-106.56280517578125,-2.8800759315490723,37,-136.3074188232422,-3.6839842796325684,37,-150.51881408691406,-3.5837812423706055,42,-117.00930786132812,-3.1624138355255127,37,-134.54544067382812,-3.6363632678985596,37,183
-84.792236328125,-1.8433095216751099,46,-110.55646514892578,-2.4034013748168945,46,-91.5786361694336,-1.990839958190918,46,-93.86363220214844,-2.182875156402588,43,-113.19891357421875,-2.460845947265625,46,-99.02151489257812,-2.152641534805298,46,184
-95.84442901611328,-2.904376745223999,33,-100.42710876464844,-3.043245792388916,33,-70.56511688232422,-2.1383368968963623,33,-92.22715759277344,-2.049492359161377,45,-94.69966125488281,-2.8696866035461426,33,-68.61692810058594,-2.079300880432129,33,185
-54.6917610168457,-1.2153724431991577,45,-97.27881622314453,-2.1617515087127686,45,-130.63446044921875,-2.9029879570007324,45,-40.493499755859375,-1.4997591972351074,27,-108.4703369140625,-2.410451889038086,45,-130.92820739746094,-2.909515619277954,45,186
-126.62023162841797,-3.0147674083709717,42,-139.47171020507812,-3.3207550048828125,42,-137.35133361816406,-3.2702698707580566,42,-131.22476196289062,-3.3647375106811523,39,-146.5377197265625,-3.4889934062957764,42,-141.27354431152344,-3.3636558055877686,42,187
-56.46601867675781,-1.5261086225509644,37,-100.62093353271484,-2.719484806060791,37,-106.83821105957031,-2.887519121170044,37,-65.68043518066406,-2.526170492172241,26,-95.68799591064453,-2.5861620903015137,37,-113.42728424072266,-3.0656023025512695,37,188
-113.60560607910156,-2.366783380508423,48,-148.2148895263672,-3.0878102779388428,48,-196.43045043945312,-4.092300891876221,48,-200.21954345703125,-4.767131805419922,42,-150.778564453125,-3.1412200927734375,48,-211.7460479736328,-4.411375999450684,48,189
-65.53008270263672,-1.9857600927352905,33,-91.54556274414062,-2.7741079330444336,33,-70.20846557617188,-2.1275291442871094,33,-53.2752799987793,-1.7758426666259766,30,-78.68939208984375,-2.3845269680023193,33,-74.67181396484375,-2.262782335281372,33,190
-105.2314453125,-2.630786180496216,40,-119.38249969482422,-2.984562397003174,40,-122.88591766357422,-3.072147846221924,40,-56.834815979003906,-2.0298149585723877,28,-112.18000030517578,-2.804500102996826,40,-121.05750274658203,-3.026437520980835,40,191
-101.7475814819336,-3.3915860652923584,30,-137.92857360839844,-4.59761905670166,30,-160.50592041015625,-5.3501973152160645,30,-270.7098388671875,-5.759783744812012,47,-128.6798095703125,-4.289327144622803,30,-186.45755004882812,-6.215251445770264,30,192
-79.85765075683594,-2.8520588874816895,28,-62.842872619628906,-2.2443883419036865,28,-44.389610290527344,-1.5853432416915894,28,-45.684349060058594,-1.3843742609024048,33,-60.98149871826172,-2.177910566329956,28,-44.592777252197266,-1.5925991535186768,28,193
-83.83055114746094,-1.8629010915756226,45,-102.57441711425781,-2.2794315814971924,45,-84.26555633544922,-1.872567892074585,45,-83.14704132080078,-1.8477120399475098,45,-111.71806335449219,-2.48262357711792,45,-82.27884674072266,-1.8284188508987427,45,194
-84.53289794921875,-2.012688159942627,42,-199.59051513671875,-4.752155303955078,42,-242.55491638183594,-5.775116920471191,42,-260.7578125,-5.6686482429504395,46,-195.53952026367188,-4.655703067779541,42,-249.65318298339844,-5.944123268127441,42,195
-66.34244537353516,-1.7458537817001343,38,-108.61671447753906,-2.858334541320801,38,-90.57620239257812,-2.3835842609405518,38,-72.02059173583984,-2.1824421882629395,33,-122.16715240478516,-3.2149250507354736,38,-96.70838165283203,-2.544957399368286,38,196
-101.47945404052734,-3.1712329387664795,32,-108.79194641113281,-3.3997483253479004,32,-98.61943817138672,-3.081857442855835,32,-103.64205932617188,-3.238814353942871,32,-103.88265991210938,-3.246333122253418,32,-104.06786346435547,-3.2521207332611084,32,197
-99.15907287597656,-2.5425403118133545,39,-130.26858520507812,-3.3402202129364014,39,-99.17406463623047,-2.542924642562866,39,-102.39463806152344,-2.559865951538086,40,-148.97259521484375,-3.819810152053833,39,-103.23733520507812,-2.647111177444458,39,198
-51.708740234375,-1.292718529701233,40,-83.17863464355469,-2.079465866088867,40,-95.19436645507812,-2.379859209060669,40,-77.06951141357422,-2.140819787979126,36,-87.38420104980469,-2.184605121612549,40,-96.78596496582031,-2.419649124145508,40,199
-59.55134201049805,-1.488783597946167,40,-74.14289093017578,-1.8535722494125366,40,-80.84212493896484,-2.0210530757904053,40,-78.52413940429688,-2.066424608230591,38,-86.73016357421875,-2.1682541370391846,40,-76.7333984375,-1.9183349609375,40,200
-47.480567932128906,-1.4837677478790283,32,-77.57145690917969,-2.4241080284118652,32,-16.944904327392578,-0.5295282602310181,32,-14.22866439819336,-0.4311716556549072,33,-70.67488861083984,-2.208590269088745,32,-22.330429077148438,-0.6978259086608887,32,201
-40.560096740722656,-1.4485749006271362,28,-56.473670959472656,-2.0169167518615723,28,-78.80979919433594,-2.814635753631592,28,-92.15801239013672,-2.0479557514190674,45,-67.58346557617188,-2.4136950969696045,28,-72.41244506835938,-2.5861587524414062,28,202
-84.80689239501953,-2.924375534057617,29,-86.24818420410156,-2.9740753173828125,29,-77.12322998046875,-2.659421682357788,29,-94.82241821289062,-2.37056040763855,40,-86.3577880859375,-2.9778547286987305,29,-80.65428924560547,-2.781182289123535,29,203
-86.47229766845703,-2.2755868434906006,38,-86.15540313720703,-2.267247438430786,38,-95.76492309570312,-2.520129442214966,38,-77.66605377197266,-2.5888683795928955,30,-100.18647766113281,-2.636486291885376,38,-89.02389526367188,-2.3427340984344482,38,204
-91.90422058105469,-2.5528950691223145,36,-108.52925872802734,-3.0147016048431396,36,-105.87680053710938,-2.9410221576690674,36,-124.22438049316406,-2.7005300521850586,46,-113.45497131347656,-3.151526927947998,36,-123.58763122558594,-3.4329898357391357,36,205
-90.93107604980469,-2.2732768058776855,40,-97.57249450683594,-2.43931245803833,40,-94.98320007324219,-2.374579906463623,40,-84.96546936035156,-2.360152006149292,36,-106.27645874023438,-2.6569113731384277,40,-90.2763671875,-2.256909132003784,40,206
-84.8829574584961,-2.0703160762786865,41,-81.4957275390625,-1.9877007007598877,41,-64.77767181396484,-1.5799431800842285,41,-15.4408597946167,-0.6176344156265259,25,-79.41155242919922,-1.936867117881775,41,-79.03276824951172,-1.927628517150879,41,207
-111.33802795410156,-2.7834506034851074,40,-109.81002044677734,-2.7452504634857178,40,-98.86597442626953,-2.471649408340454,40,-78.32208251953125,-2.237773895263672,35,-121.98062133789062,-3.04951548576355,40,-105.08380889892578,-2.6270952224731445,40,208
-58.20709228515625,-1.212647795677185,48,-108.7311782836914,-2.265232801437378,48,-122.21769714355469,-2.5462019443511963,48,-59.969932556152344,-1.7638216018676758,34,-100.75584411621094,-2.0990800857543945,48,-109.21202087402344,-2.2752504348754883,48,209
-95.7091064453125,-3.418182373046875,28,-114.54470825195312,-4.090882301330566,28,-72.01432800292969,-2.5719401836395264,28,-76.76017761230469,-2.2576522827148438,34,-120.76343536376953,-4.312979698181152,28,-87.27703857421875,-3.117037057876587,28,210
-22.794885635375977,-0.6704378128051758,34,-90.10842895507812,-2.650247812271118,34,-60.24147033691406,-1.7718079090118408,34,-61.581581115722656,-1.9865026473999023,31,-89.72208404541016,-2.6388847827911377,34,-68.0313491821289,-2.0009219646453857,34,211
-72.510009765625,-1.9597300291061401,37,-116.56303405761719,-3.1503522396087646,37,-108.31265258789062,-2.9273688793182373,37,-45.02733612060547,-2.3698596954345703,19,-120.08524322509766,-3.24554705619812,37,-108.25492858886719,-2.925808906555176,37,212
-53.478179931640625,-1.7251025438308716,31,-112.4115219116211,-3.626178026199341,31,-107.49993896484375,-3.467740058898926,31,-71.08318328857422,-3.741220235824585,19,-109.68571472167969,-3.5382487773895264,31,-94.18280792236328,-3.0381550788879395,31,213
-48.5537109375,-1.3487142324447632,36,-92.54232788085938,-2.57062029838562,36,-106.9111099243164,-2.9697530269622803,36,-80.53339385986328,-2.7770135402679443,29,-84.93330383300781,-2.3592584133148193,36,-107.38368225097656,-2.982880115509033,36,214
-68.3561019897461,-1.9530315399169922,35,-108.94303131103516,-3.1126580238342285,35,-81.95043182373047,-2.3414409160614014,35,-63.27686309814453,-2.041189193725586,31,-113.61030578613281,-3.2460086345672607,35,-80.90241241455078,-2.311497449874878,35,215
-59.661380767822266,-1.2429454326629639,48,-137.01329040527344,-2.8544435501098633,48,-128.29666137695312,-2.672847032546997,48,-116.87503051757812,-3.0756587982177734,38,-134.98019409179688,-2.812087297439575,48,-135.6099853515625,-2.8252079486846924,48,216
-151.49522399902344,-3.0917391777038574,49,-148.71176147460938,-3.0349338054656982,49,-174.95912170410156,-3.570594310760498,49,-157.9333038330078,-3.509629011154175,45,-134.42332458496094,-2.743333101272583,49,-172.7755126953125,-3.5260307788848877,49,217
-33.153831481933594,-0.8960494995117188,37,-63.67979049682617,-1.721075415611267,37,-62.486000061035156,-1.6888108253479004,37,-52.94986343383789,-1.5128532648086548,35,-68.8959732055664,-1.8620532751083374,37,-65.98973846435547,-1.7835063934326172,37,218
-48.433753967285156,-1.3090204000473022,37,-72.17311096191406,-1.9506245851516724,37,-59.21232986450195,-1.6003332138061523,37,-46.67303466796875,-1.2614333629608154,37,-69.06038665771484,-1.8664969205856323,37,-70.42581176757812,-1.9034003019332886,37,219
-66.73342895507812,-2.3011527061462402,29,-68.9517822265625,-2.377647638320923,29,-57.93079376220703,-1.997613549232483,29,-57.36098098754883,-1.4340245723724365,40,-79.01709747314453,-2.7247273921966553,29,-79.1325912475586,-2.7287099361419678,29,220
-60.67985534667969,-1.7847015857696533,34,-96.60151672363281,-2.8412210941314697,34,-100.12480163574219,-2.9448471069335938,34,-75.76570892333984,-2.8061373233795166,27,-98.34403991699219,-2.8924717903137207,34,-99.38027954101562,-2.9229493141174316,34,221
-73.54244995117188,-2.163013219833374,34,-88.061279296875,-2.5900375843048096,34,-82.67528533935547,-2.431626081466675,34,-78.74409484863281,-2.4607529640197754,32,-90.56627655029297,-2.6637139320373535,34,-86.34956359863281,-2.5396931171417236,34,222
-66.78668212890625,-2.473580837249756,27,-63.65638732910156,-2.3576440811157227,27,-62.390464782714844,-2.310757875442505,27,-62.69572448730469,-2.23913311958313,28,-60.42261505126953,-2.237874746322632,27,-59.575042724609375,-2.2064831256866455,27,223
-32.86197280883789,-1.6430985927581787,20,-74.34136962890625,-3.7170684337615967,20,-74.70863342285156,-3.735431671142578,20,-106.33677673339844,-1.8988710641860962,56,-72.91207122802734,-3.645603656768799,20,-71.54118347167969,-3.577059268951416,20,224
-120.0547866821289,-2.728517770767212,44,-100.21420288085938,-2.2775955200195312,44,-74.7223892211914,-1.698236107826233,44,-67.08113098144531,-1.7200289964675903,39,-107.1513442993164,-2.435257911682129,44,-82.97296142578125,-1.885749101638794,44,225
-55.47093963623047,-1.3207366466522217,42,-132.81893920898438,-3.162355661392212,42,-129.98056030273438,-3.0947751998901367,42,-96.04438018798828,-3.098205804824829,31,-132.19471740722656,-3.147493362426758,42,-134.16522216796875,-3.1944100856781006,42,226
-88.99693298339844,-2.0696961879730225,43,-122.01885223388672,-2.8376476764678955,43,-107.64921569824219,-2.5034701824188232,43,-64.20777893066406,-2.140259265899658,30,-99.46269226074219,-2.3130857944488525,43,-101.67247009277344,-2.364475965499878,43,227
-87.12423706054688,-2.72263240814209,32,-85.77523803710938,-2.680476188659668,32,-70.85514068603516,-2.2142231464385986,32,-68.29537963867188,-1.5882645845413208,43,-93.54871368408203,-2.9233973026275635,32,-64.89659118652344,-2.0280184745788574,32,228
-69.1801986694336,-1.8205314874649048,38,-90.74249267578125,-2.387960433959961,38,-83.2535171508789,-2.1908819675445557,38,-86.61103057861328,-2.2207956314086914,39,-95.61978149414062,-2.516309976577759,38,-85.35187530517578,-2.2461020946502686,38,229
-80.31045532226562,-2.433650255203247,33,-66.7086181640625,-2.0214731693267822,33,-64.66819763183594,-1.9596424102783203,33,-53.811988830566406,-1.6816246509552002,32,-65.23951721191406,-1.9769550561904907,33,-57.31435012817383,-1.7367985248565674,33,230
-36.23048782348633,-1.7252613306045532,21,-49.19709014892578,-2.3427186012268066,21,-55.578514099121094,-2.6465959548950195,21,-53.147193908691406,-2.2144663333892822,24,-56.21260070800781,-2.676790475845337,21,-60.31719207763672,-2.8722472190856934,21,231
-82.01106262207031,-1.9526443481445312,42,-74.75234985351562,-1.779817819595337,42,-61.70854949951172,-1.4692511558532715,42,-52.548439025878906,-1.3137109279632568,40,-83.14742279052734,-1.9797005653381348,42,-66.02639770507812,-1.5720571279525757,42,232
-20.581039428710938,-0.8575432896614075,24,-49.07890319824219,-2.044954299926758,24,-54.924354553222656,-2.2885148525238037,24,-89.72512817382812,-2.188417673110962,41,-56.87217330932617,-2.36967396736145,24,-64.19689178466797,-2.674870491027832,24,233
-78.46475219726562,-1.569295048713684,50,-108.92173767089844,-2.1784348487854004,50,-117.60869598388672,-2.3521738052368164,50,-79.16688537597656,-2.261910915374756,35,-108.5318603515625,-2.1706371307373047,50,-118.86964416503906,-2.3773927688598633,50,234
-36.40996551513672,-0.6171180605888367,59,-115.66116333007812,-1.960358738899231,59,-98.0423812866211,-1.6617352962493896,59,-33.66204071044922,-0.8210253715515137,41,-119.71711730957031,-2.0291037559509277,59,-95.3966064453125,-1.616891622543335,59,235
-42.096981048583984,-1.2756661176681519,33,-60.031044006347656,-1.819122552871704,33,-57.65064239501953,-1.746989130973816,33,-41.94147491455078,-1.4979097843170166,28,-60.09205627441406,-1.8209713697433472,33,-63.92716979980469,-1.9371869564056396,33,236
-211.64096069335938,-4.14982271194458,51,-171.79457092285156,-3.368520975112915,51,-134.808349609375,-2.643301010131836,51,-116.78978729248047,-2.7160415649414062,43,-170.93930053710938,-3.3517510890960693,51,-136.49168395996094,-2.676307439804077,51,237
-41.35505676269531,-1.2923455238342285,32,-81.74622344970703,-2.5545694828033447,32,-77.99232482910156,-2.437260150909424,32,-103.22542572021484,-2.4577481746673584,42,-86.17074584960938,-2.692835807800293,32,-80.05612182617188,-2.501753807067871,32,238
-76.6489486694336,-1.6662814617156982,46,-113.147705078125,-2.4597327709198,46,-100.189208984375,-2.1780261993408203,46,-95.97564697265625,-2.1327922344207764,45,-126.61724090576172,-2.7525486946105957,46,-97.0489501953125,-2.10975980758667,46,239
-96.15716552734375,-2.236213207244873,43,-112.71707153320312,-2.6213271617889404,43,-87.30299377441406,-2.0303022861480713,43,-57.670692443847656,-2.135951519012451,27,-100.41258239746094,-2.3351762294769287,43,-87.98009490966797,-2.046048641204834,43,240
-62.90249252319336,-1.700067400932312,37,-80.6615219116211,-2.1800410747528076,37,-53.684791564941406,-1.4509403705596924,37,-62.40104675292969,-1.5600261688232422,40,-70.92328643798828,-1.9168455600738525,37,-65.70089721679688,-1.7756999731063843,37,241
-43.34095764160156,-1.7336382865905762,25,-60.16562271118164,-2.4066247940063477,25,-71.80975341796875,-2.872390031814575,25,-78.82278442382812,-2.02109694480896,39,-58.25627136230469,-2.3302507400512695,25,-65.33676147460938,-2.6134705543518066,25,242
-80.84701538085938,-2.073000431060791,39,-101.88164520263672,-2.6123499870300293,39,-116.5862808227539,-2.989391803741455,39,-115.28794860839844,-2.5619544982910156,45,-110.58006286621094,-2.835386276245117,39,-112.57081604003906,-2.8864312171936035,39,243
-48.52081298828125,-1.2441234588623047,39,-65.2443618774414,-1.6729323863983154,39,-57.525150299072266,-1.4750038385391235,39,-72.56143188476562,-1.511696457862854,48,-67.50931549072266,-1.7310080528259277,39,-93.41423034667969,-2.3952367305755615,39,244
-108.08052062988281,-2.349576473236084,46,-127.0684585571289,-2.762357711791992,46,-164.1648712158203,-3.5688016414642334,46,-146.90765380859375,-3.7668628692626953,39,-148.42068481445312,-3.226536512374878,46,-173.33023071289062,-3.7680485248565674,46,245
-88.13753509521484,-2.4482648372650146,36,-91.69529724121094,-2.547091484069824,36,-105.21115112304688,-2.922532081604004,36,-100.85626220703125,-2.966360569000244,34,-93.34535217285156,-2.592926502227783,36,-105.92635345458984,-2.9423987865448,36,246
-58.98636245727539,-1.6385101079940796,36,-69.12776184082031,-1.9202156066894531,36,-47.633323669433594,-1.3231478929519653,36,-57.06175994873047,-1.2140799760818481,47,-78.94758605957031,-2.192988395690918,36,-64.92787170410156,-1.8035520315170288,36,247
-83.18528747558594,-1.9345415830612183,43,-129.64346313476562,-3.0149643421173096,43,-131.21017456054688,-3.0513994693756104,43,-102.25601959228516,-3.195500612258911,32,-129.47900390625,-3.0111396312713623,43,-141.34207153320312,-3.287024974822998,43,248
-142.40573120117188,-2.9667861461639404,48,-125.36486053466797,-2.6117680072784424,48,-126.89265441894531,-2.643596887588501,48,-64.70242309570312,-2.087174892425537,31,-140.44700622558594,-2.9259793758392334,48,-134.33865356445312,-2.7987220287323,48,249
-75.92952728271484,-1.9981454610824585,38,-178.2423095703125,-4.690587043762207,38,-241.6531982421875,-6.359294891357422,38,-282.89208984375,-6.018980503082275,47,-183.66796875,-4.833367824554443,38,-233.27096557617188,-6.138709545135498,38,250
-75.14292907714844,-2.2100861072540283,34,-105.98046112060547,-3.117072343826294,34,-93.82404327392578,-2.759530782699585,34,-72.27285766601562,-2.4921674728393555,29,-99.22573852539062,-2.9184041023254395,34,-98.57097625732422,-2.899146318435669,34,251
-109.51899719238281,-2.489068031311035,44,-82.98068237304688,-1.8859245777130127,44,-88.62934875488281,-2.01430344581604,44,-66.39982604980469,-1.8444396257400513,36,-79.87168884277344,-1.8152656555175781,44,-73.88758850097656,-1.6792633533477783,44,252
-79.27335357666016,-2.0326499938964844,39,-116.29872131347656,-2.98201847076416,39,-91.71556091308594,-2.3516809940338135,39,-70.04161071777344,-2.4152278900146484,29,-123.5537109375,-3.168043851852417,39,-101.37847900390625,-2.5994482040405273,39,253
-56.52312469482422,-2.173966407775879,26,-78.99737548828125,-3.038360595703125,26,-85.60784149169922,-3.292609214782715,26,-108.24269104003906,-2.2090344429016113,49,-82.66790771484375,-3.179534912109375,26,-102.2127685546875,-3.931260347366333,26,254
-86.0315933227539,-2.0983314514160156,41,-98.89497375488281,-2.4120724201202393,41,-97.4855728149414,-2.377696990966797,41,-53.11293411254883,-2.950718641281128,18,-104.96602630615234,-2.5601470470428467,41,-98.71664428710938,-2.4077229499816895,41,255
-70.56597900390625,-2.0161707401275635,35,-86.36929321289062,-2.467694044113159,35,-74.08360290527344,-2.1166744232177734,35,-70.23005676269531,-2.1946892738342285,32,-91.68382263183594,-2.619537830352783,35,-79.10768127441406,-2.2602195739746094,35,256
-72.89250183105469,-1.7778658866882324,41,-91.74581146240234,-2.2377026081085205,41,-66.13154602050781,-1.6129645109176636,41,-85.97898864746094,-1.9106441736221313,45,-101.84649658203125,-2.4840610027313232,41,-80.60957336425781,-1.9660871028900146,41,257
-86.52790832519531,-2.277050256729126,38,-117.48170471191406,-3.0916237831115723,38,-98.13079833984375,-2.5823893547058105,38,-37.195220947265625,-1.9576431512832642,19,-129.9415283203125,-3.4195139408111572,38,-116.51697540283203,-3.0662362575531006,38,258
-86.51762390136719,-3.2043564319610596,27,-170.92376708984375,-6.330509662628174,27,-188.80715942382812,-6.992857933044434,27,-288.30841064453125,-6.267574310302734,46,-176.16226196289062,-6.5245280265808105,27,-199.6578369140625,-7.394734859466553,27,259
-119.46681213378906,-2.9866702556610107,40,-99.6505126953125,-2.491262912750244,40,-80.91445922851562,-2.0228614807128906,40,-68.72962951660156,-1.5620369911193848,44,-105.9291763305664,-2.6482293605804443,40,-82.28382873535156,-2.057095766067505,40,260
-149.82212829589844,-3.405048370361328,44,-171.98861694335938,-3.908832311630249,44,-154.17071533203125,-3.5038797855377197,44,-76.77616882324219,-2.9529294967651367,26,-178.99539184570312,-4.068077087402344,44,-154.1056671142578,-3.50240159034729,44,261
-61.34770965576172,-2.1909897327423096,28,-52.60516357421875,-1.878755807876587,28,-61.489810943603516,-2.1960647106170654,28,-59.031700134277344,-2.1082749366760254,28,-52.5914421081543,-1.8782657384872437,28,-69.39332580566406,-2.478332996368408,28,262
-91.52377319335938,-2.5423269271850586,36,-105.42698669433594,-2.928527355194092,36,-98.47430419921875,-2.7353973388671875,36,-103.63624572753906,-2.3553693294525146,44,-109.96022033691406,-3.054450511932373,36,-103.83354187011719,-2.8842649459838867,36,263
-58.05168151855469,-1.6586195230484009,35,-91.03274536132812,-2.600935697555542,35,-87.53959655761719,-2.501131296157837,35,-94.08639526367188,-2.851102828979492,33,-90.95816040039062,-2.598804473876953,35,-106.07919311523438,-3.030834197998047,35,264
-74.03355407714844,-2.056487560272217,36,-76.35613250732422,-2.1210036277770996,36,-68.30382537841797,-1.897328495979309,36,-68.79670715332031,-2.1498970985412598,32,-74.55880737304688,-2.071078062057495,36,-73.84501647949219,-2.051250457763672,36,265
-69.49851989746094,-1.9856719970703125,35,-115.4031982421875,-3.297234296798706,35,-85.75889587402344,-2.450254201889038,35,-96.05184173583984,-2.4628677368164062,39,-84.12483215332031,-2.403566598892212,35,-91.18341064453125,-2.6052403450012207,35,266
-73.66058349609375,-1.9384363889694214,38,-68.93179321289062,-1.8139945268630981,38,-79.11272430419922,-2.081913709640503,38,-43.98670196533203,-1.6291371583938599,27,-73.37467956542969,-1.9309126138687134,38,-88.95027160644531,-2.340796709060669,38,267
-75.72187805175781,-2.704352855682373,28,-84.38095092773438,-3.0136053562164307,28,-54.84553527832031,-1.9587690830230713,28,-47.582603454589844,-1.7623186111450195,27,-83.64208221435547,-2.9872171878814697,28,-54.50257110595703,-1.946520447731018,28,268
-78.27255249023438,-2.006988525390625,39,-110.63385009765625,-2.8367652893066406,39,-100.75563049316406,-2.583477735519409,39,-93.89447021484375,-2.7616021633148193,34,-113.16935729980469,-2.90177845954895,39,-109.2490234375,-2.8012568950653076,39,269
-128.45291137695312,-3.0584025382995605,42,-98.17196655273438,-2.337427854537964,42,-92.0875244140625,-2.1925601959228516,42,-75.03559875488281,-2.143874168395996,35,-95.18301391601562,-2.2662622928619385,42,-90.51355743408203,-2.1550846099853516,42,270
-122.98860931396484,-2.4597721099853516,50,-145.52737426757812,-2.9105474948883057,50,-145.76641845703125,-2.91532826423645,50,-85.46268463134766,-2.44179105758667,35,-127.11019134521484,-2.542203903198242,50,-149.27403259277344,-2.985480546951294,50,271
-77.14037322998047,-2.66001296043396,29,-97.13975524902344,-3.349646806716919,29,-97.1961669921875,-3.3515920639038086,29,-136.5903778076172,-3.035341739654541,45,-91.4598388671875,-3.153787612915039,29,-90.96334838867188,-3.136667251586914,29,272
-82.19496154785156,-2.5685925483703613,32,-95.1135025024414,-2.972296953201294,32,-64.77482604980469,-2.0242133140563965,32,-52.275390625,-1.8669782876968384,28,-93.23966979980469,-2.9137396812438965,32,-69.753662109375,-2.1798019409179688,32,273
-68.69807434082031,-1.8567047119140625,37,-101.671875,-2.7478885650634766,37,-97.31433868408203,-2.630117177963257,37,-45.7148323059082,-2.176896810531616,21,-104.93655395507812,-2.836122989654541,37,-106.04122924804688,-2.8659791946411133,37,274
-31.179752349853516,-1.0751638412475586,29,-67.45626831054688,-2.326078176498413,29,-51.83087921142578,-1.7872717380523682,29,-41.247982025146484,-1.6499192714691162,25,-78.36201477050781,-2.7021384239196777,29,-57.23290252685547,-1.973548412322998,29,275
-37.98082733154297,-0.883275032043457,43,-51.973907470703125,-1.2086955308914185,43,-51.31052780151367,-1.193268060684204,43,-19.525531768798828,-0.5006546378135681,39,-50.71396255493164,-1.1793944835662842,43,-59.32609176635742,-1.3796765804290771,43,276
-102.67135620117188,-2.0953338146209717,49,-109.20436096191406,-2.2286603450775146,49,-115.74600219726562,-2.3621633052825928,49,-46.26200866699219,-1.3606473207473755,34,-116.68705749511719,-2.381368637084961,49,-108.77207946777344,-2.2198383808135986,49,277
-58.690425872802734,-2.551757574081421,23,-64.30209350585938,-2.795743227005005,23,-49.994834899902344,-2.1736884117126465,23,-64.14836883544922,-2.3758654594421387,27,-69.57132720947266,-3.0248403549194336,23,-52.04967498779297,-2.2630293369293213,23,278
-129.84600830078125,-2.762681007385254,47,-149.5457000732422,-3.181823492050171,47,-125.95375061035156,-2.6798670291900635,47,-42.77336120605469,-1.7822233438491821,24,-154.14727783203125,-3.2797293663024902,47,-121.8070068359375,-2.5916383266448975,47,279
-69.9927978515625,-2.4997427463531494,28,-92.13007354736328,-3.2903597354888916,28,-78.63363647460938,-2.8083441257476807,28,-71.9515609741211,-3.128328800201416,23,-84.48291015625,-3.017246723175049,28,-88.59889221191406,-3.164246082305908,28,280
-78.75791931152344,-2.9169600009918213,27,-147.2706756591797,-5.454469680786133,27,-170.54977416992188,-6.3166584968566895,27,-276.957763671875,-5.892718315124512,47,-150.7222442626953,-5.582305431365967,27,-177.6331787109375,-6.579006671905518,27,281
-104.97789001464844,-3.2805590629577637,32,-95.82789611816406,-2.994621753692627,32,-62.73571014404297,-1.9604909420013428,32,-63.166629791259766,-1.5791656970977783,40,-91.6142349243164,-2.8629448413848877,32,-83.30317687988281,-2.603224277496338,32,282
-96.83956909179688,-3.8735828399658203,25,-145.4474639892578,-5.817898750305176,25,-163.19241333007812,-6.52769660949707,25,-281.5827941894531,-6.121365070343018,46,-153.885498046875,-6.155419826507568,25,-176.99334716796875,-7.079733848571777,25,283
-99.4464111328125,-2.0718002319335938,48,-86.16339111328125,-1.7950706481933594,48,-109.59895324707031,-2.283311605453491,48,-51.37824249267578,-1.6055700778961182,32,-88.89134979248047,-1.8519030809402466,48,-133.02865600585938,-2.771430253982544,48,284
-60.654296875,-1.89544677734375,32,-67.57997131347656,-2.1118741035461426,32,-75.95681762695312,-2.373650550842285,32,-60.13078308105469,-2.3127224445343018,26,-66.08613586425781,-2.0651917457580566,32,-78.50426483154297,-2.4532582759857178,32,285
-71.37989807128906,-2.302577257156372,31,-53.049591064453125,-1.7112771272659302,31,-37.34002685546875,-1.2045170068740845,31,-21.373043060302734,-0.7124347686767578,30,-45.485084533691406,-1.4672608375549316,31,-39.20008850097656,-1.2645189762115479,31,286
-129.21353149414062,-2.691948652267456,48,-118.92259216308594,-2.4775540828704834,48,-107.56330871582031,-2.2409021854400635,48,-55.360355377197266,-2.129244327545166,26,-122.18634033203125,-2.545548677444458,48,-103.5673828125,-2.15765380859375,48,287
-55.680397033691406,-1.9885855913162231,28,-69.68235778808594,-2.4886555671691895,28,-78.04930114746094,-2.787475109100342,28,-75.21189880371094,-2.8927652835845947,26,-78.91575622558594,-2.818419933319092,28,-81.95809173583984,-2.927074670791626,28,288
-43.5372428894043,-1.0618839263916016,41,-95.37979125976562,-2.32633638381958,41,-88.56243133544922,-2.1600592136383057,41,-80.84625244140625,-1.9718598127365112,41,-110.66002655029297,-2.6990251541137695,41,-91.06275939941406,-2.2210428714752197,41,289
-48.015262603759766,-1.6005088090896606,30,-67.26905059814453,-2.2423017024993896,30,-62.118408203125,-2.0706136226654053,30,-33.95450210571289,-1.9973236322402954,17,-69.76966857910156,-2.325655698776245,30,-75.26165771484375,-2.5087218284606934,30,290
-43.138465881347656,-1.3480770587921143,32,-37.27228546142578,-1.1647589206695557,32,-48.71754455566406,-1.522423267364502,32,-23.483898162841797,-0.8697739839553833,27,-47.338680267333984,-1.479333758354187,32,-50.11131286621094,-1.5659785270690918,32,291
-56.25861740112305,-1.654665231704712,34,-76.9508285522461,-2.2632596492767334,34,-76.60466003417969,-2.2530782222747803,34,-101.12764739990234,-2.3518056869506836,43,-82.88990783691406,-2.4379384517669678,34,-84.7360610961914,-2.492237091064453,34,292
-118.50714111328125,-2.6933441162109375,44,-135.98281860351562,-3.0905187129974365,44,-129.02662658691406,-2.9324233531951904,44,-85.21955871582031,-2.938605546951294,29,-136.1320037841797,-3.09390926361084,44,-127.44168090820312,-2.896401882171631,44,293
-76.16278839111328,-1.6557128429412842,46,-99.78154754638672,-2.1691641807556152,46,-92.94380187988281,-2.020517349243164,46,-86.76692199707031,-2.1162664890289307,41,-115.22856140136719,-2.5049686431884766,46,-96.84591674804688,-2.1053459644317627,46,294
-94.42982482910156,-2.196042537689209,43,-119.31550598144531,-2.7747793197631836,43,-97.53169250488281,-2.268178939819336,43,-98.25238037109375,-2.0904762744903564,47,-115.37095642089844,-2.6830453872680664,43,-111.91383361816406,-2.602647304534912,43,295
-86.60906982421875,-2.6245172023773193,33,-91.03363037109375,-2.7585947513580322,33,-94.86328125,-2.8746449947357178,33,-81.91568756103516,-1.8617202043533325,44,-90.75756072998047,-2.7502291202545166,33,-90.39496612548828,-2.739241361618042,33,296
-72.53124237060547,-1.8132810592651367,40,-93.58332824707031,-2.339583158493042,40,-95.11566162109375,-2.3778915405273438,40,-51.184322357177734,-1.8280115127563477,28,-96.15126037597656,-2.4037814140319824,40,-85.28244018554688,-2.132061004638672,40,297
-94.19227600097656,-2.616452217102051,36,-111.6255874633789,-3.100710868835449,36,-103.22900390625,-2.8674724102020264,36,-104.65866088867188,-2.3257479667663574,45,-116.26966857910156,-3.229712963104248,36,-84.5061264038086,-2.3473923206329346,36,298
-89.87126159667969,-3.2096879482269287,28,-90.63421630859375,-3.236936330795288,28,-89.48341369628906,-3.195836305618286,28,-94.89801025390625,-2.4332823753356934,39,-91.52449798583984,-3.2687320709228516,28,-85.37367248535156,-3.0490596294403076,28,299
-62.791263580322266,-1.6970611810684204,37,-112.43612670898438,-3.0388143062591553,37,-144.27459716796875,-3.899313449859619,37,-145.61746215820312,-3.832038402557373,38,-134.68003845214844,-3.640001058578491,37,-143.33486938476562,-3.873915433883667,37,300
-106.02202606201172,-2.7185134887695312,39,-127.32234191894531,-3.2646753787994385,39,-102.47293090820312,-2.6275110244750977,39,-89.82492065429688,-2.363813638687134,38,-131.36412048339844,-3.3683106899261475,39,-96.02778625488281,-2.4622509479522705,39,301
-78.08624267578125,-1.7352498769760132,45,-96.5257339477539,-2.1450161933898926,45,-122.51424407958984,-2.722538709640503,45,-53.892433166503906,-2.1556973457336426,25,-106.26248931884766,-2.361388683319092,45,-126.55555725097656,-2.8123457431793213,45,302
-58.10223388671875,-1.2911607027053833,45,-61.23567199707031,-1.3607927560806274,45,-82.04833984375,-1.8232964277267456,45,-18.635562896728516,-0.6426056027412415,29,-82.3128662109375,-1.8291747570037842,45,-71.78563690185547,-1.5952364206314087,45,303
-64.18412017822266,-1.3656195402145386,47,-121.25811004638672,-2.5799598693847656,47,-106.9496841430664,-2.2755250930786133,47,-104.1651840209961,-2.6709022521972656,39,-114.64949035644531,-2.4393508434295654,47,-120.651123046875,-2.567045211791992,47,304
-64.00211334228516,-1.454593539237976,44,-80.29510498046875,-1.8248887062072754,44,-80.84073638916016,-1.8372894525527954,44,-77.54142761230469,-1.685683250427246,46,-73.30720520019531,-1.6660728454589844,44,-91.8995132446289,-2.088625192642212,44,305
-93.86116790771484,-1.8404150009155273,51,-159.35296630859375,-3.124567985534668,51,-164.68450927734375,-3.2291080951690674,51,-132.62811279296875,-3.2348320484161377,41,-169.33340454101562,-3.320262908935547,51,-157.7500457763672,-3.0931382179260254,51,306
-82.1216049194336,-2.415341377258301,34,-114.59605407714844,-3.3704721927642822,34,-104.15475463867188,-3.063375234603882,34,-109.84806060791016,-2.9688665866851807,37,-100.41471862792969,-2.953374147415161,34,-119.37862396240234,-3.511136054992676,34,307
-43.67543029785156,-0.9926233887672424,44,-65.11360931396484,-1.479854702949524,44,-108.1255874633789,-2.457399606704712,44,-44.40632629394531,-1.4802109003067017,30,-59.45383834838867,-1.3512235879898071,44,-110.244873046875,-2.5055654048919678,44,308
-54.539546966552734,-1.1604158878326416,47,-97.0601577758789,-2.0651097297668457,47,-97.44601440429688,-2.073319435119629,47,-79.76608276367188,-1.62787926197052,49,-95.22184753417969,-2.025996685028076,47,-95.71485900878906,-2.0364863872528076,47,309
-63.400291442871094,-2.264296054840088,28,-70.90531158447266,-2.5323326587677,28,-30.992900848388672,-1.1068893671035767,28,-31.79104232788086,-1.0962427854537964,29,-67.27104187011719,-2.4025371074676514,28,-38.03430938720703,-1.358368158340454,28,310
-83.21221160888672,-2.60038161277771,32,-99.86129760742188,-3.1206655502319336,32,-102.14713287353516,-3.1920979022979736,32,-101.5794906616211,-3.7622034549713135,27,-100.04126739501953,-3.1262896060943604,32,-104.69121551513672,-3.2716004848480225,32,311
-90.12997436523438,-2.145951747894287,42,-116.56304931640625,-2.775310754776001,42,-107.84674072265625,-2.567779541015625,42,-85.70751953125,-2.5971975326538086,33,-114.22746276855469,-2.7197015285491943,42,-104.30711364746094,-2.4835026264190674,42,312
-53.508453369140625,-1.3377113342285156,40,-49.55607604980469,-1.2389018535614014,40,-61.66453170776367,-1.5416133403778076,40,-52.96830749511719,-1.1035064458847046,48,-50.40874481201172,-1.260218620300293,40,-58.14452362060547,-1.453613042831421,40,313
-93.3198013305664,-3.1106600761413574,30,-75.51693725585938,-2.5172312259674072,30,-57.057804107666016,-1.9019267559051514,30,-55.51651382446289,-1.9143625497817993,29,-82.11021423339844,-2.7370071411132812,30,-65.31846618652344,-2.1772820949554443,30,314
-111.83345794677734,-2.2366690635681152,50,-143.64273071289062,-2.872854709625244,50,-119.61398315429688,-2.392279624938965,50,-114.35284423828125,-2.2870569229125977,50,-142.31625366210938,-2.846325159072876,50,-118.88349914550781,-2.3776700496673584,50,315
-110.73048400878906,-3.69101619720459,30,-59.97174835205078,-1.9990582466125488,30,-47.688140869140625,-1.5896047353744507,30,-48.24024963378906,-1.30379056930542,37,-55.919944763183594,-1.8639981746673584,30,-50.190040588378906,-1.6730014085769653,30,316
-76.08819580078125,-1.5851707458496094,48,-128.85316467285156,-2.684440851211548,48,-151.81784057617188,-3.1628715991973877,48,-62.886566162109375,-2.6202735900878906,24,-132.5955352783203,-2.762407064437866,48,-139.40133666992188,-2.9041945934295654,48,317
-78.27801513671875,-2.699241876602173,29,-83.78067779541016,-2.888988971710205,29,-82.23248291015625,-2.8356027603149414,29,-80.83641052246094,-2.694546937942505,30,-84.4319839477539,-2.911447763442993,29,-80.02586364746094,-2.759512424468994,29,318
-63.24510192871094,-1.9764094352722168,32,-77.42205810546875,-2.4194393157958984,32,-97.04444122314453,-3.0326387882232666,32,-59.9803352355957,-2.6078407764434814,23,-101.61015319824219,-3.1753172874450684,32,-91.05523681640625,-2.8454761505126953,32,319
-84.12084197998047,-1.9562987089157104,43,-153.7089080810547,-3.5746257305145264,43,-133.19528198242188,-3.097564697265625,43,-81.6756820678711,-3.2670273780822754,25,-173.37014770507812,-4.031863689422607,43,-161.99240112304688,-3.7672650814056396,43,320
-99.79939270019531,-3.8384382724761963,26,-69.5317153930664,-2.6742968559265137,26,-55.853660583496094,-2.1482176780700684,26,-72.02482604980469,-2.0006895065307617,36,-78.90159606933594,-3.0346767902374268,26,-75.22960662841797,-2.893446445465088,26,321
-86.06771850585938,-2.0492312908172607,42,-75.47050476074219,-1.7969167232513428,42,-62.06787109375,-1.4778064489364624,42,-48.73255157470703,-1.188598871231079,41,-87.34722137451172,-2.079695701599121,42,-55.35479736328125,-1.3179713487625122,42,322
-55.760902404785156,-1.640026569366455,34,-65.83111572265625,-1.9362093210220337,34,-73.61212158203125,-2.165062427520752,34,-51.34299087524414,-1.9015922546386719,27,-75.67057800292969,-2.2256052494049072,34,-78.0445556640625,-2.2954280376434326,34,323
-80.4784927368164,-2.980684995651245,27,-90.67884826660156,-3.358475923538208,27,-70.19712829589844,-2.599893569946289,27,-75.5053939819336,-1.9360357522964478,39,-85.74777221679688,-3.1758434772491455,27,-78.29779052734375,-2.8999180793762207,27,324
-79.34998321533203,-2.2041661739349365,36,-109.46813201904297,-3.0407814979553223,36,-98.39309692382812,-2.7331416606903076,36,-112.80598449707031,-2.563772439956665,44,-96.43498229980469,-2.6787495613098145,36,-91.12476348876953,-2.531243324279785,36,325
-52.03601837158203,-1.2691712379455566,41,-73.81890869140625,-1.8004611730575562,41,-73.63839721679688,-1.7960584163665771,41,-59.6695556640625,-1.4553550481796265,41,-82.93498992919922,-2.0228047370910645,41,-76.32508850097656,-1.8615875244140625,41,326
-47.01441955566406,-1.1466931104660034,41,-87.4771728515625,-2.133589506149292,41,-97.62838745117188,-2.3811802864074707,41,-99.78280639648438,-2.320530414581299,43,-95.26056671142578,-2.3234283924102783,41,-101.97317504882812,-2.4871506690979004,41,327
-74.59075164794922,-2.486358404159546,30,-63.0821647644043,-2.102738857269287,30,-59.04916000366211,-1.9683053493499756,30,-54.670204162597656,-1.8223401308059692,30,-86.60528564453125,-2.886842966079712,30,-65.77053833007812,-2.1923513412475586,30,328
-103.94091796875,-2.0788183212280273,50,-134.03143310546875,-2.680628776550293,50,-110.59026336669922,-2.2118053436279297,50,-81.38327026367188,-2.141664981842041,38,-135.6760711669922,-2.7135214805603027,50,-115.75859069824219,-2.315171718597412,50,329
-100.24978637695312,-2.7847163677215576,36,-99.72797393798828,-2.770221471786499,36,-88.99960327148438,-2.4722111225128174,36,-83.0821533203125,-2.4435927867889404,34,-98.28691101074219,-2.730191946029663,36,-97.93849182128906,-2.7205135822296143,36,330
-59.92537307739258,-2.3048219680786133,26,-72.1343994140625,-2.774399995803833,26,-66.57418060302734,-2.5605454444885254,26,-59.2093505859375,-2.114619731903076,28,-78.75812530517578,-3.029158592224121,26,-70.60006713867188,-2.7153871059417725,26,331
-67.691650390625,-1.7356833219528198,39,-93.93708801269531,-2.4086432456970215,39,-97.68482208251953,-2.5047390460968018,39,-73.41432189941406,-2.36820387840271,31,-110.82457733154297,-2.841655731201172,39,-107.44882202148438,-2.7550981044769287,39,332
-102.2898178100586,-2.6228158473968506,39,-108.33418273925781,-2.777799606323242,39,-94.94402313232422,-2.434462070465088,39,-19.291534423828125,-0.9186444878578186,21,-95.68405151367188,-2.453437328338623,39,-76.71954345703125,-1.9671677350997925,39,333
-25.88327407836914,-1.0353310108184814,25,-86.05717468261719,-3.442286968231201,25,-78.387939453125,-3.1355175971984863,25,-80.9278564453125,-3.237114191055298,25,-93.24250793457031,-3.7297003269195557,25,-80.68443298339844,-3.227377414703369,25,334
-87.06047058105469,-2.2323198318481445,39,-96.52478790283203,-2.474994659423828,39,-107.51069641113281,-2.7566845417022705,39,-109.21044921875,-2.426898956298828,45,-86.79316711425781,-2.225465774536133,39,-95.52391052246094,-2.449331045150757,39,335
-70.16474914550781,-1.5253206491470337,46,-118.945068359375,-2.5857622623443604,46,-94.390380859375,-2.05196475982666,46,-85.320068359375,-2.080977201461792,41,-111.90176391601562,-2.4326469898223877,46,-92.18280029296875,-2.003973960876465,46,336
-80.37269592285156,-2.5116467475891113,32,-72.79901123046875,-2.2749691009521484,32,-81.45281219482422,-2.545400381088257,32,-107.16246032714844,-2.8200647830963135,38,-73.96231842041016,-2.3113224506378174,32,-94.54531860351562,-2.9545412063598633,32,337
-56.88329315185547,-2.1067886352539062,27,-63.400306701660156,-2.3481595516204834,27,-76.95692443847656,-2.8502564430236816,27,-79.74821472167969,-2.658273935317993,30,-83.49551391601562,-3.0924265384674072,27,-77.45976257324219,-2.868880033493042,27,338
-77.33757781982422,-2.5779192447662354,30,-120.54949188232422,-4.018316268920898,30,-109.66442108154297,-3.6554806232452393,30,-122.59554290771484,-2.9901351928710938,41,-125.65879821777344,-4.188626766204834,30,-119.3343505859375,-3.977811574935913,30,339
-91.45974731445312,-2.1776130199432373,42,-134.8234405517578,-3.2100818157196045,42,-126.30471801757812,-3.0072550773620605,42,-78.35277557373047,-4.608986854553223,17,-131.56088256835938,-3.132401943206787,42,-136.43316650390625,-3.248408794403076,42,340
-80.01779174804688,-1.9516534805297852,41,-89.3410415649414,-2.1790497303009033,41,-107.69685363769531,-2.6267526149749756,41,-64.76335144042969,-2.0891404151916504,31,-90.74395751953125,-2.2132673263549805,41,-108.64869689941406,-2.649968147277832,41,341
-52.41359329223633,-1.6379247903823853,32,-83.40536499023438,-2.606417655944824,32,-64.91409301757812,-2.0285654067993164,32,-51.09120178222656,-1.7617655992507935,29,-81.43785095214844,-2.5449328422546387,32,-62.81713104248047,-1.9630353450775146,32,342
-82.49407196044922,-2.0120506286621094,41,-86.58235931396484,-2.111764907836914,41,-89.6284408569336,-2.1860594749450684,41,-86.59074401855469,-2.7932498455047607,31,-94.91523742675781,-2.3150057792663574,41,-89.13346862792969,-2.1739871501922607,41,343
-115.20930480957031,-2.7430787086486816,42,-128.37115478515625,-3.0564560890197754,42,-109.25611877441406,-2.6013362407684326,42,-87.92132568359375,-2.585921287536621,34,-120.50334167480469,-2.8691272735595703,42,-118.0348892211914,-2.810354471206665,42,344
-144.8719024658203,-2.840625524520874,51,-123.42263793945312,-2.4200518131256104,51,-122.85752868652344,-2.408971071243286,51,-69.1575927734375,-2.561392307281494,27,-126.41110229492188,-2.478649139404297,51,-139.74346923828125,-2.740067958831787,51,345
-245.89569091796875,-5.997456073760986,41,-183.70277404785156,-4.480555534362793,41,-132.30007934570312,-3.2268311977386475,41,-97.6016616821289,-3.7539100646972656,26,-189.13726806640625,-4.613103866577148,41,-124.06489562988281,-3.025973081588745,41,346
-55.426719665527344,-1.7320849895477295,32,-70.51495361328125,-2.203592300415039,32,-79.69780731201172,-2.490556478500366,32,-77.33000183105469,-2.416562557220459,32,-79.6765365600586,-2.489891767501831,32,-88.5064697265625,-2.765827178955078,32,347
-78.98056030273438,-2.925205945968628,27,-85.27647399902344,-3.1583878993988037,27,-87.9674072265625,-3.258052110671997,27,-83.43719482421875,-1.8962998390197754,44,-88.72984313964844,-3.286290407180786,27,-76.26378631591797,-2.824584722518921,27,348
-48.34172821044922,-1.3428257703781128,36,-165.54103088378906,-4.598361968994141,36,-215.9799041748047,-5.999441623687744,36,-270.215576171875,-5.874251842498779,46,-170.8184814453125,-4.74495792388916,36,-231.13607788085938,-6.420446395874023,36,349
-116.71350860595703,-3.242041826248169,36,-76.9495849609375,-2.13748836517334,36,-47.95710754394531,-1.3321418762207031,36,-37.89967346191406,-1.2225700616836548,31,-71.91748809814453,-1.9977079629898071,36,-52.67735290527344,-1.4632598161697388,36,350
-61.18550109863281,-1.6101447343826294,38,-80.70108032226562,-2.1237125396728516,38,-98.71443176269531,-2.597748279571533,38,-60.389644622802734,-2.2366535663604736,27,-84.99789428710938,-2.2367866039276123,38,-91.01882934570312,-2.3952324390411377,38,351
-45.209510803222656,-1.614625334739685,28,-54.91459655761719,-1.9612356424331665,28,-61.763771057128906,-2.2058489322662354,28,-53.66908645629883,-2.0641956329345703,26,-74.33463287353516,-2.654808282852173,28,-73.80341339111328,-2.635836124420166,28,352
-71.59771728515625,-1.7047075033187866,42,-90.16827392578125,-2.1468636989593506,42,-106.7097396850586,-2.540708065032959,42,-50.129852294921875,-1.6709951162338257,30,-88.35691833496094,-2.103736162185669,42,-105.96857452392578,-2.5230612754821777,42,353
-108.69078063964844,-2.3628430366516113,46,-119.0655517578125,-2.58838152885437,46,-120.05290222167969,-2.6098456382751465,46,-115.66625213623047,-2.7539584636688232,42,-132.78225708007812,-2.886570692062378,46,-125.54399108886719,-2.729217290878296,46,354
-69.93305969238281,-1.6650727987289429,42,-233.10031127929688,-5.550007343292236,42,-253.19512939453125,-6.0284552574157715,42,-282.95379638671875,-6.020293712615967,47,-236.66900634765625,-5.634976387023926,42,-259.0244140625,-6.167247772216797,42,355
-46.25752639770508,-1.4017431735992432,33,-122.94902801513672,-3.7257280349731445,33,-115.90997314453125,-3.512423515319824,33,-114.79119873046875,-2.4954607486724854,46,-122.49121856689453,-3.711855173110962,33,-123.2557601928711,-3.735023021697998,33,356
-95.82028198242188,-2.1777336597442627,44,-91.4708251953125,-2.0788824558258057,44,-90.35116577148438,-2.0534355640411377,44,-59.31403732299805,-1.853563666343689,32,-92.48314666748047,-2.1018896102905273,44,-97.28485870361328,-2.211019515991211,44,357
-93.02619934082031,-2.8189756870269775,33,-49.840538024902344,-1.5103193521499634,33,-54.605621337890625,-1.6547157764434814,33,-43.65166473388672,-1.3227777481079102,33,-77.4134521484375,-2.3458621501922607,33,-53.13861083984375,-1.6102609634399414,33,358
-96.90277862548828,-2.6189939975738525,37,-128.80673217773438,-3.4812629222869873,37,-122.50065612792969,-3.310828447341919,37,-80.8402099609375,-3.109238862991333,26,-130.10302734375,-3.5162980556488037,37,-117.96127319335938,-3.1881425380706787,37,359
-181.65805053710938,-3.9490880966186523,46,-177.83665466308594,-3.866014242172241,46,-133.13565063476562,-2.8942532539367676,46,-114.85940551757812,-3.1043083667755127,37,-173.39341735839844,-3.7694220542907715,46,-141.90103149414062,-3.0848050117492676,46,360
-87.8315200805664,-2.1422321796417236,41,-110.64544677734375,-2.69866943359375,41,-86.06851959228516,-2.0992321968078613,41,-83.21614074707031,-2.0804035663604736,40,-108.89525604248047,-2.6559817790985107,41,-89.4764404296875,-2.182352304458618,41,361
-138.83160400390625,-2.8332979679107666,49,-101.57884216308594,-2.073037624359131,49,-95.07484436035156,-1.9403029680252075,49,-63.04510498046875,-1.6165411472320557,39,-129.7484893798828,-2.647928237915039,49,-105.67962646484375,-2.1567270755767822,49,362
-86.73164367675781,-2.115406036376953,41,-66.98551177978516,-1.6337929964065552,41,-58.45166778564453,-1.4256504774093628,41,-51.77827835083008,-1.07871413230896,48,-79.33692932128906,-1.9350470304489136,41,-69.77896118164062,-1.7019258737564087,41,363
-82.32968139648438,-1.9146437644958496,43,-86.82450866699219,-2.019174575805664,43,-86.44225311279297,-2.010284900665283,43,-49.278133392333984,-1.6992459297180176,29,-90.30616760253906,-2.1001434326171875,43,-84.96456909179688,-1.9759202003479004,43,364
-67.365478515625,-2.405910015106201,28,-161.43698120117188,-5.76560640335083,28,-201.76010131835938,-7.205718040466309,28,-288.1568603515625,-6.003267765045166,48,-143.62693786621094,-5.129533290863037,28,-189.51507568359375,-6.76839542388916,28,365
-41.50730514526367,-1.8866957426071167,22,-63.30361557006836,-2.877437114715576,22,-62.89488983154297,-2.858858585357666,22,-77.51567077636719,-2.214733362197876,35,-47.57704162597656,-2.162592887878418,22,-56.322669982910156,-2.5601212978363037,22,366
-88.97468566894531,-1.8930784463882446,47,-231.3303985595703,-4.9219231605529785,47,-274.9361572265625,-5.849705696105957,47,-286.87725830078125,-6.236462116241455,46,-221.07997131347656,-4.703829288482666,47,-269.85595703125,-5.741616249084473,47,367
-76.00762939453125,-1.8097054958343506,42,-110.03022766113281,-2.619767427444458,42,-99.46925354003906,-2.3683154582977295,42,-81.94206237792969,-2.101078510284424,39,-87.5860595703125,-2.0853824615478516,42,-88.07528686523438,-2.0970306396484375,42,368
-58.34534454345703,-1.3260306119918823,44,-51.872764587402344,-1.1789264678955078,44,-55.34737777709961,-1.2578949928283691,44,-48.279693603515625,-1.1775535345077515,41,-71.66030883789062,-1.6286433935165405,44,-72.2946548461914,-1.643060326576233,44,369
-60.75926208496094,-1.2658179998397827,48,-139.54673767089844,-2.907223701477051,48,-152.05850219726562,-3.1678855419158936,48,-128.05075073242188,-3.3697566986083984,38,-153.53854370117188,-3.1987197399139404,48,-160.01913452148438,-3.3337318897247314,48,370
-51.87889862060547,-1.621215581893921,32,-108.96765899658203,-3.4052393436431885,32,-128.52752685546875,-4.016485214233398,32,-134.2490234375,-3.1964054107666016,42,-115.98947143554688,-3.62467098236084,32,-119.35175323486328,-3.7297422885894775,32,371
-87.68205261230469,-2.087667942047119,42,-169.9495086669922,-4.046416759490967,42,-136.99856567382812,-3.2618706226348877,42,-100.35411834716797,-2.867260456085205,35,-160.17970275878906,-3.813802480697632,42,-125.15635681152344,-2.9799132347106934,42,372
-53.2215690612793,-1.7168247699737549,31,-76.81086730957031,-2.4777698516845703,31,-78.79545593261719,-2.5417888164520264,31,-56.94883728027344,-2.1092162132263184,27,-70.5074691772461,-2.2744345664978027,31,-73.416259765625,-2.3682663440704346,31,373
-29.510719299316406,-1.1804287433624268,25,-107.9117431640625,-4.316469669342041,25,-118.92788696289062,-4.757115364074707,25,-104.0083999633789,-2.600209951400757,40,-104.85185241699219,-4.1940741539001465,25,-103.53106689453125,-4.141242504119873,25,374
-82.22700500488281,-2.835413932800293,29,-59.10905456542969,-2.038243293762207,29,-45.97564697265625,-1.5853670835494995,29,-16.784809112548828,-0.3996383249759674,42,-53.696136474609375,-1.851590871810913,29,-53.95111846923828,-1.86038339138031,29,375
-65.06314086914062,-1.4458476305007935,45,-119.58845520019531,-2.6575212478637695,45,-86.4984359741211,-1.9221874475479126,45,-70.45936584472656,-1.9572045803070068,36,-121.89442443847656,-2.7087650299072266,45,-100.36116027832031,-2.230247974395752,45,376
-75.50764465332031,-2.2881104946136475,33,-78.462158203125,-2.377641201019287,33,-76.62550354003906,-2.3219850063323975,33,-61.60807800292969,-1.3393059968948364,46,-79.02992248535156,-2.394846200942993,33,-79.05293273925781,-2.395543336868286,33,377
-94.46829223632812,-2.69909405708313,35,-95.97422790527344,-2.7421207427978516,35,-70.64097595214844,-2.0183136463165283,35,-16.29086685180664,-0.8145433664321899,20,-107.61505126953125,-3.0747158527374268,35,-87.65089416503906,-2.5043113231658936,35,378
-98.43102264404297,-3.5153937339782715,28,-113.334228515625,-4.0476508140563965,28,-80.70274353027344,-2.8822407722473145,28,-110.12371063232422,-2.393993616104126,46,-117.17742919921875,-4.184908390045166,28,-79.2220230102539,-2.829357862472534,28,379
-78.27467346191406,-3.0105643272399902,26,-78.66197967529297,-3.025460720062256,26,-66.21083068847656,-2.546570301055908,26,-44.357276916503906,-2.6092514991760254,17,-74.50434112548828,-2.865551471710205,26,-64.5806655883789,-2.4838716983795166,26,380
-100.32579040527344,-2.8664512634277344,35,-69.20777893066406,-1.9773651361465454,35,-71.3400650024414,-2.03828763961792,35,-73.32208251953125,-1.560044288635254,47,-60.06169509887695,-1.7160484790802002,35,-83.7989501953125,-2.3942556381225586,35,381
-70.28533935546875,-2.703282356262207,26,-167.16122436523438,-6.4292778968811035,26,-175.52999877929688,-6.751153945922852,26,-265.49786376953125,-5.899952411651611,45,-162.39886474609375,-6.246109962463379,26,-182.07354736328125,-7.002828598022461,26,382
-71.41842651367188,-1.4878839254379272,48,-84.68579864501953,-1.7642874717712402,48,-95.50617980957031,-1.989712119102478,48,-86.16983032226562,-1.8732571601867676,46,-91.7664794921875,-1.9118016958236694,48,-106.26949310302734,-2.2139477729797363,48,383
-165.09703063964844,-3.3693270683288574,49,-138.78997802734375,-2.8324484825134277,49,-135.24093627929688,-2.760019063949585,49,-77.12525939941406,-2.268389940261841,34,-144.40634155273438,-2.947068214416504,49,-139.3733367919922,-2.8443539142608643,49,384
-93.99317169189453,-2.937286615371704,32,-80.24424743652344,-2.5076327323913574,32,-83.97703552246094,-2.6242823600769043,32,-55.21895217895508,-1.3468036651611328,41,-104.62083435058594,-3.2694010734558105,32,-85.12135314941406,-2.6600422859191895,32,385
-30.08448600769043,-0.9704672694206238,31,-69.01783752441406,-2.226381778717041,31,-83.15837860107422,-2.682528257369995,31,-78.11373901367188,-3.124549627304077,25,-74.76364135742188,-2.4117302894592285,31,-82.0484390258789,-2.646723747253418,31,386
-54.894020080566406,-1.4836221933364868,37,-89.29319763183594,-2.413329601287842,37,-99.91659545898438,-2.700448513031006,37,-81.01260375976562,-2.531643867492676,32,-92.40573120117188,-2.4974522590637207,37,-102.62022399902344,-2.773519515991211,37,387
-88.09751892089844,-1.9151633977890015,46,-198.4153594970703,-4.313377380371094,46,-274.8880615234375,-5.975827217102051,46,-271.2349548339844,-6.0274434089660645,45,-184.54071044921875,-4.011754512786865,46,-277.8987731933594,-6.041277885437012,46,388
-173.1436767578125,-3.9350836277008057,44,-133.9672393798828,-3.0447099208831787,44,-108.95769500732422,-2.476311206817627,44,-58.84641647338867,-2.1016576290130615,28,-140.9827880859375,-3.2041542530059814,44,-99.96956634521484,-2.272035598754883,44,389
-75.04197692871094,-1.9747889041900635,38,-113.47029876708984,-2.986060380935669,38,-94.78079986572266,-2.4942314624786377,38,-84.09416198730469,-2.473357677459717,34,-109.92292785644531,-2.8927085399627686,38,-100.78642272949219,-2.6522743701934814,38,390
-56.09709167480469,-1.7530341148376465,32,-104.51812744140625,-3.2661914825439453,32,-93.77086639404297,-2.9303395748138428,32,-97.14302062988281,-2.943727970123291,33,-107.29148864746094,-3.3528590202331543,32,-96.26884460449219,-3.008401393890381,32,391
-87.24638366699219,-2.814399480819702,31,-85.55256652832031,-2.7597601413726807,31,-76.78158569335938,-2.47682523727417,31,-75.65497589111328,-1.8452433347702026,41,-92.62423706054688,-2.9878785610198975,31,-77.49737548828125,-2.499915361404419,31,392
-92.10507202148438,-2.002284288406372,46,-86.41372680664062,-1.8785592317581177,46,-104.46626281738281,-2.271005630493164,46,-50.33087921142578,-1.8641066551208496,27,-94.22183227539062,-2.0483007431030273,46,-110.67930603027344,-2.406071901321411,46,393
-109.27593994140625,-2.3250200748443604,47,-112.96772003173828,-2.4035685062408447,47,-80.78936004638672,-1.71892249584198,47,-70.38357543945312,-1.7166725397109985,41,-114.1476821899414,-2.4286739826202393,47,-94.43085479736328,-2.009167194366455,47,394
-51.05970764160156,-1.276492714881897,40,-119.84233093261719,-2.996058225631714,40,-109.72295379638672,-2.7430739402770996,40,-43.0031623840332,-1.7201265096664429,25,-115.54154205322266,-2.8885385990142822,40,-97.55021667480469,-2.438755512237549,40,395
-160.9356231689453,-3.1556005477905273,51,-131.49913024902344,-2.57841420173645,51,-130.9198760986328,-2.56705641746521,51,-81.98049926757812,-2.41119122505188,34,-134.12246704101562,-2.629852294921875,51,-131.4534149169922,-2.5775179862976074,51,396
-34.98207473754883,-0.6996414661407471,50,-99.1271743774414,-1.9825434684753418,50,-62.306068420410156,-1.2461214065551758,50,-46.78662872314453,-0.9357326030731201,50,-99.11577606201172,-1.9823155403137207,50,-69.87126159667969,-1.3974251747131348,50,397
-125.09153747558594,-3.0510129928588867,41,-102.8183822631836,-2.507765531539917,41,-83.29181671142578,-2.031507730484009,41,-76.71012878417969,-1.9177532196044922,40,-89.01190185546875,-2.1710219383239746,41,-87.36502075195312,-2.1308541297912598,41,398
-64.87356567382812,-1.4416347742080688,45,-109.03117370605469,-2.422914981842041,45,-79.94404602050781,-1.7765343189239502,45,-16.004283905029297,-0.5334761142730713,30,-121.81080627441406,-2.706906795501709,45,-77.44656372070312,-1.7210347652435303,45,399
-95.60480499267578,-2.7315659523010254,35,-63.1030387878418,-1.8029439449310303,35,-49.84865188598633,-1.424247145652771,35,-60.560028076171875,-1.636757493019104,37,-83.91191101074219,-2.3974831104278564,35,-74.471435546875,-2.1277554035186768,35,400
-94.51306915283203,-2.148024320602417,44,-102.11357116699219,-2.320762872695923,44,-111.58041381835938,-2.5359184741973877,44,-51.03099060058594,-1.8225353956222534,28,-112.63314056396484,-2.5598440170288086,44,-111.85414123535156,-2.5421395301818848,44,401
-62.62240982055664,-1.4563350677490234,43,-85.46205139160156,-1.9874895811080933,43,-103.99890899658203,-2.418579339981079,43,-72.24513244628906,-2.3304882049560547,31,-80.09439086914062,-1.86266028881073,43,-111.56459045410156,-2.5945253372192383,43,402
-145.15414428710938,-3.4560511112213135,42,-163.83831787109375,-3.900912284851074,42,-112.98751831054688,-2.6901791095733643,42,-94.3314208984375,-2.620317220687866,36,-157.94723510742188,-3.760648488998413,42,-120.24723052978516,-2.8630292415618896,42,403
-72.52839660644531,-2.133188247680664,34,-73.79243469238281,-2.170365810394287,34,-47.04863357543945,-1.3837833404541016,34,-51.073341369628906,-1.4592382907867432,35,-81.29560852050781,-2.391047239303589,34,-69.5367660522461,-2.045198917388916,34,404
-38.59590148925781,-0.7719180583953857,50,-78.14939880371094,-1.5629879236221313,50,-90.9580078125,-1.8191601037979126,50,-80.05547332763672,-1.6337851285934448,49,-98.92157745361328,-1.9784315824508667,50,-103.34638977050781,-2.066927909851074,50,405
-76.20032501220703,-1.693340539932251,45,-141.115234375,-3.1358940601348877,45,-112.62886810302734,-2.502863645553589,45,-115.81117248535156,-2.5735816955566406,45,-123.08518981933594,-2.7352263927459717,45,-122.31382751464844,-2.7180850505828857,45,406
-193.56298828125,-4.50146484375,43,-140.27943420410156,-3.262312412261963,43,-102.94625854492188,-2.394098997116089,43,-54.381752014160156,-1.8752328157424927,29,-136.93115234375,-3.184445381164551,43,-105.6583023071289,-2.457169771194458,43,407
-63.272247314453125,-1.4380055665969849,44,-93.26954650878906,-2.119762420654297,44,-81.40496826171875,-1.8501129150390625,44,-63.583961486816406,-1.324665904045105,48,-101.15909576416016,-2.299070358276367,44,-84.56906127929688,-1.922024130821228,44,408
-40.68363952636719,-1.1965776681900024,34,-76.98400115966797,-2.264235258102417,34,-79.11392974853516,-2.3268802165985107,34,-111.45700073242188,-2.4768221378326416,45,-96.23116302490234,-2.8303282260894775,34,-83.25419616699219,-2.448652744293213,34,409
-109.54710388183594,-2.282231330871582,48,-120.57025146484375,-2.5118801593780518,48,-117.27862548828125,-2.4433047771453857,48,-124.93839263916016,-2.8395090103149414,44,-119.10932922363281,-2.4814443588256836,48,-136.19625854492188,-2.8374221324920654,48,410
-89.92869567871094,-2.725111961364746,33,-72.38587951660156,-2.193511486053467,33,-63.30805587768555,-1.9184259176254272,33,-63.5416259765625,-1.8688713312149048,34,-81.25178527832031,-2.4621753692626953,33,-72.02105712890625,-2.1824562549591064,33,411
-96.27409362792969,-2.1394243240356445,45,-102.40385437011719,-2.2756412029266357,45,-94.04927062988281,-2.0899837017059326,45,-84.3457260131836,-1.9615285396575928,43,-124.24141693115234,-2.760920286178589,45,-86.87911987304688,-1.9306471347808838,45,412
-146.28607177734375,-3.483001708984375,42,-136.1845703125,-3.242489814758301,42,-79.28358459472656,-1.8877043724060059,42,-76.13300323486328,-1.903325080871582,40,-133.39871215820312,-3.1761598587036133,42,-75.36402130126953,-1.7943814992904663,42,413
-124.74400329589844,-3.2827370166778564,38,-192.655029296875,-5.069869041442871,38,-214.71170043945312,-5.650308132171631,38,-296.44818115234375,-6.307408332824707,47,-202.99362182617188,-5.34193754196167,38,-215.12367248535156,-5.661149501800537,38,414
-70.89988708496094,-2.1484813690185547,33,-97.92295837402344,-2.967362403869629,33,-81.201416015625,-2.460649013519287,33,-54.82032012939453,-2.3834922313690186,23,-93.32308959960938,-2.827972412109375,33,-86.58724975585938,-2.6238560676574707,33,415
-62.49423599243164,-2.4036245346069336,26,-93.25810241699219,-3.586850166320801,26,-73.33351135253906,-2.8205196857452393,26,-91.59976196289062,-2.28999400138855,40,-101.09774780273438,-3.8883748054504395,26,-80.41165924072266,-3.0927560329437256,26,416
-86.62692260742188,-2.0145795345306396,43,-85.95193481445312,-1.9988821744918823,43,-98.55020141601562,-2.291865110397339,43,-88.55433654785156,-2.1598618030548096,41,-96.51666259765625,-2.2445735931396484,43,-98.7026138305664,-2.295409679412842,43,417
-85.21368408203125,-2.2424652576446533,38,-105.83726501464844,-2.785191297531128,38,-104.2977066040039,-2.7446765899658203,38,-52.360939025878906,-1.8700335025787354,28,-114.81729125976562,-3.021507740020752,38,-104.97752380371094,-2.762566328048706,38,418
-101.19111633300781,-3.373037099838257,30,-103.47030639648438,-3.449010133743286,30,-103.03018188476562,-3.4343392848968506,30,-113.84246826171875,-2.7105350494384766,42,-101.11937713623047,-3.3706459999084473,30,-104.7820816040039,-3.4927361011505127,30,419
-145.49826049804688,-2.5526010990142822,57,-214.87033081054688,-3.7696549892425537,57,-172.54879760742188,-3.0271718502044678,57,-51.9967041015625,-2.4760334491729736,21,-207.97276306152344,-3.6486449241638184,57,-164.84576416015625,-2.892030954360962,57,420
-65.58837890625,-2.186279296875,30,-85.4642105102539,-2.8488070964813232,30,-97.793212890625,-3.2597737312316895,30,-90.83541870117188,-2.270885467529297,40,-90.58808898925781,-3.0196030139923096,30,-101.0344467163086,-3.367814779281616,30,421
-80.96582794189453,-1.9277578592300415,42,-115.92886352539062,-2.7602109909057617,42,-93.09324645996094,-2.216505765914917,42,-87.3985366821289,-1.9863303899765015,44,-121.87789916992188,-2.9018547534942627,42,-96.57786560058594,-2.2994730472564697,42,422
-53.49375534057617,-1.6210229396820068,33,-73.98651123046875,-2.2420156002044678,33,-81.80126190185547,-2.4788260459899902,33,-82.30693054199219,-2.3516266345977783,35,-81.06326293945312,-2.4564626216888428,33,-80.28009033203125,-2.432729959487915,33,423
-126.87158203125,-3.7315170764923096,34,-106.657958984375,-3.1369988918304443,34,-92.609619140625,-2.7238123416900635,34,-66.0810546875,-2.3600375652313232,28,-116.13706970214844,-3.4157962799072266,34,-99.45362091064453,-2.9251065254211426,34,424
-91.70960998535156,-2.478638172149658,37,-92.19003295898438,-2.4916224479675293,37,-96.4664535522461,-2.607201337814331,37,-101.29182434082031,-2.411710023880005,42,-104.23418426513672,-2.8171401023864746,37,-100.79261779785156,-2.7241249084472656,37,425
-64.28361511230469,-2.073664903640747,31,-92.95314025878906,-2.998488426208496,31,-76.47872161865234,-2.467055559158325,31,-84.71591186523438,-2.289619207382202,37,-94.53140258789062,-3.0494000911712646,31,-92.99808502197266,-2.9999382495880127,31,426
-82.26612091064453,-2.0566530227661133,40,-90.82803344726562,-2.2707009315490723,40,-83.06060791015625,-2.0765151977539062,40,-101.37672424316406,-2.156951665878296,47,-101.89396667480469,-2.547349214553833,40,-89.5848388671875,-2.2396209239959717,40,427
-53.883853912353516,-2.2451605796813965,24,-68.52706146240234,-2.8552942276000977,24,-85.02555847167969,-3.542731523513794,24,-77.40426635742188,-2.7644381523132324,28,-75.00686645507812,-3.125286102294922,24,-79.04608154296875,-3.2935867309570312,24,428
-37.465782165527344,-1.9718832969665527,19,-63.38861846923828,-3.336243152618408,19,-47.78657150268555,-2.515082597732544,19,-61.09751892089844,-2.7771599292755127,22,-65.62216186523438,-3.4537980556488037,19,-49.72209548950195,-2.616952419281006,19,429
-85.74656677246094,-2.5219578742980957,34,-93.89785766601562,-2.7617015838623047,34,-70.5296630859375,-2.07440185546875,34,-60.25334167480469,-2.151905059814453,28,-96.53975677490234,-2.839404582977295,34,-71.62255859375,-2.106545925140381,34,430
-89.91098022460938,-1.762960433959961,51,-98.53173828125,-1.931994915008545,51,-88.34928894042969,-1.7323390245437622,51,-84.73435974121094,-1.6946872472763062,50,-93.30183410644531,-1.8294477462768555,51,-101.11769104003906,-1.9826998710632324,51,431
-79.11591339111328,-1.9778978824615479,40,-93.59027099609375,-2.339756727218628,40,-85.30738830566406,-2.1326847076416016,40,-82.71539306640625,-2.1767208576202393,38,-96.66322326660156,-2.4165806770324707,40,-86.68838500976562,-2.1672096252441406,40,432
-133.42074584960938,-3.605966091156006,37,-126.50747680664062,-3.419121026992798,37,-110.34225463867188,-2.9822230339050293,37,-65.873291015625,-2.439751625061035,27,-142.76473999023438,-3.858506441116333,37,-124.74844360351562,-3.371579647064209,37,433
-83.14096069335938,-2.2470529079437256,37,-90.41773986816406,-2.443722724914551,37,-72.68560791015625,-1.9644758701324463,37,-61.05141830444336,-2.0350472927093506,30,-91.16983032226562,-2.4640495777130127,37,-76.00895690917969,-2.0542960166931152,37,434
-60.698612213134766,-1.958019733428955,31,-66.52835083007812,-2.14607572555542,31,-53.95751953125,-1.7405651807785034,31,-42.333492279052734,-1.4597755670547485,29,-63.255836486816406,-2.040510892868042,31,-58.85933303833008,-1.8986881971359253,31,435
-56.08758544921875,-1.1684913635253906,48,-73.88322448730469,-1.5392338037490845,48,-65.24575805664062,-1.3592866659164429,48,-66.01594543457031,-1.3472641706466675,49,-80.16536712646484,-1.6701117753982544,48,-76.78681182861328,-1.5997252464294434,48,436
-94.12425231933594,-2.295713424682617,41,-117.31727600097656,-2.8613970279693604,41,-128.23480224609375,-3.127678155899048,41,-114.84803771972656,-3.104001045227051,37,-113.63571166992188,-2.7716026306152344,41,-135.15367126464844,-3.296431064605713,41,437
-98.2705078125,-2.183789014816284,45,-116.7821273803711,-2.595158338546753,45,-116.56407928466797,-2.590312957763672,45,-62.54841232299805,-1.954637885093689,32,-117.80056762695312,-2.617790460586548,45,-124.77790832519531,-2.7728424072265625,45,438
-55.13612747192383,-1.2530938386917114,44,-89.1087875366211,-2.0251996517181396,44,-79.69670867919922,-1.811288833618164,44,-68.20624542236328,-1.5861917734146118,43,-90.39387512207031,-2.05440616607666,44,-94.52571868896484,-2.1483118534088135,44,439
-56.21171569824219,-1.1710773706436157,48,-120.78765869140625,-2.5164096355438232,48,-155.37457275390625,-3.2369701862335205,48,-75.8212661743164,-2.6145265102386475,29,-121.97576904296875,-2.5411617755889893,48,-165.5481414794922,-3.4489195346832275,48,440
-107.36316680908203,-2.9823102951049805,36,-96.0131607055664,-2.667032241821289,36,-90.16399383544922,-2.5045554637908936,36,-69.02243041992188,-2.3007476329803467,30,-101.1146240234375,-2.80873966217041,36,-91.91494750976562,-2.5531930923461914,36,441
-123.89246368408203,-3.0217673778533936,41,-218.24411010742188,-5.32302713394165,41,-231.93643188476562,-5.656986236572266,41,-275.5125427246094,-5.989403247833252,46,-234.6972198486328,-5.724322319030762,41,-252.38006591796875,-6.155611515045166,41,442
-82.99932861328125,-2.5151312351226807,33,-90.08740997314453,-2.729921579360962,33,-91.43392181396484,-2.7707250118255615,33,-96.59867858886719,-2.246480941772461,43,-87.40196228027344,-2.6485443115234375,33,-88.33222961425781,-2.676734209060669,33,443
-118.4632568359375,-3.701976776123047,32,-83.72605895996094,-2.6164393424987793,32,-69.68463134765625,-2.177644729614258,32,-73.7314682006836,-1.638477087020874,45,-109.94644165039062,-3.435826301574707,32,-92.19185638427734,-2.880995512008667,32,444
-113.13169860839844,-3.3274028301239014,34,-76.53643798828125,-2.2510716915130615,34,-53.186859130859375,-1.564319372177124,34,-14.857682228088379,-0.3376745879650116,44,-87.56498718261719,-2.5754408836364746,34,-68.44188690185547,-2.0129966735839844,34,445
-85.58000946044922,-2.445143222808838,35,-87.97469329833984,-2.5135626792907715,35,-57.65281295776367,-1.6472232341766357,35,-32.77442169189453,-1.024200677871704,32,-109.87418365478516,-3.1392624378204346,35,-70.87108612060547,-2.024888277053833,35,446
-69.01042938232422,-2.0297183990478516,34,-85.50031280517578,-2.5147151947021484,34,-83.61358642578125,-2.4592230319976807,34,-74.98191833496094,-2.205350637435913,34,-77.69805908203125,-2.2852370738983154,34,-81.36293029785156,-2.3930273056030273,34,447
-108.3402099609375,-2.211024761199951,49,-139.5389404296875,-2.847733497619629,49,-108.63976287841797,-2.2171380519866943,49,-85.79637145996094,-1.9952644109725952,43,-126.59056091308594,-2.5834808349609375,49,-108.36502838134766,-2.211531162261963,49,448
-64.15735626220703,-1.645060420036316,39,-105.58232879638672,-2.7072391510009766,39,-96.88081359863281,-2.484123468399048,39,-75.97611999511719,-2.374253749847412,32,-93.82019805908203,-2.4056460857391357,39,-86.26580047607422,-2.2119436264038086,39,449
-44.05495834350586,-1.1013739109039307,40,-124.21929168701172,-3.105482339859009,40,-103.71630859375,-2.592907667160034,40,-87.55780029296875,-2.304152727127075,38,-114.0131607055664,-2.8503289222717285,40,-96.30729675292969,-2.407682418823242,40,450
-67.94047546386719,-2.1916282176971436,31,-72.56549072265625,-2.340822219848633,31,-78.42929077148438,-2.5299770832061768,31,-52.84929656982422,-2.032665252685547,26,-82.61363983154297,-2.6649560928344727,31,-76.94688415527344,-2.4821574687957764,31,451
-103.79647827148438,-2.594912052154541,40,-131.82545471191406,-3.2956364154815674,40,-117.21946716308594,-2.9304866790771484,40,-74.76216125488281,-2.57800555229187,29,-135.72738647460938,-3.3931846618652344,40,-126.79712677001953,-3.1699280738830566,40,452
-70.17191314697266,-1.8965381383895874,37,-89.09276580810547,-2.407912492752075,37,-87.14730834960938,-2.355332612991333,37,-81.16146850585938,-1.8445788621902466,44,-91.80569458007812,-2.4812350273132324,37,-90.67086029052734,-2.450563907623291,37,453
-97.94618225097656,-2.083961248397827,47,-126.9298324584961,-2.700634717941284,47,-110.00924682617188,-2.3406221866607666,47,-64.0565185546875,-2.0663392543792725,31,-138.05880737304688,-2.9374213218688965,47,-138.6367950439453,-2.949718952178955,47,454
-98.72119140625,-2.597926139831543,38,-93.14878845214844,-2.4512839317321777,38,-89.61976623535156,-2.358414888381958,38,-81.1212158203125,-2.3177490234375,35,-90.05836486816406,-2.3699569702148438,38,-83.51351928710938,-2.1977241039276123,38,455
-64.46665954589844,-1.8419045209884644,35,-97.10629272460938,-2.774465560913086,35,-86.37112426757812,-2.4677464962005615,35,-94.69544219970703,-2.3673861026763916,40,-112.988037109375,-3.228229522705078,35,-110.52354431152344,-3.157815456390381,35,456
-77.22014617919922,-2.6627635955810547,29,-111.6015396118164,-3.8483290672302246,29,-114.62945556640625,-3.952739953994751,29,-126.33300018310547,-2.8712046146392822,44,-121.06448364257812,-4.174637317657471,29,-129.74339294433594,-4.473910331726074,29,457
-76.09629821777344,-2.174180030822754,35,-93.02181243896484,-2.657766103744507,35,-100.36820983886719,-2.8676631450653076,35,-67.83343505859375,-2.8263931274414062,24,-86.59358978271484,-2.47410249710083,35,-96.26529693603516,-2.750437021255493,35,458
-85.71134185791016,-2.6784794330596924,32,-121.46043395996094,-3.7956385612487793,32,-118.13153839111328,-3.69161057472229,32,-130.6221466064453,-3.2655537128448486,40,-116.7301254272461,-3.6478164196014404,32,-111.72740173339844,-3.491481304168701,32,459
-62.46243667602539,-1.2747435569763184,49,-90.95230865478516,-1.856169581413269,49,-78.69645690917969,-1.6060501337051392,49,-49.376190185546875,-1.2993733882904053,38,-109.73928833007812,-2.239577293395996,49,-91.77729034423828,-1.8730058670043945,49,460
-61.449745178222656,-1.8073453903198242,34,-75.0131607055664,-2.2062695026397705,34,-83.06742095947266,-2.443159341812134,34,-57.50078582763672,-1.982785701751709,29,-86.5530776977539,-2.5456788539886475,34,-86.18795776367188,-2.534940004348755,34,461
-99.73722076416016,-3.3245739936828613,30,-91.1301040649414,-3.037670135498047,30,-65.5562973022461,-2.1852099895477295,30,-86.16375732421875,-1.9582672119140625,44,-94.2391586303711,-3.1413052082061768,30,-66.11126708984375,-2.2037088871002197,30,462
-56.364967346191406,-1.225325345993042,46,-97.44389343261719,-2.1183454990386963,46,-93.29139709472656,-2.028073787689209,46,-91.99008178710938,-1.9164600372314453,48,-99.9580078125,-2.1730000972747803,46,-93.67672729492188,-2.0364506244659424,46,463
-36.79581832885742,-0.9944815635681152,37,-90.19927215576172,-2.4378180503845215,37,-92.19817352294922,-2.49184250831604,37,-115.47526550292969,-2.749411106109619,42,-95.06365966796875,-2.5692880153656006,37,-95.78971862792969,-2.588911294937134,37,464
-67.26740264892578,-2.2422468662261963,30,-59.00099182128906,-1.9666997194290161,30,-55.2065315246582,-1.8402177095413208,30,-56.112213134765625,-1.810071349143982,31,-64.07099914550781,-2.135699987411499,30,-60.99425506591797,-2.033141851425171,30,465
-64.14494323730469,-2.2118945121765137,29,-71.01761627197266,-2.448883295059204,29,-55.02250671386719,-1.8973277807235718,29,-43.96874237060547,-1.6911054849624634,26,-76.37972259521484,-2.6337835788726807,29,-60.95006561279297,-2.1017262935638428,29,466
-91.90483856201172,-2.0887463092803955,44,-69.80883026123047,-1.586564302444458,44,-80.14666748046875,-1.8215152025222778,44,-44.46399688720703,-1.434322476387024,31,-72.84657287597656,-1.6556038856506348,44,-81.05752563476562,-1.8422164916992188,44,467
-92.49833679199219,-2.1511240005493164,43,-106.04622650146484,-2.466191291809082,43,-99.29381561279297,-2.3091585636138916,43,-76.421142578125,-2.1834611892700195,35,-98.27459716796875,-2.2854557037353516,43,-109.83228302001953,-2.55423903465271,43,468
-90.72846984863281,-2.926724910736084,31,-77.08890533447266,-2.486738920211792,31,-62.49505615234375,-2.0159695148468018,31,-47.979976654052734,-2.0860860347747803,23,-76.04193878173828,-2.45296573638916,31,-63.14385986328125,-2.036898612976074,31,469
-105.4837646484375,-2.1975784301757812,48,-143.96304321289062,-2.999230146408081,48,-141.88922119140625,-2.9560253620147705,48,-80.84064483642578,-3.10925555229187,26,-132.98326110839844,-2.770484685897827,48,-136.85824584960938,-2.8512134552001953,48,470
-76.9325942993164,-2.481696605682373,31,-83.38479614257812,-2.6898322105407715,31,-80.00637817382812,-2.580850839614868,31,-75.2320556640625,-2.351001739501953,32,-88.38348388671875,-2.8510801792144775,31,-86.94467163085938,-2.804666757583618,31,471
-45.22015380859375,-1.2920043468475342,35,-83.04679107666016,-2.37276554107666,35,-62.41919708251953,-1.7834056615829468,35,-53.43015670776367,-1.6190956830978394,33,-83.9887924194336,-2.3996798992156982,35,-61.919891357421875,-1.7691397666931152,35,472
-72.21418762207031,-1.7613216638565063,41,-98.37887573242188,-2.399484872817993,41,-79.31864166259766,-1.934601068496704,41,-68.4020767211914,-1.7538994550704956,39,-104.2456283569336,-2.542576313018799,41,-80.91435241699219,-1.9735207557678223,41,473
-51.749267578125,-1.1761196851730347,44,-105.8497085571289,-2.405675172805786,44,-96.8119125366211,-2.200270652770996,44,-75.57560729980469,-1.5115121603012085,50,-99.96989440917969,-2.272042989730835,44,-86.45346069335938,-1.9648513793945312,44,474
-63.06378173828125,-2.034315586090088,31,-108.35148620605469,-3.495209217071533,31,-138.96859741210938,-4.482858180999756,31,-168.2179412841797,-3.656911849975586,46,-109.26072692871094,-3.5245394706726074,31,-119.25300598144531,-3.8468711376190186,31,475
-124.939453125,-2.8395330905914307,44,-106.15910339355469,-2.4127068519592285,44,-110.70095825195312,-2.5159308910369873,44,-53.653072357177734,-2.4387760162353516,22,-114.85566711425781,-2.610356092453003,44,-115.72404479980469,-2.630091905593872,44,476
-89.13465881347656,-2.174015998840332,41,-134.1771240234375,-3.2726128101348877,41,-148.60618591308594,-3.6245410442352295,41,-150.70770263671875,-3.4251749515533447,44,-154.8701934814453,-3.7773218154907227,41,-175.1298828125,-4.27146053314209,41,477
-92.55216979980469,-1.9691951274871826,47,-133.274658203125,-2.8356311321258545,47,-142.62774658203125,-3.034632921218872,47,-130.51719665527344,-2.7769615650177,47,-170.52557373046875,-3.6282036304473877,47,-166.38514709472656,-3.540109395980835,47,478
-73.73985290527344,-1.5362468957901,48,-59.03388214111328,-1.2298725843429565,48,-93.59495544433594,-1.949894905090332,48,-22.269886016845703,-0.7183834314346313,31,-68.41068267822266,-1.4252225160598755,48,-74.68291473388672,-1.5558940172195435,48,479
-63.90446090698242,-1.6816962957382202,38,-95.78803253173828,-2.520737648010254,38,-91.92979431152344,-2.4192051887512207,38,-77.72076416015625,-2.989260196685791,26,-103.86262512207031,-2.733227014541626,38,-95.16898345947266,-2.5044469833374023,38,480
-62.81067657470703,-2.41579532623291,26,-65.00870513916016,-2.5003347396850586,26,-59.6583251953125,-2.294550895690918,26,-56.3203125,-1.760009765625,32,-77.07638549804688,-2.9644763469696045,26,-62.25200653076172,-2.394307851791382,26,481
-64.05654907226562,-2.287733793258667,28,-116.15886688232422,-4.148530960083008,28,-83.53877258300781,-2.983527660369873,28,-79.17825317382812,-2.2622358798980713,35,-121.28297424316406,-4.3315348625183105,28,-87.72988891601562,-3.1332104206085205,28,482
-56.2998161315918,-2.345825672149658,24,-54.877601623535156,-2.286566734313965,24,-39.99589157104492,-1.666495442390442,24,-42.721092224121094,-1.8574388027191162,23,-69.40586853027344,-2.891911268234253,24,-66.20712280273438,-2.7586300373077393,24,483
-89.89460754394531,-3.5957841873168945,25,-84.43710327148438,-3.377484083175659,25,-93.09989929199219,-3.7239959239959717,25,-86.97482299804688,-3.22128963470459,27,-98.63182830810547,-3.9452731609344482,25,-98.80121612548828,-3.9520485401153564,25,484
-56.6441535949707,-1.8881384134292603,30,-80.08950805664062,-2.6696503162384033,30,-74.78121185302734,-2.4927070140838623,30,-73.23886108398438,-1.8309714794158936,40,-88.34799194335938,-2.9449331760406494,30,-92.95669555664062,-3.0985565185546875,30,485
-103.53633880615234,-2.465150833129883,42,-115.77952575683594,-2.75665545463562,42,-88.82490539550781,-2.1148786544799805,42,-57.656585693359375,-2.402357816696167,24,-108.56082916259766,-2.5847816467285156,42,-100.72734069824219,-2.3982701301574707,42,486
-104.74362182617188,-2.83090877532959,37,-63.691646575927734,-1.7213958501815796,37,-75.47158813476562,-2.0397727489471436,37,-48.696754455566406,-1.5708630084991455,31,-86.97480773925781,-2.350670576095581,37,-88.4857177734375,-2.3915059566497803,37,487
-86.74817657470703,-2.282846689224243,38,-89.93343353271484,-2.3666694164276123,38,-91.54120635986328,-2.4089791774749756,38,-72.94540405273438,-2.279543876647949,32,-95.61312103271484,-2.516134738922119,38,-97.24092102050781,-2.558971643447876,38,488
-109.47483825683594,-2.4880645275115967,44,-125.3035659790039,-2.847808361053467,44,-139.41551208496094,-3.168534278869629,44,-112.62504577636719,-3.883622169494629,29,-120.0589370727539,-2.728612184524536,44,-133.98736572265625,-3.0451674461364746,44,489
-99.28923034667969,-3.1027884483337402,32,-89.42257690429688,-2.7944555282592773,32,-63.75911331176758,-1.9924722909927368,32,-61.767799377441406,-1.5837897062301636,39,-102.29515075683594,-3.196723461151123,32,-80.0061264038086,-2.5001914501190186,32,490
-140.36550903320312,-3.2643141746520996,43,-84.26582336425781,-1.9596703052520752,43,-87.77165985107422,-2.04120135307312,43,-75.44061279296875,-1.9852793216705322,38,-93.597412109375,-2.1766839027404785,43,-93.37919616699219,-2.1716091632843018,43,491
-86.62382507324219,-2.7943170070648193,31,-101.40901184082031,-3.2712583541870117,31,-81.6613998413086,-2.6342387199401855,31,-82.59013366699219,-2.847935676574707,29,-112.01190185546875,-3.6132872104644775,31,-91.027587890625,-2.936373710632324,31,492
-65.98872375488281,-1.6497180461883545,40,-104.7189712524414,-2.617974281311035,40,-85.72286224365234,-2.1430716514587402,40,-79.86833953857422,-1.85740327835083,43,-98.71620178222656,-2.467905044555664,40,-90.88394165039062,-2.2720985412597656,40,493
-85.0324935913086,-1.8485324382781982,46,-135.48931884765625,-2.945420026779175,46,-132.5821533203125,-2.88222074508667,46,-142.92840576171875,-2.8585681915283203,50,-134.75860595703125,-2.929534912109375,46,-137.06765747070312,-2.979731798171997,46,494
-73.55933380126953,-2.4519777297973633,30,-88.52610778808594,-2.9508702754974365,30,-82.72754669189453,-2.757584810256958,30,-91.75436401367188,-2.1846277713775635,42,-81.30220794677734,-2.710073709487915,30,-86.6563491821289,-2.888545036315918,30,495
-69.19231414794922,-2.385941982269287,29,-79.5028076171875,-2.741476058959961,29,-72.31311798095703,-2.493555784225464,29,-79.59213256835938,-2.4872541427612305,32,-78.42404174804688,-2.704277276992798,29,-75.30907440185547,-2.596864700317383,29,496
-149.54981994628906,-3.181910991668701,47,-111.10177612304688,-2.3638675212860107,47,-112.4523696899414,-2.392603635787964,47,-51.889801025390625,-1.921844482421875,27,-116.33689880371094,-2.475253105163574,47,-122.14335632324219,-2.59879469871521,47,497
-106.45774841308594,-2.9571597576141357,36,-102.206298828125,-2.839063882827759,36,-105.44383239746094,-2.928995370864868,36,-78.46939086914062,-3.2695579528808594,24,-105.72801208496094,-2.936889171600342,36,-119.78433227539062,-3.3273425102233887,36,498
-95.07464599609375,-2.569585084915161,37,-87.41085052490234,-2.362455368041992,37,-81.21867370605469,-2.195099353790283,37,-64.33036041259766,-1.8920694589614868,34,-89.4716567993164,-2.4181528091430664,37,-79.99150085449219,-2.1619324684143066,37,499
-75.39258575439453,-1.7533159255981445,43,-126.70413970947266,-2.946607828140259,43,-123.2363052368164,-2.8659605979919434,43,-53.489585876464844,-1.7254705429077148,31,-131.01620483398438,-3.046888589859009,43,-117.76609802246094,-2.738746404647827,43,500
-34.20295333862305,-0.7954175472259521,43,-108.33454895019531,-2.5194082260131836,43,-121.52186584472656,-2.826089859008789,43,-82.72061157226562,-2.585019111633301,32,-113.77379608154297,-2.645902156829834,43,-136.05661010742188,-3.164107322692871,43,501
-74.16172790527344,-2.7467305660247803,27,-83.80340576171875,-3.103829860687256,27,-90.85213470458984,-3.364893913269043,27,-70.98152160644531,-3.5490760803222656,20,-92.03144836425781,-3.408572196960449,27,-92.04037475585938,-3.408902883529663,27,502
-68.06426239013672,-1.8906739950180054,36,-96.92448425292969,-2.6923468112945557,36,-103.93827056884766,-2.887174129486084,36,-104.14668273925781,-2.7407021522521973,38,-104.1475830078125,-2.892988443374634,36,-101.68609619140625,-2.8246138095855713,36,503
-66.72087860107422,-1.755812644958496,38,-75.55970764160156,-1.9884133338928223,38,-80.48876953125,-2.1181254386901855,38,-66.19627380371094,-2.1353635787963867,31,-87.43997192382812,-2.3010518550872803,38,-75.85205078125,-1.9961066246032715,38,504
-80.7000503540039,-1.876745343208313,43,-94.39071655273438,-2.1951329708099365,43,-113.53657531738281,-2.640385389328003,43,-47.542396545410156,-1.6393929719924927,29,-103.64411926269531,-2.4103283882141113,43,-127.00800323486328,-2.953674554824829,43,505
-88.4741439819336,-3.4028515815734863,26,-91.67552185058594,-3.5259816646575928,26,-76.81021118164062,-2.9542388916015625,26,-82.59467315673828,-2.4292550086975098,34,-92.31049346923828,-3.550403594970703,26,-81.41971588134766,-3.1315274238586426,26,506
-56.80473327636719,-1.7213555574417114,33,-87.79901885986328,-2.660576343536377,33,-88.01368713378906,-2.667081356048584,33,-82.71588134765625,-1.923625111579895,43,-86.42389678955078,-2.618906021118164,33,-83.98898315429688,-2.5451207160949707,33,507
-25.624345779418945,-0.6925498843193054,37,-84.05696868896484,-2.2718100547790527,37,-66.57188415527344,-1.7992401123046875,37,-44.27033996582031,-1.1351369619369507,39,-92.38280487060547,-2.4968326091766357,37,-64.90169525146484,-1.7540998458862305,37,508
-169.96279907226562,-3.4686286449432373,49,-135.8743438720703,-2.7729458808898926,49,-119.52569580078125,-2.4392998218536377,49,-106.64105987548828,-2.962251663208008,36,-138.7332000732422,-2.831289768218994,49,-136.3695831298828,-2.783052682876587,49,509
-57.030338287353516,-1.4257584810256958,40,-91.05012512207031,-2.2762532234191895,40,-105.79326629638672,-2.644831657409668,40,-54.264854431152344,-2.0871098041534424,26,-102.12712097167969,-2.553178071975708,40,-89.45758056640625,-2.2364394664764404,40,510
-57.733253479003906,-3.2074029445648193,18,-50.19733810424805,-2.788741111755371,18,-37.60870361328125,-2.089372396469116,18,-19.961442947387695,-0.6883256435394287,29,-55.40626525878906,-3.0781259536743164,18,-45.85825729370117,-2.5476808547973633,18,511
-89.0690689086914,-1.8950865268707275,47,-133.18130493164062,-2.8336448669433594,47,-153.80584716796875,-3.2724647521972656,47,-141.12298583984375,-3.2073404788970947,44,-131.6309814453125,-2.8006591796875,47,-147.9415283203125,-3.1476922035217285,47,512
-26.62606430053711,-0.9861505031585693,27,-42.61805725097656,-1.5784465074539185,27,-59.610382080078125,-2.207792043685913,27,-74.72269439697266,-2.4907565116882324,30,-65.88166809082031,-2.4400618076324463,27,-80.54605102539062,-2.983186960220337,27,513
-106.44142150878906,-3.0411834716796875,35,-94.64911651611328,-2.7042605876922607,35,-94.34721374511719,-2.695634603500366,35,-77.67017364501953,-2.5054895877838135,31,-102.18794250488281,-2.9196555614471436,35,-84.79602813720703,-2.422743558883667,35,514
-85.72222900390625,-2.9559388160705566,29,-79.399658203125,-2.737919330596924,29,-80.14356994628906,-2.763571262359619,29,-105.9034423828125,-2.4068963527679443,44,-70.88414001464844,-2.4442806243896484,29,-76.46965026855469,-2.6368844509124756,29,515
-72.09028625488281,-2.0025079250335693,36,-142.37911987304688,-3.9549756050109863,36,-142.68820190429688,-3.9635610580444336,36,-113.82930755615234,-4.378050327301025,26,-133.95721435546875,-3.721033811569214,36,-124.75732421875,-3.4654812812805176,36,516
-94.61854553222656,-2.013160467147827,47,-127.9462890625,-2.722261428833008,47,-119.21055603027344,-2.5363948345184326,47,-83.49208068847656,-3.092299222946167,27,-133.07656860351562,-2.831416368484497,47,-122.93562316894531,-2.6156516075134277,47,517
-71.02092742919922,-1.6516494750976562,43,-88.13584899902344,-2.049670934677124,43,-97.87406921386719,-2.2761411666870117,43,-40.53804016113281,-1.3512680530548096,30,-108.72273254394531,-2.528435707092285,43,-107.83891296386719,-2.5078816413879395,43,518
-136.84423828125,-3.2581961154937744,42,-126.1694107055664,-3.0040335655212402,42,-108.850830078125,-2.591686487197876,42,-80.87781524658203,-2.5274317264556885,32,-125.76813507080078,-2.9944794178009033,42,-109.12178802490234,-2.598137855529785,42,519
-85.89485168457031,-3.0676732063293457,28,-85.53593444824219,-3.0548548698425293,28,-92.50977325439453,-3.3039205074310303,28,-88.34423828125,-2.7607574462890625,32,-82.4154052734375,-2.9434072971343994,28,-82.15074157714844,-2.933954954147339,28,520
-142.81719970703125,-3.038663864135742,47,-120.65143585205078,-2.567051887512207,47,-121.16339111328125,-2.57794451713562,47,-61.15602493286133,-1.9111257791519165,32,-118.75576782226562,-2.5267183780670166,47,-112.04547882080078,-2.383946418762207,47,521
-68.09483337402344,-2.4319584369659424,28,-75.5777587890625,-2.6992056369781494,28,-61.61490249633789,-2.2005321979522705,28,-41.511566162109375,-1.7296485900878906,24,-78.36022186279297,-2.798579454421997,28,-68.81764221191406,-2.457772970199585,28,522
-107.95716857910156,-2.4535720348358154,44,-160.58670043945312,-3.649697780609131,44,-158.18402099609375,-3.5950913429260254,44,-125.94414520263672,-3.229336977005005,39,-163.31491088867188,-3.711702585220337,44,-158.54522705078125,-3.6033005714416504,44,523
-72.84637451171875,-2.207465887069702,33,-101.47528076171875,-3.0750083923339844,33,-90.5890121459961,-2.745121479034424,33,-96.96913146972656,-2.6207873821258545,37,-90.86654663085938,-2.7535316944122314,33,-80.69453430175781,-2.445288896560669,33,524
-84.36114501953125,-2.1090285778045654,40,-77.52717590332031,-1.93817937374115,40,-76.70280456542969,-1.9175701141357422,40,-70.00337219238281,-1.8919830322265625,37,-75.59910583496094,-1.8899776935577393,40,-76.685302734375,-1.9171326160430908,40,525
-84.29937744140625,-3.0106921195983887,28,-110.53357696533203,-3.9476277828216553,28,-111.96671295166016,-3.9988112449645996,28,-115.57176208496094,-4.280435562133789,27,-108.83419799804688,-3.8869357109069824,28,-118.45301055908203,-4.230464458465576,28,526
-65.23070526123047,-1.976688027381897,33,-68.09730529785156,-2.0635547637939453,33,-76.72857666015625,-2.325108289718628,33,-64.89012145996094,-2.0932297706604004,31,-77.51042938232422,-2.3488008975982666,33,-64.63607788085938,-1.9586690664291382,33,527
-79.66180419921875,-1.9915450811386108,40,-94.59619140625,-2.3649048805236816,40,-111.52428436279297,-2.78810715675354,40,-92.98779296875,-2.7349350452423096,34,-106.50454711914062,-2.6626136302948,40,-120.3450927734375,-3.008627414703369,40,528
-48.29026794433594,-1.3413963317871094,36,-85.19876098632812,-2.3666322231292725,36,-73.87811279296875,-2.0521697998046875,36,-62.973262786865234,-1.399405837059021,45,-85.75190734863281,-2.3819973468780518,36,-67.78024291992188,-1.8827844858169556,36,529
-45.605926513671875,-1.5726181268692017,29,-75.57960510253906,-2.6061933040618896,29,-67.71951293945312,-2.335155725479126,29,-69.79925537109375,-2.4068708419799805,29,-71.5694808959961,-2.4679131507873535,29,-71.63270568847656,-2.470093250274658,29,530
-47.134883880615234,-2.244518280029297,21,-114.91107177734375,-5.4719557762146,21,-123.06554412841797,-5.860263824462891,21,-183.41766357421875,-4.826780796051025,38,-111.49453735351562,-5.309263706207275,21,-110.79094696044922,-5.275759220123291,21,531
-73.42915344238281,-2.225125789642334,33,-88.59597778320312,-2.6847267150878906,33,-66.1392822265625,-2.004220724105835,33,-64.3577880859375,-1.3407872915267944,48,-89.5425033569336,-2.713409185409546,33,-74.81049346923828,-2.266984701156616,33,532
-91.37537384033203,-2.1756041049957275,42,-75.34239196777344,-1.793866515159607,42,-72.18455505371094,-1.7186799049377441,42,-85.01748657226562,-1.9322155714035034,44,-81.69353485107422,-1.9450842142105103,42,-80.29364776611328,-1.911753535270691,42,533
-47.77129364013672,-1.2911159992218018,37,-65.4958267211914,-1.7701574563980103,37,-77.46039581298828,-2.093524217605591,37,-77.49324035644531,-2.152590036392212,36,-62.321006774902344,-1.6843515634536743,37,-61.980411529541016,-1.675146222114563,37,534
-50.11184310913086,-1.2527960538864136,40,-90.05783081054688,-2.251445770263672,40,-76.1851806640625,-1.9046294689178467,40,-54.064697265625,-1.5901381969451904,34,-111.33941650390625,-2.7834854125976562,40,-82.89347076416016,-2.0723366737365723,40,535
-74.43913269042969,-1.7723603248596191,42,-92.78251647949219,-2.2091076374053955,42,-64.07462310791016,-1.5255862474441528,42,-62.05631637573242,-1.513568639755249,41,-92.44206237792969,-2.2010014057159424,42,-61.732093811035156,-1.4698117971420288,42,536
-70.18441772460938,-2.2640135288238525,31,-76.25117492675781,-2.4597153663635254,31,-79.37181091308594,-2.5603809356689453,31,-71.53339385986328,-2.4666688442230225,29,-67.34916687011719,-2.172553777694702,31,-80.63213348388672,-2.601036548614502,31,537
-18.539918899536133,-0.5980619192123413,31,-98.21771240234375,-3.1683132648468018,31,-95.83903503417969,-3.0915818214416504,31,-88.34978485107422,-2.944992780685425,30,-123.85893249511719,-3.9954495429992676,31,-100.33737182617188,-3.236689329147339,31,538
-60.39983367919922,-1.8302979469299316,33,-62.53916549682617,-1.895126223564148,33,-52.87434387207031,-1.6022528409957886,33,-57.40858459472656,-1.7396540641784668,33,-75.56368255615234,-2.289808511734009,33,-64.19119262695312,-1.9451876878738403,33,539
-59.3760986328125,-1.6047594547271729,37,-95.306640625,-2.575855255126953,37,-90.85195922851562,-2.455458402633667,37,-80.86244201660156,-2.526951313018799,32,-109.8421859741211,-2.968707799911499,37,-99.34379577636719,-2.684967517852783,37,540
-152.89761352539062,-3.9204516410827637,39,-118.64970397949219,-3.04229998588562,39,-90.52070617675781,-2.3210437297821045,39,-117.89529418945312,-1.9327096939086914,61,-93.15208435058594,-2.388514995574951,39,-79.04801177978516,-2.026872158050537,39,541
-41.943641662597656,-1.6777456998825073,25,-65.17200469970703,-2.6068801879882812,25,-56.74362564086914,-2.269745111465454,25,-82.6608657836914,-2.296135187149048,36,-63.359649658203125,-2.534385919570923,25,-59.95909881591797,-2.3983640670776367,25,542
-51.636962890625,-1.200859546661377,43,-78.69741821289062,-1.8301725387573242,43,-71.6373519897461,-1.6659849882125854,43,-69.86771392822266,-1.6635169982910156,42,-93.4676284790039,-2.173665761947632,43,-72.71409606933594,-1.6910254955291748,43,543
-81.0012435913086,-2.1316115856170654,38,-77.66773223876953,-2.0438876152038574,38,-61.074947357177734,-1.6072354316711426,38,-54.879920959472656,-1.567997694015503,35,-86.95882415771484,-2.2883901596069336,38,-70.48489379882812,-1.8548656702041626,38,544
-55.04718780517578,-1.775715708732605,31,-67.3244400024414,-2.1717560291290283,31,-71.028564453125,-2.2912440299987793,31,-60.38060760498047,-2.322330951690674,26,-72.61051940917969,-2.3422749042510986,31,-98.65725708007812,-3.182492256164551,31,545
-96.50181579589844,-2.4125454425811768,40,-121.49463653564453,-3.0373659133911133,40,-112.11018371582031,-2.8027546405792236,40,-71.59400939941406,-2.7536158561706543,26,-125.78924560546875,-3.144731044769287,40,-121.07518005371094,-3.0268795490264893,40,546
-52.908172607421875,-1.4696714878082275,36,-52.814109802246094,-1.4670586585998535,36,-64.58253479003906,-1.7939592599868774,36,-47.99943161010742,-1.333317518234253,36,-59.97615432739258,-1.6660043001174927,36,-59.66886901855469,-1.657468557357788,36,547
-50.99285125732422,-1.6449307203292847,31,-86.56161499023438,-2.7923102378845215,31,-126.72962188720703,-4.088052272796631,31,-125.31849670410156,-4.17728328704834,30,-89.59980773925781,-2.8903164863586426,31,-124.86915588378906,-4.028037071228027,31,548
-60.66608810424805,-1.7842967510223389,34,-64.49114227294922,-1.8967982530593872,34,-66.99171447753906,-1.9703445434570312,34,-48.03413391113281,-1.0442203283309937,46,-61.15668487548828,-1.7987260818481445,34,-60.82540512084961,-1.7889825105667114,34,549
-64.59251403808594,-1.8997797966003418,34,-82.1932373046875,-2.417448043823242,34,-85.3126220703125,-2.509194850921631,34,-88.62580108642578,-2.161604881286621,41,-84.87384033203125,-2.4962894916534424,34,-95.83789825439453,-2.8187618255615234,34,550
-101.3380126953125,-2.25195574760437,45,-101.94178009033203,-2.2653729915618896,45,-55.732521057128906,-1.2385004758834839,45,-43.30620574951172,-1.0311001539230347,42,-120.02279663085938,-2.667173147201538,45,-59.96867370605469,-1.3326371908187866,45,551
-37.96419143676758,-0.7592838406562805,50,-107.39738464355469,-2.1479477882385254,50,-115.74190521240234,-2.314838171005249,50,-38.887939453125,-0.972198486328125,40,-95.11438751220703,-1.9022877216339111,50,-93.60881042480469,-1.872176170349121,50,552
-85.51233673095703,-2.3111443519592285,37,-111.3965072631836,-3.010716438293457,37,-118.12052154541016,-3.19244647026062,37,-115.12374877929688,-3.1978819370269775,36,-114.71015930175781,-3.1002745628356934,37,-120.94081115722656,-3.2686705589294434,37,553
-56.837982177734375,-2.8418991565704346,20,-58.58842849731445,-2.9294214248657227,20,-73.93788146972656,-3.6968941688537598,20,-160.39895629882812,-2.4302871227264404,66,-87.55091857910156,-4.3775458335876465,20,-86.46781921386719,-4.323390960693359,20,554
-109.639892578125,-2.740997314453125,40,-120.68173217773438,-3.017043352127075,40,-88.82218933105469,-2.220554828643799,40,-86.20037078857422,-2.1550092697143555,40,-113.98204040527344,-2.84955096244812,40,-106.13859558105469,-2.6534647941589355,40,555
-104.29679870605469,-2.744652509689331,38,-105.45550537109375,-2.7751448154449463,38,-93.76356506347656,-2.4674623012542725,38,-101.50924682617188,-2.416886806488037,42,-131.11660766601562,-3.450437068939209,38,-109.55203247070312,-2.882948160171509,38,556
-121.12211608886719,-3.2735707759857178,37,-93.34129333496094,-2.522737741470337,37,-61.572513580322266,-1.6641219854354858,37,-72.77699279785156,-1.8194248676300049,40,-87.76033020019531,-2.371900796890259,37,-88.07884216308594,-2.3805091381073,37,557
-101.9408187866211,-2.1689536571502686,47,-129.1868896484375,-2.7486572265625,47,-100.84365844726562,-2.1456098556518555,47,-43.14910888671875,-1.598115086555481,27,-140.15252685546875,-2.981968641281128,47,-125.67621612548828,-2.673962116241455,47,558
-146.28823852539062,-5.224579811096191,28,-84.47694396972656,-3.017033815383911,28,-76.03535461425781,-2.715548276901245,28,-72.35836029052734,-2.3341405391693115,31,-92.98587799072266,-3.3209242820739746,28,-91.26634216308594,-3.259512186050415,28,559
-66.6627197265625,-2.468989610671997,27,-69.48726654052734,-2.5736024379730225,27,-63.292076110839844,-2.344151020050049,27,-62.593955993652344,-1.9560611248016357,32,-73.47470092773438,-2.721285104751587,27,-66.07743835449219,-2.447312593460083,27,560
-82.43315887451172,-2.2898099422454834,36,-93.29749298095703,-2.591597080230713,36,-91.93253326416016,-2.5536813735961914,36,-59.1905517578125,-2.041053533554077,29,-88.87940216064453,-2.468872308731079,36,-78.64013671875,-2.1844482421875,36,561
-67.11080169677734,-1.5607162714004517,43,-128.82315063476562,-2.995887279510498,43,-156.7525177001953,-3.6454074382781982,43,-56.44899368286133,-3.320528984069824,17,-151.09719848632812,-3.513888359069824,43,-153.14846801757812,-3.5615923404693604,43,562
-87.19819641113281,-2.4221720695495605,36,-76.04763793945312,-2.1124343872070312,36,-84.49720764160156,-2.347144603729248,36,-63.30470657348633,-2.110156774520874,30,-92.00025939941406,-2.555562734603882,36,-84.74250793457031,-2.3539586067199707,36,563
-62.288169860839844,-2.009295701980591,31,-64.49829864501953,-2.08059024810791,31,-64.3328857421875,-2.075254440307617,31,-24.263690948486328,-1.2131845951080322,20,-84.92153930664062,-2.7394044399261475,31,-68.24275970458984,-2.2013792991638184,31,564
-78.0294189453125,-2.4384193420410156,32,-101.31620788574219,-3.1661314964294434,32,-95.70437622070312,-2.9907617568969727,32,-103.48738098144531,-2.2997195720672607,45,-111.27200317382812,-3.477250099182129,32,-106.06852722167969,-3.3146414756774902,32,565
-44.9339485168457,-0.976824939250946,46,-99.08570861816406,-2.1540372371673584,46,-89.03985595703125,-1.935649037361145,46,-50.76392364501953,-1.4503978490829468,35,-98.74762725830078,-2.1466875076293945,46,-89.10610961914062,-1.9370893239974976,46,566
-46.37535858154297,-1.59915030002594,29,-89.18301391601562,-3.0752763748168945,29,-92.0185546875,-3.173053503036499,29,-74.80277252197266,-3.936988115310669,19,-89.30704498291016,-3.0795533657073975,29,-87.07450866699219,-3.0025691986083984,29,567
-90.3988265991211,-2.2599706649780273,40,-94.2154541015625,-2.355386257171631,40,-96.30066680908203,-2.4075167179107666,40,-90.7718505859375,-2.4532933235168457,37,-104.94621276855469,-2.623655319213867,40,-106.22088623046875,-2.655522108078003,40,568
-87.9531478881836,-2.7485358715057373,32,-60.13254165649414,-1.879141926765442,32,-46.649742126464844,-1.4578044414520264,32,-29.673946380615234,-0.8478270173072815,35,-66.7437744140625,-2.085742950439453,32,-59.9677734375,-1.873992919921875,32,569
-122.35685729980469,-2.603337287902832,47,-207.40695190429688,-4.412913799285889,47,-226.69125366210938,-4.82321834564209,47,-246.203369140625,-5.129236698150635,48,-192.9351806640625,-4.105003833770752,47,-212.67779541015625,-4.525059700012207,47,570
-59.54761505126953,-1.9208908081054688,31,-100.87393188476562,-3.253997802734375,31,-87.00776672363281,-2.806702136993408,31,-101.68159484863281,-3.6314854621887207,28,-104.23339080810547,-3.3623673915863037,31,-92.2601089477539,-2.97613263130188,31,571
-48.050777435302734,-1.922031044960022,25,-134.23992919921875,-5.3695969581604,25,-143.06243896484375,-5.722497463226318,25,-168.34326171875,-3.914959669113159,43,-122.9531021118164,-4.918124198913574,25,-130.10919189453125,-5.204367637634277,25,572
-53.31761932373047,-1.3329404592514038,40,-86.80220031738281,-2.1700549125671387,40,-76.82205200195312,-1.9205513000488281,40,-50.65958023071289,-1.6886526346206665,30,-89.8238296508789,-2.245595693588257,40,-88.97160339355469,-2.224290132522583,40,573
-87.76454162597656,-2.250372886657715,39,-219.91818237304688,-5.638927936553955,39,-248.86410522460938,-6.381130695343018,39,-295.64892578125,-6.569976329803467,45,-205.00570678710938,-5.256556510925293,39,-236.65127563476562,-6.067981243133545,39,574
-86.95384216308594,-2.0703296661376953,42,-94.80581665039062,-2.2572813034057617,42,-78.06831359863281,-1.858769416809082,42,-66.57303619384766,-1.623732566833496,41,-112.61189270019531,-2.6812355518341064,42,-96.55105590820312,-2.2988345623016357,42,575
-24.04474639892578,-0.8014915585517883,30,-83.12327575683594,-2.77077579498291,30,-109.70030212402344,-3.656676769256592,30,-101.60987854003906,-2.605381488800049,39,-94.11331939697266,-3.137110710144043,30,-124.39600372314453,-4.146533489227295,30,576
-60.283042907714844,-2.3185784816741943,26,-101.46235656738281,-3.9023983478546143,26,-109.25985717773438,-4.202301979064941,26,-99.27745819091797,-2.4214015007019043,41,-106.03826904296875,-4.078394889831543,26,-117.53976440429688,-4.5207600593566895,26,577
-92.68705749511719,-2.317176342010498,40,-79.23773193359375,-1.9809433221817017,40,-57.239994049072266,-1.4309998750686646,40,-72.26004791259766,-1.5054177045822144,48,-97.7912368774414,-2.4447808265686035,40,-85.48495483398438,-2.1371238231658936,40,578
-70.97960662841797,-2.2181127071380615,32,-68.23285675048828,-2.132276773452759,32,-43.4862174987793,-1.358944296836853,32,-43.856285095214844,-1.3289783000946045,33,-73.76466369628906,-2.305145740509033,32,-67.81073760986328,-2.1190855503082275,32,579
-59.70686340332031,-1.8092988729476929,33,-58.53814697265625,-1.7738832235336304,33,-63.48896408081055,-1.923907995223999,33,-55.19696807861328,-1.4918099641799927,37,-97.03904724121094,-2.940577268600464,33,-94.99840545654297,-2.878739595413208,33,580
-98.88916015625,-2.354503870010376,42,-220.10693359375,-5.240641117095947,42,-249.7537841796875,-5.946518898010254,42,-269.180908203125,-6.117747783660889,44,-197.41165161132812,-4.700277328491211,42,-231.64883422851562,-5.515448570251465,42,581
-63.92373275756836,-2.4586050510406494,26,-65.65917205810547,-2.525352716445923,26,-75.18721008300781,-2.891815662384033,26,-74.63833618164062,-1.6963257789611816,44,-69.93058013916016,-2.6896376609802246,26,-83.27377319335938,-3.2028374671936035,26,582
-43.02407455444336,-1.6547720432281494,26,-77.48126983642578,-2.980048894882202,26,-91.76602172851562,-3.5294623374938965,26,-125.81817626953125,-2.79595947265625,45,-64.5522232055664,-2.4827778339385986,26,-79.51904296875,-3.058424711227417,26,583
-97.42744445800781,-3.044607639312744,32,-102.38925170898438,-3.1996641159057617,32,-96.1224365234375,-3.003826141357422,32,-87.56268310546875,-2.7363338470458984,32,-101.88687133789062,-3.183964729309082,32,-90.75141143798828,-2.835981607437134,32,584
-82.01954650878906,-1.6738682985305786,49,-97.76971435546875,-1.99530029296875,49,-90.09881591796875,-1.8387513160705566,49,-82.93389892578125,-2.073347568511963,40,-127.92808532714844,-2.6107771396636963,49,-124.2904281616211,-2.536539316177368,49,585
-122.67572784423828,-3.608109712600708,34,-216.95672607421875,-6.381080150604248,34,-217.91375732421875,-6.409228324890137,34,-283.41021728515625,-5.904379367828369,48,-199.35299682617188,-5.863323211669922,34,-190.03549194335938,-5.5892791748046875,34,586
-119.67889404296875,-2.7199747562408447,44,-130.20712280273438,-2.9592528343200684,44,-111.32394409179688,-2.5300896167755127,44,-101.71026611328125,-2.3115968704223633,44,-132.3257598876953,-3.007403612136841,44,-116.03330993652344,-2.6371207237243652,44,587
-57.77302932739258,-1.4090982675552368,41,-83.22694396972656,-2.0299253463745117,41,-90.81150817871094,-2.2149147987365723,41,-55.308128356933594,-1.7283790111541748,32,-87.61271667480469,-2.1368954181671143,41,-96.10684204101562,-2.344069242477417,41,588
-48.33365249633789,-1.5591500997543335,31,-68.67173767089844,-2.215217351913452,31,-78.88394165039062,-2.5446431636810303,31,-74.6685562133789,-1.4933711290359497,50,-80.36176300048828,-2.5923149585723877,31,-85.71369934082031,-2.764958143234253,31,589
-77.94000244140625,-1.7713637351989746,44,-89.00358581542969,-2.022808790206909,44,-73.22078704833984,-1.6641087532043457,44,-72.90277099609375,-1.5848428010940552,46,-94.87660217285156,-2.1562864780426025,44,-78.6821060180664,-1.7882297039031982,44,590
-57.34698486328125,-1.549918532371521,37,-116.19032287597656,-3.1402790546417236,37,-93.57068634033203,-2.528937578201294,37,-62.028167724609375,-2.5845069885253906,24,-120.33009338378906,-3.252164602279663,37,-98.37464904785156,-2.6587743759155273,37,591
-80.3415298461914,-2.869340419769287,28,-87.82191467285156,-3.1364970207214355,28,-72.4449234008789,-2.5873186588287354,28,-89.99606323242188,-1.9148098230361938,47,-68.84101867675781,-2.4586079120635986,28,-79.48506164550781,-2.838752269744873,28,592
-69.78868865966797,-2.4065065383911133,29,-68.91814422607422,-2.3764877319335938,29,-52.74721145629883,-1.8188693523406982,29,-47.00398254394531,-1.740888237953186,27,-86.37380981445312,-2.978407144546509,29,-61.784080505371094,-2.1304855346679688,29,593
-72.07134246826172,-2.001981735229492,36,-101.91885375976562,-2.8310792446136475,36,-92.3653793334961,-2.5657050609588623,36,-80.86048889160156,-2.450317859649658,33,-103.23833465576172,-2.8677315711975098,36,-92.68378448486328,-2.574549674987793,36,594
-77.63388061523438,-2.5877959728240967,30,-113.43524169921875,-3.781174659729004,30,-112.52334594726562,-3.7507781982421875,30,-105.36355590820312,-3.010387420654297,35,-122.66065216064453,-4.088688373565674,30,-118.09791564941406,-3.9365971088409424,30,595
-92.51753234863281,-3.1902596950531006,29,-107.62251281738281,-3.711121082305908,29,-78.6355972290039,-2.7115724086761475,29,-102.01444244384766,-2.7571470737457275,37,-107.35877227783203,-3.702026605606079,29,-98.88728332519531,-3.4099063873291016,29,596
-70.0918197631836,-2.8036727905273438,25,-52.67315673828125,-2.106926202774048,25,-38.82270812988281,-1.5529083013534546,25,-37.69718933105469,-1.2160383462905884,31,-68.25665283203125,-2.7302660942077637,25,-56.4891357421875,-2.2595653533935547,25,597
-90.23104858398438,-3.4704248905181885,26,-76.68907928466797,-2.949579954147339,26,-67.19829559326172,-2.584549903869629,26,-64.98452758789062,-2.2408456802368164,29,-74.23031616210938,-2.8550121784210205,26,-66.9422378540039,-2.5747015476226807,26,598
-70.17936706542969,-2.50640606880188,28,-74.8676528930664,-2.673844814300537,28,-75.67750549316406,-2.702768087387085,28,-82.31069946289062,-2.2246134281158447,37,-76.36898803710938,-2.727463960647583,28,-74.59927368164062,-2.664259672164917,28,599
-63.05375671386719,-1.5763438940048218,40,-99.62211608886719,-2.4905529022216797,40,-96.86614990234375,-2.4216537475585938,40,-92.3102798461914,-2.42921781539917,38,-97.47608947753906,-2.4369022846221924,40,-98.19184875488281,-2.454796314239502,40,600
-122.9112319946289,-3.511749505996704,35,-108.99409484863281,-3.114116907119751,35,-103.60702514648438,-2.960200786590576,35,-106.75038146972656,-2.271284818649292,47,-117.00194549560547,-3.3429126739501953,35,-98.89649963378906,-2.8256142139434814,35,601
-42.39360809326172,-1.695744276046753,25,-56.15878677368164,-2.246351480484009,25,-40.60456085205078,-1.6241824626922607,25,-21.907197952270508,-0.9524868726730347,23,-63.949127197265625,-2.557965040206909,25,-35.28974914550781,-1.4115899801254272,25,602
-81.6339340209961,-1.7746506929397583,46,-113.0294189453125,-2.4571611881256104,46,-111.03781127929688,-2.413865566253662,46,-80.03495025634766,-2.163106679916382,37,-128.72238159179688,-2.7983126640319824,46,-114.69354248046875,-2.493337869644165,46,603
-95.82362365722656,-2.0831222534179688,46,-116.08521270751953,-2.5235915184020996,46,-102.7643051147461,-2.234006643295288,46,-99.86820983886719,-2.2697319984436035,44,-109.74241638183594,-2.385704755783081,46,-99.47772216796875,-2.1625592708587646,46,604
-70.12213134765625,-2.0034894943237305,35,-92.51805114746094,-2.6433727741241455,35,-92.38732147216797,-2.6396377086639404,35,-83.71347045898438,-2.886671304702759,29,-94.67304992675781,-2.704944372177124,35,-101.52122497558594,-2.900606393814087,35,605
-28.972869873046875,-0.9990645051002502,29,-78.57710266113281,-2.709555149078369,29,-73.4334487915039,-2.5321879386901855,29,-50.90631866455078,-1.1838679313659668,43,-91.2992935180664,-3.148251533508301,29,-75.64033508300781,-2.6082873344421387,29,606
-84.5584487915039,-1.9217829704284668,44,-111.57048797607422,-2.5356929302215576,44,-84.52300262451172,-1.9209773540496826,44,-81.14515686035156,-1.8032257556915283,45,-113.04423522949219,-2.5691871643066406,44,-86.6043472290039,-1.9682806730270386,44,607
-121.13447570800781,-3.1877493858337402,38,-144.37667846679688,-3.7993862628936768,38,-132.7198486328125,-3.4926276206970215,38,-120.99172973632812,-3.6664161682128906,33,-130.61309814453125,-3.4371867179870605,38,-136.12525939941406,-3.5822436809539795,38,608
-147.8189697265625,-3.1450843811035156,47,-125.9438247680664,-2.6796557903289795,47,-118.0959701538086,-2.5126802921295166,47,-102.05233764648438,-2.319371223449707,44,-133.411376953125,-2.8385398387908936,47,-115.09471893310547,-2.4488236904144287,47,609
-70.20907592773438,-1.8476072549819946,38,-95.92594146728516,-2.524366855621338,38,-86.20951843261719,-2.2686715126037598,38,-122.36099243164062,-2.4971630573272705,49,-96.32362365722656,-2.534832239151001,38,-88.13432312011719,-2.319324254989624,38,610
-51.65869903564453,-0.9934365153312683,52,-89.42198944091797,-1.719653606414795,52,-82.01206970214844,-1.5771552324295044,52,-25.52528190612793,-0.5936111807823181,43,-92.45089721679688,-1.7779018878936768,52,-80.08344268798828,-1.5400662422180176,52,611
-132.52378845214844,-3.2322874069213867,41,-114.15784454345703,-2.7843377590179443,41,-99.31085205078125,-2.4222159385681152,41,-90.91443634033203,-2.3924851417541504,38,-126.5512466430664,-3.086615800857544,41,-108.5871353149414,-2.6484668254852295,41,612
-117.9634780883789,-3.574650764465332,33,-93.67252349853516,-2.8385612964630127,33,-66.06038665771484,-2.0018298625946045,33,-90.42550659179688,-2.1529881954193115,42,-93.71382904052734,-2.839812994003296,33,-78.4664535522461,-2.3777713775634766,33,613
-116.15208435058594,-2.7655258178710938,42,-158.9112091064453,-3.783600330352783,42,-144.21820068359375,-3.4337666034698486,42,-114.44276428222656,-3.691702127456665,31,-146.18582153320312,-3.4806149005889893,42,-138.36001586914062,-3.294286012649536,42,614
-32.47599792480469,-0.9021110534667969,36,-110.6036376953125,-3.0723233222961426,36,-96.72254943847656,-2.686737537384033,36,-78.92814636230469,-2.6309382915496826,30,-103.36257934570312,-2.871182680130005,36,-106.19847869873047,-2.949957847595215,36,615
-78.55087280273438,-2.0671281814575195,38,-106.63563537597656,-2.8062009811401367,38,-96.70054626464844,-2.5447511672973633,38,-106.87386322021484,-2.4289515018463135,44,-114.54119873046875,-3.014242172241211,38,-89.84571838378906,-2.364361047744751,38,616
-66.11290740966797,-2.1326744556427,31,-111.66510009765625,-3.602099895477295,31,-99.10076904296875,-3.1967990398406982,31,-97.06163787841797,-3.1310205459594727,31,-129.63717651367188,-4.181844234466553,31,-100.92172241210938,-3.2555394172668457,31,617
-39.71851348876953,-1.588740587234497,25,-58.06608963012695,-2.322643518447876,25,-52.94683837890625,-2.117873430252075,25,-69.55225372314453,-2.1076440811157227,33,-65.14222717285156,-2.60568904876709,25,-40.217872619628906,-1.6087149381637573,25,618
-49.94059753417969,-1.2180633544921875,41,-114.07173156738281,-2.7822372913360596,41,-102.98236083984375,-2.5117650032043457,41,-104.968505859375,-2.4992501735687256,42,-125.62336730957031,-3.0639846324920654,41,-107.00874328613281,-2.6099693775177,41,619
-135.45281982421875,-3.762578248977661,36,-110.85626983642578,-3.079340934753418,36,-102.56906127929688,-2.8491406440734863,36,-112.15718078613281,-2.803929567337036,40,-104.57963562011719,-2.9049899578094482,36,-99.32186126708984,-2.7589406967163086,36,620
-60.74168014526367,-1.4125971794128418,43,-59.09721374511719,-1.3743537664413452,43,-53.005859375,-1.232694387435913,43,-55.83717346191406,-1.1880249977111816,47,-70.7012939453125,-1.6442161798477173,43,-52.1041259765625,-1.211723804473877,43,621
-108.50187683105469,-2.782099485397339,39,-126.64262390136719,-3.247246742248535,39,-87.53079223632812,-2.2443792819976807,39,-50.76396560668945,-1.637547254562378,31,-141.75704956054688,-3.634796142578125,39,-78.14414978027344,-2.0036962032318115,39,622
-52.49430847167969,-1.1169002056121826,47,-73.717529296875,-1.568458080291748,47,-91.0404052734375,-1.9370299577713013,47,-84.72120666503906,-1.7650251388549805,48,-77.22499084472656,-1.6430848836898804,47,-87.09954833984375,-1.8531818389892578,47,623
-105.62137603759766,-2.6405344009399414,40,-72.73403930664062,-1.8183510303497314,40,-79.55348205566406,-1.9888370037078857,40,-66.96743774414062,-1.8099308013916016,37,-74.21349334716797,-1.855337381362915,40,-79.81422424316406,-1.9953556060791016,40,624
-126.52757263183594,-2.582195281982422,49,-135.36874389648438,-2.762627363204956,49,-122.98472595214844,-2.509892463684082,49,-86.60769653320312,-2.886923313140869,30,-128.07077026367188,-2.6136891841888428,49,-142.44036865234375,-2.9069461822509766,49,625
-107.77619934082031,-3.1698882579803467,34,-98.94773864746094,-2.9102275371551514,34,-72.63837432861328,-2.136422872543335,34,-46.8117561340332,-1.7337687015533447,27,-101.4208984375,-2.9829676151275635,34,-70.5325927734375,-2.0744879245758057,34,626
-202.03213500976562,-2.463806629180908,82,-191.8988494873047,-2.3402299880981445,82,-190.04046630859375,-2.3175666332244873,82,-53.17835998535156,-1.6114654541015625,33,-186.91213989257812,-2.27941632270813,82,-181.68336486816406,-2.215650796890259,82,627
-104.33938598632812,-2.6084847450256348,40,-203.60720825195312,-5.090180397033691,40,-234.69276428222656,-5.867319107055664,40,-279.89447021484375,-5.831134796142578,48,-196.5146484375,-4.912866115570068,40,-229.5993194580078,-5.739983081817627,40,628
-58.59556579589844,-1.5836639404296875,37,-143.26522827148438,-3.87203311920166,37,-140.9207763671875,-3.8086695671081543,37,-126.69387817382812,-3.959183692932129,32,-147.7257843017578,-3.992588758468628,37,-140.66650390625,-3.801797389984131,37,629
-68.93431091308594,-2.7573723793029785,25,-107.00482177734375,-4.280192852020264,25,-74.29031372070312,-2.9716124534606934,25,-88.97037506103516,-3.295199155807495,27,-92.83301544189453,-3.713320732116699,25,-88.15795135498047,-3.526318073272705,25,630
-65.06507110595703,-2.0988733768463135,31,-61.500709533691406,-1.983893871307373,31,-64.02859497070312,-2.0654385089874268,31,-47.93612289428711,-1.4526097774505615,33,-61.32576370239258,-1.9782503843307495,31,-59.18679428100586,-1.9092514514923096,31,631
-40.635807037353516,-1.401234745979309,29,-53.97882080078125,-1.8613386154174805,29,-83.17784881591797,-2.868201732635498,29,-115.53936004638672,-2.888484001159668,40,-64.1916732788086,-2.213505983352661,29,-86.98906707763672,-2.9996230602264404,29,632
-25.826614379882812,-0.7596063017845154,34,-60.448638916015625,-1.7779011726379395,34,-54.46971130371094,-1.6020503044128418,34,-46.811492919921875,-1.3003191947937012,36,-58.85254669189453,-1.730957269668579,34,-56.00157165527344,-1.647105097770691,34,633
-94.8725814819336,-2.1082797050476074,45,-122.36956787109375,-2.7193236351013184,45,-115.08528900146484,-2.557450771331787,45,-125.95658111572266,-2.79903507232666,45,-129.0321502685547,-2.8673810958862305,45,-121.77078247070312,-2.70601749420166,45,634
-59.043087005615234,-1.4760771989822388,40,-75.72679901123047,-1.8931699991226196,40,-82.82926940917969,-2.0707316398620605,40,-100.31060791015625,-2.2797865867614746,44,-93.65740966796875,-2.341435194015503,40,-104.93365478515625,-2.6233413219451904,40,635
-73.09518432617188,-2.0884337425231934,35,-78.73028564453125,-2.249436616897583,35,-91.93034362792969,-2.6265811920166016,35,-99.6876220703125,-2.3735148906707764,42,-81.84510040283203,-2.3384313583374023,35,-90.95394897460938,-2.598684310913086,35,636
-70.01100158691406,-1.4585624933242798,48,-129.92501831054688,-2.7067711353302,48,-70.93848419189453,-1.477885127067566,48,-54.590553283691406,-1.2131234407424927,45,-124.5183334350586,-2.5941319465637207,48,-77.59925842285156,-1.616651177406311,48,637
-52.17766571044922,-2.6088833808898926,20,-44.02417755126953,-2.2012088298797607,20,-52.47636795043945,-2.6238183975219727,20,-37.48606872558594,-2.08255934715271,18,-48.59001922607422,-2.4295010566711426,20,-55.546871185302734,-2.777343511581421,20,638
-80.47846221923828,-2.299384593963623,35,-83.14868927001953,-2.3756768703460693,35,-62.994598388671875,-1.7998456954956055,35,-62.05824661254883,-1.6331117153167725,38,-84.536865234375,-2.4153389930725098,35,-49.20709991455078,-1.4059171676635742,35,639
-84.19711303710938,-1.913570761680603,44,-74.09259033203125,-1.683922529220581,44,-79.44525909423828,-1.8055740594863892,44,-73.67761993408203,-1.7542290687561035,42,-86.06967163085938,-1.9561289548873901,44,-78.14798736572266,-1.7760906219482422,44,640
-65.43592834472656,-1.7219980955123901,38,-116.20580291748047,-3.0580475330352783,38,-92.64746856689453,-2.438091278076172,38,-57.80934143066406,-1.9934256076812744,29,-123.77133178710938,-3.2571403980255127,38,-98.86251831054688,-2.6016452312469482,38,641
-78.8187255859375,-2.2519636154174805,35,-83.76678466796875,-2.393336772918701,35,-80.14356994628906,-2.289816379547119,35,-68.60195922851562,-2.5408132076263428,27,-88.94285583496094,-2.541224479675293,35,-88.83881378173828,-2.5382518768310547,35,642
-77.382080078125,-1.8424304723739624,42,-110.80657958984375,-2.638251781463623,42,-118.17591857910156,-2.8137123584747314,42,-66.14215087890625,-2.449709177017212,27,-129.99526977539062,-3.095125436782837,42,-116.41786193847656,-2.7718539237976074,42,643
-87.66841125488281,-2.9222803115844727,30,-89.67143249511719,-2.9890477657318115,30,-80.2697525024414,-2.6756584644317627,30,-84.27670288085938,-1.793121337890625,47,-83.36082458496094,-2.7786941528320312,30,-80.62842559814453,-2.6876142024993896,30,644
-125.31834411621094,-2.6663477420806885,47,-125.35821533203125,-2.667196035385132,47,-83.19247436523438,-1.7700526714324951,47,-70.71900177001953,-1.6072500944137573,44,-120.39274597167969,-2.5615477561950684,47,-77.8692855834961,-1.6567933559417725,47,645
-78.90520477294922,-2.391066789627075,33,-92.8175048828125,-2.8126516342163086,33,-81.79039001464844,-2.478496551513672,33,-66.08959197998047,-2.6435837745666504,25,-95.28221893310547,-2.8873400688171387,33,-85.56166076660156,-2.5927774906158447,33,646
-118.30848693847656,-3.286346912384033,36,-92.10968017578125,-2.5586023330688477,36,-77.89082336425781,-2.1636340618133545,36,-79.24626922607422,-1.8868159055709839,42,-92.25904846191406,-2.562751293182373,36,-84.90839385986328,-2.3585665225982666,36,647
-48.171470642089844,-1.204286813735962,40,-65.29908752441406,-1.6324771642684937,40,-55.56511306762695,-1.3891278505325317,40,-55.7197265625,-1.3929932117462158,40,-72.62220001220703,-1.8155549764633179,40,-58.38179016113281,-1.4595447778701782,40,648
-75.35258483886719,-2.0931272506713867,36,-76.64588928222656,-2.1290524005889893,36,-68.76557922363281,-1.910154938697815,36,-72.67855072021484,-1.9125934839248657,38,-81.76428985595703,-2.2712302207946777,36,-76.59571838378906,-2.1276588439941406,36,649
-90.29637145996094,-2.5798962116241455,35,-94.56576538085938,-2.7018790245056152,35,-84.90097045898438,-2.4257419109344482,35,-81.26714324951172,-3.0098941326141357,27,-100.34721374511719,-2.867063283920288,35,-97.65631866455078,-2.7901804447174072,35,650
-81.908203125,-2.2137351036071777,37,-143.58743286132812,-3.8807413578033447,37,-140.95574951171875,-3.809614896774292,37,-111.64037322998047,-3.9871561527252197,28,-160.39923095703125,-4.335114479064941,37,-145.05270385742188,-3.9203433990478516,37,651
-72.12733459472656,-2.253979206085205,32,-95.5106430053711,-2.9847075939178467,32,-64.78738403320312,-2.0246057510375977,32,-27.406362533569336,-1.0540908575057983,26,-93.72517395019531,-2.9289116859436035,32,-74.07704162597656,-2.3149075508117676,32,652
-95.89180755615234,-2.0402512550354004,47,-113.09674072265625,-2.40631365776062,47,-109.67900085449219,-2.3335957527160645,47,-72.38966369628906,-2.3351504802703857,31,-117.51078796386719,-2.500229597091675,47,-115.74189758300781,-2.4625935554504395,47,653
-63.06532287597656,-3.153266191482544,20,-72.40985870361328,-3.620492935180664,20,-56.37848663330078,-2.8189244270324707,20,-119.2462158203125,-2.2499287128448486,53,-65.605712890625,-3.280285596847534,20,-60.59294128417969,-3.0296471118927,20,654
-116.31515502929688,-3.7521016597747803,31,-74.15274047851562,-2.392023801803589,31,-87.85462951660156,-2.8340203762054443,31,-66.42656707763672,-2.8881115913391113,23,-75.851806640625,-2.4468324184417725,31,-90.5345687866211,-2.9204699993133545,31,655
-84.20295715332031,-2.4057986736297607,35,-104.83645629882812,-2.9953272342681885,35,-94.83322143554688,-2.7095205783843994,35,-99.77777862548828,-2.7716050148010254,36,-111.98284912109375,-3.199509859085083,35,-91.3590087890625,-2.610257387161255,35,656
-169.623291015625,-3.76940655708313,45,-116.31761932373047,-2.584836006164551,45,-92.78581237792969,-2.0619070529937744,45,-91.56692504882812,-1.907644271850586,48,-131.46978759765625,-2.921550750732422,45,-81.23573303222656,-1.8052384853363037,45,657
-59.03335189819336,-2.1083340644836426,28,-69.33148193359375,-2.4761242866516113,28,-73.0189208984375,-2.607818603515625,28,-44.117637634277344,-2.100839853286743,21,-79.22221374511719,-2.829364776611328,28,-83.17471313476562,-2.9705255031585693,28,658
-70.32569122314453,-2.1310815811157227,33,-82.70423889160156,-2.5061891078948975,33,-74.58554077148438,-2.2601678371429443,33,-64.01753997802734,-2.2075014114379883,29,-81.2070541381836,-2.460819721221924,33,-80.35785675048828,-2.435086488723755,33,659
-76.26911926269531,-2.7238972187042236,28,-84.6727523803711,-3.024026870727539,28,-76.7712173461914,-2.7418291568756104,28,-73.03044128417969,-2.5182909965515137,29,-92.44095611572266,-3.3014626502990723,28,-82.7711181640625,-2.956111431121826,28,660
-73.22987365722656,-2.7122175693511963,27,-75.21662902832031,-2.7858011722564697,27,-67.95339965820312,-2.5167925357818604,27,-72.44345092773438,-2.263857841491699,32,-70.45259094238281,-2.6093552112579346,27,-69.41289520263672,-2.570847988128662,27,661
-36.88666915893555,-1.7565081119537354,21,-82.4720458984375,-3.9272403717041016,21,-72.77737426757812,-3.4655892848968506,21,-59.76023864746094,-2.134294271469116,28,-90.58029174804688,-4.313347339630127,21,-70.59021759033203,-3.3614389896392822,21,662
-72.2763442993164,-1.7208653688430786,42,-92.22083282470703,-2.1957340240478516,42,-73.29743957519531,-1.745177149772644,42,-77.49784851074219,-1.7221744060516357,45,-88.45758056640625,-2.106132984161377,42,-74.70394134521484,-1.77866530418396,42,663
-76.7283706665039,-2.557612419128418,30,-74.67933654785156,-2.4893112182617188,30,-82.92884063720703,-2.7642946243286133,30,-98.74188995361328,-2.8211967945098877,35,-78.80270385742188,-2.6267569065093994,30,-74.80848693847656,-2.4936163425445557,30,664
-78.70326232910156,-2.459476947784424,32,-69.4023666381836,-2.1688239574432373,32,-58.286373138427734,-1.8214491605758667,32,-100.55854797363281,-2.3942511081695557,42,-86.25884246826172,-2.6955888271331787,32,-77.45411682128906,-2.420441150665283,32,665
-45.340641021728516,-1.3335483074188232,34,-102.3408203125,-3.010024070739746,34,-80.8207015991211,-2.377079486846924,34,-78.39473724365234,-2.375598192214966,33,-105.79452514648438,-3.1116037368774414,34,-82.27801513671875,-2.4199416637420654,34,666
-77.03350830078125,-1.834131121635437,42,-140.83953857421875,-3.3533222675323486,42,-153.58135986328125,-3.6566989421844482,42,-70.86251831054688,-3.9368066787719727,18,-148.7276153564453,-3.5411336421966553,42,-146.33560180664062,-3.4841809272766113,42,667
-85.27991485595703,-2.3688864707946777,36,-85.17473602294922,-2.365964889526367,36,-70.38326263427734,-1.9550906419754028,36,-74.11426544189453,-2.058729648590088,36,-83.90204620361328,-2.3306124210357666,36,-75.88758087158203,-2.1079883575439453,36,668
-108.83694458007812,-2.3156797885894775,47,-143.25299072265625,-3.047935962677002,47,-133.55020141601562,-2.841493606567383,47,-98.01806640625,-2.57942271232605,38,-143.81031799316406,-3.0597939491271973,47,-129.54736328125,-2.756326913833618,47,669
-89.48283386230469,-3.314178943634033,27,-94.73501586914062,-3.50870418548584,27,-71.67620849609375,-2.6546742916107178,27,-74.32688903808594,-1.6158019304275513,46,-104.38594055175781,-3.8661458492279053,27,-80.64661407470703,-2.9869115352630615,27,670
-107.76337432861328,-2.835878372192383,38,-97.39912414550781,-2.5631349086761475,38,-105.73429107666016,-2.7824814319610596,38,-108.57154846191406,-2.41270112991333,45,-106.4957275390625,-2.8025190830230713,38,-114.14308166503906,-3.003765344619751,38,671
-82.65752410888672,-2.1751980781555176,38,-103.13441467285156,-2.7140636444091797,38,-80.27129364013672,-2.1124024391174316,38,-78.71670532226562,-2.186575174331665,36,-111.52127838134766,-2.9347705841064453,38,-89.542724609375,-2.3563873767852783,38,672
-33.509002685546875,-1.4569131135940552,23,-57.71990203857422,-2.509561061859131,23,-62.93682098388672,-2.7363834381103516,23,-110.53512573242188,-2.45633602142334,45,-67.34996032714844,-2.9282591342926025,23,-65.40422821044922,-2.8436620235443115,23,673
-143.63299560546875,-3.1918444633483887,45,-151.7255401611328,-3.371678590774536,45,-109.83750915527344,-2.440833568572998,45,-111.4507064819336,-2.532970666885376,44,-140.57278442382812,-3.1238396167755127,45,-113.24957275390625,-2.5166571140289307,45,674
-152.9251708984375,-3.475572109222412,44,-116.39918518066406,-2.6454360485076904,44,-117.53431701660156,-2.671234369277954,44,-57.94618225097656,-2.414424180984497,24,-123.67971801757812,-2.8109025955200195,44,-119.33853149414062,-2.7122392654418945,44,675
-80.67525482177734,-1.9208394289016724,42,-109.02310943603516,-2.5957882404327393,42,-95.60964965820312,-2.2764201164245605,42,-98.83539581298828,-2.3532238006591797,42,-121.7396240234375,-2.898562431335449,42,-100.76007843017578,-2.3990495204925537,42,676
-80.01737976074219,-2.1057205200195312,38,-114.2047119140625,-3.0053870677948,38,-101.7642822265625,-2.6780073642730713,38,-90.1177978515625,-2.730842351913452,33,-134.260498046875,-3.5331709384918213,38,-117.73591613769531,-3.098313570022583,38,677
-78.639404296875,-2.016395092010498,39,-104.10688781738281,-2.669407367706299,39,-102.48347473144531,-2.627781391143799,39,-92.6107177734375,-2.20501708984375,42,-121.53633117675781,-3.116316080093384,39,-120.34088897705078,-3.0856637954711914,39,678
-57.243499755859375,-1.846564531326294,31,-91.65707397460938,-2.9566798210144043,31,-81.21166229248047,-2.6197309494018555,31,-88.57543182373047,-2.4604287147521973,36,-99.94436645507812,-3.2240118980407715,31,-88.63690185546875,-2.859254837036133,31,679
-171.22201538085938,-3.4943268299102783,49,-143.5674591064453,-2.929948091506958,49,-112.55667877197266,-2.297075033187866,49,-82.10134887695312,-2.1605618000030518,38,-146.85646057128906,-2.997070550918579,49,-111.97189331054688,-2.2851407527923584,49,680
-39.33320236206055,-0.9593464136123657,41,-79.6982650756836,-1.9438601732254028,41,-85.1265869140625,-2.0762581825256348,41,-61.147735595703125,-2.1085426807403564,29,-72.72633361816406,-1.773813009262085,41,-76.65242004394531,-1.8695712089538574,41,681
-15.598075866699219,-0.6781772375106812,23,-46.15424346923828,-2.0067062377929688,23,-64.40560913085938,-2.800243854522705,23,-49.21397018432617,-1.822739601135254,27,-51.71255874633789,-2.2483720779418945,23,-52.90184020996094,-2.3000800609588623,23,682
-40.426918029785156,-0.986022412776947,41,-64.94219970703125,-1.5839561223983765,41,-82.49986267089844,-2.0121917724609375,41,-40.20833969116211,-1.2970432043075562,31,-101.31190490722656,-2.471022129058838,41,-86.38980865478516,-2.1070685386657715,41,683
-66.86725616455078,-1.4859390258789062,45,-93.65353393554688,-2.0811896324157715,45,-100.12208557128906,-2.224935293197632,45,-48.580406188964844,-2.024183511734009,24,-110.09423828125,-2.4465386867523193,45,-115.85848999023438,-2.5746331214904785,45,684
-68.36958312988281,-1.6278471946716309,42,-101.23036193847656,-2.4102466106414795,42,-108.60932159423828,-2.5859363079071045,42,-112.61127471923828,-2.3460681438446045,48,-81.32238006591797,-1.9362471103668213,42,-111.5562744140625,-2.656101703643799,42,685
-65.08295440673828,-2.0338423252105713,32,-87.82687377929688,-2.7445898056030273,32,-64.28899383544922,-2.009031057357788,32,-65.8316879272461,-1.8809053897857666,35,-90.74417114257812,-2.8357553482055664,32,-71.107177734375,-2.2220993041992188,32,686
-32.47410583496094,-0.902058482170105,36,-101.44697570800781,-2.8179714679718018,36,-100.60963439941406,-2.7947120666503906,36,-89.42288970947266,-1.902614712715149,47,-109.94061279296875,-3.053905963897705,36,-103.0709228515625,-2.863081216812134,36,687
-176.08035278320312,-3.7463905811309814,47,-181.35702514648438,-3.8586602210998535,47,-161.08889770507812,-3.4274232387542725,47,-98.70600891113281,-3.2902002334594727,30,-190.74806213378906,-4.058469295501709,47,-158.7169189453125,-3.37695574760437,47,688
-60.40983581542969,-2.0830976963043213,29,-70.31509399414062,-2.4246582984924316,29,-69.69461059570312,-2.4032623767852783,29,-69.20155334472656,-2.306718349456787,30,-72.43147277832031,-2.4976370334625244,29,-67.78278350830078,-2.3373372554779053,29,689
-103.95867919921875,-2.3626973628997803,44,-108.12792205810547,-2.4574527740478516,44,-82.58590698242188,-1.8769524097442627,44,-74.4361572265625,-1.772289514541626,42,-104.82869720458984,-2.3824703693389893,44,-84.3732681274414,-1.9175742864608765,44,690
-84.1507568359375,-2.2144935131073,38,-122.5742416381836,-3.225637912750244,38,-121.86068725585938,-3.206860303878784,38,-123.61032104492188,-3.433619976043701,36,-128.6671905517578,-3.3859786987304688,38,-113.24990844726562,-2.9802608489990234,38,691
-110.62299346923828,-2.836487054824829,39,-105.24821472167969,-2.69867205619812,39,-103.24945068359375,-2.6474218368530273,39,-99.9577865600586,-2.2717678546905518,44,-107.39381408691406,-2.753687620162964,39,-105.0555191040039,-2.6937313079833984,39,692
-78.24620056152344,-3.0094692707061768,26,-58.98550796508789,-2.2686734199523926,26,-60.28057861328125,-2.318483829498291,26,-55.954105377197266,-2.4327871799468994,23,-66.83109283447266,-2.5704267024993896,26,-58.274688720703125,-2.2413341999053955,26,693
-39.669368743896484,-1.469235897064209,27,-81.14167022705078,-3.005247116088867,27,-85.269775390625,-3.158139944076538,27,-142.61477661132812,-2.690844774246216,53,-85.72520446777344,-3.1750075817108154,27,-94.30947875976562,-3.49294376373291,27,694
-60.41008758544922,-1.4048857688903809,43,-108.37201690673828,-2.5202794075012207,43,-101.106201171875,-2.351306915283203,43,-67.33849334716797,-2.1722095012664795,31,-110.27906799316406,-2.564629554748535,43,-110.61136627197266,-2.572357416152954,43,695
-50.14600372314453,-1.4748824834823608,34,-81.65383911132812,-2.401583433151245,34,-83.24282836914062,-2.4483184814453125,34,-89.31165313720703,-2.5517616271972656,35,-97.35916900634766,-2.8635048866271973,34,-102.29850769042969,-3.008779525756836,34,696
-93.7223892211914,-2.9288246631622314,32,-90.66778564453125,-2.8333683013916016,32,-82.06869506835938,-2.5646467208862305,32,-70.53063201904297,-2.3510210514068604,30,-93.07524108886719,-2.9086012840270996,32,-80.34481048583984,-2.510775327682495,32,697
-51.45698928833008,-1.3541313409805298,38,-104.32258605957031,-2.745331287384033,38,-69.1134262084961,-1.8187743425369263,38,-26.437389373779297,-1.4687438011169434,18,-108.69279479980469,-2.8603367805480957,38,-85.64179229736328,-2.2537314891815186,38,698
-117.63951110839844,-3.016397714614868,39,-95.58039093017578,-2.4507791996002197,39,-97.17930603027344,-2.491777181625366,39,-19.617063522338867,-1.089836835861206,18,-120.1309585571289,-3.0802810192108154,39,-106.00534057617188,-2.718085765838623,39,699
-58.446319580078125,-1.5380610227584839,38,-71.65304565429688,-1.8856064081192017,38,-64.56320190429688,-1.6990315914154053,38,-66.78949737548828,-1.5532441139221191,43,-76.54754638671875,-2.014409065246582,38,-79.14183807373047,-2.0826799869537354,38,700
-100.0956802368164,-2.175992965698242,46,-126.20381927490234,-2.743561267852783,46,-125.01736450195312,-2.717768907546997,46,-73.97103881835938,-2.5507254600524902,29,-148.19012451171875,-3.221524477005005,46,-149.21524047851562,-3.243809461593628,46,701
-83.93904113769531,-2.6230950355529785,32,-89.74526977539062,-2.804539680480957,32,-65.649658203125,-2.0515518188476562,32,-64.28738403320312,-1.8908053636550903,34,-90.42304229736328,-2.8257200717926025,32,-65.72947692871094,-2.054046154022217,32,702
-126.93087768554688,-3.3402862548828125,38,-143.00253295898438,-3.7632246017456055,38,-154.18016052246094,-4.057372570037842,38,-129.04095458984375,-4.60860538482666,28,-128.725341796875,-3.3875091075897217,38,-160.3663330078125,-4.2201666831970215,38,703
-88.33485412597656,-3.046029567718506,29,-124.57616424560547,-4.295729637145996,29,-114.0929183959961,-3.9342386722564697,29,-153.35321044921875,-3.8338303565979004,40,-117.11145782470703,-4.038326263427734,29,-115.40428924560547,-3.9794583320617676,29,704
-97.76024627685547,-2.793149948120117,35,-93.79762268066406,-2.679932117462158,35,-83.43319702148438,-2.383805513381958,35,-89.5836410522461,-2.4884345531463623,36,-96.89928436279297,-2.7685508728027344,35,-92.20608520507812,-2.6344594955444336,35,705
-31.658668518066406,-1.3764638900756836,23,-63.38200759887695,-2.755739450454712,23,-73.61622619628906,-3.2007055282592773,23,-107.92237091064453,-2.916820764541626,37,-70.07176208496094,-3.046598434448242,23,-81.6572036743164,-3.5503132343292236,23,706
-53.033348083496094,-1.3956143856048584,38,-88.17985534667969,-2.3205225467681885,38,-72.83648681640625,-1.9167495965957642,38,-52.52817916870117,-1.5917630195617676,33,-88.79922485351562,-2.3368217945098877,38,-83.69940185546875,-2.202615737915039,38,707
-98.34934997558594,-2.731926441192627,36,-88.4065933227539,-2.4557387828826904,36,-67.31349182128906,-1.869819164276123,36,-45.697025299072266,-1.5232341289520264,30,-95.31732177734375,-2.6477034091949463,36,-64.68817138671875,-1.79689359664917,36,708
-87.08087158203125,-1.852784514427185,47,-149.05575561523438,-3.1713991165161133,47,-132.87249755859375,-2.8270745277404785,47,-88.34284973144531,-2.9447617530822754,30,-148.89926147460938,-3.168069362640381,47,-137.7108612060547,-2.930018424987793,47,709
-49.129905700683594,-2.233177423477173,22,-69.91154479980469,-3.177797555923462,22,-89.67556762695312,-4.076162338256836,22,-87.5628890991211,-2.5753791332244873,34,-67.40229797363281,-3.0637407302856445,22,-83.86014556884766,-3.8118247985839844,22,710
-44.55122375488281,-1.0607434511184692,42,-67.81758117675781,-1.6147043704986572,42,-63.00487518310547,-1.5001161098480225,42,-40.10869216918945,-1.0027172565460205,40,-84.84532165527344,-2.0201268196105957,42,-78.3397216796875,-1.8652315139770508,42,711
-79.760986328125,-2.2788853645324707,35,-108.07454681396484,-3.087844133377075,35,-83.2859115600586,-2.3795974254608154,35,-77.41705322265625,-2.092352867126465,37,-86.53704833984375,-2.472487211227417,35,-69.51786041259766,-1.9862245321273804,35,712
-51.967857360839844,-1.1548413038253784,45,-112.368896484375,-2.497086524963379,45,-116.51388549804688,-2.5891973972320557,45,-40.821468353271484,-1.570056438446045,26,-115.22007751464844,-2.560446262359619,45,-106.80799102783203,-2.3735108375549316,45,713
-58.037879943847656,-1.7587236166000366,33,-98.07929992675781,-2.972100019454956,33,-90.52920532226562,-2.743309259414673,33,-78.20636749267578,-3.1282546520233154,25,-100.93299865722656,-3.0585756301879883,33,-98.65333557128906,-2.989495038986206,33,714
-88.32467651367188,-2.0073790550231934,44,-134.93634033203125,-3.066735029220581,44,-137.04580688476562,-3.1146774291992188,44,-104.14775848388672,-2.892993211746216,36,-138.95860290527344,-3.1581499576568604,44,-144.34925842285156,-3.2806649208068848,44,715
-89.15032958984375,-2.622068405151367,34,-103.92898559570312,-3.056734800338745,34,-66.59152221679688,-1.9585741758346558,34,-83.70036315917969,-1.2681872844696045,66,-89.17140197753906,-2.6226882934570312,34,-62.68709945678711,-1.8437381982803345,34,716
-99.37400817871094,-3.205613136291504,31,-87.18898010253906,-2.8125476837158203,31,-91.11666870117188,-2.9392473697662354,31,-83.70357513427734,-2.790119171142578,30,-86.22132873535156,-2.7813332080841064,31,-69.33509826660156,-2.2366161346435547,31,717
-71.83245086669922,-2.1127190589904785,34,-87.22320556640625,-2.5653884410858154,34,-86.47838592529297,-2.5434818267822266,34,-84.5296630859375,-2.113241672515869,40,-93.9491958618164,-2.763211727142334,34,-71.69219207763672,-2.1085939407348633,34,718
-103.91238403320312,-2.6644201278686523,39,-117.20040130615234,-3.005138397216797,39,-124.6174545288086,-3.195319414138794,39,-93.57347106933594,-2.835559844970703,33,-102.48947143554688,-2.6279351711273193,39,-111.7567367553711,-2.8655574321746826,39,719
-54.48996353149414,-1.9460700750350952,28,-60.6427116394043,-2.165811061859131,28,-53.0872802734375,-1.8959742784500122,28,-66.87030029296875,-2.0263726711273193,33,-71.48463439941406,-2.553022623062134,28,-51.90557098388672,-1.85377037525177,28,720
-73.25499725341797,-2.219848394393921,33,-131.71185302734375,-3.9912681579589844,33,-140.03524780273438,-4.243492126464844,33,-167.0604248046875,-3.712453842163086,45,-137.72055053710938,-4.173349857330322,33,-137.66036987304688,-4.1715264320373535,33,721
-121.037841796875,-2.689729928970337,45,-156.44467163085938,-3.476548194885254,45,-139.93844604492188,-3.109743356704712,45,-130.04006958007812,-3.422106981277466,38,-156.53396606445312,-3.478532552719116,45,-140.3692626953125,-3.119317054748535,45,722
-58.10073471069336,-1.4170911312103271,41,-92.70204162597656,-2.2610254287719727,41,-85.85913848876953,-2.094125270843506,41,-63.038475036621094,-1.8010993003845215,35,-82.87245178222656,-2.0212793350219727,41,-73.19194030761719,-1.785169243812561,41,723
-63.817970275878906,-1.5954492092132568,40,-78.75074768066406,-1.9687687158584595,40,-89.79693603515625,-2.2449233531951904,40,-72.21002197265625,-2.005833864212036,36,-89.22792053222656,-2.2306981086730957,40,-99.99008178710938,-2.4997520446777344,40,724
-50.070831298828125,-1.564713478088379,32,-50.112491607666016,-1.566015362739563,32,-42.23242950439453,-1.319763422012329,32,-34.11916732788086,-1.176522970199585,29,-57.38337326049805,-1.793230414390564,32,-46.56306457519531,-1.4550957679748535,32,725
-80.59282684326172,-2.442206859588623,33,-89.43836975097656,-2.7102537155151367,33,-78.70318603515625,-2.3849449157714844,33,-87.82228088378906,-2.744446277618408,32,-107.86000061035156,-3.2684848308563232,33,-91.91658782958984,-2.785351037979126,33,726
-116.50654602050781,-2.4272196292877197,48,-111.44062042236328,-2.3216795921325684,48,-114.01657104492188,-2.375345230102539,48,-74.03787994384766,-2.243572235107422,33,-121.26176452636719,-2.5262868404388428,48,-111.97335052490234,-2.332778215408325,48,727
-66.41366577148438,-1.3836179971694946,48,-132.00990295410156,-2.750206232070923,48,-128.36830139160156,-2.674339532852173,48,-69.05793762207031,-2.227675437927246,31,-142.5331268310547,-2.969440221786499,48,-139.73953247070312,-2.911240339279175,48,728
-72.5298080444336,-1.6484047174453735,44,-64.61677551269531,-1.4685630798339844,44,-76.37701416015625,-1.7358412742614746,44,-64.01213073730469,-1.5240983963012695,42,-82.79376220703125,-1.881676435470581,44,-76.44989013671875,-1.7374974489212036,44,729
-61.7396125793457,-1.714989185333252,36,-108.61053466796875,-3.0169591903686523,36,-102.79464721679688,-2.8554067611694336,36,-68.67457580566406,-2.5435028076171875,27,-99.6547622680664,-2.7681877613067627,36,-98.241455078125,-2.728929281234741,36,730
-89.79936981201172,-1.870820164680481,48,-107.166748046875,-2.232640504837036,48,-96.30724334716797,-2.0064008235931396,48,-65.2884750366211,-1.8135687112808228,36,-139.36965942382812,-2.9035346508026123,48,-113.7095947265625,-2.3689498901367188,48,731
-52.74409484863281,-1.425516128540039,37,-60.856842041015625,-1.6447795629501343,37,-76.64337158203125,-2.0714423656463623,37,-80.15757751464844,-1.864129662513733,43,-76.53681182861328,-2.0685625076293945,37,-83.87975311279297,-2.2670204639434814,37,732
-75.16767883300781,-1.8791919946670532,40,-120.8072280883789,-3.0201807022094727,40,-129.92796325683594,-3.248198986053467,40,-122.8323745727539,-3.412010431289673,36,-126.12567901611328,-3.153141975402832,40,-129.474609375,-3.236865282058716,40,733
-69.22406005859375,-1.472852349281311,47,-96.01205444335938,-2.0428097248077393,47,-86.44502258300781,-1.8392558097839355,47,-57.57425308227539,-1.2794278860092163,45,-98.32642364501953,-2.0920515060424805,47,-91.15763854980469,-1.9395241737365723,47,734
-74.92961120605469,-2.140846014022827,35,-101.34952545166016,-2.895700693130493,35,-98.11783599853516,-2.8033666610717773,35,-49.833045959472656,-2.6227920055389404,19,-105.92870330810547,-3.02653431892395,35,-86.43107604980469,-2.469459295272827,35,735
-69.45709228515625,-2.67142653465271,26,-76.502197265625,-2.942392110824585,26,-57.545753479003906,-2.2132983207702637,26,-61.92470932006836,-2.064157009124756,30,-79.44509887695312,-3.0555806159973145,26,-63.874412536621094,-2.4567081928253174,26,736
-72.61270904541016,-2.689359664916992,27,-78.69513702392578,-2.9146347045898438,27,-74.95716094970703,-2.776191234588623,27,-68.73428344726562,-2.4547958374023438,28,-83.54718780517578,-3.0943403244018555,27,-77.50970458984375,-2.870729684829712,27,737
-61.14589309692383,-2.183781862258911,28,-60.298683166503906,-2.153524398803711,28,-54.384117126464844,-1.94228994846344,28,-48.682861328125,-1.872417688369751,26,-73.16653442382812,-2.6130905151367188,28,-64.29219055175781,-2.296149730682373,28,738
-98.2331314086914,-2.135502815246582,46,-119.04373168945312,-2.587907314300537,46,-112.94493103027344,-2.455324649810791,46,-62.87544250488281,-1.699336290359497,37,-128.1441192626953,-2.7857418060302734,46,-120.20079040527344,-2.613060712814331,46,739
-105.96575164794922,-3.311429738998413,32,-77.38487243652344,-2.4182772636413574,32,-76.13916015625,-2.3793487548828125,32,-59.43122863769531,-1.9810409545898438,30,-82.39942932128906,-2.574982166290283,32,-74.39227294921875,-2.324758529663086,32,740
-52.24217987060547,-1.741405963897705,30,-59.77165222167969,-1.992388367652893,30,-58.84840393066406,-1.961613416671753,30,-50.771278381347656,-1.637783169746399,31,-56.91204833984375,-1.8970682621002197,30,-55.95365905761719,-1.8651219606399536,30,741
-125.79698181152344,-2.4666075706481934,51,-161.4762420654297,-3.166200876235962,51,-140.37008666992188,-2.752354621887207,51,-55.48918151855469,-2.134199380874634,26,-144.49908447265625,-2.833315372467041,51,-108.60124969482422,-2.1294362545013428,51,742
-52.673187255859375,-1.6991350650787354,31,-83.75599670410156,-2.7018063068389893,31,-80.20149230957031,-2.5871448516845703,31,-73.20005798339844,-2.524139881134033,29,-88.39031982421875,-2.8513007164001465,31,-80.99362182617188,-2.6126973628997803,31,743
-68.6917495727539,-1.6355178356170654,42,-110.99591827392578,-2.6427600383758545,42,-114.74601745605469,-2.7320480346679688,42,-64.61404418945312,-2.153801441192627,30,-112.77120971679688,-2.6850287914276123,42,-118.34858703613281,-2.8178234100341797,42,744
-76.51625061035156,-1.7003611326217651,45,-130.42723083496094,-2.8983829021453857,45,-123.7022476196289,-2.748938798904419,45,-63.250755310058594,-2.342620611190796,27,-154.0615234375,-3.4235894680023193,45,-151.00350952148438,-3.355633497238159,45,745
-142.55091857910156,-3.3940694332122803,42,-130.21185302734375,-3.1002821922302246,42,-104.43878173828125,-2.486637592315674,42,-81.65796661376953,-2.33308482170105,35,-151.0744171142578,-3.5970098972320557,42,-114.07604217529297,-2.7160961627960205,42,746
-47.74208068847656,-1.7682251930236816,27,-67.95372772216797,-2.5168046951293945,27,-66.70404052734375,-2.47052001953125,27,-49.38124465942383,-1.8992786407470703,26,-74.19773864746094,-2.7480642795562744,27,-74.68709564208984,-2.766188621520996,27,747
-95.89366912841797,-2.1309704780578613,45,-117.85630798339844,-2.6190290451049805,45,-101.43759155273438,-2.254168748855591,45,-84.13308715820312,-2.273867130279541,37,-111.11703491210938,-2.4692673683166504,45,-115.92842102050781,-2.5761871337890625,45,748
-41.654380798339844,-0.9055300354957581,46,-78.73165893554688,-1.7115577459335327,46,-61.434295654296875,-1.3355281352996826,46,-67.61181640625,-1.3798329830169678,49,-84.68278503417969,-1.8409301042556763,46,-65.03656005859375,-1.413838267326355,46,749
-95.71047973632812,-2.2788209915161133,42,-137.5982666015625,-3.276149272918701,42,-113.44060516357422,-2.7009668350219727,42,-86.93406677246094,-2.556884288787842,34,-118.81953430175781,-2.8290364742279053,42,-108.12762451171875,-2.574467182159424,42,750
-24.836198806762695,-0.5644590854644775,44,-108.97834777832031,-2.476780652999878,44,-112.85456848144531,-2.5648765563964844,44,-118.80231475830078,-2.5826590061187744,46,-119.41062927246094,-2.7138779163360596,44,-117.63752746582031,-2.6735801696777344,44,751
-69.02770233154297,-1.5006022453308105,46,-111.58106231689453,-2.4256751537323,46,-130.6678924560547,-2.840606451034546,46,-90.77589416503906,-3.362070083618164,27,-123.00617980957031,-2.6740474700927734,46,-131.5638427734375,-2.86008358001709,46,752
-56.670711517333984,-1.4530951976776123,39,-93.61663818359375,-2.4004266262054443,39,-89.53954315185547,-2.2958858013153076,39,-96.08590698242188,-2.0888240337371826,46,-96.32611846923828,-2.469900369644165,39,-95.49742889404297,-2.4486520290374756,39,753
-82.82889556884766,-2.1238179206848145,39,-110.76499938964844,-2.840128183364868,39,-109.65315246582031,-2.811619281768799,39,-118.20707702636719,-2.955176830291748,40,-133.48779296875,-3.4227638244628906,39,-121.88528442382812,-3.1252636909484863,39,754
-125.71371459960938,-2.7329068183898926,46,-109.31359100341797,-2.376382350921631,46,-128.23513793945312,-2.7877204418182373,46,-64.16026306152344,-2.1386754512786865,30,-111.5140151977539,-2.424217700958252,46,-133.68553161621094,-2.906207323074341,46,755
-81.58238220214844,-1.9898141622543335,41,-104.89927673339844,-2.558518886566162,41,-93.4736328125,-2.2798447608947754,41,-102.80055236816406,-2.635911703109741,39,-100.44068908691406,-2.449772834777832,41,-98.77691650390625,-2.4091930389404297,41,756
-62.126983642578125,-2.823953866958618,22,-84.10088348388672,-3.822767496109009,22,-73.84468841552734,-3.356576681137085,22,-73.34741973876953,-3.056142568588257,24,-74.79965209960938,-3.399984121322632,22,-76.49800872802734,-3.477182149887085,22,757
-49.67771530151367,-1.5524286031723022,32,-72.34872436523438,-2.260897636413574,32,-69.31877136230469,-2.1662116050720215,32,-42.91309356689453,-1.8657866716384888,23,-80.95657348632812,-2.529892921447754,32,-65.17060089111328,-2.03658127784729,32,758
-61.33628845214844,-1.6577374935150146,37,-79.16136932373047,-2.1394965648651123,37,-94.41561126708984,-2.5517733097076416,37,-58.83235168457031,-2.0287017822265625,29,-88.70491027832031,-2.397429943084717,37,-91.80287170410156,-2.48115873336792,37,759
-43.856483459472656,-1.6243141889572144,27,-79.27169799804688,-2.9359889030456543,27,-79.44486999511719,-2.9424026012420654,27,-68.65202331542969,-1.8554600477218628,37,-71.82987976074219,-2.6603658199310303,27,-79.47018432617188,-2.9433400630950928,27,760
-63.913856506347656,-1.8798192739486694,34,-189.6814422607422,-5.578866004943848,34,-212.92620849609375,-6.262535572052002,34,-275.35430908203125,-5.736547946929932,48,-178.13851928710938,-5.239368438720703,34,-206.31784057617188,-6.068171977996826,34,761
-109.52481079101562,-3.04235577583313,36,-113.77323913574219,-3.160367727279663,36,-85.84449768066406,-2.3845694065093994,36,-48.3626708984375,-1.7912100553512573,27,-120.00375366210938,-3.33343768119812,36,-78.5197525024414,-2.1811041831970215,36,762
-78.85543823242188,-2.920571804046631,27,-86.20686340332031,-3.1928467750549316,27,-69.5062026977539,-2.5743038654327393,27,-72.33187103271484,-1.854663372039795,39,-81.23939514160156,-3.008866548538208,27,-78.48944091796875,-2.9070162773132324,27,763
-53.40058135986328,-1.2714424133300781,42,-41.04747009277344,-0.9773207306861877,42,-43.650901794433594,-1.0393072366714478,42,-18.193817138671875,-0.4665081202983856,39,-59.164947509765625,-1.408689260482788,42,-49.02033615112305,-1.167150855064392,42,764
-98.3582534790039,-3.3916640281677246,29,-167.6092071533203,-5.779627799987793,29,-215.3644561767578,-7.426360607147217,29,-288.9403381347656,-6.420896530151367,45,-194.31590270996094,-6.70054817199707,29,-204.24887084960938,-7.043064594268799,29,765
-67.35447692871094,-1.4330739974975586,47,-106.54300689697266,-2.2668724060058594,47,-130.8775177001953,-2.78462815284729,47,-82.10519409179688,-2.5657873153686523,32,-129.3407440185547,-2.7519307136535645,47,-145.4224853515625,-3.094095468521118,47,766
-43.27973175048828,-0.9208453297615051,47,-78.62882995605469,-1.6729538440704346,47,-71.10332489013672,-1.5128366947174072,47,-64.3849105834961,-1.3413523435592651,48,-90.07542419433594,-1.9164984226226807,47,-104.9585952758789,-2.233161687850952,47,767
-44.54508590698242,-1.142181634902954,39,-87.65333557128906,-2.24752140045166,39,-86.46524047851562,-2.217057466506958,39,-56.523563385009766,-2.3551485538482666,24,-83.43017578125,-2.139235258102417,39,-87.72468566894531,-2.2493510246276855,39,768
-88.82763671875,-2.960921287536621,30,-71.22415161132812,-2.374138355255127,30,-59.9470100402832,-1.998233675956726,30,-63.69596862792969,-2.05470871925354,31,-70.11304473876953,-2.337101459503174,30,-58.489051818847656,-1.9496350288391113,30,769
-86.40805053710938,-1.9201788902282715,45,-101.65414428710938,-2.2589809894561768,45,-81.1778335571289,-1.8039518594741821,45,-61.44952392578125,-1.5756288766860962,39,-114.33268737792969,-2.54072642326355,45,-94.50909423828125,-2.1002020835876465,45,770
-64.18169403076172,-2.0056779384613037,32,-99.11686706542969,-3.0974020957946777,32,-91.54203033447266,-2.8606884479522705,32,-83.68550109863281,-2.9887678623199463,28,-88.4531478881836,-2.7641608715057373,32,-97.15673828125,-3.0361480712890625,32,771
-127.91363525390625,-2.974735736846924,43,-158.67825317382812,-3.6901919841766357,43,-133.54632568359375,-3.1057283878326416,43,-128.2564239501953,-3.772247791290283,34,-150.3517303466797,-3.496551752090454,43,-131.63528442382812,-3.0612857341766357,43,772
-94.580322265625,-2.7022948265075684,35,-112.612548828125,-3.217501401901245,35,-111.1387710571289,-3.1753933429718018,35,-93.51985168457031,-3.117328405380249,30,-123.53689575195312,-3.529625654220581,35,-121.12114715576172,-3.460604190826416,35,773
-93.53385162353516,-3.741353988647461,25,-77.12651824951172,-3.0850608348846436,25,-80.07377624511719,-3.202950954437256,25,-110.88632202148438,-2.640150547027588,42,-88.48406982421875,-3.539362907409668,25,-90.3232421875,-3.612929582595825,25,774
-84.38330078125,-1.7579854726791382,48,-111.05390167236328,-2.3136229515075684,48,-107.57101440429688,-2.241062879562378,48,-83.2499771118164,-2.522726535797119,33,-106.60702514648438,-2.220979690551758,48,-109.74504089355469,-2.2863550186157227,48,775
-99.26187133789062,-3.201995849609375,31,-75.36164093017578,-2.431020736694336,31,-46.4985466003418,-1.4999531507492065,31,-41.3868293762207,-1.379560947418213,30,-96.36521911621094,-3.108555555343628,31,-51.51324462890625,-1.6617175340652466,31,776
-95.14373016357422,-3.280818223953247,29,-96.36550903320312,-3.322948694229126,29,-67.02345275878906,-2.3111536502838135,29,-76.6212158203125,-2.2535650730133057,34,-87.63995361328125,-3.0220673084259033,29,-71.52587890625,-2.466409683227539,29,777
-72.30203247070312,-1.6067118644714355,45,-111.67269897460938,-2.4816155433654785,45,-107.39181518554688,-2.3864848613739014,45,-113.35392761230469,-2.6361379623413086,43,-128.5950469970703,-2.8576676845550537,45,-112.92436981201172,-2.509430408477783,45,778
-62.47706985473633,-1.644133448600769,38,-75.86599731445312,-1.9964736700057983,38,-90.43191528320312,-2.3797872066497803,38,-76.48051452636719,-1.6995669603347778,45,-87.35685729980469,-2.2988646030426025,38,-98.90951538085938,-2.602881908416748,38,779
-82.95945739746094,-2.1831436157226562,38,-86.46082305908203,-2.275284767150879,38,-85.85576629638672,-2.25936222076416,38,-108.50265502929688,-2.41117000579834,45,-90.03694152832031,-2.3693931102752686,38,-90.17882537841797,-2.373126983642578,38,780
-67.20006561279297,-2.4000022411346436,28,-63.33338165283203,-2.261906385421753,28,-59.04018020629883,-2.1085779666900635,28,-40.919273376464844,-1.7790988683700562,23,-78.87686920166016,-2.817031145095825,28,-55.05709457397461,-1.966324806213379,28,781
-95.2578125,-2.164950370788574,44,-284.4102478027344,-6.463869094848633,44,-281.6454162597656,-6.401031970977783,44,-292.22454833984375,-6.4938788414001465,45,-266.4682312011719,-6.056096076965332,44,-285.099365234375,-6.4795308113098145,44,782
-105.80450439453125,-2.7129359245300293,39,-115.71517944335938,-2.9670557975769043,39,-83.03932189941406,-2.129213333129883,39,-68.45001220703125,-2.2816669940948486,30,-114.18603515625,-2.927847146987915,39,-94.48591613769531,-2.422715902328491,39,783
-83.79052734375,-2.7029201984405518,31,-86.32472229003906,-2.784668445587158,31,-75.92933654785156,-2.449333429336548,31,-32.595123291015625,-1.7155327796936035,19,-71.52132415771484,-2.3071393966674805,31,-72.41702270507812,-2.3360331058502197,31,784
-89.1452865600586,-2.2286322116851807,40,-199.3861846923828,-4.984654426574707,40,-242.1772003173828,-6.05443000793457,40,-261.34161376953125,-5.939582347869873,44,-191.06797790527344,-4.776699542999268,40,-236.0736541748047,-5.901841163635254,40,785
-57.871116638183594,-2.1433746814727783,27,-82.69235229492188,-3.0626797676086426,27,-72.52108001708984,-2.6859660148620605,27,-79.36337280273438,-1.9356920719146729,41,-77.28715515136719,-2.862487316131592,27,-72.18998718261719,-2.673703193664551,27,786
-69.9747085571289,-1.9437419176101685,36,-90.82893371582031,-2.5230259895324707,36,-74.35574340820312,-2.0654373168945312,36,-71.93962097167969,-1.8931479454040527,38,-93.95851135253906,-2.6099586486816406,36,-67.50819396972656,-1.8752275705337524,36,787
-50.83018112182617,-1.6396832466125488,31,-83.98631286621094,-2.709235906600952,31,-76.07354736328125,-2.4539854526519775,31,-131.97052001953125,-2.030315637588501,65,-76.29985046386719,-2.4612855911254883,31,-74.30877685546875,-2.397057294845581,31,788
-84.10676574707031,-2.403050422668457,35,-97.01942443847656,-2.7719836235046387,35,-81.54893493652344,-2.329969644546509,35,-76.31040954589844,-2.312436580657959,33,-78.7247085571289,-2.249277353286743,35,-78.0926513671875,-2.2312185764312744,35,789
-68.42440795898438,-2.4437289237976074,28,-65.45333099365234,-2.3376190662384033,28,-63.905677795410156,-2.2823455333709717,28,-61.664642333984375,-1.761846899986267,35,-80.61820220947266,-2.8792214393615723,28,-67.9376220703125,-2.4263436794281006,28,790
-34.08855438232422,-1.0996308326721191,31,-56.19477844238281,-1.812734842300415,31,-34.792030334472656,-1.1223235130310059,31,-29.777729034423828,-0.9605718851089478,31,-59.68376922607422,-1.9252828359603882,31,-43.77296447753906,-1.4120310544967651,31,791
-107.22956085205078,-2.281480073928833,47,-130.67457580566406,-2.7803101539611816,47,-128.33200073242188,-2.7304680347442627,47,-75.81939697265625,-2.614461898803711,29,-135.12672424316406,-2.8750367164611816,47,-146.43251037597656,-3.1155853271484375,47,792
-100.08644104003906,-2.3830103874206543,42,-135.3340301513672,-3.222238779067993,42,-121.57266998291016,-2.894587278366089,42,-75.48258209228516,-2.5160861015319824,30,-143.08053588867188,-3.406679391860962,42,-110.01408386230469,-2.619382858276367,42,793
-46.46922302246094,-1.659615159034729,28,-75.95654296875,-2.712733745574951,28,-54.23919677734375,-1.9371141195297241,28,-54.13996124267578,-1.5468560457229614,35,-86.81275939941406,-3.1004557609558105,28,-56.451637268066406,-2.016129970550537,28,794
-55.60475158691406,-1.6849924325942993,33,-124.56784057617188,-3.774783134460449,33,-130.8379669189453,-3.9647867679595947,33,-138.80934143066406,-2.95339035987854,47,-113.05567169189453,-3.425929546356201,33,-124.09862518310547,-3.7605643272399902,33,795
-115.95182800292969,-3.051363945007324,38,-93.26034545898438,-2.4542195796966553,38,-97.70553588867188,-2.5711982250213623,38,-95.60577392578125,-2.172858476638794,44,-105.23574829101562,-2.769361734390259,38,-104.86894989013672,-2.759709119796753,38,796
-68.79277038574219,-2.5478804111480713,27,-78.50811767578125,-2.907708168029785,27,-88.83834838867188,-3.290309190750122,27,-103.11044311523438,-2.713432788848877,38,-86.77732849121094,-3.213975191116333,27,-94.77180480957031,-3.5100667476654053,27,797
-89.89105224609375,-2.090489625930786,43,-102.44212341308594,-2.3823750019073486,43,-73.56285858154297,-1.7107641696929932,43,-62.53321075439453,-1.3304938077926636,47,-106.3682632446289,-2.4736804962158203,43,-86.27023315429688,-2.006284475326538,43,798
-71.25367736816406,-1.3971309661865234,51,-109.12879943847656,-2.139780282974243,51,-128.5709228515625,-2.520998477935791,51,-53.13898849487305,-2.656949520111084,20,-129.37673950195312,-2.5367987155914307,51,-146.5133514404297,-2.8728108406066895,51,799
-97.52516174316406,-2.1672258377075195,45,-120.52333068847656,-2.6782963275909424,45,-131.5548553466797,-2.923441171646118,45,-100.61578369140625,-2.874736785888672,35,-124.47246551513672,-2.76605486869812,45,-138.30111694335938,-3.0733580589294434,45,800
-66.15983581542969,-1.6964060068130493,39,-137.2850341796875,-3.5201289653778076,39,-138.43045043945312,-3.5494987964630127,39,-112.84671020507812,-3.64021635055542,31,-150.42022705078125,-3.856928825378418,39,-141.6549072265625,-3.6321771144866943,39,801
-75.92802429199219,-2.9203085899353027,26,-68.9224624633789,-2.6508638858795166,26,-60.359230041503906,-2.3215088844299316,26,-49.59408950805664,-1.54981529712677,32,-67.08511352539062,-2.5801966190338135,26,-60.213443756103516,-2.315901756286621,26,802
-81.71940612792969,-1.6677429676055908,49,-166.98178100585938,-3.4077913761138916,49,-135.56307983398438,-2.7665934562683105,49,-83.36184692382812,-2.3817670345306396,35,-154.7699432373047,-3.1585702896118164,49,-116.56267547607422,-2.3788301944732666,49,803
-42.9221305847168,-1.0468811988830566,41,-89.75997161865234,-2.189267635345459,41,-96.840576171875,-2.3619651794433594,41,-16.11236000061035,-0.8480189442634583,19,-119.52153015136719,-2.915159225463867,41,-111.56282043457031,-2.7210443019866943,41,804
-27.861995697021484,-0.9287331700325012,30,-49.20476531982422,-1.6401588916778564,30,-56.02704620361328,-1.8675682544708252,30,-49.912113189697266,-1.3489760160446167,37,-64.19524383544922,-2.1398415565490723,30,-63.31293487548828,-2.11043119430542,30,805
-42.132362365722656,-1.5604578256607056,27,-145.05987548828125,-5.372588157653809,27,-182.0609893798828,-6.74299955368042,27,-268.086669921875,-5.8279709815979,46,-157.96099853515625,-5.850407123565674,27,-170.26617431640625,-6.306154727935791,27,806
-57.783477783203125,-1.9925336837768555,29,-80.06390380859375,-2.760824203491211,29,-72.45570373535156,-2.4984724521636963,29,-45.09138870239258,-2.2545695304870605,20,-75.53421020507812,-2.604627847671509,29,-85.57418060302734,-2.950833797454834,29,807
-93.49533081054688,-1.989262342453003,47,-133.1668243408203,-2.833336591720581,47,-102.66815948486328,-2.1844289302825928,47,-56.97596740722656,-1.78049898147583,32,-135.19496154785156,-2.876488447189331,47,-111.68301391601562,-2.376234292984009,47,808
-74.69096374511719,-1.7783563137054443,42,-80.40614318847656,-1.9144319295883179,42,-65.33619689941406,-1.5556237697601318,42,-77.79254150390625,-1.852203369140625,42,-96.01868438720703,-2.286159038543701,42,-76.73823547363281,-1.8271008729934692,42,809
-76.7830810546875,-1.5670017004013062,49,-163.5792999267578,-3.338353157043457,49,-176.796630859375,-3.6080944538116455,49,-110.02235412597656,-3.3340108394622803,33,-174.97654724121094,-3.5709500312805176,49,-182.73678588867188,-3.7293221950531006,49,810
-63.13976287841797,-2.104658842086792,30,-113.90779113769531,-3.796926259994507,30,-89.75679016113281,-2.9918930530548096,30,-87.58984375,-3.2440683841705322,27,-107.55292510986328,-3.585097551345825,30,-104.905517578125,-3.4968504905700684,30,811
-78.72071838378906,-1.874302864074707,42,-92.54989624023438,-2.203568935394287,42,-87.41720581054688,-2.081362009048462,42,-74.06668090820312,-2.178431749343872,34,-106.49348449707031,-2.5355591773986816,42,-100.81208801269531,-2.4002878665924072,42,812
-56.78874588012695,-2.5813066959381104,22,-83.422607421875,-3.7919366359710693,22,-62.93946838378906,-2.86088490486145,22,-56.37872314453125,-2.562669277191162,22,-85.8323974609375,-3.901472568511963,22,-62.61729431152344,-2.846240758895874,22,813
-124.64923095703125,-2.4441025257110596,51,-109.62992858886719,-2.149606466293335,51,-130.29293823242188,-2.5547635555267334,51,-40.72779846191406,-1.357593297958374,30,-116.06446075439453,-2.275773763656616,51,-113.03941345214844,-2.216459035873413,51,814
-71.2386474609375,-1.6190601587295532,44,-105.39527893066406,-2.3953473567962646,44,-90.98213195800781,-2.0677757263183594,44,-71.8672103881836,-2.0533487796783447,35,-115.5112075805664,-2.6252546310424805,44,-101.11014556884766,-2.2979578971862793,44,815
-76.1739501953125,-2.3804359436035156,32,-93.99319458007812,-2.9372873306274414,32,-106.80947875976562,-3.337796211242676,32,-84.9827880859375,-1.931427001953125,44,-101.12407684326172,-3.1601274013519287,32,-111.09060668945312,-3.47158145904541,32,816
-95.18228149414062,-3.2821476459503174,29,-100.01663208007812,-3.4488494396209717,29,-97.23867797851562,-3.353057861328125,29,-102.8348388671875,-3.1162071228027344,33,-99.84478759765625,-3.4429237842559814,29,-103.49870300292969,-3.568920850753784,29,817
-48.03428268432617,-1.5494929552078247,31,-78.42427062988281,-2.529815196990967,31,-83.59306335449219,-2.6965503692626953,31,-72.53575897216797,-2.789836883544922,26,-79.79283142089844,-2.5739622116088867,31,-83.10322570800781,-2.6807491779327393,31,818
-37.60746383666992,-1.3431236743927002,28,-69.12614440917969,-2.4687907695770264,28,-60.32357406616211,-2.1544134616851807,28,-63.61219024658203,-2.12040638923645,30,-74.09774780273438,-2.646348237991333,28,-70.8423080444336,-2.5300824642181396,28,819
-75.70066833496094,-2.2264902591705322,34,-104.74967956542969,-3.0808730125427246,34,-74.56655883789062,-2.193134069442749,34,-68.81957244873047,-2.2199862003326416,31,-102.33448791503906,-3.0098378658294678,34,-77.52851867675781,-2.2802505493164062,34,820
-72.41450500488281,-2.1943788528442383,33,-169.0743408203125,-5.123465061187744,33,-215.01718139648438,-6.515672206878662,33,-286.388916015625,-6.364198207855225,45,-179.5194091796875,-5.439981937408447,33,-215.611572265625,-6.533683776855469,33,821
-70.21302795410156,-2.006086587905884,35,-88.25692749023438,-2.5216264724731445,35,-82.8873062133789,-2.368208646774292,35,-71.13609313964844,-2.294712781906128,31,-102.06765747070312,-2.9162187576293945,35,-102.18931579589844,-2.919694662094116,35,822
-187.59329223632812,-4.575446128845215,41,-239.72103881835938,-5.8468546867370605,41,-260.07293701171875,-6.343242168426514,41,-297.8805236816406,-6.619567394256592,45,-250.20181274414062,-6.10248327255249,41,-261.5548095703125,-6.379385471343994,41,823
-61.59761428833008,-1.4666098356246948,42,-101.57383728027344,-2.418424606323242,42,-89.01046752929688,-2.1192967891693115,42,-47.58538055419922,-1.5350122451782227,31,-113.05833435058594,-2.6918652057647705,42,-101.95915985107422,-2.4275989532470703,42,824
-24.891359329223633,-1.310071587562561,19,-87.6243667602539,-4.611808776855469,19,-76.44059753417969,-4.023189544677734,19,-92.2818603515625,-3.076061964035034,30,-92.12872314453125,-4.848880290985107,19,-77.49430084228516,-4.078647613525391,19,825
-84.59629821777344,-2.063324451446533,41,-141.13829040527344,-3.442397356033325,41,-145.62359619140625,-3.55179500579834,41,-153.8134765625,-3.418077230453491,45,-133.712646484375,-3.261284112930298,41,-148.80877685546875,-3.6294822692871094,41,826
-111.30572509765625,-2.4734606742858887,45,-88.74392700195312,-1.9720872640609741,45,-103.31280517578125,-2.29584002494812,45,-61.465553283691406,-1.9207985401153564,32,-90.6822738647461,-2.0151617527008057,45,-88.58234405517578,-1.968496561050415,45,827
-42.95317459106445,-0.7280198931694031,59,-52.44182586669922,-0.8888444900512695,59,-64.1907958984375,-1.0879795551300049,59,-40.147193908691406,-0.6804609298706055,59,-83.02131652832031,-1.4071409702301025,59,-77.8749771118164,-1.3199148178100586,59,828
-74.4291000366211,-2.0674750804901123,36,-89.05461120605469,-2.4737391471862793,36,-94.30704498291016,-2.6196401119232178,36,-92.53309631347656,-2.056291103363037,45,-94.00009155273438,-2.6111135482788086,36,-95.83818054199219,-2.6621716022491455,36,829
-141.38900756835938,-2.480508804321289,57,-203.1540985107422,-3.5641069412231445,57,-188.3894500732422,-3.3050780296325684,57,-75.4296875,-3.9699835777282715,19,-221.16897583007812,-3.880157470703125,57,-201.73812866210938,-3.5392653942108154,57,830
-119.39630126953125,-2.776658058166504,43,-144.3011016845703,-3.355839490890503,43,-128.09381103515625,-2.978925943374634,43,-74.74222564697266,-2.8747010231018066,26,-156.54977416992188,-3.6406924724578857,43,-124.84346008300781,-2.9033362865448,43,831
-105.4083480834961,-2.342407703399658,45,-146.99765014648438,-3.2666144371032715,45,-142.33775329589844,-3.1630611419677734,45,-113.39678955078125,-3.0647780895233154,37,-153.37774658203125,-3.4083943367004395,45,-150.98135375976562,-3.3551411628723145,45,832
-129.3922119140625,-3.15590763092041,41,-118.31494140625,-2.885730266571045,41,-101.38069152832031,-2.4726998805999756,41,-58.20097351074219,-2.2384989261627197,26,-118.690673828125,-2.894894599914551,41,-104.35592651367188,-2.5452663898468018,41,833
-77.98408508300781,-1.7723655700683594,44,-79.03731536865234,-1.7963026762008667,44,-71.65283203125,-1.6284734010696411,44,-50.03570556640625,-1.1119046211242676,45,-99.82878112792969,-2.26883602142334,44,-74.04182434082031,-1.682768702507019,44,834
-108.18523406982422,-2.4587552547454834,44,-126.48627471923828,-2.874688148498535,44,-141.21261596679688,-3.2093775272369385,44,-72.89564514160156,-2.6034159660339355,28,-153.15525817871094,-3.4808013439178467,44,-159.37945556640625,-3.622260332107544,44,835
-119.7134017944336,-3.74104380607605,32,-87.79408264160156,-2.743565082550049,32,-99.7219467163086,-3.1163108348846436,32,-71.05697631835938,-2.7329607009887695,26,-91.07339477539062,-2.846043586730957,32,-100.45858764648438,-3.1393308639526367,32,836
-69.87464141845703,-1.9964183568954468,35,-94.93537902832031,-2.7124392986297607,35,-79.70905303955078,-2.2774014472961426,35,-84.02426147460938,-2.211164712905884,38,-84.84242248535156,-2.4240691661834717,35,-90.04936981201172,-2.5728390216827393,35,837
-69.96595764160156,-1.7939989566802979,39,-99.6496810913086,-2.5551199913024902,39,-109.04298400878906,-2.795974016189575,39,-116.50367736816406,-3.328676462173462,35,-130.22946166992188,-3.339216947555542,39,-138.33750915527344,-3.5471155643463135,39,838
-121.46163177490234,-2.584290027618408,47,-123.67744445800781,-2.631434917449951,47,-122.59099578857422,-2.608319044113159,47,-88.21379089355469,-3.1504924297332764,28,-142.20870971679688,-3.025717258453369,47,-152.1712646484375,-3.2376863956451416,47,839
-89.85731506347656,-2.2464327812194824,40,-91.05609130859375,-2.276402235031128,40,-90.96702575683594,-2.2741756439208984,40,-83.14696502685547,-2.309638023376465,36,-105.76484680175781,-2.6441211700439453,40,-104.27067565917969,-2.606766939163208,40,840
-98.74518585205078,-2.146634578704834,46,-123.41357421875,-2.68290376663208,46,-122.82862854003906,-2.670187473297119,46,-83.61883544921875,-2.3891096115112305,35,-148.7394256591797,-3.2334656715393066,46,-137.87771606445312,-2.9973416328430176,46,841
-112.95235443115234,-2.6893417835235596,42,-83.44110107421875,-1.9866929054260254,42,-85.27749633789062,-2.030416488647461,42,-77.33541870117188,-1.9333854913711548,40,-102.9327392578125,-2.450779438018799,42,-116.70357513427734,-2.778656482696533,42,842
-110.02899932861328,-3.334212064743042,33,-86.36399841308594,-2.617090940475464,33,-65.92301940917969,-1.9976673126220703,33,-69.61651611328125,-1.697963833808899,41,-89.09129333496094,-2.6997361183166504,33,-82.46354675292969,-2.4988954067230225,33,843
-12.596366882324219,-0.37048137187957764,34,-94.62287902832031,-2.7830257415771484,34,-87.10501098632812,-2.5619120597839355,34,-69.345947265625,-2.8894145488739014,24,-101.5051498413086,-2.985445499420166,34,-94.20687866210938,-2.7707905769348145,34,844
-38.98257064819336,-0.7643641233444214,51,-91.7547378540039,-1.7991125583648682,51,-68.96556854248047,-1.3522660732269287,51,-38.657379150390625,-0.8785768151283264,44,-94.01033020019531,-1.8433398008346558,51,-76.75655364990234,-1.5050305128097534,51,845
-93.35052490234375,-1.9051127433776855,49,-113.70250701904297,-2.3204593658447266,49,-112.12442016601562,-2.2882535457611084,49,-56.536537170410156,-1.9495357275009155,29,-142.07752990722656,-2.8995413780212402,49,-147.43759155273438,-3.0089304447174072,49,846
-84.67349243164062,-2.5658633708953857,33,-90.29411315917969,-2.736185312271118,33,-79.69447326660156,-2.4149839878082275,33,-81.96418762207031,-2.2152483463287354,37,-99.81533813476562,-3.024707317352295,33,-84.2068099975586,-2.5517215728759766,33,847
-74.31436157226562,-1.6889628171920776,44,-82.74536895751953,-1.8805766105651855,44,-61.4498176574707,-1.3965867757797241,44,-63.746524810791016,-1.4824773073196411,43,-83.27278137207031,-1.8925632238388062,44,-86.38562774658203,-1.9633097648620605,44,848
-77.42671203613281,-1.6473768949508667,47,-119.87849426269531,-2.5506062507629395,47,-123.33407592773438,-2.624129295349121,47,-63.23623275756836,-2.258436918258667,28,-131.41970825195312,-2.796164035797119,47,-131.23724365234375,-2.7922818660736084,47,849
-126.64266204833984,-3.42277455329895,37,-122.644775390625,-3.3147237300872803,37,-109.43186950683594,-2.957617998123169,37,-113.00144958496094,-2.973722457885742,38,-149.17578125,-4.031777858734131,37,-133.7594757080078,-3.6151208877563477,37,850
-72.05618286132812,-1.470534324645996,49,-85.52323913574219,-1.7453721761703491,49,-71.80879974365234,-1.465485692024231,49,-73.63755798339844,-1.443873643875122,51,-102.46955108642578,-2.0912153720855713,49,-95.63693237304688,-1.9517741203308105,49,851
-111.01905822753906,-2.581838607788086,43,-125.19950866699219,-2.911616563796997,43,-115.14628601074219,-2.6778206825256348,43,-77.05868530273438,-2.4857640266418457,31,-117.72896575927734,-2.7378828525543213,43,-112.04681396484375,-2.6057398319244385,43,852
-97.17741394042969,-2.37018084526062,41,-70.04733276367188,-1.7084715366363525,41,-75.44847106933594,-1.8402066230773926,41,-55.29528045654297,-1.2567108869552612,44,-95.65492248535156,-2.3330469131469727,41,-99.61863708496094,-2.429722785949707,41,853
-89.70039367675781,-2.360536575317383,38,-98.65235137939453,-2.59611439704895,38,-66.75184631347656,-1.7566275596618652,38,-95.71060180664062,-2.1269023418426514,45,-98.40518951416016,-2.5896103382110596,38,-78.44503021240234,-2.064342975616455,38,854
-117.24314880371094,-2.859589099884033,41,-156.25048828125,-3.8109874725341797,41,-148.24781799316406,-3.615800380706787,41,-130.11654663085938,-3.5166633129119873,37,-157.94729614257812,-3.8523731231689453,41,-119.92118072509766,-2.9249067306518555,41,855
-115.53211975097656,-2.625730037689209,44,-113.19796752929688,-2.572681188583374,44,-95.24645233154297,-2.1646921634674072,44,-98.173583984375,-2.045283079147339,48,-131.73556518554688,-2.993990182876587,44,-109.6584701538086,-2.4922380447387695,44,856
-86.0914306640625,-2.4597551822662354,35,-94.87983703613281,-2.7108523845672607,35,-88.22688293457031,-2.520768165588379,35,-48.924339294433594,-1.9569735527038574,25,-123.17587280273438,-3.519310712814331,35,-110.78003692626953,-3.1651439666748047,35,857
-57.6199951171875,-1.8587095737457275,31,-85.95040130615234,-2.7725934982299805,31,-88.58717346191406,-2.8576507568359375,31,-59.01453399658203,-2.1076619625091553,28,-111.11284637451172,-3.584285259246826,31,-89.75306701660156,-2.8952603340148926,31,858
-81.91851806640625,-2.0479629039764404,40,-109.54266357421875,-2.7385666370391846,40,-94.69955444335938,-2.3674888610839844,40,-95.3980712890625,-2.119957208633423,45,-90.92761993408203,-2.273190498352051,40,-100.60340881347656,-2.515085220336914,40,859
-45.206993103027344,-1.0513254404067993,43,-88.12474060058594,-2.049412488937378,43,-100.45980834960938,-2.3362746238708496,43,-78.5748291015625,-2.3810553550720215,33,-95.54264831542969,-2.2219221591949463,43,-115.63203430175781,-2.689117193222046,43,860
-72.97889709472656,-1.6586112976074219,44,-97.71658325195312,-2.2208313941955566,44,-96.51255798339844,-2.193467140197754,44,-53.78614044189453,-1.494059443473816,36,-116.6440200805664,-2.651000499725342,44,-114.84001159667969,-2.6100003719329834,44,861
-106.75262451171875,-2.0529351234436035,52,-126.78821563720703,-2.438234806060791,52,-129.94906616210938,-2.499020576477051,52,-82.43388366699219,-2.227942705154419,37,-135.56947326660156,-2.607105255126953,52,-129.51585388183594,-2.490689516067505,52,862
-148.74334716796875,-3.0988197326660156,48,-141.04705810546875,-2.9384803771972656,48,-109.94193267822266,-2.290457010269165,48,-83.75238037109375,-2.392925262451172,35,-176.69949340820312,-3.681239366531372,48,-166.1688995361328,-3.4618520736694336,48,863
-58.5335693359375,-2.167909860610962,27,-168.1075439453125,-6.226205348968506,27,-194.2838592529297,-7.195698261260986,27,-321.54827880859375,-6.841452598571777,47,-161.36236572265625,-5.976383686065674,27,-181.7562255859375,-6.7317118644714355,27,864
-89.38758850097656,-1.824236512184143,49,-105.55419158935547,-2.1541671752929688,49,-109.28002166748047,-2.2302045822143555,49,-50.98781204223633,-1.5450851917266846,33,-141.01315307617188,-2.877819538116455,49,-127.20523071289062,-2.596025228500366,49,865
-47.45334243774414,-1.3558098077774048,35,-101.01002502441406,-2.886000633239746,35,-117.05126953125,-3.3443219661712646,35,-146.9134521484375,-3.19377064704895,46,-119.33523559570312,-3.4095780849456787,35,-121.82841491699219,-3.480811834335327,35,866
-86.11962127685547,-2.8706541061401367,30,-102.47962188720703,-3.415987491607666,30,-88.0325927734375,-2.934419870376587,30,-73.35016632080078,-3.3340985774993896,22,-101.6148452758789,-3.3871614933013916,30,-82.6621322631836,-2.755404472351074,30,867
-60.44171905517578,-1.7776975631713867,34,-77.968017578125,-2.2931768894195557,34,-80.7289810180664,-2.3743817806243896,34,-71.97328186035156,-1.755445957183838,41,-98.47213745117188,-2.8962392807006836,34,-106.1708984375,-3.122673511505127,34,868
-82.81781005859375,-2.9577789306640625,28,-87.12572479248047,-3.111633062362671,28,-75.55072784423828,-2.698240280151367,28,-86.97989654541016,-2.174497365951538,40,-100.56109619140625,-3.5914676189422607,28,-89.19795989990234,-3.1856415271759033,28,869
-147.66110229492188,-2.50273060798645,59,-150.41725158691406,-2.5494449138641357,59,-136.96063232421875,-2.321366548538208,59,-93.66191864013672,-2.2844369411468506,41,-131.59823608398438,-2.230478525161743,59,-127.39208984375,-2.1591880321502686,59,870
-55.37190628051758,-1.085723638534546,51,-94.62950134277344,-1.855480432510376,51,-119.99059295654297,-2.3527567386627197,51,-90.08952331542969,-2.0019893646240234,45,-108.24092102050781,-2.122370958328247,51,-114.96382141113281,-2.254192590713501,51,871
-91.47966766357422,-2.286991596221924,40,-89.88900756835938,-2.247225284576416,40,-102.84779357910156,-2.571194887161255,40,-97.4632797241211,-2.377153158187866,41,-94.23946380615234,-2.3559865951538086,40,-106.5363998413086,-2.663409948348999,40,872
-90.37535095214844,-2.6580984592437744,34,-99.11589050292969,-2.915173292160034,34,-93.29224395751953,-2.743889570236206,34,-143.8451385498047,-3.127068281173706,46,-107.72904968261719,-3.168501377105713,34,-102.87832641601562,-3.0258331298828125,34,873
-69.37061309814453,-1.9820175170898438,35,-74.3642349243164,-2.124692440032959,35,-75.81172180175781,-2.1660492420196533,35,-84.25260925292969,-2.0549416542053223,41,-85.530029296875,-2.4437150955200195,35,-78.66184997558594,-2.247481346130371,35,874
-96.69095611572266,-2.3021655082702637,42,-250.03207397460938,-5.953144550323486,42,-286.11029052734375,-6.812150001525879,42,-304.1787109375,-6.6125807762146,46,-253.98025512695312,-6.047148704528809,42,-288.0387268066406,-6.858065128326416,42,875
-111.37945556640625,-2.27305006980896,49,-134.83370971679688,-2.7517082691192627,49,-143.87110900878906,-2.936145067214966,49,-102.55973052978516,-2.9302780628204346,35,-150.87161254882812,-3.079012393951416,49,-159.68081665039062,-3.2587921619415283,49,876
-174.56015014648438,-3.967276096343994,44,-296.3846435546875,-6.7360148429870605,44,-290.49078369140625,-6.602063179016113,44,-302.1250305175781,-6.428192138671875,47,-294.5791320800781,-6.694980144500732,44,-298.8511962890625,-6.792072772979736,44,877
-49.41150665283203,-1.4973183870315552,33,-48.13105010986328,-1.4585167169570923,33,-62.770050048828125,-1.9021227359771729,33,-49.021461486816406,-1.5813374519348145,31,-55.3816032409668,-1.6782304048538208,33,-66.33975219726562,-2.0102956295013428,33,878
-96.46527099609375,-1.555891513824463,62,-150.99423217773438,-2.4353909492492676,62,-141.11184692382812,-2.2759976387023926,62,-30.07879066467285,-1.5039395093917847,20,-163.63829040527344,-2.63932728767395,62,-147.04318237304688,-2.37166428565979,62,879
-67.18428039550781,-1.562425136566162,43,-109.42845153808594,-2.5448477268218994,43,-114.85231018066406,-2.6709840297698975,43,-109.88595581054688,-2.337999105453491,47,-111.76509094238281,-2.5991880893707275,43,-117.04279327392578,-2.7219254970550537,43,880
-105.57147216796875,-2.111429452896118,50,-116.67449951171875,-2.3334898948669434,50,-97.32670593261719,-1.9465341567993164,50,-58.10511779785156,-1.3205708265304565,44,-120.85124206542969,-2.417024850845337,50,-108.54032897949219,-2.170806646347046,50,881
-130.32264709472656,-3.1029200553894043,42,-142.9453887939453,-3.4034616947174072,42,-131.08267211914062,-3.121016025543213,42,-127.37705993652344,-3.106757640838623,41,-142.50411987304688,-3.3929553031921387,42,-125.99661254882812,-2.9999194145202637,42,882
-44.165771484375,-1.4247022867202759,31,-99.44601440429688,-3.2079360485076904,31,-101.41291046142578,-3.2713842391967773,31,-51.124961853027344,-2.323861837387085,22,-98.00186920166016,-3.161350727081299,31,-100.36168670654297,-3.237473726272583,31,883
-62.080711364746094,-2.140714168548584,29,-104.86544036865234,-3.6160497665405273,29,-100.42593383789062,-3.462963342666626,29,-111.74868774414062,-2.3280975818634033,48,-101.12303161621094,-3.4870011806488037,29,-100.96686553955078,-3.4816160202026367,29,884
-55.192378997802734,-2.207695245742798,25,-78.3890380859375,-3.135561466217041,25,-90.36483764648438,-3.614593505859375,25,-86.96846008300781,-2.8989486694335938,30,-75.71487426757812,-3.028594970703125,25,-91.79179382324219,-3.6716718673706055,25,885
-90.05374145507812,-2.501492738723755,36,-85.740478515625,-2.3816800117492676,36,-78.78382110595703,-2.18843936920166,36,-63.79344940185547,-2.1997740268707275,29,-94.26821899414062,-2.6185617446899414,36,-91.57283020019531,-2.543689727783203,36,886
-57.624969482421875,-1.6006935834884644,36,-68.77865600585938,-1.9105181694030762,36,-69.33050537109375,-1.9258474111557007,36,-66.99685668945312,-1.7178680896759033,39,-121.11054992675781,-3.3641819953918457,36,-118.35664367675781,-3.287684440612793,36,887
-113.31254577636719,-2.7637205123901367,41,-86.42025756835938,-2.107811212539673,41,-59.927127838134766,-1.461637258529663,41,-38.055442810058594,-1.001459002494812,38,-116.35549926757812,-2.8379390239715576,41,-101.54850769042969,-2.476792812347412,41,888
-53.429534912109375,-2.0549821853637695,26,-65.75531768798828,-2.529050588607788,26,-73.95503234863281,-2.844424247741699,26,-76.7200698852539,-1.598334789276123,48,-76.44505310058594,-2.9401943683624268,26,-90.02191162109375,-3.46238112449646,26,889
-72.45236206054688,-2.5875842571258545,28,-123.80142974853516,-4.42147970199585,28,-123.8206558227539,-4.422166347503662,28,-165.5235137939453,-3.678300380706787,45,-106.540771484375,-3.805027484893799,28,-93.07078552246094,-3.3239567279815674,28,890
-118.46271514892578,-2.63250470161438,45,-107.55904388427734,-2.3902010917663574,45,-113.71513366699219,-2.527003049850464,45,-83.90531158447266,-2.4678032398223877,34,-120.61268615722656,-2.6802818775177,45,-120.85086059570312,-2.685574769973755,45,891
-88.03311157226562,-3.521324396133423,25,-76.78632354736328,-3.0714528560638428,25,-67.91857147216797,-2.716742753982544,25,-69.37612915039062,-1.6921007633209229,41,-80.8807373046875,-3.2352294921875,25,-86.77986907958984,-3.4711947441101074,25,892
-96.041748046875,-1.9600356817245483,49,-99.56996154785156,-2.0320401191711426,49,-115.81013488769531,-2.3634722232818604,49,-92.77523803710938,-2.1085281372070312,44,-114.99117279052734,-2.3467586040496826,49,-126.68315124511719,-2.5853705406188965,49,893
-114.97171020507812,-2.554926872253418,45,-152.0773162841797,-3.379495859146118,45,-123.200927734375,-2.7377984523773193,45,-67.57628631591797,-2.5028254985809326,27,-145.35894775390625,-3.230198860168457,45,-134.81753540039062,-2.9959452152252197,45,894
-78.95332336425781,-1.7943936586380005,44,-128.92185974121094,-2.930042266845703,44,-158.88546752929688,-3.6110334396362305,44,-100.2458267211914,-3.4567525386810303,29,-150.6883087158203,-3.424734354019165,44,-158.28744506835938,-3.5974419116973877,44,895
-91.21849822998047,-2.9425323009490967,31,-78.01748657226562,-2.516693115234375,31,-64.93822479248047,-2.0947813987731934,31,-63.31932067871094,-1.9187673330307007,33,-107.46934509277344,-3.4667530059814453,31,-85.99832153320312,-2.774139404296875,31,896
-82.80302429199219,-2.760100841522217,30,-91.2557601928711,-3.041858673095703,30,-89.6566162109375,-2.988553762435913,30,-80.2337417602539,-2.7666807174682617,29,-106.08195495605469,-3.536065101623535,30,-98.95364379882812,-3.298454761505127,30,897
-69.33238983154297,-2.567866325378418,27,-65.43704986572266,-2.4235944747924805,27,-57.69193649291992,-2.1367383003234863,27,-69.54641723632812,-1.655867099761963,42,-78.82542419433594,-2.9194600582122803,27,-71.83279418945312,-2.6604738235473633,27,898
-112.21922302246094,-2.805480480194092,40,-178.81826782226562,-4.470456600189209,40,-222.85455322265625,-5.571363925933838,40,-274.69677734375,-5.9716691970825195,46,-187.6752166748047,-4.691880226135254,40,-215.61431884765625,-5.390357971191406,40,899
-75.98223114013672,-2.1709208488464355,35,-76.53018188476562,-2.1865766048431396,35,-37.02809143066406,-1.0579454898834229,35,-25.6674861907959,-0.7549260854721069,34,-85.5111083984375,-2.4431746006011963,35,-46.15702438354492,-1.3187720775604248,35,900
-86.28071594238281,-2.6145670413970947,33,-81.30744171142578,-2.4638619422912598,33,-74.72332763671875,-2.26434326171875,33,-72.12294006347656,-2.003415107727051,36,-100.31359100341797,-3.0398058891296387,33,-93.08161926269531,-2.820655107498169,33,901
-67.85586547851562,-2.7142345905303955,25,-67.99208068847656,-2.7196831703186035,25,-65.25108337402344,-2.6100432872772217,25,-42.73748779296875,-1.4245829582214355,30,-73.08409118652344,-2.92336368560791,25,-61.214473724365234,-2.4485788345336914,25,902
-59.882606506347656,-2.21787428855896,27,-81.58428192138672,-3.0216400623321533,27,-62.16257095336914,-2.3023173809051514,27,-62.699798583984375,-1.9593687057495117,32,-79.14360809326172,-2.9312448501586914,27,-67.91465759277344,-2.515357732772827,27,903
-100.74642181396484,-2.518660545349121,40,-150.6518096923828,-3.7662951946258545,40,-124.64683532714844,-3.116170883178711,40,-126.88485717773438,-3.094752550125122,41,-138.4862823486328,-3.4621570110321045,40,-125.89557647705078,-3.1473894119262695,40,904
-69.55867767333984,-1.696553111076355,41,-140.2064971923828,-3.419670581817627,41,-146.4017791748047,-3.570775032043457,41,-76.02592468261719,-3.041037082672119,25,-141.96998596191406,-3.4626824855804443,41,-124.19264221191406,-3.0290887355804443,41,905
-94.78384399414062,-2.9619951248168945,32,-103.91201782226562,-3.247250556945801,32,-99.02041625976562,-3.094388008117676,32,-74.44877624511719,-1.5510162115097046,48,-99.99236297607422,-3.1247613430023193,32,-102.75335693359375,-3.2110424041748047,32,906
-98.73468017578125,-2.1007378101348877,47,-138.20887756347656,-2.9406144618988037,47,-136.52975463867188,-2.904888391494751,47,-86.54869079589844,-2.9844377040863037,29,-142.4586181640625,-3.031034469604492,47,-146.59310913085938,-3.119002342224121,47,907
-60.25063705444336,-2.077608108520508,29,-95.17724609375,-3.2819740772247314,29,-84.7266616821289,-2.9216089248657227,29,-59.52588653564453,-2.9762942790985107,20,-96.30995178222656,-3.321032762527466,29,-90.15157318115234,-3.108675003051758,29,908
-80.67312622070312,-1.9207887649536133,42,-108.417236328125,-2.581362724304199,42,-125.95257568359375,-2.998870849609375,42,-66.9886245727539,-2.6795449256896973,25,-117.74739074707031,-2.80350923538208,42,-132.35174560546875,-3.1512320041656494,42,909
-91.5115966796875,-5.083977699279785,18,-83.46047973632812,-4.636693477630615,18,-73.52323150634766,-4.08462381362915,18,-85.67586517333984,-3.173180103302002,27,-94.928466796875,-5.2738037109375,18,-86.64689636230469,-4.813716411590576,18,910
-32.05908203125,-1.3938730955123901,23,-60.1309700012207,-2.6143898963928223,23,-73.70143127441406,-3.2044100761413574,23,-82.07464599609375,-2.9312374591827393,28,-72.63557434082031,-3.1580684185028076,23,-69.45628356933594,-3.019838333129883,23,911
-40.822471618652344,-1.3607490062713623,30,-86.97874450683594,-2.899291515350342,30,-77.01676940917969,-2.567225694656372,30,-79.51163482666016,-2.5648913383483887,31,-89.95352935791016,-2.998450994491577,30,-90.08682250976562,-3.002894163131714,30,912
-46.69549560546875,-1.4150149822235107,33,-78.89381408691406,-2.390721559524536,33,-65.62800598144531,-1.9887274503707886,33,-20.285158157348633,-1.067639946937561,19,-72.15611267089844,-2.186548948287964,33,-58.27056121826172,-1.7657746076583862,33,913
-77.4687728881836,-2.6713368892669678,29,-71.708251953125,-2.472698450088501,29,-70.21073913574219,-2.421060085296631,29,-79.63236999511719,-2.413102149963379,33,-76.20185852050781,-2.627650260925293,29,-76.81832885742188,-2.6489078998565674,29,914
-115.65089416503906,-2.8912723064422607,40,-79.39583587646484,-1.984895944595337,40,-87.34019470214844,-2.183504819869995,40,-34.049224853515625,-1.4804010391235352,23,-102.37190246582031,-2.559297561645508,40,-83.38572692871094,-2.0846431255340576,40,915
-92.77096557617188,-3.4359617233276367,27,-95.96581268310547,-3.5542893409729004,27,-90.53712463378906,-3.353226900100708,27,-87.59419250488281,-2.919806480407715,30,-83.77115631103516,-3.102635383605957,27,-95.62188720703125,-3.541551351547241,27,916
-158.76812744140625,-3.780193567276001,42,-98.24119567871094,-2.339076042175293,42,-92.94265747070312,-2.2129204273223877,42,-94.87904357910156,-2.1084232330322266,45,-95.044677734375,-2.2629685401916504,42,-104.22052001953125,-2.481441020965576,42,917
-100.05632781982422,-3.126760244369507,32,-53.05760955810547,-1.658050298690796,32,-51.24729919433594,-1.601478099822998,32,-50.343265533447266,-1.7979737520217896,28,-64.84632110595703,-2.0264475345611572,32,-55.98387145996094,-1.7494959831237793,32,918
-76.92674255371094,-2.5642247200012207,30,-59.330318450927734,-1.9776772260665894,30,-63.690738677978516,-2.1230247020721436,30,-53.007747650146484,-1.7099273204803467,31,-52.656314849853516,-1.755210518836975,30,-59.324012756347656,-1.9774670600891113,30,919
-123.64763641357422,-2.523421049118042,49,-118.22518157958984,-2.4127588272094727,49,-86.4783935546875,-1.7648651599884033,49,-86.92628479003906,-1.7044368982315063,51,-115.62609100341797,-2.3597161769866943,49,-88.59825134277344,-1.808127522468567,49,920
-130.87350463867188,-3.2718377113342285,40,-106.18048858642578,-2.6545121669769287,40,-95.57073974609375,-2.389268398284912,40,-76.19947814941406,-2.3812336921691895,32,-98.44708251953125,-2.461177110671997,40,-86.92637634277344,-2.17315936088562,40,921
-93.71693420410156,-2.839907169342041,33,-43.15534210205078,-1.3077375888824463,33,-39.268089294433594,-1.1899421215057373,33,-20.963993072509766,-0.6165880560874939,34,-55.02955627441406,-1.6675623655319214,33,-35.163841247558594,-1.0655709505081177,33,922
-29.929523468017578,-0.7482380867004395,40,-105.57853698730469,-2.639463424682617,40,-115.99690246582031,-2.8999226093292236,40,-94.16773986816406,-2.6157705783843994,36,-109.12908935546875,-2.728227138519287,40,-120.23429870605469,-3.005857467651367,40,923
-76.01437377929688,-2.1718392372131348,35,-111.601806640625,-3.1886229515075684,35,-77.71501159667969,-2.220428943634033,35,-53.434906005859375,-1.9083894491195679,28,-92.60214233398438,-2.645775556564331,35,-75.49433898925781,-2.1569812297821045,35,924
-67.27641296386719,-2.1023879051208496,32,-102.44538879394531,-3.201418399810791,32,-83.642578125,-2.61383056640625,32,-71.13566589355469,-2.452954053878784,29,-107.5260009765625,-3.360187530517578,32,-83.3922119140625,-2.606006622314453,32,925
-147.64149475097656,-2.5455429553985596,58,-128.65423583984375,-2.2181763648986816,58,-127.20426177978516,-2.1931769847869873,58,-62.73682403564453,-1.5301663875579834,41,-146.27915954589844,-2.522054433822632,58,-137.1749267578125,-2.3650848865509033,58,926
-65.00212097167969,-1.9118270874023438,34,-131.8571014404297,-3.87814998626709,34,-131.4383087158203,-3.865832567214966,34,-141.51998901367188,-3.1448886394500732,45,-127.8273696899414,-3.7596285343170166,34,-125.20068359375,-3.682373046875,34,927
-123.33777618408203,-3.42604923248291,36,-136.0977783203125,-3.78049373626709,36,-112.68496704101562,-3.1301379203796387,36,-81.83866119384766,-3.1476407051086426,26,-135.51266479492188,-3.7642407417297363,36,-114.81394958496094,-3.1892764568328857,36,928
-55.88148880004883,-1.7462965250015259,32,-84.4581298828125,-2.6393165588378906,32,-101.71863555908203,-3.1787073612213135,32,-133.3690185546875,-3.2529029846191406,41,-74.33799743652344,-2.3230624198913574,32,-96.56535339355469,-3.017667293548584,32,929
-134.01182556152344,-1.9707621335983276,68,-166.43292236328125,-2.447542905807495,68,-163.3010711669922,-2.401486396789551,68,-73.4767074584961,-2.1610796451568604,34,-160.9270782470703,-2.366574764251709,68,-174.25718688964844,-2.562605619430542,68,930
-81.28966522216797,-2.2580461502075195,36,-105.4279556274414,-2.9285542964935303,36,-105.95143127441406,-2.9430952072143555,36,-75.208984375,-2.785517930984497,27,-106.32733917236328,-2.9535372257232666,36,-112.54827117919922,-3.126340866088867,36,931
-52.43793487548828,-1.4566092491149902,36,-84.59050750732422,-2.349736213684082,36,-82.462646484375,-2.2906291484832764,36,-63.507362365722656,-2.3521244525909424,27,-99.48873901367188,-2.763576030731201,36,-107.55389404296875,-2.9876081943511963,36,932
-44.09016418457031,-1.4696720838546753,30,-72.45469665527344,-2.415156602859497,30,-102.26463317871094,-3.4088211059570312,30,-91.58161926269531,-3.2707722187042236,28,-81.21864318847656,-2.7072880268096924,30,-103.54269409179688,-3.451423168182373,30,933
-92.36286926269531,-2.0078885555267334,46,-128.3534698486328,-2.790292739868164,46,-124.85755920410156,-2.714294672012329,46,-81.04496765136719,-2.4559080600738525,33,-131.82373046875,-2.8657333850860596,46,-126.27342224121094,-2.745074510574341,46,934
-75.93538665771484,-2.0523078441619873,37,-106.01322174072266,-2.865222215652466,37,-98.01165771484375,-2.648963689804077,37,-137.63780212402344,-2.992126226425171,46,-107.56227111816406,-2.9070885181427,37,-112.13478088378906,-3.030669689178467,37,935
-35.818511962890625,-1.6281142234802246,22,-71.98213958740234,-3.2719154357910156,22,-68.44001007080078,-3.1109094619750977,22,-65.0389633178711,-1.9129106998443604,34,-66.9739990234375,-3.0442726612091064,22,-61.90376281738281,-2.813807487487793,22,936
-61.43653869628906,-1.8069570064544678,34,-61.67890930175781,-1.814085602760315,34,-70.06901550292969,-2.0608534812927246,34,-82.2239990234375,-1.7874782085418701,46,-72.08843994140625,-2.120248317718506,34,-68.26290893554688,-2.007732629776001,34,937
-96.72008514404297,-2.418002128601074,40,-127.69984436035156,-3.1924960613250732,40,-109.69612121582031,-2.742403030395508,40,-110.97903442382812,-3.1708295345306396,35,-122.67430114746094,-3.0668575763702393,40,-108.75656127929688,-2.718914031982422,40,938
-58.63271713256836,-1.7244917154312134,34,-85.20024108886719,-2.505889415740967,34,-79.23554992675781,-2.3304574489593506,34,-63.71977996826172,-2.3599917888641357,27,-91.93881225585938,-2.704082727432251,34,-82.76016235351562,-2.434122323989868,34,939
-87.0997314453125,-2.0255751609802246,43,-83.94857025146484,-1.9522923231124878,43,-77.56974792480469,-1.8039475679397583,43,-54.01448059082031,-1.6368024349212646,33,-88.52294921875,-2.058673143386841,43,-86.49842834472656,-2.0115914344787598,43,940
-93.62478637695312,-2.6749939918518066,35,-89.57608795166016,-2.559316873550415,35,-66.71682739257812,-1.906195044517517,35,-69.34184265136719,-1.9261622428894043,36,-94.00505065917969,-2.6858584880828857,35,-78.03211975097656,-2.2294890880584717,35,941
-51.3449821472168,-1.8337494134902954,28,-69.99657440185547,-2.499877691268921,28,-73.0880126953125,-2.610286235809326,28,-72.80508422851562,-2.4268362522125244,30,-76.90365600585938,-2.7465591430664062,28,-74.35417175292969,-2.655506134033203,28,942
-78.54244995117188,-1.915669560432434,41,-61.14111328125,-1.4912467002868652,41,-76.60408782958984,-1.8683923482894897,41,-45.01826477050781,-1.3240666389465332,34,-66.47820281982422,-1.6214195489883423,41,-75.74923706054688,-1.847542405128479,41,943
-119.63936614990234,-2.4924867153167725,48,-119.9136962890625,-2.498202085494995,48,-105.72566223144531,-2.202617883682251,48,-84.25796508789062,-2.1064491271972656,40,-110.75543212890625,-2.3074047565460205,48,-110.89666748046875,-2.310347318649292,48,944
-52.37530517578125,-1.0911521911621094,48,-118.96906280517578,-2.4785220623016357,48,-120.31836700439453,-2.5066325664520264,48,-61.28875732421875,-2.113405466079712,29,-129.95526123046875,-2.7074012756347656,48,-113.39085388183594,-2.362309455871582,48,945
-107.93170166015625,-2.6324806213378906,41,-125.83698272705078,-3.069194793701172,41,-122.55108642578125,-2.98905086517334,41,-150.0413818359375,-3.2617690563201904,46,-138.7776641845703,-3.3848211765289307,41,-132.89794921875,-3.2414133548736572,41,946
-74.13336944580078,-2.745680332183838,27,-77.3089599609375,-2.863294839859009,27,-68.164306640625,-2.524603843688965,27,-64.12359619140625,-2.211158514022827,29,-81.13589477539062,-3.005033254623413,27,-74.72583770751953,-2.7676236629486084,27,947
-123.27247619628906,-2.8668017387390137,43,-139.5704345703125,-3.245824098587036,43,-142.86245727539062,-3.322382688522339,43,-140.37167358398438,-3.423699378967285,41,-143.0288848876953,-3.3262531757354736,43,-145.62405395507812,-3.386605978012085,43,948
-55.14265823364258,-1.490342140197754,37,-97.30339813232422,-2.629821538925171,37,-94.92111206054688,-2.5654354095458984,37,-85.42120361328125,-2.5885212421417236,33,-86.52013397216797,-2.3383820056915283,37,-98.83642578125,-2.6712546348571777,37,949
-116.7066650390625,-4.488718032836914,26,-112.69419860839844,-4.334392070770264,26,-75.41560363769531,-2.9006001949310303,26,-20.277427673339844,-1.192789912223816,17,-113.77577209472656,-4.375991344451904,26,-78.55332946777344,-3.0212819576263428,26,950
-43.95738220214844,-1.3736681938171387,32,-68.10044860839844,-2.128139019012451,32,-69.48574829101562,-2.1714296340942383,32,-73.9857177734375,-1.9996140003204346,37,-85.10012817382812,-2.659379005432129,32,-86.59355163574219,-2.7060484886169434,32,951
-58.228553771972656,-2.426189661026001,24,-67.4573974609375,-2.810724973678589,24,-67.24201202392578,-2.801750421524048,24,-69.688232421875,-3.167646884918213,22,-70.19390106201172,-2.924745798110962,24,-71.80207824707031,-2.991753339767456,24,952
-103.54281616210938,-2.407972574234009,43,-97.03694152832031,-2.2566730976104736,43,-91.35916900634766,-2.124631881713867,43,-74.16596984863281,-2.0601658821105957,36,-108.17570495605469,-2.515714168548584,43,-100.10554504394531,-2.328035831451416,43,953
-49.88306427001953,-2.7712812423706055,18,-56.56332778930664,-3.142407178878784,18,-52.91115188598633,-2.9395084381103516,18,-57.8402214050293,-1.7011829614639282,34,-66.63929748535156,-3.702183246612549,18,-61.56368637084961,-3.4202048778533936,18,954
-59.5440673828125,-1.4522943496704102,41,-103.70379638671875,-2.529360771179199,41,-97.55316162109375,-2.379345417022705,41,-96.80428314208984,-2.3610801696777344,41,-94.31967163085938,-2.3004798889160156,41,-92.93778228759766,-2.266775131225586,41,955
-127.09842681884766,-2.8886005878448486,44,-91.77781677246094,-2.085859537124634,44,-88.84058380126953,-2.019104242324829,44,-17.031064987182617,-0.6082523465156555,28,-92.54912567138672,-2.103389263153076,44,-88.04676818847656,-2.0010628700256348,44,956
-77.6933364868164,-2.0998198986053467,37,-102.41685485839844,-2.7680230140686035,37,-83.17984008789062,-2.2481038570404053,37,-86.27505493164062,-2.1568763256073,40,-99.8945541381836,-2.699852705001831,37,-81.57740783691406,-2.2047948837280273,37,957
-42.5516357421875,-0.834345817565918,51,-147.67527770996094,-2.8955936431884766,51,-141.94078063964844,-2.7831525802612305,51,-82.94525146484375,-2.7648417949676514,30,-146.06829833984375,-2.864084243774414,51,-141.68389892578125,-2.778115749359131,51,958
-85.07662963867188,-1.8101410865783691,47,-67.39501953125,-1.433936595916748,47,-67.25799560546875,-1.4310212135314941,47,-60.664146423339844,-1.2907265424728394,47,-88.16679382324219,-1.8758891820907593,47,-67.6129150390625,-1.438572645187378,47,959
-76.62704467773438,-2.736680269241333,28,-72.81031036376953,-2.6003682613372803,28,-56.513004302978516,-2.0183215141296387,28,-58.53721237182617,-1.888297200202942,31,-82.48030090332031,-2.9457249641418457,28,-62.633358001708984,-2.236905574798584,28,960
-111.70539855957031,-3.6033999919891357,31,-107.11622619628906,-3.45536208152771,31,-97.1475830078125,-3.1337931156158447,31,-20.809289932250977,-1.0952258110046387,19,-106.98469543457031,-3.4511191844940186,31,-98.68829345703125,-3.1834933757781982,31,961
-174.25558471679688,-4.35638952255249,40,-250.85501098632812,-6.2713751792907715,40,-285.181640625,-7.129540920257568,40,-326.8976135253906,-7.106469631195068,46,-260.25390625,-6.50634765625,40,-287.1165771484375,-7.177914619445801,40,962
-69.95808410644531,-2.2567124366760254,31,-59.0736198425293,-1.905600666999817,31,-65.5470962524414,-2.114422559738159,31,-58.66259765625,-2.022848129272461,29,-68.04595947265625,-2.195030927658081,31,-64.80059814453125,-2.090341806411743,31,963
-88.148193359375,-2.098766565322876,42,-98.96459197998047,-2.356299877166748,42,-96.93093872070312,-2.3078794479370117,42,-90.08696746826172,-2.502415657043457,36,-92.52262878417969,-2.2029197216033936,42,-93.04158782958984,-2.215276002883911,42,964
-82.81053924560547,-1.8002290725708008,46,-104.96539306640625,-2.2818562984466553,46,-122.194580078125,-2.6564040184020996,46,-66.48385620117188,-2.077620506286621,32,-127.4347152709961,-2.770319938659668,46,-131.83758544921875,-2.866034507751465,46,965
-119.0254898071289,-2.4796977043151855,48,-141.1701202392578,-2.9410440921783447,48,-112.99037170410156,-2.353965997695923,48,-42.43476867675781,-1.6321065425872803,26,-135.50619506835938,-2.8230457305908203,48,-107.48474884033203,-2.2392656803131104,48,966
-80.85235595703125,-2.5266361236572266,32,-73.00415802001953,-2.2813799381256104,32,-58.80805587768555,-1.8377517461776733,32,-79.50917053222656,-2.48466157913208,32,-73.9177474975586,-2.309929609298706,32,-59.92120361328125,-1.872537612915039,32,967
-86.4287109375,-2.542020797729492,34,-79.01817321777344,-2.324064016342163,34,-69.18578338623047,-2.0348758697509766,34,-79.5924072265625,-1.9412782192230225,41,-96.46512603759766,-2.837209701538086,34,-79.56491088867188,-2.340144395828247,34,968
-88.45454406738281,-2.3277511596679688,38,-75.84687805175781,-1.9959704875946045,38,-70.51577758789062,-1.8556783199310303,38,-69.54049682617188,-2.243241786956787,31,-81.13068389892578,-2.1350181102752686,38,-81.94772338867188,-2.1565189361572266,38,969
-61.080528259277344,-1.5661673545837402,39,-73.55482482910156,-1.8860211372375488,39,-73.66824340820312,-1.8889293670654297,39,-57.232078552246094,-1.6352022886276245,35,-74.03610229492188,-1.8983615636825562,39,-73.8203125,-1.8928285837173462,39,970
-59.35913848876953,-1.648864984512329,36,-131.09117126464844,-3.641421318054199,36,-120.75323486328125,-3.3542566299438477,36,-108.45215606689453,-3.4984567165374756,31,-136.23248291015625,-3.784235715866089,36,-123.29237365722656,-3.424788236618042,36,971
-73.26082611083984,-1.6280183792114258,45,-82.62728881835938,-1.8361619710922241,45,-81.10368347167969,-1.8023040294647217,45,-66.63624572753906,-1.586577296257019,42,-87.56956481933594,-1.9459903240203857,45,-91.64900207519531,-2.036644458770752,45,972
-67.00843811035156,-1.7633799314498901,38,-91.41339111328125,-2.4056155681610107,38,-90.98787689208984,-2.3944177627563477,38,-40.16383743286133,-1.2551199197769165,32,-87.90513610839844,-2.313292980194092,38,-77.61541748046875,-2.042510986328125,38,973
-45.26300048828125,-1.560793161392212,29,-82.16606903076172,-2.833312749862671,29,-100.73335266113281,-3.4735639095306396,29,-87.21574401855469,-2.907191514968872,30,-82.87834167480469,-2.8578739166259766,29,-93.4188003540039,-3.2213380336761475,29,974
-45.56700134277344,-1.5189000368118286,30,-66.70157623291016,-2.223385810852051,30,-55.287139892578125,-1.8429046869277954,30,-48.16217041015625,-1.5536184310913086,31,-54.841041564941406,-1.82803475856781,30,-49.66507339477539,-1.655502438545227,30,975
-78.14691162109375,-2.1120786666870117,37,-100.09970092773438,-2.705397367477417,37,-105.7713623046875,-2.8586854934692383,37,-72.50688171386719,-2.3389315605163574,31,-98.00465393066406,-2.6487743854522705,37,-106.10840606689453,-2.8677947521209717,37,976
-75.41842651367188,-1.75391685962677,43,-85.95320129394531,-1.9989116191864014,43,-63.655120849609375,-1.4803516864776611,43,-47.764442443847656,-1.2909308671951294,37,-103.25431823730469,-2.4012632369995117,43,-81.90093994140625,-1.9046729803085327,43,977
-82.87713623046875,-2.6734559535980225,31,-207.23336791992188,-6.684947490692139,31,-184.65383911132812,-5.956575393676758,31,-274.9049987792969,-5.8490424156188965,47,-184.85400390625,-5.963032245635986,31,-178.68238830566406,-5.7639479637146,31,978
-143.38983154296875,-3.414043664932251,42,-128.16920471191406,-3.051647663116455,42,-108.22784423828125,-2.5768535137176514,42,-115.7659912109375,-2.756333112716675,42,-133.56028747558594,-3.180006742477417,42,-120.19029235839844,-2.861673593521118,42,979
-90.02259063720703,-2.3690154552459717,38,-75.55904388427734,-1.9883959293365479,38,-76.57963562011719,-2.0152535438537598,38,-114.05960083007812,-2.5346577167510986,45,-76.53717041015625,-2.0141360759735107,38,-78.39713287353516,-2.063082456588745,38,980
-101.97254943847656,-2.3175580501556396,44,-131.6890869140625,-2.992933750152588,44,-123.45439147949219,-2.805781602859497,44,-90.75302124023438,-3.1294145584106445,29,-140.74998474121094,-3.1988632678985596,44,-129.5809326171875,-2.945021152496338,44,981
-80.66606140136719,-2.0683605670928955,39,-83.86198425292969,-2.1503071784973145,39,-92.96440887451172,-2.3837027549743652,39,-97.2151107788086,-2.314645528793335,42,-103.952392578125,-2.6654460430145264,39,-116.8355941772461,-2.9957845211029053,39,982
-48.849937438964844,-1.6283313035964966,30,-60.5964469909668,-2.0198814868927,30,-59.157501220703125,-1.971916675567627,30,-99.03025817871094,-2.357863187789917,42,-62.40118408203125,-2.0800395011901855,30,-75.07177734375,-2.502392530441284,30,983
-46.11982345581055,-1.4412444829940796,32,-72.94744873046875,-2.2796077728271484,32,-67.93414306640625,-2.1229419708251953,32,-93.38404083251953,-2.030087947845459,46,-92.11422729492188,-2.8785696029663086,32,-85.90792083740234,-2.6846225261688232,32,984
-99.93089294433594,-3.0282089710235596,33,-120.17556762695312,-3.64168381690979,33,-111.4693603515625,-3.377859354019165,33,-113.7523193359375,-2.9167261123657227,39,-115.3485107421875,-3.4954094886779785,33,-108.44187927246094,-3.2861175537109375,33,985
-81.30693054199219,-1.8478847742080688,44,-116.10906219482422,-2.6388423442840576,44,-88.88967895507812,-2.0202200412750244,44,-86.78666687011719,-2.345585584640503,37,-123.25775909423828,-2.8013126850128174,44,-101.22781372070312,-2.3006322383880615,44,986
-50.11503601074219,-1.4739716053009033,34,-71.61392211914062,-2.1062917709350586,34,-59.41749954223633,-1.7475734949111938,34,-53.22186279296875,-1.08616042137146,49,-74.580322265625,-2.1935389041900635,34,-71.65176391601562,-2.1074047088623047,34,987
-51.949771881103516,-1.8553489446640015,28,-71.55970764160156,-2.55570387840271,28,-58.5566291809082,-2.091308116912842,28,-53.60258102416992,-1.9143779277801514,28,-87.87596130371094,-3.138427257537842,28,-79.2725830078125,-2.8311636447906494,28,988
-82.60099792480469,-1.8355777263641357,45,-129.0596160888672,-2.8679914474487305,45,-104.02806854248047,-2.311734914779663,45,-90.54891967773438,-2.2637228965759277,40,-136.37734985351562,-3.0306077003479004,45,-111.21678161621094,-2.4714839458465576,45,989
-94.20438385009766,-3.140146017074585,30,-101.0851821899414,-3.3695061206817627,30,-83.51470947265625,-2.7838237285614014,30,-82.95037841796875,-2.5136477947235107,33,-99.4140396118164,-3.3138012886047363,30,-93.00321960449219,-3.100107431411743,30,990
-39.87887191772461,-0.8484866619110107,47,-109.38764953613281,-2.327396869659424,47,-105.7253189086914,-2.2494747638702393,47,-63.540592193603516,-1.8154455423355103,35,-134.54855346679688,-2.8627352714538574,47,-134.79296875,-2.8679354190826416,47,991
-92.70487976074219,-2.5751354694366455,36,-89.68277740478516,-2.4911882877349854,36,-94.50187683105469,-2.6250522136688232,36,-113.044189453125,-2.9748470783233643,38,-101.67132568359375,-2.8242034912109375,36,-103.44683074951172,-2.873522996902466,36,992
-68.79615783691406,-1.6380037069320679,42,-110.68771362304688,-2.6354217529296875,42,-133.81146240234375,-3.1859872341156006,42,-105.67376708984375,-3.202235460281372,33,-135.16693115234375,-3.2182602882385254,42,-154.22779846191406,-3.672090530395508,42,993
-73.84076690673828,-1.8009942770004272,41,-96.03616333007812,-2.3423454761505127,41,-103.6661148071289,-2.528441905975342,41,-109.98776245117188,-3.05521559715271,36,-102.70761108398438,-2.505063772201538,41,-112.74652862548828,-2.749915361404419,41,994
-58.347808837890625,-1.4586951732635498,40,-114.98844909667969,-2.874711275100708,40,-95.30996704101562,-2.382749080657959,40,-84.5214614868164,-2.2242488861083984,38,-109.09962463378906,-2.7274906635284424,40,-103.41958618164062,-2.5854897499084473,40,995
-70.19462585449219,-1.7548656463623047,40,-98.91032409667969,-2.4727580547332764,40,-117.59400177001953,-2.939850091934204,40,-75.60237884521484,-2.5200793743133545,30,-99.1009521484375,-2.4775238037109375,40,-117.5908203125,-2.939770460128784,40,996
-49.53409194946289,-1.7690746784210205,28,-80.7991943359375,-2.885685443878174,28,-76.40286254882812,-2.7286736965179443,28,-71.65030670166016,-2.388343572616577,30,-78.85012817382812,-2.8160760402679443,28,-86.12568664550781,-3.0759174823760986,28,997
-74.61387634277344,-2.9845550060272217,25,-98.4046630859375,-3.9361865520477295,25,-77.25589752197266,-3.090235948562622,25,-86.18700408935547,-3.0781073570251465,28,-94.42508697509766,-3.777003526687622,25,-72.15556335449219,-2.8862226009368896,25,998
-58.234458923339844,-2.426435708999634,24,-68.46839904785156,-2.8528499603271484,24,-66.79475402832031,-2.7831146717071533,24,-85.82356262207031,-2.200604200363159,39,-68.58648681640625,-2.8577702045440674,24,-63.44117736816406,-2.6433823108673096,24,999
-69.8625259399414,-1.624709963798523,43,-85.90852355957031,-1.9978725910186768,43,-69.01423645019531,-1.6049822568893433,43,-74.13619995117188,-1.3987962007522583,53,-93.6216049194336,-2.177246570587158,43,-65.96874237060547,-1.5341567993164062,43,1000
-75.80039978027344,-2.368762493133545,32,-96.83952331542969,-3.0262351036071777,32,-83.0434799194336,-2.5951087474823,32,-80.55646514892578,-2.59859561920166,31,-110.32373046875,-3.4476165771484375,32,-73.47057342529297,-2.2959554195404053,32,1001
-66.79669189453125,-1.8053159713745117,37,-148.70443725585938,-4.019038677215576,37,-146.11058044433594,-3.948934555053711,37,-150.8245086669922,-3.6786465644836426,41,-142.7146759033203,-3.8571534156799316,37,-138.4301300048828,-3.7413549423217773,37,1002
-81.9220962524414,-1.6384419202804565,50,-110.544921875,-2.2108983993530273,50,-88.84784698486328,-1.7769569158554077,50,-82.79761505126953,-1.839946985244751,45,-112.94990539550781,-2.258998155593872,50,-94.47236633300781,-1.8894473314285278,50,1003
-137.69921875,-3.0599825382232666,45,-145.9158935546875,-3.2425754070281982,45,-138.25013732910156,-3.072225332260132,45,-139.1057586669922,-2.838892936706543,49,-168.00787353515625,-3.733508348464966,45,-137.00238037109375,-3.04449725151062,45,1004
-88.77619934082031,-2.3362157344818115,38,-134.67880249023438,-3.5441789627075195,38,-81.28300476074219,-2.139026403427124,38,-81.82583618164062,-2.0456459522247314,40,-137.66693115234375,-3.6228139400482178,38,-86.4835205078125,-2.2758820056915283,38,1005
-40.01464080810547,-1.4290943145751953,28,-59.39421463012695,-2.1212220191955566,28,-49.08735656738281,-1.7531198263168335,28,-37.102500915527344,-1.0306249856948853,36,-54.6551513671875,-1.9519697427749634,28,-49.77323532104492,-1.7776155471801758,28,1006
-109.25350952148438,-3.213338613510132,34,-204.3462371826172,-6.010183334350586,34,-234.26646423339844,-6.890190124511719,34,-294.7774353027344,-6.1411967277526855,48,-192.11871337890625,-5.650550365447998,34,-231.4635009765625,-6.807750225067139,34,1007
-85.79623413085938,-2.0427675247192383,42,-169.426025390625,-4.0339531898498535,42,-179.72552490234375,-4.279179096221924,42,-174.49081420898438,-4.255873680114746,41,-163.33485412597656,-3.888925075531006,42,-184.04147338867188,-4.381939888000488,42,1008
-63.11358642578125,-1.539355754852295,41,-98.00994873046875,-2.390486478805542,41,-95.3460693359375,-2.3255138397216797,41,-94.89718627929688,-2.2594568729400635,42,-90.00907897949219,-2.195343494415283,41,-86.14242553710938,-2.1010348796844482,41,1009
-45.99046325683594,-1.1497615575790405,40,-127.45923614501953,-3.18648099899292,40,-96.76960754394531,-2.4192402362823486,40,-73.92428588867188,-2.640153169631958,28,-121.59159851074219,-3.039789915084839,40,-93.37384033203125,-2.334346055984497,40,1010
-63.28218078613281,-1.506718635559082,42,-51.317291259765625,-1.221840262413025,42,-47.70836639404297,-1.1359134912490845,42,-47.966461181640625,-1.169913649559021,41,-67.90997314453125,-1.6169041395187378,42,-59.0226936340332,-1.4053022861480713,42,1011
-115.73075866699219,-2.691412925720215,43,-139.59701538085938,-3.2464423179626465,43,-122.34326934814453,-2.8451921939849854,43,-114.17630004882812,-2.854407548904419,40,-134.5670166015625,-3.1294655799865723,43,-121.58203887939453,-2.8274893760681152,43,1012
-61.7774658203125,-3.6339685916900635,17,-84.55392456054688,-4.97376012802124,17,-69.97968292236328,-4.116451740264893,17,-69.04490661621094,-2.380858898162842,29,-77.82408142089844,-4.577887058258057,17,-67.96659088134766,-3.998034715652466,17,1013
-87.79688262939453,-2.832157611846924,31,-77.3022232055664,-2.4936201572418213,31,-75.0398941040039,-2.4206416606903076,31,-76.56748962402344,-2.2519850730895996,34,-76.34077453613281,-2.4626057147979736,31,-76.84393310546875,-2.4788365364074707,31,1014
-78.41879272460938,-2.7040963172912598,29,-63.8900146484375,-2.203104019165039,29,-48.43014144897461,-1.6700048446655273,29,-50.14292526245117,-1.6714308261871338,30,-75.17548370361328,-2.5922579765319824,29,-61.97058868408203,-2.1369168758392334,29,1015
-65.41513061523438,-1.9822766780853271,33,-99.18031311035156,-3.0054640769958496,33,-87.76151275634766,-2.6594398021698,33,-82.70280456542969,-2.297300100326538,36,-100.91192626953125,-3.0579371452331543,33,-93.17526245117188,-2.8234927654266357,33,1016
-68.60493469238281,-1.5954636335372925,43,-100.12442016601562,-2.328474998474121,43,-97.5888442993164,-2.269508123397827,43,-64.80773162841797,-2.2347493171691895,29,-101.97438049316406,-2.37149715423584,43,-86.43213653564453,-2.01004958152771,43,1017
-130.09165954589844,-2.550816774368286,51,-138.5315399169922,-2.7163047790527344,51,-136.65591430664062,-2.679527759552002,51,-80.561767578125,-2.0656864643096924,39,-157.30520629882812,-3.084415912628174,51,-152.7293243408203,-2.99469256401062,51,1018
-44.7814826965332,-0.9139078259468079,49,-102.38106536865234,-2.089409589767456,49,-92.16506958007812,-1.8809198141098022,49,-86.02487182617188,-1.8701058626174927,46,-108.43251037597656,-2.2129082679748535,49,-100.9342041015625,-2.0598816871643066,49,1019
-34.49256896972656,-1.3266372680664062,26,-119.44087219238281,-4.593879699707031,26,-112.94194793701172,-4.343921184539795,26,-104.5567626953125,-3.7341701984405518,28,-109.49574279785156,-4.211374759674072,26,-106.56171417236328,-4.098527431488037,26,1020
-77.48551940917969,-2.582850694656372,30,-89.83937072753906,-2.994645595550537,30,-82.9493408203125,-2.7649779319763184,30,-86.88902282714844,-2.7152819633483887,32,-79.81829071044922,-2.660609722137451,30,-77.25080871582031,-2.5750269889831543,30,1021
-94.6934585571289,-2.058553457260132,46,-220.85108947753906,-4.801110744476318,46,-235.39419555664062,-5.117265224456787,46,-232.6848602294922,-5.411275863647461,43,-224.8096466064453,-4.8871660232543945,46,-244.90664672851562,-5.324057579040527,46,1022
-82.96733856201172,-2.370495319366455,35,-89.49053955078125,-2.556872606277466,35,-92.19406127929688,-2.6341159343719482,35,-74.88658905029297,-2.582296133041382,29,-100.62983703613281,-2.875138282775879,35,-91.11004638671875,-2.6031441688537598,35,1023
-83.66496276855469,-1.8188035488128662,46,-130.85952758789062,-2.8447723388671875,46,-133.3919677734375,-2.89982533454895,46,-95.1029281616211,-2.8819069862365723,33,-138.40457153320312,-3.0087950229644775,46,-139.4020538330078,-3.0304794311523438,46,1024
-113.38572692871094,-2.9073262214660645,39,-208.93563842773438,-5.357324123382568,39,-245.44143676757812,-6.293370246887207,39,-285.87628173828125,-5.83420991897583,49,-204.2452392578125,-5.237057209014893,39,-239.3189697265625,-6.136384010314941,39,1025
-139.37307739257812,-2.9036056995391846,48,-116.43116760253906,-2.425649404525757,48,-102.11936950683594,-2.1274869441986084,48,-89.14006042480469,-1.9808902740478516,45,-122.88939666748047,-2.5601956844329834,48,-106.82000732421875,-2.225416898727417,48,1026
-113.33627319335938,-2.411410093307495,47,-129.42880249023438,-2.7538042068481445,47,-118.45121765136719,-2.5202386379241943,47,-85.59849548339844,-2.951672315597534,29,-145.07669067382812,-3.086738109588623,47,-113.93719482421875,-2.4241955280303955,47,1027
-44.584651947021484,-1.4861550331115723,30,-81.34397888183594,-2.711466073989868,30,-86.1315689086914,-2.8710522651672363,30,-100.32040405273438,-2.9506001472473145,34,-93.58256530761719,-3.1194188594818115,30,-92.59335327148438,-3.0864450931549072,30,1028
-89.0000991821289,-1.816328525543213,49,-138.39559936523438,-2.824399948120117,49,-111.82415771484375,-2.28212571144104,49,-58.96392822265625,-1.7867857217788696,33,-139.40223693847656,-2.8449435234069824,49,-127.92872619628906,-2.610790252685547,49,1029
-166.047607421875,-2.274624824523926,73,-167.88499450683594,-2.2997944355010986,73,-139.06314086914062,-1.9049745798110962,73,-138.81692504882812,-1.9016016721725464,73,-212.5968780517578,-2.9122860431671143,73,-186.85646057128906,-2.5596776008605957,73,1030
-82.01777648925781,-2.929206371307373,28,-73.80900573730469,-2.636035919189453,28,-72.30303955078125,-2.5822513103485107,28,-64.75662231445312,-2.1585540771484375,30,-89.56301879882812,-3.198679208755493,28,-85.19197082519531,-3.0425703525543213,28,1031
-66.6514892578125,-2.468573570251465,27,-91.31887817382812,-3.382180690765381,27,-73.27013397216797,-2.7137086391448975,27,-82.0062026977539,-2.6453614234924316,31,-83.81436157226562,-3.1042356491088867,27,-100.14772033691406,-3.709174871444702,27,1032
-51.407676696777344,-1.8359884023666382,28,-80.65231323242188,-2.8804397583007812,28,-69.69721221923828,-2.4891860485076904,28,-52.668678283691406,-1.5490788221359253,34,-87.71580505371094,-3.132707357406616,28,-81.11399841308594,-2.896928548812866,28,1033
-112.1473159790039,-3.204209089279175,35,-59.87422180175781,-1.710692048072815,35,-48.380706787109375,-1.3823058605194092,35,-17.17583465576172,-0.6606090068817139,26,-74.46566772460938,-2.1275904178619385,35,-46.946144104003906,-1.3413183689117432,35,1034
-102.16633605957031,-2.4325318336486816,42,-123.02824401855469,-2.929243803024292,42,-127.48544311523438,-3.035367727279663,42,-96.72483825683594,-2.686800956726074,36,-134.8134765625,-3.2098445892333984,42,-128.35540771484375,-3.0560810565948486,42,1035
-60.23316955566406,-1.6731436252593994,36,-103.31639862060547,-2.8698999881744385,36,-96.9720458984375,-2.6936678886413574,36,-79.33995056152344,-2.7358603477478027,29,-101.13143920898438,-2.80920672416687,36,-106.4522933959961,-2.957008123397827,36,1036
-81.78020477294922,-1.9946391582489014,41,-120.59402465820312,-2.941317558288574,41,-119.21603393554688,-2.907708168029785,41,-110.60304260253906,-2.6976351737976074,41,-144.28163146972656,-3.51906418800354,41,-134.82363891601562,-3.288381338119507,41,1037
-41.92414855957031,-1.0749781131744385,39,-83.59934997558594,-2.143573045730591,39,-64.08478546142578,-1.6431996822357178,39,-67.97817993164062,-1.5808879137039185,43,-113.4132308959961,-2.908031463623047,39,-97.45614624023438,-2.498875617980957,39,1038
-76.88701629638672,-1.922175407409668,40,-142.84725952148438,-3.571181535720825,40,-123.13656616210938,-3.07841420173645,40,-123.3115463256836,-2.8677103519439697,43,-125.7551040649414,-3.1438775062561035,40,-125.65208435058594,-3.1413021087646484,40,1039
-78.18791198730469,-2.0048182010650635,39,-109.57470703125,-2.809607982635498,39,-102.36746978759766,-2.6248068809509277,39,-84.61927032470703,-3.134047031402588,27,-118.91902923583984,-3.049205780029297,39,-109.58890533447266,-2.809972047805786,39,1040
-34.00331115722656,-1.4168046712875366,24,-59.92867660522461,-2.497028112411499,24,-60.440528869628906,-2.518355369567871,24,-52.15922546386719,-1.7985939979553223,29,-60.72705841064453,-2.530294179916382,24,-67.37059020996094,-2.807107925415039,24,1041
-49.23322296142578,-1.2956111431121826,38,-87.71829223632812,-2.3083760738372803,38,-68.55107879638672,-1.8039757013320923,38,-61.74079895019531,-1.8159058094024658,34,-80.8642807006836,-2.128007411956787,38,-64.2999267578125,-1.692103385925293,38,1042
-78.77269744873047,-1.7505043745040894,45,-117.57162475585938,-2.6127028465270996,45,-102.91127014160156,-2.286917209625244,45,-48.595741271972656,-1.7998422384262085,27,-109.63113403320312,-2.4362473487854004,45,-95.16134643554688,-2.114696502685547,45,1043
-95.74458312988281,-2.335233688354492,41,-129.38922119140625,-3.155834674835205,41,-130.52488708496094,-3.1835339069366455,41,-92.17022705078125,-3.072340965270996,30,-138.0628662109375,-3.367387056350708,41,-130.30918884277344,-3.1782729625701904,41,1044
-67.58078002929688,-2.0479023456573486,33,-116.71814727783203,-3.5369136333465576,33,-83.67693328857422,-2.5356645584106445,33,-54.72709655761719,-2.1890838146209717,25,-119.46759033203125,-3.620229959487915,33,-91.00668334960938,-2.7577781677246094,33,1045
-64.24769592285156,-2.0077404975891113,32,-88.46110534667969,-2.7644095420837402,32,-74.08727264404297,-2.3152272701263428,32,-72.63628387451172,-2.201099395751953,33,-87.76241302490234,-2.7425754070281982,32,-84.25358581542969,-2.6329245567321777,32,1046
-58.65365219116211,-1.7251074314117432,34,-91.02340698242188,-2.677159070968628,34,-104.17131042480469,-3.0638620853424072,34,-106.81440734863281,-2.272646903991699,47,-90.34516906738281,-2.6572108268737793,34,-124.81626892089844,-3.6710667610168457,34,1047
-71.61727142333984,-1.836340308189392,39,-69.42776489257812,-1.7801990509033203,39,-59.21832275390625,-1.518418550491333,39,-58.63055419921875,-1.332512617111206,44,-85.8529052734375,-2.2013566493988037,39,-70.25967407226562,-1.801530122756958,39,1048
-87.89176940917969,-2.7466177940368652,32,-107.801513671875,-3.3687973022460938,32,-92.37345123291016,-2.8866703510284424,32,-95.96168518066406,-2.284801959991455,42,-121.2523193359375,-3.789134979248047,32,-100.46937561035156,-3.1396679878234863,32,1049
-35.83647918701172,-1.1560155153274536,31,-38.4870719909668,-1.241518497467041,31,-43.875877380371094,-1.4153509140014648,31,-43.099937438964844,-1.3903205394744873,31,-49.49224853515625,-1.5965241193771362,31,-53.18002700805664,-1.7154847383499146,31,1050
-89.91719818115234,-2.8099124431610107,32,-187.502197265625,-5.859443664550781,32,-198.30014038085938,-6.1968793869018555,32,-293.76708984375,-6.250363826751709,47,-193.99900817871094,-6.062469005584717,32,-191.0282440185547,-5.969632625579834,32,1051
-101.41259002685547,-2.2046215534210205,46,-165.66026306152344,-3.6013100147247314,46,-154.32757568359375,-3.354947328567505,46,-107.10297393798828,-3.454934597015381,31,-181.2474822998047,-3.9401626586914062,46,-153.95106506347656,-3.346762180328369,46,1052
-82.59061431884766,-2.7530205249786377,30,-90.59034729003906,-3.0196783542633057,30,-98.06536865234375,-3.268845558166504,30,-73.05549621582031,-3.8450260162353516,19,-89.7256851196289,-2.990856170654297,30,-100.15235900878906,-3.338412046432495,30,1053
-73.6910400390625,-2.4563679695129395,30,-72.5772705078125,-2.4192423820495605,30,-85.77345275878906,-2.8591151237487793,30,-84.18365478515625,-2.475989818572998,34,-92.33059692382812,-3.0776865482330322,30,-95.16571044921875,-3.1721904277801514,30,1054
-66.08145141601562,-2.2027151584625244,30,-74.01726531982422,-2.4672422409057617,30,-101.47100830078125,-3.382366895675659,30,-64.93746948242188,-1.3252544403076172,49,-74.5728530883789,-2.485761880874634,30,-102.84479522705078,-3.4281599521636963,30,1055
-98.27597045898438,-2.0474159717559814,48,-145.56959533691406,-3.0326998233795166,48,-164.89974975585938,-3.4354114532470703,48,-160.70938110351562,-3.348112106323242,48,-159.77938842773438,-3.328737258911133,48,-166.14755249023438,-3.461407423019409,48,1056
-65.687255859375,-1.6021281480789185,41,-135.69541931152344,-3.3096444606781006,41,-137.74508666992188,-3.3596363067626953,41,-124.92381286621094,-3.7855701446533203,33,-142.93418884277344,-3.4861996173858643,41,-136.29119873046875,-3.3241755962371826,41,1057
-93.35895538330078,-2.9174673557281494,32,-77.38922882080078,-2.4184134006500244,32,-75.61308288574219,-2.3629088401794434,32,-69.41946411132812,-2.47926664352417,28,-97.19953918457031,-3.0374855995178223,32,-97.73641204833984,-3.05426287651062,32,1058
-64.36609649658203,-2.2987892627716064,28,-109.16801452636719,-3.898857593536377,28,-116.56072998046875,-4.162883281707764,28,-116.06993865966797,-4.464228630065918,26,-110.44630432128906,-3.9445109367370605,28,-122.64332580566406,-4.3801188468933105,28,1059
-71.93999481201172,-1.7546340227127075,41,-69.99897766113281,-1.707292079925537,41,-75.84672546386719,-1.8499201536178589,41,-67.89733123779297,-1.616603136062622,42,-86.01729583740234,-2.097982883453369,41,-86.67179870605469,-2.1139461994171143,41,1060
-171.16650390625,-4.890471458435059,35,-101.93024444580078,-2.912292718887329,35,-95.87159729003906,-2.7391884326934814,35,-107.40756225585938,-2.2852673530578613,47,-117.11495208740234,-3.3461415767669678,35,-112.02874755859375,-3.2008213996887207,35,1061
-63.39948654174805,-2.04514479637146,31,-67.5369873046875,-2.178612470626831,31,-56.570533752441406,-1.824855923652649,31,-69.33842468261719,-1.5758732557296753,44,-60.20011901855469,-1.941939353942871,31,-70.05030822753906,-2.2596874237060547,31,1062
-83.69329071044922,-2.8859755992889404,29,-87.17731475830078,-3.0061142444610596,29,-74.38729095458984,-2.5650789737701416,29,-56.749351501464844,-1.261096715927124,45,-99.08885192871094,-3.4168570041656494,29,-80.43582153320312,-2.773648977279663,29,1063
-57.43490219116211,-1.8527387380599976,31,-95.59071350097656,-3.083571434020996,31,-100.71316528320312,-3.248811721801758,31,-100.23397827148438,-2.2780449390411377,44,-109.99874877929688,-3.548346757888794,31,-107.34555053710938,-3.4627597332000732,31,1064
-72.38523864746094,-1.4772497415542603,49,-78.57457733154297,-1.603562831878662,49,-63.26007080078125,-1.2910218238830566,49,-65.36825561523438,-1.390813946723938,47,-95.21003723144531,-1.9430619478225708,49,-94.40443420410156,-1.9266210794448853,49,1065
-75.61722564697266,-2.2240359783172607,34,-85.47628784179688,-2.5140085220336914,34,-81.91370391845703,-2.409226655960083,34,-31.7381649017334,-1.2695266008377075,25,-102.56551361083984,-3.0166327953338623,34,-90.88873291015625,-2.6731979846954346,34,1066
-74.22987365722656,-2.1208534240722656,35,-106.01100158691406,-3.028885841369629,35,-87.55812072753906,-2.5016605854034424,35,-73.25354766845703,-2.713094472885132,27,-115.70932006835938,-3.305980682373047,35,-88.20326232910156,-2.5200932025909424,35,1067
-100.52104187011719,-2.3376986980438232,43,-87.65374755859375,-2.038459300994873,43,-114.13168334960938,-2.6542251110076904,43,-76.16644287109375,-2.240189552307129,34,-107.278564453125,-2.4948503971099854,43,-121.781494140625,-2.832127809524536,43,1068
-101.78219604492188,-2.3132317066192627,44,-106.527099609375,-2.4210703372955322,44,-101.06195068359375,-2.2968626022338867,44,-93.55387115478516,-2.5284829139709473,37,-113.4127426147461,-2.5775623321533203,44,-99.65762329101562,-2.2649459838867188,44,1069
-160.86158752441406,-4.233199596405029,38,-152.87640380859375,-4.0230631828308105,38,-126.60568237304688,-3.331728458404541,38,-107.75318145751953,-3.7156269550323486,29,-165.3522491455078,-4.351375102996826,38,-132.33822631835938,-3.4825849533081055,38,1070
-50.535301208496094,-2.406442880630493,21,-56.060752868652344,-2.6695597171783447,21,-72.33056640625,-3.444312572479248,21,-62.48701477050781,-2.0157101154327393,31,-73.88702392578125,-3.518429756164551,21,-71.5899887084961,-3.4090471267700195,21,1071
-74.697021484375,-2.5757594108581543,29,-75.75604248046875,-2.6122772693634033,29,-81.04185485839844,-2.794546604156494,29,-83.656494140625,-2.884706735610962,29,-92.00535583496094,-3.172598361968994,29,-97.4283447265625,-3.359598159790039,29,1072
-100.05493927001953,-1.887829065322876,53,-164.4827880859375,-3.1034488677978516,53,-140.57774353027344,-2.6524102687835693,53,-93.38409423828125,-3.458670139312744,27,-151.0177764892578,-2.8493919372558594,53,-137.74156188964844,-2.5988974571228027,53,1073
-105.93447875976562,-2.8630940914154053,37,-126.98907470703125,-3.4321372509002686,37,-117.74769592285156,-3.182370185852051,37,-127.17591094970703,-2.8903615474700928,44,-126.00349426269531,-3.4054999351501465,37,-105.24861145019531,-2.844557046890259,37,1074
-79.5318603515625,-1.6921672821044922,47,-112.03974914550781,-2.383824348449707,47,-77.18233489990234,-1.6421773433685303,47,-47.76496505737305,-1.2569727897644043,38,-124.28666687011719,-2.644397258758545,47,-84.62596893310547,-1.800552487373352,47,1075
-54.035884857177734,-1.8633064031600952,29,-77.92752075195312,-2.6871559619903564,29,-60.831172943115234,-2.0976266860961914,29,-56.02033615112305,-2.0007262229919434,28,-94.994140625,-3.2756600379943848,29,-71.24549102783203,-2.4567410945892334,29,1076
-87.89915466308594,-3.5159661769866943,25,-80.11772155761719,-3.2047088146209717,25,-76.43852233886719,-3.0575408935546875,25,-44.616416931152344,-2.230820894241333,20,-80.18156433105469,-3.2072625160217285,25,-69.712646484375,-2.788505792617798,25,1077
-31.827449798583984,-0.9946078062057495,32,-56.96092224121094,-1.7800288200378418,32,-57.962615966796875,-1.8113317489624023,32,-59.3082275390625,-1.6945208311080933,35,-68.56449890136719,-2.1426405906677246,32,-70.93839263916016,-2.216824769973755,32,1078
-79.66307830810547,-2.343031644821167,34,-77.83184814453125,-2.2891719341278076,34,-85.96827697753906,-2.5284786224365234,34,-128.9390869140625,-2.9985833168029785,43,-76.6897201538086,-2.255579948425293,34,-99.335693359375,-2.921638011932373,34,1079
-63.96786117553711,-1.5991965532302856,40,-208.05747985839844,-5.201436996459961,40,-235.8165283203125,-5.895413398742676,40,-305.53472900390625,-6.789660453796387,45,-201.8145751953125,-5.0453643798828125,40,-235.4279022216797,-5.885697364807129,40,1080
-44.85771942138672,-1.3193446397781372,34,-60.01639175415039,-1.7651879787445068,34,-62.00225830078125,-1.8235958814620972,34,-46.6401481628418,-1.1375645399093628,41,-75.35025024414062,-2.21618390083313,34,-72.53496551513672,-2.1333813667297363,34,1081
-129.0561065673828,-3.226402759552002,40,-92.17243194580078,-2.3043107986450195,40,-74.18856048583984,-1.854714035987854,40,-20.73009490966797,-0.9871473908424377,21,-119.73638916015625,-2.9934096336364746,40,-73.552978515625,-1.8388245105743408,40,1082
-54.09577941894531,-1.3870712518692017,39,-77.86415100097656,-1.9965167045593262,39,-104.54552459716797,-2.680654525756836,39,-67.63427734375,-2.2544758319854736,30,-77.89049530029297,-1.997192144393921,39,-104.57505798339844,-2.6814117431640625,39,1083
-102.00286865234375,-3.923187255859375,26,-82.96675872802734,-3.1910290718078613,26,-76.76982879638672,-2.952685832977295,26,-66.23197937011719,-1.4718217849731445,45,-80.08534240722656,-3.0802054405212402,26,-75.6811752319336,-2.9108145236968994,26,1084
-161.3319854736328,-3.3610830307006836,48,-140.93336486816406,-2.9361116886138916,48,-123.13569641113281,-2.5653269290924072,48,-103.78347778320312,-2.6611149311065674,39,-138.76614379882812,-2.8909614086151123,48,-127.05967712402344,-2.6470766067504883,48,1085
-92.62482452392578,-2.9878976345062256,31,-96.84587097167969,-3.1240603923797607,31,-90.38499450683594,-2.915644884109497,31,-100.32711029052734,-2.3887407779693604,42,-86.67961120605469,-2.796116590499878,31,-94.89897155761719,-3.0612571239471436,31,1086
-85.93357849121094,-2.3225290775299072,37,-88.62757873535156,-2.3953399658203125,37,-87.35650634765625,-2.3609867095947266,37,-95.07776641845703,-2.376944065093994,40,-101.07002258300781,-2.7316222190856934,37,-101.84828186035156,-2.7526562213897705,37,1087
-16.91035270690918,-0.9394640326499939,18,-57.252586364746094,-3.180699348449707,18,-74.50238037109375,-4.139020919799805,18,-132.09329223632812,-3.071937084197998,43,-63.21996307373047,-3.5122201442718506,18,-73.24459075927734,-4.069143772125244,18,1088
-83.13204956054688,-2.375201463699341,35,-93.16209411621094,-2.661774158477783,35,-73.7729263305664,-2.107797861099243,35,-75.16937255859375,-1.634116768836975,46,-99.35525512695312,-2.838721513748169,35,-87.13211822509766,-2.4894890785217285,35,1089
-55.78057861328125,-1.5937308073043823,35,-68.35321044921875,-1.9529489278793335,35,-61.00679016113281,-1.7430511713027954,35,-58.3109245300293,-1.3560680150985718,43,-71.71043395996094,-2.0488696098327637,35,-63.33173370361328,-1.8094781637191772,35,1090
-63.71656799316406,-2.1238856315612793,30,-102.68424987792969,-3.4228084087371826,30,-87.02934265136719,-2.9009780883789062,30,-87.071533203125,-3.0024666786193848,29,-110.97410583496094,-3.699136972427368,30,-87.63371276855469,-2.921123743057251,30,1091
-123.65090942382812,-2.8102478981018066,44,-138.60336303710938,-3.150076389312744,44,-116.20443725585938,-2.641010046005249,44,-80.76536560058594,-2.5239176750183105,32,-127.9693832397461,-2.9083950519561768,44,-140.04946899414062,-3.1829423904418945,44,1092
-63.994441986083984,-1.8821895122528076,34,-94.37803649902344,-2.775824546813965,34,-80.05990600585938,-2.354703187942505,34,-70.53001403808594,-2.2040629386901855,32,-109.9316177368164,-3.2332828044891357,34,-92.44303894042969,-2.7189128398895264,34,1093
-102.27066802978516,-3.195958375930786,32,-96.59117126464844,-3.0184741020202637,32,-96.1260757446289,-3.0039398670196533,32,-43.092742919921875,-1.9587610960006714,22,-102.26031494140625,-3.1956348419189453,32,-101.89820861816406,-3.184319019317627,32,1094
-98.37249755859375,-2.893308639526367,34,-92.2898178100586,-2.7144064903259277,34,-99.32921600341797,-2.921447515487671,34,-130.22276306152344,-2.657607316970825,49,-94.1300277709961,-2.7685301303863525,34,-98.7822265625,-2.9053595066070557,34,1095
-139.8057403564453,-3.9944496154785156,35,-104.67277526855469,-2.9906506538391113,35,-95.9525375366211,-2.7415010929107666,35,-82.82492065429688,-2.5882787704467773,32,-114.6124038696289,-3.2746400833129883,35,-111.86410522460938,-3.196117401123047,35,1096
-84.27720642089844,-3.0099003314971924,28,-73.05789184570312,-2.60921049118042,28,-66.6062240600586,-2.378793716430664,28,-63.07311248779297,-2.336041212081909,27,-79.38920593261719,-2.8353288173675537,28,-81.75425720214844,-2.919794797897339,28,1097
-43.82497787475586,-2.434720993041992,18,-46.23462677001953,-2.5685904026031494,18,-28.685070037841797,-1.5936150550842285,18,-30.971200942993164,-1.2904666662216187,24,-53.67073440551758,-2.9817075729370117,18,-25.2186279296875,-1.4010348320007324,18,1098
-54.44906997680664,-1.4328702688217163,38,-134.04246520996094,-3.527433395385742,38,-114.1507568359375,-3.00396728515625,38,-104.79380798339844,-3.74263596534729,28,-157.4234161376953,-4.142721652984619,38,-143.02041625976562,-3.763695240020752,38,1099
-71.72834777832031,-1.5939632654190063,45,-82.60848999023438,-1.8357442617416382,45,-82.7197265625,-1.8382161855697632,45,-79.38177490234375,-1.764039397239685,45,-90.33158111572266,-2.007368564605713,45,-91.9610595703125,-2.0435791015625,45,1100
-87.2481918334961,-2.0773379802703857,42,-90.75038146972656,-2.1607234477996826,42,-84.13764190673828,-2.00327730178833,42,-82.89739227294922,-1.8840316534042358,44,-100.05908966064453,-2.382359266281128,42,-92.12812805175781,-2.1935267448425293,42,1101
-124.56373596191406,-3.460103750228882,36,-108.73912811279297,-3.020531415939331,36,-97.53108978271484,-2.7091970443725586,36,-92.61886596679688,-2.315471649169922,40,-109.43372344970703,-3.039825677871704,36,-98.59455871582031,-2.7387378215789795,36,1102
-44.05405807495117,-1.5733592510223389,28,-85.05107116699219,-3.0375382900238037,28,-80.99832153320312,-2.8927972316741943,28,-68.26742553710938,-1.796511173248291,38,-86.73355102539062,-3.0976269245147705,28,-84.34004211425781,-3.0121443271636963,28,1103
-87.76103210449219,-2.371919870376587,37,-78.61958312988281,-2.1248536109924316,37,-58.55807113647461,-1.5826505422592163,37,-51.73801040649414,-1.521706223487854,34,-99.80419158935547,-2.6974105834960938,37,-85.99597930908203,-2.3242156505584717,37,1104
-35.17319107055664,-0.8374569416046143,42,-97.193359375,-2.3141276836395264,42,-102.7791976928711,-2.4471237659454346,42,-53.03673553466797,-1.5153353214263916,35,-104.95526123046875,-2.498934745788574,42,-117.20787811279297,-2.790663719177246,42,1105
-69.8418960571289,-1.6629022359848022,42,-85.61729431152344,-2.0385069847106934,42,-72.19036865234375,-1.7188183069229126,42,-65.29676818847656,-1.6742761135101318,39,-81.85637664794922,-1.9489613771438599,42,-75.94775390625,-1.8082798719406128,42,1106
-158.22357177734375,-3.3664588928222656,47,-167.337890625,-3.560380697250366,47,-135.2301025390625,-2.8772361278533936,47,-128.0152587890625,-4.414319038391113,29,-179.12254333496094,-3.8111178874969482,47,-135.0501251220703,-2.8734068870544434,47,1107
-22.019447326660156,-0.6881077289581299,32,-94.27667999267578,-2.946146249771118,32,-90.14506530761719,-2.817033290863037,32,-109.72093963623047,-2.8873932361602783,38,-91.08763122558594,-2.8464884757995605,32,-91.06306457519531,-2.8457207679748535,32,1108
-69.36763763427734,-2.6679861545562744,26,-80.59938049316406,-3.099976062774658,26,-66.80520629882812,-2.5694310665130615,26,-68.49254608154297,-2.2830848693847656,30,-69.8551025390625,-2.686734676361084,26,-78.56547546386719,-3.0217490196228027,26,1109
-120.02571105957031,-3.334047555923462,36,-112.59320831298828,-3.127589225769043,36,-97.44600677490234,-2.706833600997925,36,-80.9159164428711,-2.5286223888397217,32,-108.10952758789062,-3.003042459487915,36,-92.17941284179688,-2.5605392456054688,36,1110
-57.329524993896484,-1.19436514377594,48,-94.81289672851562,-1.9752687215805054,48,-172.6612548828125,-3.59710955619812,48,-78.4214096069336,-3.0162081718444824,26,-98.25212860107422,-2.046919345855713,48,-169.38845825195312,-3.528926134109497,48,1111
-61.06641387939453,-1.4201492071151733,43,-81.60271453857422,-1.8977375030517578,43,-101.4111099243164,-2.358397960662842,43,-85.82868957519531,-1.9073041677474976,45,-85.499267578125,-1.988355040550232,43,-100.11720275878906,-2.3283071517944336,43,1112
-90.05848693847656,-2.5730996131896973,35,-128.9947967529297,-3.685565710067749,35,-146.84271240234375,-4.1955060958862305,35,-135.17784118652344,-4.661304950714111,29,-124.37510681152344,-3.553574562072754,35,-141.98721313476562,-4.056777477264404,35,1113
-112.54562377929688,-2.394587755203247,47,-130.33432006835938,-2.7730705738067627,47,-119.46265411376953,-2.5417585372924805,47,-112.13258361816406,-2.803314685821533,40,-134.26539611816406,-2.85671067237854,47,-123.86417388916016,-2.6354079246520996,47,1114
-92.734375,-2.318359375,40,-132.659423828125,-3.316485643386841,40,-98.69784545898438,-2.4674460887908936,40,-67.56320190429688,-2.329765558242798,29,-130.7436065673828,-3.268590211868286,40,-104.4516372680664,-2.61129093170166,40,1115
-83.93403625488281,-1.7129395008087158,49,-182.78945922851562,-3.7303972244262695,49,-167.31439208984375,-3.414579391479492,49,-89.52424621582031,-3.087043046951294,29,-180.63844299316406,-3.6864988803863525,49,-162.99307250976562,-3.3263893127441406,49,1116
-69.00492095947266,-1.6047656536102295,43,-111.45974731445312,-2.5920870304107666,43,-102.81001281738281,-2.390930414199829,43,-82.05589294433594,-2.344454050064087,35,-102.2301025390625,-2.377444267272949,43,-100.36580657958984,-2.3340885639190674,43,1117
-44.69242477416992,-1.0900591611862183,41,-79.64115905761719,-1.9424673318862915,41,-88.96690368652344,-2.16992449760437,41,-45.61793518066406,-1.1696906089782715,39,-88.3630599975586,-2.1551966667175293,41,-83.94181823730469,-2.047361373901367,41,1118
-147.39051818847656,-2.947810411453247,50,-120.52378845214844,-2.410475730895996,50,-108.9328384399414,-2.178656816482544,50,-60.038917541503906,-1.9367393255233765,31,-130.01651000976562,-2.600330114364624,50,-122.46231079101562,-2.4492461681365967,50,1119
-81.47906494140625,-2.202136993408203,37,-89.24361419677734,-2.411989688873291,37,-67.65868377685547,-1.828613042831421,37,-62.79084014892578,-1.6970497369766235,37,-84.35612487792969,-2.279895305633545,37,-64.86708068847656,-1.753164291381836,37,1120
-90.20478057861328,-3.1105096340179443,29,-71.13436126708984,-2.452908992767334,29,-77.31963348388672,-2.666194200515747,29,-78.62385559082031,-2.711167335510254,29,-72.67449951171875,-2.5060172080993652,29,-86.62516021728516,-2.987074375152588,29,1121
-80.73191833496094,-2.0182979106903076,40,-101.94757843017578,-2.548689365386963,40,-107.98716735839844,-2.699679136276245,40,-87.25337219238281,-2.4237048625946045,36,-100.62525939941406,-2.5156314373016357,40,-107.10467529296875,-2.677616834640503,40,1122
-123.51249694824219,-3.98427414894104,31,-114.77017211914062,-3.702263593673706,31,-81.7705078125,-2.637758255004883,31,-110.5213623046875,-4.0933837890625,27,-106.81427764892578,-3.445621967315674,31,-87.53506469726562,-2.82371187210083,31,1123
-67.27810668945312,-1.8183271884918213,37,-78.70968627929688,-2.127288818359375,37,-82.14613342285156,-2.220165729522705,37,-80.10263061523438,-2.0539135932922363,39,-90.12963104248047,-2.4359359741210938,37,-107.99400329589844,-2.9187569618225098,37,1124
-122.37443542480469,-1.9737812280654907,62,-202.90438842773438,-3.272651433944702,62,-170.01763916015625,-2.742219924926758,62,-174.44430541992188,-2.6430954933166504,66,-194.23513793945312,-3.1328248977661133,62,-170.6376953125,-2.752220869064331,62,1125
-79.02417755126953,-2.0795836448669434,38,-97.87519836425781,-2.5756630897521973,38,-134.69970703125,-3.544729232788086,38,-164.21432495117188,-3.2842864990234375,50,-111.2757797241211,-2.928309917449951,38,-126.98561096191406,-3.341726541519165,38,1126
-93.77617645263672,-2.679319381713867,35,-152.15664672851562,-4.347332954406738,35,-210.56344604492188,-6.016098499298096,35,-294.9637451171875,-6.145078182220459,48,-134.97869873046875,-3.856534242630005,35,-206.92652893066406,-5.912186622619629,35,1127
-60.23872375488281,-1.4342553615570068,42,-77.54852294921875,-1.846393346786499,42,-88.4045639038086,-2.104870557785034,42,-75.90899658203125,-1.7653255462646484,43,-94.99736022949219,-2.2618420124053955,42,-97.03289794921875,-2.310307025909424,42,1128
-79.91947937011719,-2.497483730316162,32,-87.71670532226562,-2.741147041320801,32,-63.87934494018555,-1.9962295293807983,32,-57.006004333496094,-1.5835001468658447,36,-92.94619750976562,-2.904568672180176,32,-82.56729125976562,-2.580227851867676,32,1129
-51.9842414855957,-1.237720012664795,42,-84.27874755859375,-2.00663685798645,42,-83.61134338378906,-1.990746259689331,42,-65.98487854003906,-1.7833751440048218,37,-100.37922668457031,-2.389981508255005,42,-102.63175964355469,-2.443613290786743,42,1130
-94.35040283203125,-2.419241189956665,39,-116.42202758789062,-2.985180139541626,39,-103.64395141601562,-2.6575372219085693,39,-63.018959045410156,-2.4238061904907227,26,-121.65328979492188,-3.1193151473999023,39,-107.1967544555664,-2.7486348152160645,39,1131
-70.36360168457031,-1.5296435356140137,46,-69.71009826660156,-1.5154368877410889,46,-67.18907165527344,-1.4606319665908813,46,-60.08790588378906,-1.2017581462860107,50,-88.41218566894531,-1.922003984451294,46,-69.12423706054688,-1.5027008056640625,46,1132
-58.53385543823242,-3.2518808841705322,18,-80.14354705810547,-4.452419281005859,18,-67.1114501953125,-3.7284138202667236,18,-69.26766204833984,-2.099020004272461,33,-80.79023742675781,-4.488346576690674,18,-73.14645385742188,-4.063692092895508,18,1133
-123.01283264160156,-3.6180245876312256,34,-130.71592712402344,-3.844586133956909,34,-116.79911804199219,-3.4352681636810303,34,-67.72207641601562,-3.224860668182373,21,-143.86273193359375,-4.23125696182251,34,-134.06552124023438,-3.943103551864624,34,1134
-92.22149658203125,-2.305537462234497,40,-99.71769714355469,-2.4929423332214355,40,-98.40739440917969,-2.4601848125457764,40,-90.95130920410156,-2.6750385761260986,34,-97.93023681640625,-2.448256015777588,40,-99.56163024902344,-2.4890408515930176,40,1135
-141.97515869140625,-3.226708173751831,44,-119.35189056396484,-2.71254301071167,44,-107.07706451416016,-2.4335696697235107,44,-67.9105224609375,-2.263684034347534,30,-151.2781524658203,-3.4381399154663086,44,-118.73088073730469,-2.6984291076660156,44,1136
-67.62052154541016,-2.33174204826355,29,-48.89154815673828,-1.685915470123291,29,-49.71148681640625,-1.7141891717910767,29,-45.881263732910156,-1.5821125507354736,29,-58.05570983886719,-2.0019209384918213,29,-56.23396301269531,-1.9391021728515625,29,1137
-75.74311828613281,-1.8473931550979614,41,-121.8503646850586,-2.9719600677490234,41,-130.91493225097656,-3.193047046661377,41,-85.78170776367188,-3.2992963790893555,26,-115.4415054321289,-2.8156464099884033,41,-121.3331069946289,-2.9593441486358643,41,1138
-45.175819396972656,-1.4572844505310059,31,-83.89138793945312,-2.706173896789551,31,-130.60867309570312,-4.2131829261779785,31,-137.09324645996094,-3.115755558013916,44,-97.08993530273438,-3.1319334506988525,31,-143.47198486328125,-4.628128528594971,31,1139
-69.74661254882812,-2.2498908042907715,31,-88.84181213378906,-2.8658649921417236,31,-100.05836486816406,-3.227689266204834,31,-81.48340606689453,-3.395141839981079,24,-113.33956909179688,-3.6561150550842285,31,-111.46647644042969,-3.5956928730010986,31,1140
-26.87494468688965,-1.221588373184204,22,-44.14448547363281,-2.0065674781799316,22,-32.58549118041992,-1.48115873336792,22,-30.14434051513672,-1.4354448318481445,21,-60.814849853515625,-2.7643113136291504,22,-49.558162689208984,-2.2526438236236572,22,1141
-82.2083969116211,-2.10790753364563,39,-107.57966613769531,-2.758452892303467,39,-107.36796569824219,-2.7530248165130615,39,-68.95529174804688,-2.3777687549591064,29,-122.14720153808594,-3.131979465484619,39,-109.20712280273438,-2.800182580947876,39,1142
-85.90132141113281,-2.321657419204712,37,-119.2142562866211,-3.2220070362091064,37,-95.63529205322266,-2.584737539291382,37,-81.32957458496094,-2.4645326137542725,33,-124.59300231933594,-3.3673784732818604,37,-102.27632141113281,-2.7642250061035156,37,1143
-53.00899124145508,-1.6565309762954712,32,-97.02066040039062,-3.031895637512207,32,-100.26168823242188,-3.1331777572631836,32,-123.0152359008789,-3.4170899391174316,36,-100.20600891113281,-3.1314377784729004,32,-102.04122161865234,-3.1887881755828857,32,1144
-61.5883674621582,-1.9246364831924438,32,-67.43791961669922,-2.1074349880218506,32,-70.28840637207031,-2.1965126991271973,32,-57.31603240966797,-1.5490819215774536,37,-72.44242095947266,-2.2638256549835205,32,-75.35416412353516,-2.3548176288604736,32,1145
-34.608497619628906,-0.5966982245445251,58,-91.08430480957031,-1.5704190731048584,58,-98.00772094726562,-1.6897883415222168,58,-36.333553314208984,-0.773054301738739,47,-100.26632690429688,-1.7287297248840332,58,-116.47425842285156,-2.008176803588867,58,1146
-77.43269348144531,-1.6833194494247437,46,-232.830078125,-5.0615234375,46,-271.3492431640625,-5.89889669418335,46,-263.8406982421875,-5.863126754760742,45,-221.49649047851562,-4.815141201019287,46,-260.7930908203125,-5.66941499710083,46,1147
-13.805097579956055,-0.7265840768814087,19,-49.700706481933594,-2.6158266067504883,19,-68.19530487060547,-3.589226484298706,19,-107.82608032226562,-3.369565010070801,32,-71.01487731933594,-3.7376251220703125,19,-70.15437316894531,-3.692335367202759,19,1148
-74.54568481445312,-2.0147483348846436,37,-142.4924774169922,-3.8511481285095215,37,-137.70843505859375,-3.7218496799468994,37,-82.69019317626953,-4.352115631103516,19,-128.07302856445312,-3.461433172225952,37,-138.642578125,-3.7470967769622803,37,1149
-122.3980712890625,-4.533261775970459,27,-83.51549530029297,-3.0931665897369385,27,-47.908477783203125,-1.774388074874878,27,-72.60127258300781,-1.650028944015503,44,-81.89309692382812,-3.0330777168273926,27,-56.855873107910156,-2.1057729721069336,27,1150
-96.03614044189453,-2.233398675918579,43,-109.07572174072266,-2.536644697189331,43,-86.7963638305664,-2.0185201168060303,43,-83.83638763427734,-1.8225301504135132,46,-112.9603271484375,-2.6269843578338623,43,-87.34263610839844,-2.031224012374878,43,1151
-62.995967864990234,-2.2498559951782227,28,-82.91886901855469,-2.961388111114502,28,-75.52616882324219,-2.6973631381988525,28,-94.56034851074219,-2.555685043334961,37,-97.77351379394531,-3.4919111728668213,28,-84.79876708984375,-3.0285274982452393,28,1152
-81.38356018066406,-1.627671241760254,50,-115.02932739257812,-2.300586462020874,50,-105.68667602539062,-2.1137335300445557,50,-65.87779235839844,-2.439918279647827,27,-143.58944702148438,-2.87178897857666,50,-132.20455932617188,-2.6440911293029785,50,1153
-100.40078735351562,-2.9529643058776855,34,-155.00924682617188,-4.55909538269043,34,-216.20425415039062,-6.358948707580566,34,-299.48162841796875,-6.111869812011719,49,-167.95083618164062,-4.939730644226074,34,-223.54083251953125,-6.574730396270752,34,1154
-91.78817749023438,-2.415478467941284,38,-139.49179077148438,-3.6708366870880127,38,-142.8826904296875,-3.76007080078125,38,-143.14306640625,-3.76692271232605,38,-155.25320434570312,-4.085610866546631,38,-172.52149963378906,-4.540039539337158,38,1155
-69.8565673828125,-1.9959019422531128,35,-107.24168395996094,-3.0640480518341064,35,-94.87884521484375,-2.7108242511749268,35,-94.47882080078125,-2.7787888050079346,34,-114.28390502929688,-3.265254497528076,35,-102.18019104003906,-2.919434070587158,35,1156
-92.9910888671875,-3.321110248565674,28,-124.71690368652344,-4.454174995422363,28,-123.43388366699219,-4.408352851867676,28,-122.07164001464844,-3.2992334365844727,37,-119.62049102783203,-4.272160530090332,28,-113.98518371582031,-4.070899486541748,28,1157
-98.8023452758789,-1.4746618270874023,67,-142.4585418701172,-2.126246929168701,67,-150.92245483398438,-2.2525739669799805,67,-45.36758041381836,-1.8147032260894775,25,-150.20437622070312,-2.241856336593628,67,-165.70709228515625,-2.4732401371002197,67,1158
-75.13571166992188,-1.5333818197250366,49,-120.98502349853516,-2.4690821170806885,49,-114.19877624511719,-2.330587387084961,49,-59.639495849609375,-2.0565342903137207,29,-106.39968872070312,-2.171422243118286,49,-102.90055847167969,-2.1000113487243652,49,1159
-73.08370971679688,-2.0881059169769287,35,-102.0228042602539,-2.9149372577667236,35,-88.70152282714844,-2.5343291759490967,35,-95.3697509765625,-2.445378303527832,39,-114.75531005859375,-3.2787232398986816,35,-103.72891998291016,-2.9636833667755127,35,1160
-104.41464233398438,-2.546698570251465,41,-118.01371765136719,-2.8783833980560303,41,-106.81292724609375,-2.6051933765411377,41,-84.84956359863281,-2.5711989402770996,33,-121.70803833007812,-2.9684886932373047,41,-117.03457641601562,-2.854501962661743,41,1161
-63.0849494934082,-1.9714046716690063,32,-77.97200775146484,-2.4366252422332764,32,-84.32000732421875,-2.635000228881836,32,-83.62513732910156,-2.322920560836792,36,-78.32279968261719,-2.447587490081787,32,-80.0149154663086,-2.5004661083221436,32,1162
-90.81723022460938,-2.3286468982696533,39,-112.37344360351562,-2.8813703060150146,39,-102.60704040527344,-2.6309497356414795,39,-73.9326171875,-2.549400568008423,29,-123.61997985839844,-3.169743061065674,39,-113.5405044555664,-2.911294937133789,39,1163
-104.576171875,-2.6144042015075684,40,-107.37952423095703,-2.68448805809021,40,-128.407958984375,-3.2101988792419434,40,-122.56626892089844,-2.9894211292266846,41,-106.72181701660156,-2.6680455207824707,40,-131.3126220703125,-3.282815456390381,40,1164
-90.53546142578125,-2.057624101638794,44,-191.27798461914062,-4.347227096557617,44,-193.98565673828125,-4.408764839172363,44,-177.36758422851562,-4.793718338012695,37,-189.13699340820312,-4.298568248748779,44,-196.59640502929688,-4.468100070953369,44,1165
-57.56231689453125,-2.0557971000671387,28,-66.76412200927734,-2.3844330310821533,28,-39.91679000854492,-1.4255996942520142,28,-31.146873474121094,-1.1535879373550415,27,-51.691307067871094,-1.8461180925369263,28,-42.782440185546875,-1.5279443264007568,28,1166
-88.56431579589844,-2.3306398391723633,38,-170.3673095703125,-4.4833502769470215,38,-205.68692016601562,-5.412813663482666,38,-264.5941162109375,-5.5123772621154785,48,-180.58279418945312,-4.75217866897583,38,-210.47329711914062,-5.538771152496338,38,1167
-76.50711059570312,-2.0133450031280518,38,-121.86830139160156,-3.2070605754852295,38,-94.72496795654297,-2.492762327194214,38,-109.50250244140625,-2.4333889484405518,45,-119.20315551757812,-3.136925220489502,38,-86.4723892211914,-2.2755892276763916,38,1168
-103.64640045166016,-2.8790667057037354,36,-114.90756225585938,-3.1918766498565674,36,-95.36404418945312,-2.649001121520996,36,-78.18778991699219,-3.127511501312256,25,-113.52276611328125,-3.1534101963043213,36,-122.3449478149414,-3.398470878601074,36,1169
-140.65481567382812,-3.348924160003662,42,-185.79263305664062,-4.423634052276611,42,-191.5919952392578,-4.561714172363281,42,-214.963134765625,-4.776958465576172,45,-175.86099243164062,-4.187166690826416,42,-176.3555450439453,-4.198941707611084,42,1170
-83.25070190429688,-2.5227484703063965,33,-100.15876007080078,-3.035114049911499,33,-99.34198760986328,-3.0103633403778076,33,-82.31307220458984,-3.0486323833465576,27,-95.08627319335938,-2.8814022541046143,33,-95.00093841552734,-2.8788163661956787,33,1171
-89.59878540039062,-2.421588897705078,37,-166.6519775390625,-4.504107475280762,37,-156.0115966796875,-4.216529846191406,37,-149.20713806152344,-4.1446428298950195,36,-162.19760131835938,-4.383718967437744,37,-150.10086059570312,-4.056779861450195,37,1172
-133.81484985351562,-3.431149959564209,39,-140.2924041748047,-3.597241163253784,39,-124.66153717041016,-3.1964497566223145,39,-176.1218719482422,-3.669205665588379,48,-138.6842041015625,-3.5560052394866943,39,-133.27708435058594,-3.41736102104187,39,1173
-48.93781280517578,-1.5786391496658325,31,-70.7995376586914,-2.283856153488159,31,-75.80409240722656,-2.4452931880950928,31,-78.59625244140625,-2.2456071376800537,35,-70.95332336425781,-2.2888169288635254,31,-80.25753784179688,-2.5889527797698975,31,1174
-56.03186798095703,-1.8074796199798584,31,-83.37016296386719,-2.6893601417541504,31,-80.84751892089844,-2.6079845428466797,31,-43.23754119873047,-1.8015642166137695,24,-85.79536437988281,-2.767592430114746,31,-74.3365249633789,-2.3979523181915283,31,1175
-55.57759094238281,-1.543821930885315,36,-78.94576263427734,-2.1929378509521484,36,-83.48757934570312,-2.3190994262695312,36,-94.2484130859375,-2.356210231781006,40,-75.89798736572266,-2.1082773208618164,36,-87.60347747802734,-2.4334299564361572,36,1176
-73.4893798828125,-1.9339309930801392,38,-81.03366088867188,-2.132464647293091,38,-103.72217559814453,-2.7295310497283936,38,-69.8482666015625,-2.4945809841156006,28,-77.12688446044922,-2.0296547412872314,38,-92.2914810180664,-2.428723096847534,38,1177
-78.09403991699219,-2.7890727519989014,28,-68.21211242675781,-2.4361469745635986,28,-79.33407592773438,-2.833359956741333,28,-135.92477416992188,-2.773974895477295,49,-75.41526794433594,-2.6934025287628174,28,-85.94973754882812,-3.0696334838867188,28,1178
-103.91532897949219,-2.8085224628448486,37,-142.37490844726562,-3.847970485687256,37,-138.13946533203125,-3.733499050140381,37,-148.04286193847656,-4.229795932769775,35,-137.34515380859375,-3.712031126022339,37,-142.937255859375,-3.8631691932678223,37,1179
-94.10556030273438,-3.1368520259857178,30,-96.29937744140625,-3.209979295730591,30,-81.09363555908203,-2.7031211853027344,30,-34.56040954589844,-1.5709277391433716,22,-78.1375732421875,-2.604585886001587,30,-76.24279022216797,-2.541426420211792,30,1180
-79.93206787109375,-1.949562668800354,41,-119.72579956054688,-2.9201414585113525,41,-133.57333374023438,-3.2578861713409424,41,-84.56564331054688,-3.1320607662200928,27,-114.20071411132812,-2.7853832244873047,41,-119.53019714355469,-2.9153707027435303,41,1181
-62.32518005371094,-2.397122383117676,26,-48.86700439453125,-1.879500150680542,26,-50.621673583984375,-1.9469873905181885,26,-49.69668197631836,-1.7136787176132202,29,-58.87406539916992,-2.2643871307373047,26,-62.80220031738281,-2.415469169616699,26,1182
-71.04142761230469,-2.2200446128845215,32,-71.49981689453125,-2.2343692779541016,32,-71.1241455078125,-2.2226295471191406,32,-88.78561401367188,-2.1655027866363525,41,-67.55461120605469,-2.111081600189209,32,-85.04448699951172,-2.657640218734741,32,1183
-62.18379211425781,-1.7766797542572021,35,-68.78309631347656,-1.9652312994003296,35,-66.01138305664062,-1.8860394954681396,35,-62.48627471923828,-1.7853221893310547,35,-62.84196472167969,-1.7954846620559692,35,-64.97749328613281,-1.8564997911453247,35,1184
-60.192501068115234,-3.5407352447509766,17,-111.65603637695312,-6.568002223968506,17,-99.02793884277344,-5.8251729011535645,17,-130.486328125,-3.624620199203491,36,-103.09861755371094,-6.064624786376953,17,-89.36167907714844,-5.2565693855285645,17,1185
-62.28497314453125,-2.7080423831939697,23,-55.022308349609375,-2.3922743797302246,23,-52.46601104736328,-2.2811310291290283,23,-46.155433654785156,-2.006757974624634,23,-62.30335998535156,-2.7088418006896973,23,-52.90629577636719,-2.3002736568450928,23,1186
-62.636322021484375,-1.8422447443008423,34,-99.01962280273438,-2.912341833114624,34,-54.254310607910156,-1.595715045928955,34,-39.75389099121094,-1.656412124633789,24,-109.27082824707031,-3.2138478755950928,34,-65.26754760742188,-1.9196337461471558,34,1187
-87.62052917480469,-2.920684337615967,30,-87.84007263183594,-2.92800235748291,30,-61.925621032714844,-2.0641872882843018,30,-20.579191207885742,-0.6430997252464294,32,-94.59632110595703,-3.1532106399536133,30,-57.03770446777344,-1.901256799697876,30,1188
-87.6101303100586,-1.99113929271698,44,-80.98387908935547,-1.8405426740646362,44,-78.63734436035156,-1.7872123718261719,44,-60.26771926879883,-1.5453261137008667,39,-108.28289794921875,-2.460974931716919,44,-83.59970092773438,-1.8999931812286377,44,1189
-88.2456283569336,-2.4512674808502197,36,-103.51168823242188,-2.8753247261047363,36,-97.4929428100586,-2.708137273788452,36,-73.93095397949219,-2.5493433475494385,29,-102.1141357421875,-2.836503744125366,36,-95.22380065917969,-2.6451056003570557,36,1190
-90.36288452148438,-2.3169970512390137,39,-89.43049621582031,-2.2930896282196045,39,-90.27182006835938,-2.314661979675293,39,-82.60726928710938,-2.23262882232666,37,-101.77896881103516,-2.6097171306610107,39,-95.79171752929688,-2.45619797706604,39,1191
-86.52316284179688,-2.110321044921875,41,-77.59817504882812,-1.8926384449005127,41,-66.04769134521484,-1.6109193563461304,41,-67.9837875366211,-1.5107508897781372,45,-102.69126892089844,-2.5046651363372803,41,-79.86051940917969,-1.9478175640106201,41,1192
-82.10911560058594,-1.9549789428710938,42,-80.48284912109375,-1.9162583351135254,42,-74.72357177734375,-1.779132604598999,42,-55.83358383178711,-1.6919268369674683,33,-95.5887451171875,-2.2759225368499756,42,-85.06422424316406,-2.025338649749756,42,1193
-129.02464294433594,-2.6880133152008057,48,-158.77317810058594,-3.307774543762207,48,-126.96870422363281,-2.64518141746521,48,-100.69990539550781,-2.721619129180908,37,-154.46566772460938,-3.2180347442626953,48,-127.97802734375,-2.6662089824676514,48,1194
-128.73971557617188,-2.860882520675659,45,-113.37923431396484,-2.519538640975952,45,-102.65736389160156,-2.2812747955322266,45,-71.37704467773438,-2.162940740585327,33,-104.24249267578125,-2.316499948501587,45,-100.94796752929688,-2.243288278579712,45,1195
-76.86822509765625,-2.846971273422241,27,-70.85589599609375,-2.6242923736572266,27,-67.16484069824219,-2.487586736679077,27,-80.11296081542969,-1.9539746046066284,41,-61.58195495605469,-2.280813217163086,27,-57.471824645996094,-2.1285860538482666,27,1196
-72.52981567382812,-2.133229970932007,34,-85.47763061523438,-2.514047861099243,34,-78.91705322265625,-2.321089744567871,34,-55.19283676147461,-2.628230333328247,21,-74.61909484863281,-2.1946792602539062,34,-89.63175964355469,-2.636228322982788,34,1197
-132.42227172851562,-2.4985334873199463,53,-134.424560546875,-2.5363125801086426,53,-120.95474243164062,-2.282165050506592,53,-65.98854064941406,-1.940839409828186,34,-132.57142639160156,-2.501347780227661,53,-127.72478485107422,-2.4099016189575195,53,1198
-73.68170166015625,-2.728951930999756,27,-72.74321746826172,-2.694193124771118,27,-98.26055908203125,-3.639280080795288,27,-79.35928344726562,-2.6453094482421875,30,-87.10487365722656,-3.2261064052581787,27,-101.97416687011719,-3.7768208980560303,27,1199
-96.85450744628906,-2.362305164337158,41,-110.45286560058594,-2.69397234916687,41,-102.7379150390625,-2.505802869796753,41,-99.87019348144531,-2.4967548847198486,40,-119.3724365234375,-2.91152286529541,41,-113.65983581542969,-2.772191047668457,41,1200
-58.96590805053711,-1.9021260738372803,31,-86.72970581054688,-2.797732353210449,31,-101.49923706054688,-3.2741689682006836,31,-97.6517333984375,-3.051616668701172,32,-101.6880874633789,-3.2802608013153076,31,-104.92240905761719,-3.3845937252044678,31,1201
-39.987884521484375,-1.0253304243087769,39,-94.89668273925781,-2.433248281478882,39,-91.3333511352539,-2.3418807983398438,39,-72.57331848144531,-2.1991915702819824,33,-101.48503112792969,-2.602180242538452,39,-89.23906707763672,-2.2881813049316406,39,1202
-148.016357421875,-3.3640081882476807,44,-128.2357940673828,-2.91444993019104,44,-119.3424072265625,-2.712327480316162,44,-51.39080810546875,-2.1412837505340576,24,-122.56657409667969,-2.7856040000915527,44,-110.86978149414062,-2.5197677612304688,44,1203
-105.06096649169922,-3.1836657524108887,33,-88.79083251953125,-2.69063138961792,33,-95.62641143798828,-2.8977699279785156,33,-72.4730224609375,-1.7676347494125366,41,-94.38043975830078,-2.860013246536255,33,-90.31407928466797,-2.736790180206299,33,1204
-68.01808166503906,-1.9433737993240356,35,-123.64690399169922,-3.532768726348877,35,-110.25196838378906,-3.1500561237335205,35,-170.8491668701172,-3.7141122817993164,46,-123.7269287109375,-3.535055160522461,35,-114.49687957763672,-3.2713394165039062,35,1205
-138.61727905273438,-2.100261688232422,66,-192.16775512695312,-2.911632537841797,66,-190.63601684570312,-2.8884243965148926,66,-75.67771911621094,-2.364928722381592,32,-180.26229858398438,-2.7312469482421875,66,-187.03530883789062,-2.8338682651519775,66,1206
-109.59764099121094,-2.739941120147705,40,-123.94805908203125,-3.0987014770507812,40,-109.71128845214844,-2.7427821159362793,40,-93.3875732421875,-3.1129190921783447,30,-124.60599517822266,-3.115149974822998,40,-118.90609741210938,-2.9726524353027344,40,1207
-54.378395080566406,-1.3594598770141602,40,-151.14947509765625,-3.7787368297576904,40,-122.60953521728516,-3.0652384757995605,40,-73.37844848632812,-2.7177202701568604,27,-144.2947998046875,-3.607369899749756,40,-121.80997467041016,-3.0452494621276855,40,1208
-86.64830017089844,-2.1662075519561768,40,-99.378662109375,-2.484466552734375,40,-99.22905731201172,-2.480726480484009,40,-93.9921875,-2.6854910850524902,35,-101.98101806640625,-2.549525499343872,40,-120.21345520019531,-3.005336284637451,40,1209
-82.63055419921875,-2.360872983932495,35,-181.7352752685547,-5.192436218261719,35,-218.1969757080078,-6.234199523925781,35,-279.73583984375,-5.827829837799072,48,-180.1014404296875,-5.145755290985107,35,-232.09683227539062,-6.631338119506836,35,1210
-63.65880584716797,-1.3262251615524292,48,-64.14424133300781,-1.3363384008407593,48,-64.3831787109375,-1.3413162231445312,48,-55.530784606933594,-1.1332813501358032,49,-69.35176086425781,-1.4448283910751343,48,-68.9779281616211,-1.4370402097702026,48,1211
-96.20835876464844,-3.3175296783447266,29,-114.99267578125,-3.9652647972106934,29,-115.48623657226562,-3.9822840690612793,29,-114.40670776367188,-3.945058822631836,29,-109.50126647949219,-3.7759058475494385,29,-116.58206176757812,-4.020071029663086,29,1212
-75.29507446289062,-2.8959643840789795,26,-178.5340576171875,-6.866694450378418,26,-184.01889038085938,-7.0776495933532715,26,-261.3966369628906,-6.223729610443115,42,-183.687255859375,-7.064894676208496,26,-202.54690551757812,-7.7902655601501465,26,1213
-108.90090942382812,-3.512932538986206,31,-122.26193237304688,-3.9439332485198975,31,-90.09839630126953,-2.906399965286255,31,-89.7252197265625,-2.3006465435028076,39,-130.288818359375,-4.202865123748779,31,-100.18684387207031,-3.2318336963653564,31,1214
-84.98098754882812,-3.2684996128082275,26,-99.76038360595703,-3.83693790435791,26,-92.86849975585938,-3.5718653202056885,26,-79.00232696533203,-2.394009828567505,33,-100.2862548828125,-3.857163667678833,26,-97.86474609375,-3.764028787612915,26,1215
-54.074012756347656,-1.175521969795227,46,-113.43429565429688,-2.4659628868103027,46,-124.38905334472656,-2.7041099071502686,46,-96.25648498535156,-2.831073045730591,34,-119.30448913574219,-2.593575954437256,46,-127.418701171875,-2.7699718475341797,46,1216
-117.04073333740234,-3.001044511795044,39,-124.59265899658203,-3.19468355178833,39,-108.30072784423828,-2.7769417762756348,39,-57.76402282714844,-2.310560941696167,25,-131.27345275878906,-3.365985870361328,39,-123.21133422851562,-3.1592650413513184,39,1217
-74.99681854248047,-1.9736005067825317,38,-83.65437316894531,-2.2014307975769043,38,-89.96089172363281,-2.36739182472229,38,-109.5891342163086,-2.609265089035034,42,-88.85906982421875,-2.3383965492248535,38,-84.7864990234375,-2.2312235832214355,38,1218
-92.82707214355469,-2.158769130706787,43,-135.88063049316406,-3.1600146293640137,43,-138.9618682861328,-3.2316713333129883,43,-91.08305358886719,-3.373446464538574,27,-136.31594848632812,-3.170138359069824,43,-144.36273193359375,-3.3572728633880615,43,1219
-60.494686126708984,-1.680408000946045,36,-76.29582214355469,-2.119328498840332,36,-62.625511169433594,-1.7395975589752197,36,-34.36753845214844,-1.2274121046066284,28,-87.00837707519531,-2.4168994426727295,36,-78.27987670898438,-2.17444109916687,36,1220
-67.03485107421875,-1.5235193967819214,44,-93.71632385253906,-2.1299164295196533,44,-96.8758544921875,-2.201724052429199,44,-62.45930480957031,-1.9518532752990723,32,-112.8505630493164,-2.5647854804992676,44,-98.14683532714844,-2.230609893798828,44,1221
-83.88092041015625,-3.226189136505127,26,-53.705204010009766,-2.065584659576416,26,-48.57976531982422,-1.868452548980713,26,-48.81122589111328,-1.4356242418289185,34,-78.09417724609375,-3.00362229347229,26,-60.610084533691406,-2.3311572074890137,26,1222
-97.08247375488281,-2.065584659576416,47,-105.5911636352539,-2.2466204166412354,47,-77.34156799316406,-1.6455652713775635,47,-91.48472595214844,-1.905931830406189,48,-108.69068908691406,-2.312567949295044,47,-95.4234619140625,-2.0302863121032715,47,1223
-54.0859489440918,-2.080228805541992,26,-95.18354797363281,-3.660905599594116,26,-91.50874328613281,-3.5195670127868652,26,-108.27701568603516,-2.57802414894104,42,-101.20439147949219,-3.8924765586853027,26,-100.19883728027344,-3.8538014888763428,26,1224
-31.33163070678711,-0.7120825052261353,44,-41.61998748779297,-0.945908784866333,44,-38.2931022644043,-0.8702977895736694,44,-26.50659942626953,-0.5890355706214905,45,-64.79668426513672,-1.4726519584655762,44,-62.254127502441406,-1.41486656665802,44,1225
-77.15933227539062,-2.143314838409424,36,-187.53834533691406,-5.20939826965332,36,-215.8262481689453,-5.995173454284668,36,-268.2185363769531,-5.96041202545166,45,-173.57144165039062,-4.8214287757873535,36,-208.1009521484375,-5.780581951141357,36,1226
-72.8873519897461,-2.1437456607818604,34,-88.35758209228516,-2.598752498626709,34,-87.08967590332031,-2.5614609718322754,34,-84.33000183105469,-2.5554544925689697,33,-95.29275512695312,-2.8027281761169434,34,-96.53094482421875,-2.8391454219818115,34,1227
-84.9151611328125,-2.83050537109375,30,-90.78448486328125,-3.0261495113372803,30,-91.72125244140625,-3.057375192642212,30,-86.73451232910156,-3.097661256790161,28,-96.4874267578125,-3.21624755859375,30,-97.81869506835938,-3.2606232166290283,30,1228
-86.08316802978516,-3.0743987560272217,28,-164.97036743164062,-5.891798973083496,28,-184.14535522460938,-6.576619625091553,28,-290.6446533203125,-6.318362236022949,46,-169.49766540527344,-6.053488254547119,28,-190.5137939453125,-6.8040642738342285,28,1229
-90.38771057128906,-2.259692668914795,40,-120.0194091796875,-3.0004851818084717,40,-80.4228515625,-2.010571241378784,40,-49.00338363647461,-2.0418076515197754,24,-127.61880493164062,-3.1904702186584473,40,-102.69273376464844,-2.5673184394836426,40,1230
-77.39335632324219,-1.7589398622512817,44,-141.55816650390625,-3.217231035232544,44,-161.46954345703125,-3.669762372970581,44,-87.32624053955078,-3.796792984008789,23,-146.26226806640625,-3.3241424560546875,44,-162.73867797851562,-3.698606252670288,44,1231
-74.01416015625,-1.9477410316467285,38,-86.46726989746094,-2.275454521179199,38,-88.48931884765625,-2.3286662101745605,38,-58.62403869628906,-1.8910980224609375,31,-100.070556640625,-2.6334357261657715,38,-112.56532287597656,-2.962245225906372,38,1232
-36.48480224609375,-0.9121200442314148,40,-55.817344665527344,-1.3954336643218994,40,-53.12117385864258,-1.3280293941497803,40,-54.9071159362793,-1.4449241161346436,38,-84.857177734375,-2.121429443359375,40,-69.6234130859375,-1.7405853271484375,40,1233
-53.50263977050781,-2.1401054859161377,25,-53.23334503173828,-2.129333734512329,25,-59.86833190917969,-2.394733190536499,25,-53.709144592285156,-2.1483657360076904,25,-56.89019775390625,-2.2756078243255615,25,-55.43600845336914,-2.217440366744995,25,1234
-46.79985809326172,-1.0636330842971802,44,-111.97230529785156,-2.5448250770568848,44,-85.99998474121094,-1.9545451402664185,44,-43.923065185546875,-1.2549446821212769,35,-113.35599517822266,-2.57627272605896,44,-105.09066772460938,-2.3884241580963135,44,1235
-128.62948608398438,-2.9913833141326904,43,-168.14822387695312,-3.910423755645752,43,-154.3397979736328,-3.5892975330352783,43,-143.35440063476562,-3.9820666313171387,36,-179.39158630371094,-4.1718974113464355,43,-167.44439697265625,-3.8940558433532715,43,1236
-108.91800689697266,-2.4754092693328857,44,-268.9915771484375,-6.113444805145264,44,-282.54571533203125,-6.4214935302734375,44,-275.8883361816406,-6.27018928527832,44,-260.1960144042969,-5.913545608520508,44,-280.1669006347656,-6.367429733276367,44,1237
-82.88187408447266,-1.3155852556228638,63,-70.17893981933594,-1.1139514446258545,63,-36.48139953613281,-0.5790698528289795,63,-18.843017578125,-0.2812390625476837,67,-78.06583404541016,-1.239140272140503,63,-44.54340362548828,-0.707038164138794,63,1238
-115.08019256591797,-3.196671962738037,36,-110.45030975341797,-3.0680642127990723,36,-93.68267822265625,-2.6022965908050537,36,-38.01386260986328,-1.727902889251709,22,-119.2387466430664,-3.312187433242798,36,-98.44515991210938,-2.7345876693725586,36,1239
-114.3289566040039,-3.0086567401885986,38,-138.36280822753906,-3.6411266326904297,38,-112.7911605834961,-2.968188524246216,38,-108.75577545166016,-2.364255905151367,46,-141.29454040527344,-3.7182774543762207,38,-111.62200927734375,-2.9374213218688965,38,1240
-76.00228881835938,-2.533409595489502,30,-85.85660552978516,-2.861886739730835,30,-69.48548889160156,-2.316182851791382,30,-67.0119857788086,-2.310758113861084,29,-81.52175903320312,-2.7173919677734375,30,-70.89732360839844,-2.36324405670166,30,1241
-40.23089599609375,-1.0587078332901,38,-93.6578369140625,-2.4646799564361572,38,-86.33000183105469,-2.2718422412872314,38,-91.14300537109375,-2.3985002040863037,38,-101.32673645019531,-2.6664931774139404,38,-108.20220184326172,-2.847426414489746,38,1242
-80.06826782226562,-2.3549489974975586,34,-112.21534729003906,-3.3004512786865234,34,-100.86264038085938,-2.966548204421997,34,-89.8484878540039,-2.0894997119903564,43,-107.00038146972656,-3.1470699310302734,34,-95.6783447265625,-2.8140690326690674,34,1243
-89.37065124511719,-1.8238908052444458,49,-105.71881866455078,-2.157526969909668,49,-102.98819732666016,-2.101799964904785,49,-65.96585845947266,-1.499224066734314,44,-120.71157836914062,-2.4635016918182373,49,-102.72483825683594,-2.0964252948760986,49,1244
-90.33952331542969,-2.6570448875427246,34,-103.48837280273438,-3.0437755584716797,34,-105.7723388671875,-3.1109511852264404,34,-99.23435974121094,-3.101073741912842,32,-113.69817352294922,-3.3440639972686768,34,-105.55016326904297,-3.104416608810425,34,1245
-89.66311645507812,-1.9491981267929077,46,-107.40959930419922,-2.334991216659546,46,-124.92692565917969,-2.7158026695251465,46,-100.75065612792969,-2.6513330936431885,38,-117.46688842773438,-2.5536279678344727,46,-114.72360229492188,-2.4939913749694824,46,1246
-71.29431915283203,-1.782357931137085,40,-109.28639221191406,-2.7321598529815674,40,-94.51068878173828,-2.362767219543457,40,-55.08085632324219,-1.8993399143218994,29,-112.06275177001953,-2.8015687465667725,40,-100.19384765625,-2.5048460960388184,40,1247
-77.96145629882812,-1.7718513011932373,44,-242.94036865234375,-5.521371841430664,44,-277.3203125,-6.302734375,44,-286.3431396484375,-6.363181114196777,45,-247.1923370361328,-5.618007659912109,44,-297.02490234375,-6.750566005706787,44,1248
-95.49763488769531,-2.076035499572754,46,-105.25079345703125,-2.2880606651306152,46,-107.68325805664062,-2.340940475463867,46,-57.93891906738281,-2.069247007369995,28,-130.48228454589844,-2.836571455001831,46,-132.19802856445312,-2.8738701343536377,46,1249
-50.51569366455078,-2.806427478790283,18,-63.38214874267578,-3.521230459213257,18,-62.518150329589844,-3.4732306003570557,18,-51.57464599609375,-1.9101721048355103,27,-61.351593017578125,-3.408421754837036,18,-59.956748962402344,-3.330930471420288,18,1250
-101.24177551269531,-3.2658636569976807,31,-79.51554107666016,-2.5650174617767334,31,-67.49380493164062,-2.1772196292877197,31,-77.23983001708984,-2.2717597484588623,34,-86.80622863769531,-2.800200939178467,31,-82.22248840332031,-2.6523382663726807,31,1251
-72.62196350097656,-1.862101674079895,39,-74.6489028930664,-1.914074420928955,39,-68.06706237792969,-1.7453092336654663,39,-48.279029846191406,-1.7881121635437012,27,-104.66675567626953,-2.683763027191162,39,-98.16964721679688,-2.5171704292297363,39,1252
-45.0350341796875,-1.9580450057983398,23,-47.98808288574219,-2.0864384174346924,23,-49.288604736328125,-2.1429827213287354,23,-42.3328857421875,-2.2280466556549072,19,-57.595497131347656,-2.5041520595550537,23,-63.9466667175293,-2.780289888381958,23,1253
-80.63507080078125,-2.179326295852661,37,-114.6849136352539,-3.0995922088623047,37,-119.44656372070312,-3.228285551071167,37,-109.487060546875,-2.7371764183044434,40,-122.93622589111328,-3.3226006031036377,37,-119.82063293457031,-3.2383954524993896,37,1254
-116.01215362548828,-2.3675949573516846,49,-139.78604125976562,-2.852776288986206,49,-149.62646484375,-3.0536012649536133,49,-64.55038452148438,-2.3907549381256104,27,-146.37937927246094,-2.9873342514038086,49,-152.5209197998047,-3.1126718521118164,49,1255
-18.940629959106445,-0.5739584565162659,33,-94.76537322998047,-2.871677875518799,33,-95.87007141113281,-2.905153751373291,33,-93.22297668457031,-2.9132180213928223,32,-132.49981689453125,-4.015145778656006,33,-123.75227355957031,-3.7500689029693604,33,1256
-86.70806121826172,-2.343461036682129,37,-48.545921325683594,-1.3120518922805786,37,-46.744266510009766,-1.2633585929870605,37,-40.532310485839844,-1.1580660343170166,35,-76.72502136230469,-2.0736491680145264,37,-62.89874267578125,-1.6999660730361938,37,1257
-56.714088439941406,-1.5328131914138794,37,-91.6211929321289,-2.4762485027313232,37,-80.03077697753906,-2.162993907928467,37,-76.51258850097656,-2.125349760055542,36,-109.45275115966797,-2.9581825733184814,37,-98.88018798828125,-2.6724374294281006,37,1258
-45.36102294921875,-1.374576449394226,33,-72.22709655761719,-2.188699960708618,33,-73.29547882080078,-2.2210750579833984,33,-74.56050872802734,-1.9621186256408691,38,-95.07695770263672,-2.881119966506958,33,-86.17391967773438,-2.611330986022949,33,1259
-40.44169998168945,-1.3945413827896118,29,-74.2195053100586,-2.559293270111084,29,-99.52727508544922,-3.4319748878479004,29,-41.38513946533203,-2.2991743087768555,18,-85.82121276855469,-2.9593522548675537,29,-98.5375747680664,-3.3978474140167236,29,1260
-59.46628189086914,-2.123795747756958,28,-80.11524963378906,-2.8612589836120605,28,-65.22134399414062,-2.329333782196045,28,-69.34619140625,-1.9262831211090088,36,-86.60343933105469,-3.092979907989502,28,-78.18643951416016,-2.792372941970825,28,1261
-82.08021545410156,-2.218384265899658,37,-65.60338592529297,-1.7730644941329956,37,-81.4390640258789,-2.2010557651519775,37,-55.740474700927734,-1.6891052722930908,33,-71.4490966796875,-1.9310566186904907,37,-91.03076171875,-2.4602909088134766,37,1262
-80.68059539794922,-1.6808457374572754,48,-84.37693786621094,-1.7578529119491577,48,-88.36485290527344,-1.8409343957901,48,-48.218650817871094,-1.2363756895065308,39,-121.21858215332031,-2.5253870487213135,48,-114.18727111816406,-2.378901481628418,48,1263
-140.14076232910156,-3.11423921585083,45,-127.16966247558594,-2.8259925842285156,45,-122.09153747558594,-2.7131452560424805,45,-82.33883666992188,-2.2871899604797363,36,-152.6577911376953,-3.392395257949829,45,-146.85708618164062,-3.263490915298462,45,1264
-85.17396545410156,-2.02795147895813,42,-112.79561614990234,-2.685609817504883,42,-88.44898223876953,-2.1059281826019287,42,-80.44268798828125,-2.437657117843628,33,-108.13390350341797,-2.5746166706085205,42,-89.7060775756836,-2.1358590126037598,42,1265
-112.90571594238281,-2.454472064971924,46,-104.49463653564453,-2.2716224193573,46,-110.47126770019531,-2.4015493392944336,46,-89.7452392578125,-2.0870985984802246,43,-104.58872985839844,-2.273668050765991,46,-110.33761596679688,-2.398643732070923,46,1266
-83.80463409423828,-1.9046508073806763,44,-148.3769073486328,-3.3722023963928223,44,-139.31092834472656,-3.1661574840545654,44,-135.5017852783203,-3.985346555709839,34,-163.47402954101562,-3.7153189182281494,44,-161.9954833984375,-3.681715488433838,44,1267
-89.49298095703125,-2.9830994606018066,30,-103.59756469726562,-3.453252077102661,30,-91.75856018066406,-3.0586187839508057,30,-98.86653900146484,-3.5309479236602783,28,-110.02339935302734,-3.6674466133117676,30,-101.98095703125,-3.399365186691284,30,1268
-138.11412048339844,-2.3409173488616943,59,-150.67959594726562,-2.55389142036438,59,-136.94000244140625,-2.321017026901245,59,-176.08926391601562,-2.6680190563201904,66,-153.62864685058594,-2.6038753986358643,59,-136.96383666992188,-2.321420907974243,59,1269
-70.23139953613281,-2.5082643032073975,28,-66.98992919921875,-2.3924975395202637,28,-54.050540924072266,-1.930376410484314,28,-52.8613166809082,-2.033127546310425,26,-77.74584197998047,-2.776637315750122,28,-66.81268310546875,-2.386167287826538,28,1270
-64.425537109375,-2.3009121417999268,28,-78.82835388183594,-2.815298318862915,28,-80.7892074584961,-2.885328769683838,28,-87.04559326171875,-2.231938362121582,39,-96.56777954101562,-3.4488492012023926,28,-84.56902313232422,-3.020322322845459,28,1271
-105.10380554199219,-2.1896626949310303,48,-243.73593139648438,-5.077831745147705,48,-282.4111328125,-5.883565425872803,48,-286.34124755859375,-6.363138675689697,45,-242.37083435058594,-5.049392223358154,48,-301.46112060546875,-6.280439853668213,48,1272
-85.94963073730469,-1.7540740966796875,49,-183.65045166015625,-3.7479684352874756,49,-213.87596130371094,-4.364815711975098,49,-181.12506103515625,-4.8952717781066895,37,-189.90504455566406,-3.875613212585449,49,-226.44036865234375,-4.621232032775879,49,1273
-68.46603393554688,-3.260287284851074,21,-55.319820404052734,-2.634277105331421,21,-63.95903396606445,-3.045668363571167,21,-74.08899688720703,-2.389967679977417,31,-48.809349060058594,-2.3242547512054443,21,-61.625736236572266,-2.934558868408203,21,1274
-72.17318725585938,-2.1870663166046143,33,-110.0832290649414,-3.335855484008789,33,-97.96793365478516,-2.9687252044677734,33,-103.48259735107422,-2.874516487121582,36,-100.41507720947266,-3.0428810119628906,33,-93.35273742675781,-2.8288707733154297,33,1275
-48.434078216552734,-1.2108519077301025,40,-61.06245803833008,-1.5265614986419678,40,-76.82533264160156,-1.920633316040039,40,-77.37028503417969,-2.149174690246582,36,-64.06538391113281,-1.6016346216201782,40,-83.19610595703125,-2.0799026489257812,40,1276
-99.34986877441406,-2.685131549835205,37,-103.89388275146484,-2.8079428672790527,37,-90.70845031738281,-2.4515798091888428,37,-82.50350189208984,-2.2298243045806885,37,-98.78855895996094,-2.6699609756469727,37,-87.6904296875,-2.370011568069458,37,1277
-83.40216827392578,-2.7800722122192383,30,-123.60728454589844,-4.120242595672607,30,-171.48126220703125,-5.7160420417785645,30,-254.65121459960938,-5.535895824432373,46,-136.91494750976562,-4.563831806182861,30,-174.66546630859375,-5.8221821784973145,30,1278
-75.59707641601562,-2.099918842315674,36,-92.62516021728516,-2.57292103767395,36,-95.58738708496094,-2.655205249786377,36,-92.08116149902344,-2.4231884479522705,38,-88.09060668945312,-2.4469614028930664,36,-94.01510620117188,-2.6115307807922363,36,1279
-44.010406494140625,-1.692707896232605,26,-45.93218994140625,-1.7666226625442505,26,-63.444026947021484,-2.440154790878296,26,-60.97705078125,-1.6480283737182617,37,-55.04637145996094,-2.1171681880950928,26,-67.03459930419922,-2.578253746032715,26,1280
-92.25072479248047,-2.3062682151794434,40,-86.77664184570312,-2.1694159507751465,40,-61.77434539794922,-1.5443586111068726,40,-63.76080322265625,-1.3566128015518188,47,-90.08956146240234,-2.2522389888763428,40,-73.73056030273438,-1.8432639837265015,40,1281
-60.60326385498047,-1.7315218448638916,35,-88.13347625732422,-2.518099308013916,35,-82.17214965820312,-2.34777569770813,35,-100.94154357910156,-2.1943814754486084,46,-101.44444274902344,-2.8984127044677734,35,-107.18264770507812,-3.062361478805542,35,1282
-105.67376708984375,-4.064375877380371,26,-56.22025680541992,-2.1623175144195557,26,-61.85143280029297,-2.378901243209839,26,-80.15436553955078,-2.2265100479125977,36,-73.64501953125,-2.832500696182251,26,-77.52235412597656,-2.981628894805908,26,1283
-119.06314086914062,-2.4298601150512695,49,-110.93607330322266,-2.2640016078948975,49,-138.28192138671875,-2.822080135345459,49,-71.82078552246094,-2.1123759746551514,34,-132.62307739257812,-2.7065935134887695,49,-138.32176208496094,-2.8228931427001953,49,1284
-81.16117858886719,-2.0810558795928955,39,-90.01893615722656,-2.308177947998047,39,-67.89677429199219,-1.7409429550170898,39,-56.94003677368164,-1.5816676616668701,36,-90.64324951171875,-2.324185848236084,39,-84.29512023925781,-2.1614134311676025,39,1285
-109.04777526855469,-2.423283815383911,45,-123.79705810546875,-2.7510457038879395,45,-111.68321228027344,-2.481849193572998,45,-71.52896118164062,-1.9332151412963867,37,-124.2144775390625,-2.760321617126465,45,-110.6556625366211,-2.459014654159546,45,1286
-35.129486083984375,-0.7806552648544312,45,-64.19905853271484,-1.4266457557678223,45,-67.20087432861328,-1.4933527708053589,45,-53.958187103271484,-1.1241289377212524,48,-89.716796875,-1.9937065839767456,45,-85.19646453857422,-1.8932547569274902,45,1287
-89.75006103515625,-3.45192551612854,26,-118.19334411621094,-4.545897960662842,26,-159.9208526611328,-6.150802135467529,26,-284.1870422363281,-6.04653263092041,47,-110.9151840209961,-4.2659687995910645,26,-168.86328125,-6.494741439819336,26,1288
-44.073177337646484,-1.001663088798523,44,-58.203514099121094,-1.3228071928024292,44,-50.821231842041016,-1.155027985572815,44,-41.26385498046875,-0.9596245288848877,43,-71.69580841064453,-1.6294502019882202,44,-62.466407775878906,-1.4196910858154297,44,1289
-92.21106719970703,-3.073702335357666,30,-75.01104736328125,-2.500368356704712,30,-66.84870910644531,-2.228290319442749,30,-53.684627532958984,-2.064793348312378,26,-80.80738830566406,-2.69357967376709,30,-64.78236389160156,-2.159412145614624,30,1290
-116.19437408447266,-3.4174816608428955,34,-109.88673400878906,-3.2319626808166504,34,-104.66154479980469,-3.0782806873321533,34,-140.5912628173828,-2.9913034439086914,47,-108.17799377441406,-3.1817057132720947,34,-96.88612365722656,-2.8495919704437256,34,1291
-66.42489624023438,-2.012875556945801,33,-87.45864868164062,-2.6502621173858643,33,-85.40892028808594,-2.588149070739746,33,-71.92654418945312,-2.1154866218566895,34,-75.50623321533203,-2.288067579269409,33,-88.90281677246094,-2.6940248012542725,33,1292
-53.4643440246582,-1.7246562242507935,31,-60.051292419433594,-1.9371384382247925,31,-62.52671432495117,-2.016990900039673,31,-32.280113220214844,-1.345004677772522,24,-50.931678771972656,-1.642957329750061,31,-61.57164764404297,-1.9861822128295898,31,1293
-74.51209259033203,-1.6198281049728394,46,-105.056884765625,-2.2838454246520996,46,-108.5789794921875,-2.36041259765625,46,-59.74046325683594,-1.9271117448806763,31,-95.38480377197266,-2.073582649230957,46,-119.28861236572266,-2.593230724334717,46,1294
-107.818603515625,-2.3438827991485596,46,-100.3743896484375,-2.18205189704895,46,-111.793212890625,-2.4302871227264404,46,-34.3037109375,-1.1828866004943848,29,-124.37397766113281,-2.703782081604004,46,-114.04295349121094,-2.4791946411132812,46,1295
-39.48534393310547,-0.8973941802978516,44,-90.96978759765625,-2.067495107650757,44,-91.49501037597656,-2.0794320106506348,44,-60.7635612487793,-1.96011483669281,31,-83.6232681274414,-1.9005287885665894,44,-94.16139221191406,-2.140031576156616,44,1296
-77.65172576904297,-2.504894495010376,31,-92.55978393554688,-2.985799551010132,31,-72.56277465820312,-2.3407347202301025,31,-75.53875732421875,-2.436734199523926,31,-88.68942260742188,-2.8609490394592285,31,-74.22296142578125,-2.394289016723633,31,1297
-22.321054458618164,-0.6565015912055969,34,-63.785926818847656,-1.8760566711425781,34,-73.1246337890625,-2.150724411010742,34,-26.575416564941406,-1.5632598400115967,17,-62.67322540283203,-1.8433301448822021,34,-76.75965118408203,-2.257636785507202,34,1298
-68.82777404785156,-2.3733716011047363,29,-82.6971664428711,-2.851626396179199,29,-93.71415710449219,-3.231522560119629,29,-127.55885314941406,-2.406770706176758,53,-79.54937744140625,-2.743082046508789,29,-86.10435485839844,-2.969115734100342,29,1299
-93.81950378417969,-2.233797788619995,42,-79.33900451660156,-1.8890239000320435,42,-107.31863403320312,-2.5552055835723877,42,-41.23556137084961,-1.585983157157898,26,-97.59494018554688,-2.3236889839172363,42,-90.59744262695312,-2.1570820808410645,42,1300
-80.99278259277344,-1.7998396158218384,45,-223.44679260253906,-4.965484142303467,45,-258.24005126953125,-5.738667964935303,45,-281.2077941894531,-5.858495712280273,48,-216.4280242919922,-4.809511661529541,45,-255.49510192871094,-5.677669048309326,45,1301
-95.755859375,-3.3019261360168457,29,-79.05418395996094,-2.726006269454956,29,-82.56744384765625,-2.8471531867980957,29,-86.78274536132812,-2.3454794883728027,37,-85.29499816894531,-2.941206932067871,29,-83.84425354003906,-2.891181230545044,29,1302
-38.658355712890625,-0.9912399053573608,39,-69.82000732421875,-1.7902566194534302,39,-55.97632598876953,-1.4352904558181763,39,-51.40491485595703,-1.2537784576416016,41,-70.71861267089844,-1.8132977485656738,39,-64.16346740722656,-1.6452170610427856,39,1303
-76.29743194580078,-2.119373083114624,36,-105.64105987548828,-2.934473991394043,36,-88.80635070800781,-2.4668431282043457,36,-101.84906005859375,-2.3685827255249023,43,-102.47431182861328,-2.846508741378784,36,-101.34903717041016,-2.815251111984253,36,1304
-29.923187255859375,-0.8311996459960938,36,-81.01507568359375,-2.2504186630249023,36,-63.36536407470703,-1.7601490020751953,36,-53.19076919555664,-1.208881139755249,44,-84.08491516113281,-2.3356921672821045,36,-49.841644287109375,-1.3844901323318481,36,1305
-90.87782287597656,-2.524384021759033,36,-101.97535705566406,-2.832648754119873,36,-103.92718505859375,-2.886866331100464,36,-61.40924072265625,-2.1931872367858887,28,-106.36662292480469,-2.9546284675598145,36,-104.11323547363281,-2.8920342922210693,36,1306
-61.031463623046875,-1.5257866382598877,40,-82.22859191894531,-2.0557148456573486,40,-83.1331787109375,-2.078329563140869,40,-78.13810729980469,-1.8171652555465698,43,-87.69268035888672,-2.192317008972168,40,-88.77806091308594,-2.219451427459717,40,1307
-85.73344421386719,-2.0412724018096924,42,-110.9559555053711,-2.64180850982666,42,-105.41641998291016,-2.5099148750305176,42,-94.93087768554688,-3.062286376953125,31,-121.78675079345703,-2.899684429168701,42,-120.72160339355469,-2.874323844909668,42,1308
-111.52776336669922,-3.379629135131836,33,-101.14259338378906,-3.064927101135254,33,-72.43199920654297,-2.19490909576416,33,-62.56169891357422,-1.6463605165481567,38,-93.37542724609375,-2.8295583724975586,33,-64.5811767578125,-1.9570053815841675,33,1309
-103.50251007080078,-2.8750696182250977,36,-88.47628021240234,-2.457674503326416,36,-90.67349243164062,-2.5187082290649414,36,-64.88136291503906,-2.092947244644165,31,-86.4878158569336,-2.4024393558502197,36,-86.5355224609375,-2.403764486312866,36,1310
-105.91487121582031,-3.115143299102783,34,-170.41368103027344,-5.012166976928711,34,-196.6612548828125,-5.784154415130615,34,-263.07708740234375,-5.597384929656982,47,-173.49583435058594,-5.102818489074707,34,-206.75035095214844,-6.080892562866211,34,1311
-95.57745361328125,-2.222731590270996,43,-128.53048706054688,-2.9890811443328857,43,-124.64796447753906,-2.898789882659912,43,-100.36875915527344,-3.345625400543213,30,-116.2247543334961,-2.7029013633728027,43,-108.75697326660156,-2.5292320251464844,43,1312
-48.3040771484375,-1.6101359128952026,30,-79.51521301269531,-2.6505072116851807,30,-87.69692993164062,-2.9232308864593506,30,-88.17576599121094,-1.8369951248168945,48,-89.24414825439453,-2.9748048782348633,30,-85.40702056884766,-2.846900701522827,30,1313
-62.22663497924805,-1.3828141689300537,45,-118.27200317382812,-2.6282668113708496,45,-88.44766998291016,-1.9655038118362427,45,-64.80226135253906,-1.9059488773345947,34,-104.64480590820312,-2.3254401683807373,45,-97.00251007080078,-2.155611276626587,45,1314
-36.18946075439453,-0.7237892150878906,50,-70.01531982421875,-1.4003063440322876,50,-53.05086898803711,-1.061017394065857,50,-43.79265594482422,-0.8586795330047607,51,-88.45854949951172,-1.7691709995269775,50,-68.42372131347656,-1.3684744834899902,50,1315
-93.06829833984375,-2.326707363128662,40,-137.30770874023438,-3.432692766189575,40,-114.42326354980469,-2.860581636428833,40,-77.97483825683594,-2.6887874603271484,29,-135.67959594726562,-3.3919899463653564,40,-121.03556823730469,-3.0258891582489014,40,1316
-84.6021728515625,-2.35006046295166,36,-84.24762725830078,-2.340211868286133,36,-64.93095397949219,-1.8036376237869263,36,-73.95753479003906,-1.760893702507019,42,-94.05650329589844,-2.612680673599243,36,-72.08242797851562,-2.0022897720336914,36,1317
-54.590614318847656,-1.7609875202178955,31,-74.30989074707031,-2.3970932960510254,31,-72.51087951660156,-2.3390605449676514,31,-78.12244415283203,-1.8600581884384155,42,-71.48931121826172,-2.3061068058013916,31,-69.44307708740234,-2.2400991916656494,31,1318
-100.20878601074219,-3.232541561126709,31,-99.70698547363281,-3.2163543701171875,31,-105.86795043945312,-3.415095090866089,31,-77.22941589355469,-3.3578007221221924,23,-109.44241333007812,-3.530400514602661,31,-104.52691650390625,-3.371835947036743,31,1319
-59.28295135498047,-1.3786733150482178,43,-100.05401611328125,-2.3268375396728516,43,-102.42029571533203,-2.3818674087524414,43,-83.86581420898438,-2.0966453552246094,40,-116.07488250732422,-2.699415922164917,43,-113.11320495605469,-2.630539655685425,43,1320
-50.585758209228516,-1.0996904373168945,46,-93.05943298339844,-2.023031234741211,46,-95.21381378173828,-2.0698654651641846,46,-37.510658264160156,-1.2503552436828613,30,-112.488525390625,-2.4454026222229004,46,-108.7744369506836,-2.364661693572998,46,1321
-105.43917083740234,-3.401263475418091,31,-73.79867553710938,-2.3806023597717285,31,-82.84170532226562,-2.6723129749298096,31,-72.69027709960938,-2.506561279296875,29,-82.94506072998047,-2.675647020339966,31,-79.36282348632812,-2.560091018676758,31,1322
-104.94581604003906,-3.2795567512512207,32,-119.52191162109375,-3.7350597381591797,32,-115.51913452148438,-3.6099729537963867,32,-85.23674774169922,-1.8529727458953857,46,-113.27345275878906,-3.539795398712158,32,-115.27835845947266,-3.6024487018585205,32,1323
-83.0941162109375,-2.1866872310638428,38,-96.03192138671875,-2.527155876159668,38,-101.81185913085938,-2.6792595386505127,38,-64.47077178955078,-2.479645013809204,26,-105.23976135253906,-2.769467353820801,38,-114.06891632080078,-3.0018136501312256,38,1324
-51.54989242553711,-1.9092552661895752,27,-58.817474365234375,-2.1784250736236572,27,-61.72834396362305,-2.2862348556518555,27,-54.10065460205078,-1.639413833618164,33,-56.14931106567383,-2.079604148864746,27,-65.08644104003906,-2.410609006881714,27,1325
-63.97301483154297,-2.205965995788574,29,-52.078948974609375,-1.7958258390426636,29,-60.74165725708008,-2.0945398807525635,29,-68.65293884277344,-1.8066562414169312,38,-60.858131408691406,-2.0985562801361084,29,-71.53640747070312,-2.4667725563049316,29,1326
-79.267822265625,-3.048762321472168,26,-85.835693359375,-3.301372766494751,26,-69.99769592285156,-2.6922190189361572,26,-59.24668884277344,-1.7953542470932007,33,-95.38386535644531,-3.668610095977783,26,-74.7706298828125,-2.87579345703125,26,1327
-88.92625427246094,-2.3401646614074707,38,-107.66595458984375,-2.8333146572113037,38,-106.52415466308594,-2.803267240524292,38,-111.26615142822266,-2.781653881072998,40,-138.93280029296875,-3.6561262607574463,38,-141.6243896484375,-3.7269575595855713,38,1328
-57.86767578125,-1.86669921875,31,-79.73683166503906,-2.5721559524536133,31,-95.28205871582031,-3.0736148357391357,31,-133.727294921875,-3.4289050102233887,39,-87.8150634765625,-2.8327438831329346,31,-96.00508117675781,-3.096938133239746,31,1329
-90.43598175048828,-2.318871259689331,39,-121.65348815917969,-3.1193201541900635,39,-118.4816665649414,-3.037991523742676,39,-111.63130187988281,-4.293511390686035,26,-126.26893615722656,-3.2376649379730225,39,-125.02687072753906,-3.205817222595215,39,1330
-76.16429901123047,-2.0584945678710938,37,-100.10032653808594,-2.705414295196533,37,-77.00407409667969,-2.081191301345825,37,-81.17504119873047,-2.193920135498047,37,-132.79547119140625,-3.589066743850708,37,-107.83158111572266,-2.9143669605255127,37,1331
-78.41051483154297,-2.063434600830078,38,-121.80789184570312,-3.2054708003997803,38,-119.40042114257812,-3.1421163082122803,38,-61.58959197998047,-2.932837724685669,21,-117.18470764160156,-3.083808183670044,38,-113.1065673828125,-2.9764885902404785,38,1332
-90.72637176513672,-2.452064037322998,37,-107.26939392089844,-2.899172782897949,37,-81.62906646728516,-2.206191062927246,37,-108.00335693359375,-2.3478989601135254,46,-110.36785125732422,-2.982914924621582,37,-86.17105102539062,-2.3289473056793213,37,1333
-47.368797302246094,-1.0297564268112183,46,-105.4366683959961,-2.2921013832092285,46,-112.10892486572266,-2.437150478363037,46,-96.15782928466797,-2.671050786972046,36,-102.38551330566406,-2.2257721424102783,46,-91.54205322265625,-1.9900445938110352,46,1334
-93.6727294921875,-2.4650719165802,38,-127.85444641113281,-3.364590644836426,38,-94.75530242919922,-2.493560552597046,38,-15.046666145324707,-0.8850979804992676,17,-122.04000091552734,-3.2115790843963623,38,-114.20608520507812,-3.0054233074188232,38,1335
-34.022560119628906,-0.895330548286438,38,-105.21502685546875,-2.7688164710998535,38,-87.11994171142578,-2.2926299571990967,38,-58.858970642089844,-2.2638065814971924,26,-118.8768310546875,-3.1283376216888428,38,-110.39596557617188,-2.9051570892333984,38,1336
-115.23374938964844,-2.3517091274261475,49,-149.9536895751953,-3.060279369354248,49,-172.40414428710938,-3.5184519290924072,49,-151.74554443359375,-3.298816204071045,46,-148.66477966308594,-3.033975124359131,49,-177.2534942626953,-3.6174182891845703,49,1337
-94.14276123046875,-2.615076780319214,36,-122.17050170898438,-3.393625020980835,36,-101.71723175048828,-2.8254785537719727,36,-87.94282531738281,-2.748213291168213,32,-135.4150848388672,-3.7615301609039307,36,-122.49488067626953,-3.4026355743408203,36,1338
-99.61902618408203,-2.767195224761963,36,-97.44718933105469,-2.7068662643432617,36,-74.02305603027344,-2.0561959743499756,36,-50.336280822753906,-1.5730087757110596,32,-99.39067077636719,-2.7608518600463867,36,-84.91024780273438,-2.3586180210113525,36,1339
-68.93621826171875,-2.462007761001587,28,-77.94153594970703,-2.7836263179779053,28,-65.2691650390625,-2.3310415744781494,28,-63.389671325683594,-2.5355868339538574,25,-88.5620346069336,-3.1629297733306885,28,-84.29344177246094,-3.0104801654815674,28,1340
-57.082786560058594,-1.2973361015319824,44,-119.29468536376953,-2.711242914199829,44,-99.17045593261719,-2.2538740634918213,44,-77.26467895507812,-2.3413538932800293,33,-140.15512084960938,-3.1853437423706055,44,-135.98622131347656,-3.0905959606170654,44,1341
-96.53597259521484,-2.3545358180999756,41,-108.33423614501953,-2.642298460006714,41,-107.3425064086914,-2.618109941482544,41,-109.46109008789062,-2.4324686527252197,45,-131.27151489257812,-3.201744318008423,41,-121.5315170288086,-2.9641833305358887,41,1342
-89.4332046508789,-1.9442001581192017,46,-103.90203094482422,-2.258739709854126,46,-95.40387725830078,-2.0739972591400146,46,-38.15951919555664,-1.192484974861145,32,-118.11459350585938,-2.5677084922790527,46,-114.52263641357422,-2.4896225929260254,46,1343
-61.38706588745117,-1.615449070930481,38,-61.40419006347656,-1.615899682044983,38,-67.79104614257812,-1.7839748859405518,38,-68.01344299316406,-1.7898274660110474,38,-72.65093994140625,-1.9118667840957642,38,-73.73655700683594,-1.940435767173767,38,1344
-122.48773193359375,-2.7838120460510254,44,-127.55116271972656,-2.8988900184631348,44,-122.63987731933594,-2.7872698307037354,44,-97.59733581542969,-2.8705098628997803,34,-117.05304718017578,-2.6602964401245117,44,-116.02416229248047,-2.6369128227233887,44,1345
-64.17652893066406,-1.944743275642395,33,-121.51458740234375,-3.682260274887085,33,-85.6988525390625,-2.5969350337982178,33,-74.4949951171875,-2.403064250946045,31,-110.21794128417969,-3.339937686920166,33,-81.43942260742188,-2.4678611755371094,33,1346
-91.99536895751953,-1.877456545829773,49,-107.20664978027344,-2.1878907680511475,49,-112.18680572509766,-2.2895267009735107,49,-93.77720642089844,-2.23279070854187,42,-109.86003112792969,-2.2420413494110107,49,-119.12580871582031,-2.4311389923095703,49,1347
-78.57647705078125,-2.311072826385498,34,-89.49727630615234,-2.632272720336914,34,-75.87348937988281,-2.2315731048583984,34,-66.24617004394531,-2.3659346103668213,28,-89.33596801757812,-2.627528429031372,34,-76.72195434570312,-2.25652813911438,34,1348
-61.22377395629883,-1.9132429361343384,32,-78.47393035888672,-2.45231032371521,32,-63.28684616088867,-1.977713942527771,32,-69.79182434082031,-1.938661813735962,36,-70.97956085205078,-2.218111276626587,32,-64.47073364257812,-2.0147104263305664,32,1349
-77.19822692871094,-2.6620078086853027,29,-111.84089660644531,-3.8565826416015625,29,-69.3153076171875,-2.3901829719543457,29,-82.5848388671875,-2.4289658069610596,34,-103.09163665771484,-3.5548839569091797,29,-70.26683044433594,-2.4229941368103027,29,1350
-105.79942321777344,-2.7841954231262207,38,-109.4949951171875,-2.8814473152160645,38,-102.05204010009766,-2.685580015182495,38,-125.00719451904297,-2.907144069671631,43,-103.62733459472656,-2.7270350456237793,38,-102.47158813476562,-2.6966207027435303,38,1351
-68.73884582519531,-1.4943227767944336,46,-119.79759979248047,-2.6042957305908203,46,-109.1655502319336,-2.373164176940918,46,-104.12764739990234,-2.539698600769043,41,-130.19178771972656,-2.830256223678589,46,-120.49629211425781,-2.6194846630096436,46,1352
-64.50560760498047,-1.4022958278656006,46,-105.01495361328125,-2.2829337120056152,46,-111.28192901611328,-2.4191722869873047,46,-118.66725158691406,-2.8943231105804443,41,-110.30125427246094,-2.397853374481201,46,-117.47723388671875,-2.5538527965545654,46,1353
-69.78981018066406,-2.326327085494995,30,-88.43033599853516,-2.9476778507232666,30,-74.91114044189453,-2.4970381259918213,30,-92.0434799194336,-2.3600893020629883,39,-112.95865631103516,-3.7652885913848877,30,-88.99513244628906,-2.9665043354034424,30,1354
-57.00151062011719,-1.9655693769454956,29,-98.03953552246094,-3.38067364692688,29,-68.62417602539062,-2.3663508892059326,29,-67.03931427001953,-2.0949785709381104,32,-92.59368896484375,-3.1928858757019043,29,-69.85997772216797,-2.4089646339416504,29,1355
-153.55088806152344,-3.4122419357299805,45,-155.59010314941406,-3.4575579166412354,45,-101.9341049194336,-2.265202283859253,45,-89.65304565429688,-2.134596347808838,42,-139.7252197265625,-3.1050047874450684,45,-102.45962524414062,-2.2768805027008057,45,1356
-110.0369873046875,-4.075443744659424,27,-104.3260726928711,-3.8639285564422607,27,-80.60832214355469,-2.9854934215545654,27,-83.88684844970703,-2.6214640140533447,32,-103.08729553222656,-3.8180480003356934,27,-73.79549407958984,-2.733166456222534,27,1357
-104.82281494140625,-3.494093894958496,30,-123.53449249267578,-4.11781644821167,30,-113.73871612548828,-3.791290521621704,30,-121.37630462646484,-3.5698912143707275,34,-127.81245422363281,-4.260415077209473,30,-121.22016143798828,-4.0406718254089355,30,1358
-79.25865173339844,-1.981466293334961,40,-109.34976196289062,-2.7337441444396973,40,-108.06192779541016,-2.7015480995178223,40,-86.33961486816406,-2.698112964630127,32,-98.7535400390625,-2.4688384532928467,40,-103.5130615234375,-2.5878264904022217,40,1359
-94.72140502929688,-2.2552714347839355,42,-114.90559387207031,-2.7358474731445312,42,-120.87394714355469,-2.877951145172119,42,-76.89091491699219,-2.563030481338501,30,-120.62178802490234,-2.8719472885131836,42,-111.35995483398438,-2.6514275074005127,42,1360
-79.26451110839844,-1.6513439416885376,48,-122.06640625,-2.5430500507354736,48,-121.16895294189453,-2.524353265762329,48,-107.4432373046875,-2.4986798763275146,43,-127.90978240966797,-2.6647870540618896,48,-114.1352310180664,-2.377817392349243,48,1361
-74.98907470703125,-1.9227968454360962,39,-83.83953857421875,-2.1497318744659424,39,-60.55413055419922,-1.5526700019836426,39,-48.11271286010742,-1.374648928642273,35,-78.07671356201172,-2.001966953277588,39,-63.932247161865234,-1.6392884254455566,39,1362
-73.26152038574219,-2.093186378479004,35,-65.43344116210938,-1.8695268630981445,35,-85.20245361328125,-2.4343557357788086,35,-84.09561157226562,-2.2130424976348877,38,-74.24356842041016,-2.1212449073791504,35,-82.4133071899414,-2.354665994644165,35,1363
-129.760498046875,-2.82088041305542,46,-139.63601684570312,-3.0355656147003174,46,-130.63275146484375,-2.8398423194885254,46,-55.678985595703125,-2.0621845722198486,27,-143.37161254882812,-3.116774082183838,46,-126.59994506835938,-2.7521727085113525,46,1364
-122.79267883300781,-2.923635244369507,42,-56.584938049316406,-1.3472604751586914,42,-43.90870666503906,-1.045445442199707,42,-64.77880859375,-1.2701727151870728,51,-67.83076477050781,-1.6150182485580444,42,-52.65296173095703,-1.253641963005066,42,1365
-59.696659088134766,-1.5709646940231323,38,-63.396812438964844,-1.6683372259140015,38,-65.23162841796875,-1.71662175655365,38,-54.205474853515625,-1.5487278699874878,35,-68.50253295898438,-1.8026982545852661,38,-71.45429229736328,-1.8803761005401611,38,1366
-74.40115356445312,-2.254580497741699,33,-94.02163696289062,-2.8491404056549072,33,-86.19976043701172,-2.6121139526367188,33,-69.59149932861328,-2.485410690307617,28,-88.75140380859375,-2.689436435699463,33,-83.52438354492188,-2.5310418605804443,33,1367
-81.37745666503906,-1.8083878755569458,45,-115.52843475341797,-2.567298650741577,45,-119.44104766845703,-2.654245615005493,45,-66.91019439697266,-2.0909435749053955,32,-114.21479034423828,-2.5381064414978027,45,-117.77349853515625,-2.6171889305114746,45,1368
-71.99720764160156,-2.4826624393463135,29,-105.86708068847656,-3.6505889892578125,29,-99.84909057617188,-3.4430720806121826,29,-101.32908630371094,-2.738623857498169,37,-97.17407989501953,-3.350830316543579,29,-86.75747680664062,-2.9916372299194336,29,1369
-60.46036148071289,-1.6794544458389282,36,-87.64185333251953,-2.4344959259033203,36,-88.80448913574219,-2.4667913913726807,36,-88.87881469726562,-2.0669491291046143,43,-75.35174560546875,-2.093104124069214,36,-69.88948059082031,-1.94137442111969,36,1370
-76.00051879882812,-2.1111254692077637,36,-78.81716918945312,-2.189365863800049,36,-81.22663116455078,-2.2562952041625977,36,-53.374237060546875,-1.7217495441436768,31,-82.82966613769531,-2.3008241653442383,36,-90.99940490722656,-2.527761220932007,36,1371
-85.27970886230469,-1.8539067506790161,46,-91.02854919433594,-1.9788814783096313,46,-81.0931625366211,-1.762894868850708,46,-72.40823364257812,-1.8566213846206665,39,-89.28779602050781,-1.9410390853881836,46,-85.17815399169922,-1.8516989946365356,46,1372
-64.89309692382812,-2.2376930713653564,29,-87.49734497070312,-3.0171499252319336,29,-84.9863510131836,-2.9305639266967773,29,-87.51390075683594,-3.241255521774292,27,-88.32395935058594,-3.045653820037842,29,-84.5521469116211,-2.915591239929199,29,1373
-92.86986541748047,-1.629295825958252,57,-121.47180938720703,-2.131084442138672,57,-107.58334350585938,-1.8874270915985107,57,-49.91569519042969,-1.2798895835876465,39,-122.14688873291016,-2.142927885055542,57,-118.25181579589844,-2.0745933055877686,57,1374
-92.98497009277344,-3.443887710571289,27,-78.3577880859375,-2.9021403789520264,27,-51.07281494140625,-1.8915857076644897,27,-54.770084381103516,-1.9560744762420654,28,-102.6727294921875,-3.8026936054229736,27,-59.73270034790039,-2.212322235107422,27,1375
-70.26707458496094,-2.6024842262268066,27,-83.06370544433594,-3.0764334201812744,27,-87.19404602050781,-3.2294092178344727,27,-49.04808044433594,-2.1325252056121826,23,-76.43153381347656,-2.8307974338531494,27,-71.37126159667969,-2.6433801651000977,27,1376
-101.8228759765625,-2.121309995651245,48,-134.7646026611328,-2.80759596824646,48,-119.33926391601562,-2.486234664916992,48,-88.84512329101562,-3.290560007095337,27,-134.7478485107422,-2.8072469234466553,48,-114.50032043457031,-2.385423421859741,48,1377
-65.45845031738281,-2.111562967300415,31,-98.14016723632812,-3.165811777114868,31,-88.98306274414062,-2.8704214096069336,31,-113.94868469238281,-2.5321929454803467,45,-83.78224182128906,-2.702652931213379,31,-77.36721801757812,-2.4957168102264404,31,1378
-89.39761352539062,-2.031764030456543,44,-107.99827575683594,-2.4545061588287354,44,-118.73641967773438,-2.6985549926757812,44,-111.49465942382812,-2.858837366104126,39,-120.11233520507812,-2.729825735092163,44,-129.60162353515625,-2.9454915523529053,44,1379
-63.645652770996094,-2.1946775913238525,29,-79.70274353027344,-2.748370409011841,29,-61.237579345703125,-2.111640691757202,29,-50.95234680175781,-1.4985984563827515,34,-80.8899154663086,-2.7893073558807373,29,-61.82465744018555,-2.131884813308716,29,1380
-84.9742431640625,-2.832474708557129,30,-104.24871826171875,-3.474957227706909,30,-104.17897033691406,-3.47263240814209,30,-52.44916534423828,-2.9138424396514893,18,-108.45991516113281,-3.615330457687378,30,-105.93021392822266,-3.5310070514678955,30,1381
-61.73841857910156,-1.9293255805969238,32,-65.16085052490234,-2.0362765789031982,32,-63.168670654296875,-1.9740209579467773,32,-54.26544952392578,-1.9380518198013306,28,-83.12932586669922,-2.5977914333343506,32,-70.79175567626953,-2.212242364883423,32,1382
-109.88339233398438,-2.3887693881988525,46,-152.616455078125,-3.3177490234375,46,-142.73060607910156,-3.102839231491089,46,-64.2857666015625,-2.2167506217956543,29,-142.97430419921875,-3.1081371307373047,46,-120.341796875,-2.61612606048584,46,1383
-77.8844223022461,-1.9970364570617676,39,-100.47433471679688,-2.5762650966644287,39,-77.2409439086914,-1.9805370569229126,39,-81.49832153320312,-2.08970046043396,39,-102.46614837646484,-2.6273372173309326,39,-83.97124481201172,-2.153108835220337,39,1384
-147.45748901367188,-2.8913233280181885,51,-147.92855834960938,-2.900559902191162,51,-119.47439575195312,-2.342635154724121,51,-56.68565368652344,-1.954677700996399,29,-160.03170776367188,-3.137876510620117,51,-131.91651916503906,-2.5865983963012695,51,1385
-122.63582611083984,-2.787177801132202,44,-133.44796752929688,-3.0329084396362305,44,-109.52369689941406,-2.4891748428344727,44,-52.80046844482422,-1.5085848569869995,35,-131.75344848632812,-2.994396448135376,44,-95.13223266601562,-2.1620962619781494,44,1386
-58.097862243652344,-1.7087606191635132,34,-87.20745849609375,-2.564925193786621,34,-86.23053741455078,-2.5361921787261963,34,-86.54922485351562,-2.3391683101654053,37,-82.71607208251953,-2.4328255653381348,34,-90.9299087524414,-2.6744091510772705,34,1387
-121.46370697021484,-3.1144540309906006,39,-108.1736831665039,-2.77368426322937,39,-88.14922332763672,-2.2602365016937256,39,-74.6915283203125,-2.1340436935424805,35,-110.17588806152344,-2.8250226974487305,39,-90.27241516113281,-2.3146772384643555,39,1388
-114.74256896972656,-2.942117214202881,39,-126.94403839111328,-3.2549753189086914,39,-161.8011474609375,-4.148747444152832,39,-108.358154296875,-4.16762113571167,26,-147.1821746826172,-3.77390193939209,39,-182.82334899902344,-4.687777996063232,39,1389
-79.0130615234375,-2.469158172607422,32,-125.00286865234375,-3.906339645385742,32,-108.04790496826172,-3.3764970302581787,32,-113.20584106445312,-2.5156853199005127,45,-129.4669189453125,-4.045841217041016,32,-111.1225814819336,-3.472580671310425,32,1390
-120.10874938964844,-3.246182441711426,37,-151.55816650390625,-4.096166610717773,37,-149.229736328125,-4.033236026763916,37,-163.23167419433594,-3.981260299682617,41,-145.20046997070312,-3.9243369102478027,37,-141.69973754882812,-3.8297226428985596,37,1391
-16.608400344848633,-0.461344450712204,36,-106.26123809814453,-2.9517011642456055,36,-105.11442565917969,-2.9198451042175293,36,-68.56072235107422,-2.636950969696045,26,-113.66899871826172,-3.1574721336364746,36,-110.71794128417969,-3.075498342514038,36,1392
-66.70144653320312,-1.6675361394882202,40,-117.34623718261719,-2.9336559772491455,40,-109.211181640625,-2.7302794456481934,40,-106.73793029785156,-2.8848090171813965,37,-132.4412841796875,-3.3110320568084717,40,-131.36325073242188,-3.284081220626831,40,1393
-55.907691955566406,-1.5110187530517578,37,-104.8061752319336,-2.832599401473999,37,-100.08927154541016,-2.705115556716919,37,-99.55290222167969,-1.9520176649093628,51,-115.55113220214844,-3.1230034828186035,37,-111.87425994873047,-3.0236287117004395,37,1394
-62.20751190185547,-1.727986454963684,36,-98.47040557861328,-2.7352890968322754,36,-70.95384216308594,-1.970940113067627,36,-61.94173049926758,-1.8218156099319458,34,-121.27046203613281,-3.368623971939087,36,-112.72229766845703,-3.1311750411987305,36,1395
-94.26837921142578,-2.6933822631835938,35,-70.61909484863281,-2.017688512802124,35,-81.47384643554688,-2.327824115753174,35,-70.12551879882812,-2.191422462463379,32,-93.4535903930664,-2.670102596282959,35,-104.65504455566406,-2.9901440143585205,35,1396
-79.52680969238281,-2.3390238285064697,34,-95.4073486328125,-2.806098461151123,34,-76.81672668457031,-2.2593154907226562,34,-67.52229309082031,-1.500495433807373,45,-116.77420806884766,-3.434535503387451,34,-97.4802474975586,-2.8670661449432373,34,1397
-82.45846557617188,-2.4252490997314453,34,-82.82369995117188,-2.4359912872314453,34,-69.87213897705078,-2.055063009262085,34,-59.57238006591797,-1.8616368770599365,32,-99.38961791992188,-2.9232239723205566,34,-88.25658416748047,-2.5957818031311035,34,1398
-82.11703491210938,-2.219379425048828,37,-79.66561889648438,-2.1531248092651367,37,-77.35446166992188,-2.09066104888916,37,-59.45408630371094,-1.4155734777450562,42,-89.44462585449219,-2.417422294616699,37,-94.14378356933594,-2.544426679611206,37,1399
-72.8939437866211,-2.08268404006958,35,-97.964111328125,-2.7989745140075684,35,-73.59481811523438,-2.1027090549468994,35,-67.27088928222656,-2.1700286865234375,31,-134.6328125,-3.846651792526245,35,-124.39535522460938,-3.5541529655456543,35,1400
-26.930999755859375,-0.8977000117301941,30,-56.09503173828125,-1.8698344230651855,30,-42.203067779541016,-1.4067689180374146,30,-35.35763931274414,-1.1405689716339111,31,-70.21934509277344,-2.3406448364257812,30,-52.490962982177734,-1.7496987581253052,30,1401
-158.92430114746094,-2.943042516708374,54,-123.41261291503906,-2.285418748855591,54,-115.8719482421875,-2.1457767486572266,54,-27.049720764160156,-0.9016573429107666,30,-136.23536682128906,-2.5228772163391113,54,-112.16767883300781,-2.077179193496704,54,1402
-76.91116333007812,-1.9227790832519531,40,-180.7193603515625,-4.517983913421631,40,-229.3900146484375,-5.734750270843506,40,-260.54071044921875,-5.789793491363525,45,-174.65966796875,-4.366491794586182,40,-234.06005859375,-5.85150146484375,40,1403
-72.02027893066406,-1.5656582117080688,46,-103.93333435058594,-2.259420394897461,46,-109.12676239013672,-2.3723208904266357,46,-89.13121032714844,-2.025709390640259,44,-128.34649658203125,-2.7901413440704346,46,-132.0237274169922,-2.8700809478759766,46,1404
-100.86750793457031,-2.726148843765259,37,-94.95816040039062,-2.566436767578125,37,-95.04534912109375,-2.568793296813965,37,-56.85083770751953,-2.5841290950775146,22,-103.80799865722656,-2.80562162399292,37,-100.04754638671875,-2.7039878368377686,37,1405
-95.99131774902344,-2.0867676734924316,46,-112.69647979736328,-2.449923515319824,46,-102.20716094970703,-2.2218947410583496,46,-95.1951904296875,-2.06946063041687,46,-141.47218322753906,-3.075482130050659,46,-131.08819580078125,-2.849743366241455,46,1406
-94.69108581542969,-2.869426727294922,33,-90.89510345458984,-2.75439715385437,33,-83.35807800292969,-2.5260024070739746,33,-67.11521911621094,-2.2371740341186523,30,-91.71906280517578,-2.7793655395507812,33,-85.10167694091797,-2.578838586807251,33,1407
-95.58457946777344,-2.172376871109009,44,-115.5511474609375,-2.626162528991699,44,-105.94792938232422,-2.407907485961914,44,-98.02176666259766,-2.4505441188812256,40,-110.73561096191406,-2.5167183876037598,44,-112.52775573730469,-2.5574491024017334,44,1408
-151.3341522216797,-3.783353805541992,40,-114.52568817138672,-2.863142251968384,40,-119.6386947631836,-2.990967273712158,40,-71.31156158447266,-2.5468413829803467,28,-134.66275024414062,-3.3665688037872314,40,-120.39656829833984,-3.0099141597747803,40,1409
-63.767234802246094,-1.9927260875701904,32,-119.5328140258789,-3.735400438308716,32,-138.94985961914062,-4.3421831130981445,32,-167.01206970214844,-3.630697250366211,46,-116.0655517578125,-3.6270484924316406,32,-129.93968200683594,-4.060615062713623,32,1410
-100.29649353027344,-2.571704864501953,39,-110.26126861572266,-2.82721209526062,39,-98.62147521972656,-2.5287556648254395,39,-97.61941528320312,-2.568932056427002,38,-110.29393768310547,-2.828049659729004,39,-102.875732421875,-2.6378393173217773,39,1411
-65.24932861328125,-1.919097900390625,34,-199.20657348632812,-5.8590168952941895,34,-223.77682495117188,-6.581671237945557,34,-284.41058349609375,-6.051289081573486,47,-203.55502319335938,-5.986912250518799,34,-214.0825958251953,-6.296546936035156,34,1412
-47.41315460205078,-1.8235828876495361,26,-85.68110656738281,-3.295427083969116,26,-89.55101013183594,-3.4442696571350098,26,-99.2584228515625,-2.8359549045562744,35,-90.21697235107422,-3.469883441925049,26,-97.75395202636719,-3.7597672939300537,26,1413
-112.88201904296875,-2.7532200813293457,41,-112.4472427368164,-2.7426156997680664,41,-47.167823791503906,-1.1504347324371338,41,-42.444427490234375,-1.0611107349395752,40,-109.76226806640625,-2.677128553390503,41,-58.72365951538086,-1.4322843551635742,41,1414
-101.30286407470703,-2.737915277481079,37,-76.43993377685547,-2.065944194793701,37,-90.42874908447266,-2.4440202713012695,37,-76.92997741699219,-2.024473190307617,38,-86.19898986816406,-2.329702377319336,37,-74.09823608398438,-2.002655029296875,37,1415
-76.32147979736328,-1.861499547958374,41,-101.0508804321289,-2.464655637741089,41,-106.09599304199219,-2.587707042694092,41,-88.1363525390625,-2.3193776607513428,38,-109.69683074951172,-2.675532341003418,41,-99.56044006347656,-2.4283034801483154,41,1416
-48.00655746459961,-1.0668123960494995,45,-97.67422485351562,-2.1705384254455566,45,-81.57939910888672,-1.812875509262085,45,-61.40446090698242,-1.4976698160171509,41,-104.68598937988281,-2.326355218887329,45,-95.02497100830078,-2.111665964126587,45,1417
-74.15162658691406,-2.1186180114746094,35,-66.48870849609375,-1.8996773958206177,35,-86.95390319824219,-2.4843971729278564,35,-100.94058227539062,-2.4033472537994385,42,-79.58392333984375,-2.2738263607025146,35,-92.07229614257812,-2.6306369304656982,35,1418
-88.02176666259766,-1.8337868452072144,48,-135.98890686035156,-2.833102226257324,48,-125.99217987060547,-2.6248371601104736,48,-118.62600708007812,-2.4209389686584473,49,-131.52520751953125,-2.7401084899902344,48,-128.15211486816406,-2.6698358058929443,48,1419
-75.342529296875,-2.6908047199249268,28,-97.575439453125,-3.484837055206299,28,-89.09530639648438,-3.1819751262664795,28,-94.6185302734375,-2.8672282695770264,33,-87.2664566040039,-3.116659164428711,28,-92.50633239746094,-3.303797483444214,28,1420
-301.714599609375,-6.5590128898620605,46,-205.10838317871094,-4.458878040313721,46,-115.53085327148438,-2.511540174484253,46,-66.51943969726562,-1.9564541578292847,34,-211.58999633789062,-4.599782466888428,46,-118.95735168457031,-2.586029291152954,46,1421
-96.41051483154297,-2.605689525604248,37,-112.0810546875,-3.0292177200317383,37,-142.26211547851562,-3.8449220657348633,37,-116.21118927001953,-3.6315996646881104,32,-120.4425048828125,-3.2552027702331543,37,-145.390380859375,-3.9294698238372803,37,1422
-93.88870239257812,-2.183458089828491,43,-138.0616912841797,-3.2107369899749756,43,-145.26193237304688,-3.3781845569610596,43,-73.20220947265625,-2.81546950340271,26,-143.68850708007812,-3.3415932655334473,43,-137.64801025390625,-3.2011165618896484,43,1423
-97.65645599365234,-3.1502082347869873,31,-90.25282287597656,-2.911381483078003,31,-81.77957153320312,-2.6380507946014404,31,-101.63471984863281,-2.309880018234253,44,-86.00387573242188,-2.7743184566497803,31,-92.46038818359375,-2.982593059539795,31,1424
-67.94438171386719,-2.0589206218719482,33,-67.9827880859375,-2.060084581375122,33,-82.71379852294922,-2.506478786468506,33,-74.68698120117188,-2.4895660877227783,30,-69.12045288085938,-2.0945591926574707,33,-87.721923828125,-2.6582400798797607,33,1425
-43.40813064575195,-1.6077085733413696,27,-53.15824508666992,-1.9688239097595215,27,-65.32949829101562,-2.4196109771728516,27,-77.3587646484375,-2.975337028503418,26,-55.43952941894531,-2.0533158779144287,27,-66.57221984863281,-2.465637683868408,27,1426
-58.42316436767578,-1.7183283567428589,34,-53.34954071044922,-1.5691041946411133,34,-62.62175369262695,-1.8418163061141968,34,-77.10478210449219,-2.0839130878448486,37,-61.050315856933594,-1.7955975532531738,34,-70.5781478881836,-2.0758278369903564,34,1427
-29.466888427734375,-0.9208402633666992,32,-84.2981185913086,-2.6343162059783936,32,-76.76728820800781,-2.398977756500244,32,-59.055824279785156,-1.2565069198608398,47,-82.06535339355469,-2.564542293548584,32,-67.98460388183594,-2.124518871307373,32,1428
-102.47735595703125,-2.62762451171875,39,-90.00894165039062,-2.3079216480255127,39,-81.52215576171875,-2.0903117656707764,39,-71.84683227539062,-1.9418063163757324,37,-91.7018814086914,-2.351330280303955,39,-82.95150756835938,-2.1269617080688477,39,1429
-76.8112564086914,-2.4777824878692627,31,-88.09161376953125,-2.841665029525757,31,-81.14581298828125,-2.6176068782806396,31,-88.9452896118164,-2.7795403003692627,32,-91.46682739257812,-2.95054292678833,31,-89.3038330078125,-2.8807687759399414,31,1430
-76.88003540039062,-2.0231587886810303,38,-100.86009216308594,-2.6542129516601562,38,-102.85617065429688,-2.7067413330078125,38,-84.81314086914062,-2.5700950622558594,33,-91.98088073730469,-2.4205493927001953,38,-92.11870574951172,-2.4241764545440674,38,1431
-71.46783447265625,-1.7866958379745483,40,-98.97747802734375,-2.4744369983673096,40,-91.82171630859375,-2.2955429553985596,40,-82.37832641601562,-1.8722347021102905,44,-125.39347076416016,-3.1348366737365723,40,-115.7945556640625,-2.8948638439178467,40,1432
-55.57778549194336,-1.5879367589950562,35,-72.92692565917969,-2.0836265087127686,35,-75.218994140625,-2.1491141319274902,35,-76.37419128417969,-1.90935480594635,40,-87.11277770996094,-2.488936424255371,35,-93.04632568359375,-2.658466339111328,35,1433
-57.86048889160156,-2.06644606590271,28,-123.99430084228516,-4.428368091583252,28,-115.7835922241211,-4.135128498077393,28,-114.97807312011719,-4.106359958648682,28,-122.73968505859375,-4.3835601806640625,28,-125.0270004272461,-4.465250015258789,28,1434
-68.2059097290039,-2.3519279956817627,29,-83.33941650390625,-2.8737730979919434,29,-81.88221740722656,-2.8235247135162354,29,-76.150146484375,-2.3075802326202393,33,-91.74258422851562,-3.1635375022888184,29,-76.37019348144531,-2.6334550380706787,29,1435
-86.76407623291016,-2.344974994659424,37,-123.95237731933594,-3.350064277648926,37,-112.3193130493164,-3.0356571674346924,37,-116.66266632080078,-3.6457083225250244,32,-120.57801818847656,-3.2588653564453125,37,-110.34991455078125,-2.9824302196502686,37,1436
-36.65223693847656,-0.8330053687095642,44,-64.08496856689453,-1.4564765691757202,44,-65.32766723632812,-1.4847197532653809,44,-9.067694664001465,-0.3238462507724762,28,-78.84498596191406,-1.7919315099716187,44,-72.54975891113281,-1.6488581895828247,44,1437
-95.07794189453125,-2.022934913635254,47,-175.34690856933594,-3.730785369873047,47,-170.82200622558594,-3.6345107555389404,47,-150.39852905273438,-3.856372594833374,39,-178.87295532226562,-3.805807590484619,47,-175.23513793945312,-3.728407144546509,47,1438
-87.13436889648438,-2.2342145442962646,39,-118.38357543945312,-3.0354762077331543,39,-129.4547119140625,-3.3193516731262207,39,-119.27339172363281,-3.6143453121185303,33,-118.12147521972656,-3.0287556648254395,39,-139.0126190185547,-3.5644261837005615,39,1439
-80.2917251586914,-2.4330825805664062,33,-120.5654296875,-3.6534979343414307,33,-122.06248474121094,-3.6988632678985596,33,-110.11940002441406,-3.6706466674804688,30,-128.32476806640625,-3.88862943649292,33,-126.21035766601562,-3.824556350708008,33,1440
-34.732357025146484,-0.9387123584747314,37,-74.83778381347656,-2.0226428508758545,37,-91.92013549804688,-2.484328031539917,37,-60.72235870361328,-1.840071439743042,33,-74.06095886230469,-2.001647472381592,37,-88.94914245605469,-2.4040307998657227,37,1441
-73.70671081542969,-2.7298781871795654,27,-80.9937744140625,-2.999769449234009,27,-94.59260559082031,-3.503429889678955,27,-131.35812377929688,-3.368156909942627,39,-65.32907104492188,-2.419595241546631,27,-83.49159240722656,-3.0922811031341553,27,1442
-90.37921142578125,-2.510533571243286,36,-81.58676147460938,-2.26629900932312,36,-71.32264709472656,-1.9811846017837524,36,-75.69355773925781,-2.045771837234497,37,-84.08991241455078,-2.3358309268951416,36,-88.77873229980469,-2.466075897216797,36,1443
-61.97611999511719,-1.5494029521942139,40,-111.78414916992188,-2.7946038246154785,40,-97.6327896118164,-2.44081974029541,40,-70.99154663085938,-2.087986707687378,34,-117.68133544921875,-2.942033290863037,40,-96.74839782714844,-2.4187099933624268,40,1444
-128.06753540039062,-2.9783148765563965,43,-120.09015655517578,-2.7927942276000977,43,-107.58479309082031,-2.501971960067749,43,-59.83345413208008,-1.8697954416275024,32,-115.95560455322266,-2.6966419219970703,43,-107.97512817382812,-2.511049509048462,43,1445
-40.1259765625,-1.4330705404281616,28,-79.05162811279297,-2.823272466659546,28,-58.20069885253906,-2.078596353530884,28,-46.0360221862793,-1.1804108619689941,39,-71.41729736328125,-2.5506176948547363,28,-63.6748046875,-2.2741000652313232,28,1446
-50.78816604614258,-1.6929389238357544,30,-60.305274963378906,-2.010175943374634,30,-61.2029914855957,-2.040099620819092,30,-54.95380783081055,-1.8317935466766357,30,-70.67929077148438,-2.3559763431549072,30,-61.911720275878906,-2.0637240409851074,30,1447
-95.69544982910156,-3.6805942058563232,26,-77.18830108642578,-2.968780755996704,26,-77.14799499511719,-2.9672305583953857,26,-71.59268188476562,-2.386422634124756,30,-77.94493103027344,-2.9978818893432617,26,-77.39578247070312,-2.9767608642578125,26,1448
-69.4844970703125,-1.9852713346481323,35,-84.6171875,-2.4176340103149414,35,-85.20326232910156,-2.4343788623809814,35,-87.24250793457031,-2.814274549484253,31,-96.27482604980469,-2.750709295272827,35,-101.6590576171875,-2.9045445919036865,35,1449
-69.93644714355469,-2.185513973236084,32,-84.22489929199219,-2.632028102874756,32,-78.20578002929688,-2.4439306259155273,32,-77.85826110839844,-2.3593411445617676,33,-83.39060974121094,-2.605956554412842,32,-85.71446990966797,-2.678577184677124,32,1450
-40.06515121459961,-2.0032575130462646,20,-52.16796112060547,-2.608397960662842,20,-64.40104675292969,-3.2200522422790527,20,-88.01241302490234,-2.444789171218872,36,-56.689422607421875,-2.8344712257385254,20,-76.94844055175781,-3.8474221229553223,20,1451
-248.5154571533203,-5.7794294357299805,43,-160.556640625,-3.733875274658203,43,-85.369384765625,-1.9853345155715942,43,-56.65113830566406,-1.4908194541931152,38,-180.9840087890625,-4.208930492401123,43,-73.27791595458984,-1.7041375637054443,43,1452
-84.42952728271484,-1.8762117624282837,45,-103.55522155761719,-2.30122709274292,45,-94.07293701171875,-2.0905096530914307,45,-51.32404327392578,-1.6038763523101807,32,-110.06077575683594,-2.4457950592041016,45,-97.81118774414062,-2.173581838607788,45,1453
-50.96063232421875,-2.1233596801757812,24,-45.70765686035156,-1.9044857025146484,24,-43.54575729370117,-1.8144065141677856,24,-41.43749237060547,-1.4799104928970337,28,-57.55834197998047,-2.398264169692993,24,-47.47809600830078,-1.978253960609436,24,1454
-136.68643188476562,-2.7337286472320557,50,-143.70101928710938,-2.8740203380584717,50,-144.35626220703125,-2.887125253677368,50,-112.29521179199219,-2.7389075756073,41,-139.27584838867188,-2.7855169773101807,50,-136.7262725830078,-2.734525442123413,50,1455
-66.45384216308594,-1.4767520427703857,45,-106.79730224609375,-2.3732733726501465,45,-90.34461975097656,-2.0076582431793213,45,-74.19564819335938,-1.766563057899475,42,-126.43026733398438,-2.8095614910125732,45,-100.84867858886719,-2.241081714630127,45,1456
-84.34086608886719,-2.008115768432617,42,-114.61046600341797,-2.728820562362671,42,-95.50635528564453,-2.273960828781128,42,-128.82823181152344,-2.5765645503997803,50,-146.6795654296875,-3.49237060546875,42,-127.61369323730469,-3.038421154022217,42,1457
-100.55623626708984,-2.873035430908203,35,-121.28884887695312,-3.46539568901062,35,-116.99066925048828,-3.342590570449829,35,-88.16583251953125,-3.83329701423645,23,-120.18679809570312,-3.433908462524414,35,-121.26463317871094,-3.4647037982940674,35,1458
-28.637327194213867,-0.7536138892173767,38,-84.37811279296875,-2.2204766273498535,38,-75.126953125,-1.977025032043457,38,-72.2531967163086,-1.7622730731964111,41,-108.03662109375,-2.843069076538086,38,-108.61398315429688,-2.858262777328491,38,1459
-94.51371765136719,-3.3754899501800537,28,-94.101806640625,-3.36077880859375,28,-93.88807678222656,-3.3531455993652344,28,-92.25447082519531,-2.4277491569519043,38,-119.35514068603516,-4.262683391571045,28,-101.517578125,-3.6256277561187744,28,1460
-109.04633331298828,-2.4232518672943115,45,-120.36663818359375,-2.674814224243164,45,-91.64472198486328,-2.0365493297576904,45,-68.96136474609375,-2.3779780864715576,29,-134.3757781982422,-2.986128330230713,45,-118.96794128417969,-2.6437320709228516,45,1461
-109.83580017089844,-4.224453926086426,26,-94.93800354003906,-3.651461601257324,26,-76.3377914428711,-2.9360690116882324,26,-69.77149963378906,-2.683519124984741,26,-94.48973083496094,-3.6342203617095947,26,-90.56505584716797,-3.483271360397339,26,1462
-50.909568786621094,-1.5909240245819092,32,-75.43841552734375,-2.357450485229492,32,-55.037593841552734,-1.719924807548523,32,-55.32753372192383,-1.257443904876709,44,-93.96063995361328,-2.936269998550415,32,-78.80451202392578,-2.4626410007476807,32,1463
-112.29270935058594,-2.6114583015441895,43,-116.33370971679688,-2.705435037612915,43,-90.71541595458984,-2.1096608638763428,43,-74.55445098876953,-1.9116525650024414,39,-140.87977600097656,-3.2762739658355713,43,-116.18148803710938,-2.701894998550415,43,1464
-64.2278060913086,-1.459722876548767,44,-107.74044799804688,-2.4486465454101562,44,-124.67691802978516,-2.833566427230835,44,-100.49005126953125,-2.644474983215332,38,-137.82711791992188,-3.132434606552124,44,-162.94088745117188,-3.70320200920105,44,1465
-118.90306854248047,-3.4971489906311035,34,-113.5450439453125,-3.339560031890869,34,-86.61942291259766,-2.5476300716400146,34,-73.58798217773438,-2.3738057613372803,31,-118.18115234375,-3.4759161472320557,34,-95.11116027832031,-2.79738712310791,34,1466
-54.69603729248047,-1.6574556827545166,33,-73.00879669189453,-2.212387800216675,33,-67.50455474853516,-2.0455925464630127,33,-75.91753387451172,-2.3005313873291016,33,-102.4925765991211,-3.1058356761932373,33,-97.87464904785156,-2.9658985137939453,33,1467
-81.81846618652344,-1.9480587244033813,42,-153.61773681640625,-3.657565116882324,42,-93.4006118774414,-2.2238240242004395,42,-90.01680755615234,-2.9037680625915527,31,-166.31292724609375,-3.959831714630127,42,-124.21282196044922,-2.9574482440948486,42,1468
-146.36965942382812,-4.721601963043213,31,-124.77754974365234,-4.025082111358643,31,-108.88494873046875,-3.512417793273926,31,-100.30180358886719,-3.343393564224243,30,-132.16830444335938,-4.263493537902832,31,-114.27075958251953,-3.6861536502838135,31,1469
-81.62438201904297,-1.9908385276794434,41,-98.608154296875,-2.4050769805908203,41,-88.67799377441406,-2.1628777980804443,41,-92.40737915039062,-2.4317731857299805,38,-102.30841064453125,-2.4953269958496094,41,-136.16571044921875,-3.3211147785186768,41,1470
-48.476749420166016,-1.0314202308654785,47,-115.3232421875,-2.453685998916626,47,-105.86365509033203,-2.252418279647827,47,-54.65970993041992,-1.763216495513916,31,-137.495361328125,-2.9254331588745117,47,-126.53874969482422,-2.6923139095306396,47,1471
-77.32890319824219,-2.034971237182617,38,-108.85905456542969,-2.8647119998931885,38,-115.4141616821289,-3.037214756011963,38,-132.16943359375,-3.223644733428955,41,-131.79071044921875,-3.4681766033172607,38,-119.26029968261719,-3.1384289264678955,38,1472
-58.43531036376953,-2.0150105953216553,29,-79.63375854492188,-2.7459917068481445,29,-69.24381256103516,-2.3877177238464355,29,-63.15129089355469,-1.8573908805847168,34,-80.14398193359375,-2.7635855674743652,29,-70.19844055175781,-2.420635938644409,29,1473
-53.635047912597656,-1.1411712169647217,47,-65.42083740234375,-1.391932725906372,47,-80.28176879882812,-1.708122730255127,47,-46.156558990478516,-1.0257012844085693,45,-88.78656005859375,-1.889075756072998,47,-88.53541564941406,-1.8837321996688843,47,1474
-45.725528717041016,-1.57674241065979,29,-51.76152038574219,-1.7848800420761108,29,-51.94058609008789,-1.7910547256469727,29,-52.34926223754883,-1.5396841764450073,34,-67.3673095703125,-2.3230106830596924,29,-74.112548828125,-2.555605173110962,29,1475
-105.23873901367188,-2.844290256500244,37,-93.58904266357422,-2.529433488845825,37,-72.99002838134766,-1.972703456878662,37,-19.50621223449707,-0.9753106236457825,20,-105.92438507080078,-2.862821102142334,37,-88.24646759033203,-2.3850395679473877,37,1476
-65.29747009277344,-1.8656419515609741,35,-97.82319641113281,-2.7949485778808594,35,-82.90304565429688,-2.3686585426330566,35,-66.23896789550781,-1.6984350681304932,39,-111.96113586425781,-3.1988894939422607,35,-112.0467529296875,-3.201335906982422,35,1477
-88.48726654052734,-2.6814322471618652,33,-63.1763916015625,-1.9144361019134521,33,-59.040382385253906,-1.789102554321289,33,-49.0850830078125,-1.291712760925293,38,-75.9939956665039,-2.3028483390808105,33,-80.86138916015625,-2.450345039367676,33,1478
-66.09698486328125,-1.6524245738983154,40,-112.75077056884766,-2.8187692165374756,40,-80.11052703857422,-2.002763271331787,40,-112.36557006835938,-1.5392544269561768,73,-123.42178344726562,-3.0855445861816406,40,-95.93717956542969,-2.3984293937683105,40,1479
-28.780166625976562,-0.79944908618927,36,-48.742916107177734,-1.353969931602478,36,-67.42759704589844,-1.8729888200759888,36,-50.38175964355469,-1.2288234233856201,41,-67.74845886230469,-1.8819016218185425,36,-75.8734130859375,-2.1075947284698486,36,1480
-50.26062774658203,-1.0926223993301392,46,-80.81914520263672,-1.7569379806518555,46,-92.899658203125,-2.0195577144622803,46,-22.060651779174805,-0.7353550791740417,30,-88.07112884521484,-1.914589762687683,46,-93.8596420288086,-2.0404269695281982,46,1481
-95.18047332763672,-2.025116443634033,47,-132.39227294921875,-2.816856861114502,47,-87.769287109375,-1.867431640625,47,-72.92620849609375,-1.823155164718628,40,-137.1046142578125,-2.9171195030212402,47,-95.86355590820312,-2.0396502017974854,47,1482
-50.79560852050781,-1.8813188076019287,27,-83.53103637695312,-3.0937421321868896,27,-71.20928955078125,-2.637381076812744,27,-79.53351593017578,-2.272386074066162,35,-90.94952392578125,-3.3685009479522705,27,-65.0604476928711,-2.4096462726593018,27,1483
-116.805419921875,-2.5956759452819824,45,-128.917236328125,-2.8648273944854736,45,-124.10967254638672,-2.757992744445801,45,-83.71861267089844,-2.98995041847229,28,-138.92819213867188,-3.0872931480407715,45,-120.45274353027344,-2.676727533340454,45,1484
-33.272430419921875,-1.6636215448379517,20,-60.70886993408203,-3.0354435443878174,20,-45.35711669921875,-2.2678558826446533,20,-55.64408874511719,-1.6861845254898071,33,-65.53973388671875,-3.276986598968506,20,-57.74205780029297,-2.8871028423309326,20,1485
-44.89701843261719,-1.3205004930496216,34,-104.88107299804688,-3.084737539291382,34,-106.71292114257812,-3.138615369796753,34,-131.37184143066406,-3.127901077270508,42,-114.1582260131836,-3.3575949668884277,34,-124.99702453613281,-3.6763830184936523,34,1486
-118.92510986328125,-3.129608154296875,38,-92.56877136230469,-2.4360203742980957,38,-77.05575561523438,-2.027783155441284,38,-69.30441284179688,-1.925122618675232,36,-87.93522644042969,-2.314085006713867,38,-70.86764526367188,-1.8649380207061768,38,1487
-303.88360595703125,-6.906445503234863,44,-143.34295654296875,-3.2577943801879883,44,-114.88238525390625,-2.6109633445739746,44,-88.05091857910156,-2.3797545433044434,37,-153.47024536132812,-3.48796010017395,44,-119.60980224609375,-2.718404531478882,44,1488
-76.87991333007812,-1.787904977798462,43,-78.95475769042969,-1.836157202720642,43,-79.0867919921875,-1.8392276763916016,43,-89.98802185058594,-1.956261396408081,46,-80.0997543334961,-1.8627849817276,43,-84.08992004394531,-1.9555795192718506,43,1489
-129.611572265625,-3.4108307361602783,38,-110.46251678466797,-2.9069082736968994,38,-76.7870864868164,-2.0207128524780273,38,-66.33314514160156,-1.8425873517990112,36,-120.3033447265625,-3.1658775806427,38,-73.18391418457031,-1.9258924722671509,38,1490
-113.51266479492188,-2.910581111907959,39,-95.20162963867188,-2.4410674571990967,39,-87.20661926269531,-2.236067056655884,39,-85.05233764648438,-2.4300668239593506,35,-97.16232299804688,-2.4913415908813477,39,-80.3514633178711,-2.0602939128875732,39,1491
-49.804168701171875,-1.3460586071014404,37,-91.67495727539062,-2.4777016639709473,37,-106.12855529785156,-2.8683393001556396,37,-110.55906677246094,-2.834847927093506,39,-93.62380981445312,-2.5303733348846436,37,-106.54856872558594,-2.8796911239624023,37,1492
-99.14222717285156,-2.753950834274292,36,-145.51007080078125,-4.0419464111328125,36,-131.89219665527344,-3.6636722087860107,36,-137.89334106445312,-3.939809799194336,35,-166.11056518554688,-4.614182472229004,36,-138.73919677734375,-3.8538665771484375,36,1493
-109.71391296386719,-2.438086986541748,45,-92.68446350097656,-2.059654712677002,45,-109.80886840820312,-2.440196990966797,45,-66.86373901367188,-2.1568949222564697,31,-90.67613220214844,-2.0150251388549805,45,-97.68505859375,-2.17077898979187,45,1494
-42.982181549072266,-1.4327393770217896,30,-93.83026123046875,-3.1276752948760986,30,-88.63909912109375,-2.954636573791504,30,-98.58650207519531,-2.8167572021484375,35,-89.63460540771484,-2.9878201484680176,30,-91.44220733642578,-3.0480735301971436,30,1495
-80.0291976928711,-2.4251272678375244,33,-100.41514587402344,-3.0428831577301025,33,-82.49686431884766,-2.4999048709869385,33,-79.68319702148438,-2.414642333984375,33,-102.34635162353516,-3.1014046669006348,33,-82.36331176757812,-2.4958579540252686,33,1496
-37.26741027832031,-1.1293154954910278,33,-68.51544189453125,-2.076225519180298,33,-68.16434478759766,-2.0655860900878906,33,-59.05000305175781,-1.5959460735321045,37,-82.83493041992188,-2.5101494789123535,33,-69.27046203613281,-2.099104881286621,33,1497
-47.11695098876953,-1.070839762687683,44,-82.46754455566406,-1.8742623329162598,44,-79.13079071044922,-1.7984271049499512,44,-83.01606750488281,-2.024782180786133,41,-73.90430450439453,-1.6796432733535767,44,-87.22967529296875,-1.9824925661087036,44,1498
-89.66812133789062,-2.1870274543762207,41,-101.33171844482422,-2.4715054035186768,41,-84.64772033691406,-2.0645785331726074,41,-79.88589477539062,-1.857811450958252,43,-92.80488586425781,-2.2635338306427,41,-81.03097534179688,-1.9763652086257935,41,1499
-140.462158203125,-3.425906181335449,41,-104.39131927490234,-2.5461297035217285,41,-93.44197082519531,-2.2790725231170654,41,-108.96757507324219,-2.3688602447509766,46,-93.46821594238281,-2.279712677001953,41,-87.76356506347656,-2.1405746936798096,41,1500
-52.91905212402344,-1.0799806118011475,49,-178.2238006591797,-3.6372203826904297,49,-171.54736328125,-3.5009665489196777,49,-132.21701049804688,-4.265064716339111,31,-179.7396240234375,-3.6681556701660156,49,-169.62136840820312,-3.461660623550415,49,1501
-96.349853515625,-2.09456205368042,46,-146.36190795898438,-3.1817805767059326,46,-134.21990966796875,-2.9178240299224854,46,-141.51919555664062,-3.369504690170288,42,-137.91009521484375,-2.9980454444885254,46,-144.83396911621094,-3.148564577102661,46,1502
-81.5800552368164,-2.146843671798706,38,-105.68394470214844,-2.781156539916992,38,-104.5081558227539,-2.7502145767211914,38,-54.742698669433594,-2.0275073051452637,27,-98.95349884033203,-2.604039430618286,38,-98.94206237792969,-2.60373854637146,38,1503
-53.717857360839844,-1.534795880317688,35,-98.35719299316406,-2.8102054595947266,35,-71.20832824707031,-2.0345237255096436,35,-62.00422668457031,-2.2144367694854736,28,-99.94502258300781,-2.855571985244751,35,-77.92317199707031,-2.2263762950897217,35,1504
-73.03244018554688,-1.6984288692474365,43,-86.21533203125,-2.005007743835449,43,-91.49351501464844,-2.127756118774414,43,-18.293659210205078,-0.7036022543907166,26,-93.44898986816406,-2.173232316970825,43,-103.37640380859375,-2.404102325439453,43,1505
-40.39232635498047,-1.1540664434432983,35,-94.82693481445312,-2.709341049194336,35,-105.81985473632812,-3.0234243869781494,35,-81.77349853515625,-2.8197758197784424,29,-101.35189056396484,-2.895768404006958,35,-111.34706115722656,-3.181344509124756,35,1506
-59.89077377319336,-1.6186695098876953,37,-118.0797119140625,-3.1913435459136963,37,-116.16567993164062,-3.139612913131714,37,-109.86363220214844,-3.231283187866211,34,-113.81779479980469,-3.0761566162109375,37,-113.06776428222656,-3.0558855533599854,37,1507
-89.13668823242188,-3.301358938217163,27,-78.96742248535156,-2.9247193336486816,27,-63.52348327636719,-2.352721691131592,27,-88.03829193115234,-2.257392168045044,39,-92.14505004882812,-3.4127795696258545,27,-69.39659118652344,-2.570244073867798,27,1508
-78.12931060791016,-2.2979209423065186,34,-95.93998718261719,-2.8217642307281494,34,-77.70878601074219,-2.285552501678467,34,-98.05474090576172,-2.1789941787719727,45,-107.19489288330078,-3.1527910232543945,34,-86.62772369384766,-2.5478742122650146,34,1509
-115.34326171875,-2.7462680339813232,42,-129.6669158935547,-3.0873074531555176,42,-157.05630493164062,-3.739435911178589,42,-177.18145751953125,-3.8517708778381348,46,-129.29209899902344,-3.078383207321167,42,-156.8887481689453,-3.7354464530944824,42,1510
-82.22108459472656,-2.3491737842559814,35,-99.59585571289062,-2.8455958366394043,35,-86.625732421875,-2.4750208854675293,35,-79.14454650878906,-2.473267078399658,32,-105.62181091308594,-3.017765998840332,35,-85.18038940429688,-2.433725357055664,35,1511
-49.135536193847656,-1.3648760318756104,36,-104.36731719970703,-2.899092197418213,36,-94.6190185546875,-2.6283061504364014,36,-119.82951354980469,-2.496448278427124,48,-94.0123291015625,-2.6114535331726074,36,-106.78913879394531,-2.966364860534668,36,1512
-93.13053894042969,-2.5170416831970215,37,-121.73887634277344,-3.2902398109436035,37,-121.04692077636719,-3.271538496017456,37,-104.99357604980469,-3.1816234588623047,33,-123.69686889648438,-3.343158721923828,37,-122.7750015258789,-3.3182432651519775,37,1513
-78.64517974853516,-1.709677815437317,46,-91.06950378417969,-1.9797718524932861,46,-102.13545227050781,-2.2203359603881836,46,-65.7898941040039,-2.2686171531677246,29,-89.50265502929688,-1.9457099437713623,46,-107.75169372558594,-2.342428207397461,46,1514
-77.70643615722656,-2.679532289505005,29,-67.72699737548828,-2.335413694381714,29,-81.13710021972656,-2.7978310585021973,29,-83.98085021972656,-2.5448741912841797,33,-75.64144897460938,-2.608325719833374,29,-81.07826232910156,-2.795802116394043,29,1515
-48.778404235839844,-1.682013988494873,29,-78.69869995117188,-2.7137482166290283,29,-82.41487121582031,-2.8418920040130615,29,-86.00044250488281,-2.097571849822998,41,-88.9779052734375,-3.0682036876678467,29,-85.10537719726562,-2.9346680641174316,29,1516
-148.4697265625,-3.2993273735046387,45,-115.56144714355469,-2.5680322647094727,45,-118.16983795166016,-2.6259963512420654,45,-57.089263916015625,-1.6311218738555908,35,-123.8133773803711,-2.751408338546753,45,-109.7416763305664,-2.438704013824463,45,1517
-74.8154525756836,-1.968827724456787,38,-117.84585571289062,-3.1012067794799805,38,-128.75897216796875,-3.3883941173553467,38,-127.83354187011719,-3.0436558723449707,42,-119.34893798828125,-3.140761613845825,38,-120.47361755371094,-3.170358419418335,38,1518
-76.92573547363281,-1.7889705896377563,43,-88.98717498779297,-2.0694692134857178,43,-86.19842529296875,-2.0046145915985107,43,-86.20634460449219,-1.9592350721359253,44,-91.94696044921875,-2.138301372528076,43,-86.81935119628906,-2.019054651260376,43,1519
-64.81654357910156,-1.9641376733779907,33,-77.15824890136719,-2.3381288051605225,33,-76.2598876953125,-2.310905694961548,33,-62.79717254638672,-1.6101839542388916,39,-83.39857482910156,-2.5272295475006104,33,-76.06147766113281,-2.3048932552337646,33,1520
-66.22029113769531,-1.615128993988037,41,-86.86941528320312,-2.1187663078308105,41,-70.9068374633789,-1.7294350862503052,41,-68.23536682128906,-1.624651551246643,42,-81.37445068359375,-1.9847426414489746,41,-86.75633239746094,-2.1160080432891846,41,1521
-108.6951675415039,-2.651101589202881,41,-50.32137680053711,-1.2273507118225098,41,-31.689205169677734,-0.7729074358940125,41,-20.338153839111328,-0.5084538459777832,40,-73.37519836425781,-1.7896389961242676,41,-77.03050994873047,-1.8787928819656372,41,1522
-66.65546417236328,-2.1501762866973877,31,-71.26991271972656,-2.2990293502807617,31,-68.08866882324219,-2.196408748626709,31,-63.43095397949219,-2.4396519660949707,26,-73.0289077758789,-2.35577130317688,31,-71.94453430175781,-2.320791482925415,31,1523
-48.839393615722656,-1.5754643678665161,31,-76.43013763427734,-2.4654881954193115,31,-68.84245300292969,-2.22072434425354,31,-62.74567413330078,-1.9013841152191162,33,-74.89525604248047,-2.415976047515869,31,-76.49131774902344,-2.4674618244171143,31,1524
-116.28887939453125,-2.422684907913208,48,-126.34049224853516,-2.632093667984009,48,-108.15271759033203,-2.2531816959381104,48,-57.86140441894531,-1.563821792602539,37,-125.10227966308594,-2.606297492980957,48,-112.46088409423828,-2.342935085296631,48,1525
-84.07304382324219,-2.2124485969543457,38,-103.41142272949219,-2.72135329246521,38,-113.37046813964844,-2.983433485031128,38,-91.04048156738281,-3.3718698024749756,27,-130.65316772460938,-3.4382412433624268,38,-136.7161865234375,-3.5977942943573,38,1526
-141.3812255859375,-3.8211143016815186,37,-119.76536560058594,-3.2369017601013184,37,-107.15043640136719,-2.8959577083587646,37,-91.70262145996094,-3.396393299102783,27,-112.13796997070312,-3.0307559967041016,37,-108.79005432128906,-2.9402718544006348,37,1527
-92.16263580322266,-2.792807102203369,33,-77.0403060913086,-2.334554672241211,33,-76.16244506835938,-2.307952880859375,33,-57.56138610839844,-1.9848754405975342,29,-97.386474609375,-2.9511053562164307,33,-65.29156494140625,-1.978532314300537,33,1528
-84.81640625,-3.0291574001312256,28,-112.112060546875,-4.004002094268799,28,-95.227294921875,-3.400974750518799,28,-94.65769958496094,-3.155256748199463,30,-118.3157958984375,-4.225564002990723,28,-93.786376953125,-3.349513530731201,28,1529
-132.19781494140625,-3.004495859146118,44,-143.81813049316406,-3.2685937881469727,44,-126.54216003417969,-2.875958204269409,44,-77.11225891113281,-2.754009246826172,28,-151.84954833984375,-3.4511260986328125,44,-121.54985046386719,-2.7624967098236084,44,1530
-92.1875,-2.491554021835327,37,-121.73448944091797,-3.29012131690979,37,-100.8126449584961,-2.724666118621826,37,-120.63724517822266,-2.8723154067993164,42,-109.67823028564453,-2.9642765522003174,37,-87.05485534667969,-2.3528339862823486,37,1531
-50.776878356933594,-1.8134599924087524,28,-78.12322235107422,-2.7901151180267334,28,-45.42066955566406,-1.6221667528152466,28,-44.62633514404297,-1.5937976837158203,28,-51.795654296875,-1.8498448133468628,28,-41.96299362182617,-1.4986783266067505,28,1532
-79.06748962402344,-2.7264652252197266,29,-73.29698944091797,-2.527482509613037,29,-64.81139373779297,-2.2348756790161133,29,-108.38459777832031,-2.5205719470977783,43,-77.2127685546875,-2.6625092029571533,29,-69.22955322265625,-2.387225866317749,29,1533
-82.42667388916016,-1.6485334634780884,50,-111.87384796142578,-2.2374770641326904,50,-85.5494384765625,-1.7109887599945068,50,-41.66355514526367,-1.1260420083999634,37,-108.53968048095703,-2.1707935333251953,50,-95.41981506347656,-1.9083962440490723,50,1534
-93.33155822753906,-1.9857778549194336,47,-162.25650024414062,-3.452265977859497,47,-131.3579864501953,-2.7948508262634277,47,-103.72480773925781,-2.803373098373413,37,-161.8436279296875,-3.4434814453125,47,-142.0252685546875,-3.0218141078948975,47,1535
-72.71665954589844,-1.913596272468567,38,-59.79538345336914,-1.573562741279602,38,-50.400489807128906,-1.3263286352157593,38,-47.002437591552734,-1.205190658569336,39,-64.55880737304688,-1.698915958404541,38,-62.43804168701172,-1.6431063413619995,38,1536
-92.72555541992188,-3.4342799186706543,27,-82.42634582519531,-3.0528275966644287,27,-69.56607818603516,-2.576521396636963,27,-59.50542449951172,-1.565932273864746,38,-82.87967681884766,-3.069617748260498,27,-76.77957153320312,-2.8436877727508545,27,1537
-101.55810546875,-2.821058511734009,36,-151.6195831298828,-4.211655139923096,36,-130.08746337890625,-3.6135406494140625,36,-140.2998809814453,-3.597432851791382,39,-159.13433837890625,-4.420398235321045,36,-135.62423706054688,-3.7673399448394775,36,1538
-46.04758071899414,-1.6445564031600952,28,-51.157958984375,-1.8270699977874756,28,-49.142921447753906,-1.7551043033599854,28,-21.798128128051758,-0.9082553386688232,24,-52.049049377441406,-1.8588945865631104,28,-55.97416687011719,-1.9990774393081665,28,1539
-103.01579284667969,-2.784210681915283,37,-104.63102722167969,-2.8278656005859375,37,-81.64615631103516,-2.206652879714966,37,-77.14439392089844,-2.142899751663208,36,-95.64716339111328,-2.5850584506988525,37,-102.97213745117188,-2.7830307483673096,37,1540
-107.43815612792969,-2.6859538555145264,40,-92.49373626708984,-2.3123433589935303,40,-91.19773864746094,-2.2799434661865234,40,-96.09738159179688,-2.2348227500915527,43,-103.2029800415039,-2.5800745487213135,40,-92.9316177368164,-2.3232903480529785,40,1541
-49.83272933959961,-1.9166433811187744,26,-60.23099136352539,-2.3165764808654785,26,-68.74007415771484,-2.6438488960266113,26,-90.38638305664062,-2.0542359352111816,44,-56.96326446533203,-2.190894842147827,26,-72.24176025390625,-2.778529167175293,26,1542
-95.12854766845703,-2.37821364402771,40,-131.61044311523438,-3.2902610301971436,40,-95.65367126464844,-2.3913416862487793,40,-99.12881469726562,-2.6086530685424805,38,-122.12691497802734,-3.0531728267669678,40,-109.32711029052734,-2.733177661895752,40,1543
-19.46645736694336,-0.8463677167892456,23,-76.6294937133789,-3.331717014312744,23,-80.74224853515625,-3.5105326175689697,23,-104.71676635742188,-2.4352736473083496,43,-56.130699157714844,-2.440465211868286,23,-70.6226806640625,-3.0705513954162598,23,1544
-60.73176574707031,-1.3495948314666748,45,-72.33274841308594,-1.6073944568634033,45,-68.2335205078125,-1.5163004398345947,45,-52.414878845214844,-1.278411626815796,41,-87.73136138916016,-1.9495857954025269,45,-83.1172866821289,-1.8470507860183716,45,1545
-59.97789001464844,-2.1420674324035645,28,-69.29608154296875,-2.4748599529266357,28,-74.75746154785156,-2.6699092388153076,28,-81.62805938720703,-1.8551831245422363,44,-69.8575210571289,-2.4949114322662354,28,-86.38288879394531,-3.0851032733917236,28,1546
-87.64911651611328,-2.9216372966766357,30,-85.185546875,-2.8395183086395264,30,-79.40817260742188,-2.6469390392303467,30,-78.40464782714844,-2.4501452445983887,32,-81.4036865234375,-2.713456153869629,30,-86.18708038330078,-2.8729026317596436,30,1547
-66.31788635253906,-2.3684959411621094,28,-92.09031677246094,-3.288939952850342,28,-101.17579650878906,-3.6134212017059326,28,-96.24110412597656,-2.047683000564575,47,-107.33436584472656,-3.8333702087402344,28,-84.73931121826172,-3.0264039039611816,28,1548
-91.86769104003906,-2.8708653450012207,32,-132.59439086914062,-4.1435747146606445,32,-135.78631591796875,-4.243322372436523,32,-138.966552734375,-3.755852699279785,37,-140.30624389648438,-4.384570121765137,32,-119.13700103759766,-3.7230312824249268,32,1549
-102.08538818359375,-3.293076992034912,31,-110.32953643798828,-3.5590174198150635,31,-116.8893051147461,-3.770622730255127,31,-145.85667419433594,-3.5574798583984375,41,-123.546875,-3.9853830337524414,31,-125.63555145263672,-4.052759647369385,31,1550
-40.95966339111328,-1.5170245170593262,27,-69.079345703125,-2.5584943294525146,27,-89.70745849609375,-3.3224985599517822,27,-76.2751693725586,-3.3163115978240967,23,-85.21939086914062,-3.15627384185791,27,-101.49694061279297,-3.759145975112915,27,1551
-40.06619644165039,-2.003309726715088,20,-65.77912902832031,-3.2889564037323,20,-48.38618850708008,-2.419309377670288,20,-21.452045440673828,-0.42904090881347656,50,-70.04893493652344,-3.5024466514587402,20,-57.292694091796875,-2.8646347522735596,20,1552
-81.78567504882812,-2.0446419715881348,40,-127.69068908691406,-3.1922671794891357,40,-131.00375366210938,-3.2750937938690186,40,-124.4820785522461,-3.1918482780456543,39,-136.53855895996094,-3.413464069366455,40,-145.69461059570312,-3.6423652172088623,40,1553
-120.50971221923828,-2.869278907775879,42,-110.72975158691406,-2.636422634124756,42,-110.42765045166016,-2.629229784011841,42,-142.2095947265625,-3.1602132320404053,45,-118.69096374511719,-2.8259754180908203,42,-115.37582397460938,-2.7470433712005615,42,1554
-37.99061965942383,-1.7268463373184204,22,-69.33052825927734,-3.1513876914978027,22,-67.7622299194336,-3.080101251602173,22,-138.884521484375,-2.8343780040740967,49,-74.95069885253906,-3.4068498611450195,22,-73.83050537109375,-3.3559319972991943,22,1555
-51.740928649902344,-1.1497983932495117,45,-73.8201904296875,-1.6404486894607544,45,-55.31940460205078,-1.2293200492858887,45,-52.863128662109375,-1.2293751239776611,43,-82.9950180053711,-1.8443337678909302,45,-58.41899871826172,-1.298200011253357,45,1556
-74.21826171875,-2.0616183280944824,36,-114.39456176757812,-3.177626609802246,36,-90.24801635742188,-2.5068893432617188,36,-77.01276397705078,-2.3337202072143555,33,-118.77189636230469,-3.2992193698883057,36,-99.33976745605469,-2.7594380378723145,36,1557
-80.08893585205078,-2.1645658016204834,37,-45.554603576660156,-1.2312054634094238,37,-46.977752685546875,-1.2696689367294312,37,-35.447715759277344,-0.8861929178237915,40,-77.57571411132812,-2.0966408252716064,37,-68.5709228515625,-1.8532681465148926,37,1558
-73.89105987548828,-2.111173152923584,35,-70.05801391601562,-2.001657485961914,35,-69.15674591064453,-1.9759069681167603,35,-72.51849365234375,-1.7266308069229126,42,-93.86153411865234,-2.681758165359497,35,-98.4530029296875,-2.8129429817199707,35,1559
-71.54692840576172,-1.5553680658340454,46,-135.38421630859375,-2.9431350231170654,46,-149.94287109375,-3.2596275806427,46,-120.37136840820312,-3.4391820430755615,35,-127.42781066894531,-2.770169734954834,46,-145.59088134765625,-3.1650192737579346,46,1560
-102.3829116821289,-2.694287061691284,38,-102.69641876220703,-2.7025372982025146,38,-88.9065933227539,-2.3396472930908203,38,-77.43528747558594,-2.4198527336120605,32,-115.10432434082031,-3.0290610790252686,38,-107.5902099609375,-2.8313212394714355,38,1561
-47.45384216308594,-1.1863460540771484,40,-107.55183410644531,-2.688795804977417,40,-100.93705749511719,-2.5234265327453613,40,-91.24209594726562,-2.5345027446746826,36,-111.3468017578125,-2.783669948577881,40,-107.58417510986328,-2.6896042823791504,40,1562
-65.48247528076172,-1.6790378093719482,39,-95.1998062133789,-2.4410207271575928,39,-78.609619140625,-2.0156311988830566,39,-82.23027038574219,-2.0557568073272705,40,-116.54057312011719,-2.988219738006592,39,-96.87220764160156,-2.4839026927948,39,1563
-61.27689743041992,-1.7021360397338867,36,-104.37832641601562,-2.899397850036621,36,-94.62035369873047,-2.628343105316162,36,-92.1480484008789,-2.6328012943267822,35,-111.63044738769531,-3.1008458137512207,36,-102.8701171875,-2.8575031757354736,36,1564
-53.02165603637695,-2.209235668182373,24,-68.82975006103516,-2.867906332015991,24,-86.54469299316406,-3.6060287952423096,24,-108.65367126464844,-2.9365856647491455,37,-71.51690673828125,-2.9798710346221924,24,-87.64839935302734,-3.6520166397094727,24,1565
-56.52859878540039,-2.01887845993042,28,-82.69950866699219,-2.9535539150238037,28,-67.25083923339844,-2.40181565284729,28,-62.986785888671875,-2.5194714069366455,25,-73.75372314453125,-2.634061574935913,28,-69.0588150024414,-2.466386318206787,28,1566
-101.6149673461914,-2.4784138202667236,41,-102.26163482666016,-2.4941861629486084,41,-87.7808609008789,-2.1409966945648193,41,-92.20707702636719,-2.794153928756714,33,-113.63372802734375,-2.7715542316436768,41,-110.86918640136719,-2.7041265964508057,41,1567
-64.59220123291016,-2.4843153953552246,26,-131.8082733154297,-5.069549083709717,26,-146.91140747070312,-5.6504387855529785,26,-256.0218505859375,-5.818678379058838,44,-144.10606384277344,-5.542541027069092,26,-151.66375732421875,-5.833221435546875,26,1568
-85.00340270996094,-2.6563563346862793,32,-87.06358337402344,-2.7207369804382324,32,-72.63285827636719,-2.2697768211364746,32,-94.44693756103516,-3.6325745582580566,26,-86.95416259765625,-2.717317581176758,32,-78.43655395507812,-2.4511423110961914,32,1569
-67.68353271484375,-1.65081787109375,41,-129.11178588867188,-3.1490678787231445,41,-118.50721740722656,-2.8904199600219727,41,-101.80003356933594,-3.181251049041748,32,-142.72164916992188,-3.481015920639038,41,-143.9515838623047,-3.511014223098755,41,1570
-92.76463317871094,-2.7283716201782227,34,-101.90475463867188,-2.9971985816955566,34,-82.67192840576172,-2.4315273761749268,34,-129.583984375,-2.757106065750122,47,-87.54084777832031,-2.57473087310791,34,-90.47046661376953,-2.660896062850952,34,1571
-118.81613159179688,-4.40059757232666,27,-93.70323181152344,-3.470489978790283,27,-75.82604217529297,-2.8083720207214355,27,-84.73695373535156,-2.0667550563812256,41,-114.65414428710938,-4.246449947357178,27,-80.3192138671875,-2.974785804748535,27,1572
-69.60242462158203,-1.784677505493164,39,-121.70808410644531,-3.120720148086548,39,-110.19092559814453,-2.825408458709717,39,-129.46774291992188,-2.877060890197754,45,-110.96049499511719,-2.8451409339904785,39,-104.78622436523438,-2.686826229095459,39,1573
-64.17390441894531,-1.7826085090637207,36,-78.4273910522461,-2.1785385608673096,36,-57.54448699951172,-1.598457932472229,36,-52.17995834350586,-1.5812108516693115,33,-86.5706558227539,-2.404740333557129,36,-65.25090789794922,-1.8125252723693848,36,1574
-88.69465637207031,-2.397152900695801,37,-93.90046691894531,-2.5378503799438477,37,-95.58502197265625,-2.583379030227661,37,-74.25663757324219,-2.3205199241638184,32,-95.99464416503906,-2.594449758529663,37,-94.83187866210938,-2.563023805618286,37,1575
-44.60729217529297,-1.4869097471237183,30,-61.910987854003906,-2.06369948387146,30,-66.73767852783203,-2.2245893478393555,30,-58.698638916015625,-2.1740236282348633,27,-68.40713500976562,-2.280237913131714,30,-72.87155151367188,-2.429051637649536,30,1576
-78.8890609741211,-1.753090262413025,45,-96.71568298339844,-2.1492373943328857,45,-73.688232421875,-1.6375162601470947,45,-65.02983093261719,-1.8579951524734497,35,-115.10348510742188,-2.5578551292419434,45,-91.26665496826172,-2.0281479358673096,45,1577
-38.970787048339844,-1.5588314533233643,25,-54.66425323486328,-2.186570167541504,25,-53.02174377441406,-2.1208696365356445,25,-58.95503616333008,-2.2675013542175293,26,-59.058815002441406,-2.3623526096343994,25,-62.13096618652344,-2.485238552093506,25,1578
-52.59002685546875,-1.8782151937484741,28,-80.22522735595703,-2.8651866912841797,28,-78.62010192871094,-2.807860851287842,28,-74.2081527709961,-2.8541598320007324,26,-103.95001220703125,-3.7125003337860107,28,-99.94317626953125,-3.569399118423462,28,1579
-48.79071807861328,-1.6263573169708252,30,-87.60784912109375,-2.9202616214752197,30,-89.46552276611328,-2.9821841716766357,30,-86.70719909667969,-2.627490997314453,33,-87.10643768310547,-2.903548002243042,30,-91.7605209350586,-3.0586841106414795,30,1580
-78.65267181396484,-2.0698070526123047,38,-95.45640563964844,-2.5120105743408203,38,-83.3243408203125,-2.1927459239959717,38,-70.67084503173828,-1.7236791849136353,41,-88.84313201904297,-2.337977170944214,38,-90.18310546875,-2.373239517211914,38,1581
-98.63743591308594,-2.665876626968384,37,-125.52963256835938,-3.392692804336548,37,-113.66555786132812,-3.0720419883728027,37,-63.58553695678711,-2.543421506881714,25,-127.55695343017578,-3.4474852085113525,37,-122.47450256347656,-3.310121774673462,37,1582
-112.74507904052734,-3.5232837200164795,32,-122.66790008544922,-3.833371877670288,32,-103.40951538085938,-3.2315473556518555,32,-100.96207427978516,-2.4038589000701904,42,-123.4520263671875,-3.8578758239746094,32,-105.62510681152344,-3.3007845878601074,32,1583
-83.98005676269531,-1.9995251893997192,42,-128.68190002441406,-3.063854694366455,42,-102.42010498046875,-2.4385738372802734,42,-89.88328552246094,-2.365349531173706,38,-141.74130249023438,-3.3747928142547607,42,-116.43405151367188,-2.7722392082214355,42,1584
-68.26895141601562,-2.2022242546081543,31,-103.44512939453125,-3.336939573287964,31,-98.85099792480469,-3.18874192237854,31,-110.27417755126953,-2.9803831577301025,37,-115.14071655273438,-3.714216709136963,31,-108.40022277832031,-3.496781349182129,31,1585
-104.86457824707031,-2.3303239345550537,45,-129.43373107910156,-2.876305103302002,45,-102.82453918457031,-2.284989833831787,45,-70.36122131347656,-2.269716739654541,31,-138.40940856933594,-3.0757646560668945,45,-111.5527114868164,-2.4789490699768066,45,1586
-181.90196228027344,-4.134135723114014,44,-169.32208251953125,-3.848229169845581,44,-102.52772521972656,-2.3301756381988525,44,-71.75291442871094,-2.7597274780273438,26,-188.25848388671875,-4.278602123260498,44,-112.2969970703125,-2.5522043704986572,44,1587
-153.579345703125,-3.4904396533966064,44,-223.00289916992188,-5.0682477951049805,44,-241.21636962890625,-5.482190132141113,44,-280.38031005859375,-5.965538501739502,47,-226.5848388671875,-5.149655342102051,44,-238.59417724609375,-5.422595024108887,44,1588
-68.27274322509766,-2.1335232257843018,32,-81.81282043457031,-2.5566506385803223,32,-91.2548828125,-2.851715087890625,32,-93.99061584472656,-2.4734373092651367,38,-91.388671875,-2.85589599609375,32,-86.70476531982422,-2.709523916244507,32,1589
-67.95494842529297,-1.4157280921936035,48,-153.03768920898438,-3.1882851123809814,48,-144.197021484375,-3.0041046142578125,48,-129.5486297607422,-3.501314401626587,37,-157.5997314453125,-3.28332781791687,48,-151.41432189941406,-3.1544649600982666,48,1590
-136.55682373046875,-2.7868740558624268,49,-189.98275756835938,-3.877199172973633,49,-150.69993591308594,-3.0755088329315186,49,-113.19221496582031,-2.829805374145508,40,-194.93438720703125,-3.97825288772583,49,-149.38851928710938,-3.0487453937530518,49,1591
-89.71796417236328,-2.36099910736084,38,-124.41244506835938,-3.2740116119384766,38,-122.90440368652344,-3.2343263626098633,38,-120.76030731201172,-3.263792037963867,37,-127.47341918945312,-3.3545637130737305,38,-119.79344177246094,-3.152458906173706,38,1592
-22.746768951416016,-0.6499077081680298,35,-59.090576171875,-1.6883021593093872,35,-55.838035583496094,-1.5953724384307861,35,-21.737689971923828,-0.48305976390838623,45,-59.048439025878906,-1.6870982646942139,35,-56.66973114013672,-1.6191351413726807,35,1593
-91.22307586669922,-3.040769100189209,30,-96.65779113769531,-3.22192645072937,30,-112.67147064208984,-3.7557156085968018,30,-95.93228912353516,-2.664785861968994,36,-96.5760498046875,-3.2192015647888184,30,-102.25016784667969,-3.408339023590088,30,1594
-56.02969741821289,-2.001060724258423,28,-65.14556121826172,-2.326627254486084,28,-74.92910766601562,-2.676039457321167,28,-78.12382507324219,-2.4413695335388184,32,-77.09140014648438,-2.7532641887664795,28,-89.29632568359375,-3.1891543865203857,28,1595
-54.02835464477539,-1.2006300687789917,45,-72.71690368652344,-1.6159311532974243,45,-94.70379638671875,-2.1045289039611816,45,-87.2801513671875,-2.1820037364959717,40,-74.7686538696289,-1.6615256071090698,45,-89.3382568359375,-1.9852945804595947,45,1596
-71.95465850830078,-1.9447205066680908,37,-74.75745391845703,-2.0204718112945557,37,-79.11730194091797,-2.138305425643921,37,-73.55619812011719,-1.6345821619033813,45,-63.13978576660156,-1.7064807415008545,37,-63.779388427734375,-1.7237672805786133,37,1597
-51.81468200683594,-2.072587251663208,25,-75.33605194091797,-3.013442039489746,25,-77.92778015136719,-3.1171112060546875,25,-100.36882019042969,-3.460993766784668,29,-82.34715270996094,-3.293886184692383,25,-85.57105255126953,-3.422842025756836,25,1598
-110.03134155273438,-2.558868408203125,43,-109.38334655761719,-2.5437986850738525,43,-70.90037536621094,-1.648845911026001,43,-26.865394592285156,-0.8395435810089111,32,-132.81591796875,-3.088742256164551,43,-93.93035888671875,-2.18442702293396,43,1599
-41.22943878173828,-1.8740653991699219,22,-68.46617126464844,-3.1120986938476562,22,-74.30426025390625,-3.3774664402008057,22,-64.67387390136719,-2.9397215843200684,22,-70.51477813720703,-3.205217123031616,22,-83.79903411865234,-3.809046983718872,22,1600
-121.11116790771484,-2.7525265216827393,44,-127.33769226074219,-2.894038438796997,44,-106.96846008300781,-2.4311013221740723,44,-29.00187110900879,-1.6112151145935059,18,-141.00418090820312,-3.2046403884887695,44,-125.25491333007812,-2.8467025756835938,44,1601
-120.767822265625,-2.415356397628784,50,-121.63694763183594,-2.432739019393921,50,-99.41608428955078,-1.9883216619491577,50,-23.893856048583984,-0.9189944863319397,26,-131.58633422851562,-2.6317267417907715,50,-117.34248352050781,-2.3468496799468994,50,1602
-25.487167358398438,-0.8221666812896729,31,-115.5401611328125,-3.727102041244507,31,-102.09378051757812,-3.2933478355407715,31,-129.00796508789062,-3.146535634994507,41,-116.91813659667969,-3.771552801132202,31,-101.38215637207031,-3.2703921794891357,31,1603
-94.42620849609375,-2.5520596504211426,37,-143.77749633789062,-3.885878324508667,37,-119.93228149414062,-3.241413116455078,37,-77.07539367675781,-3.211474657058716,24,-151.96267700195312,-4.107099533081055,37,-137.861083984375,-3.725975275039673,37,1604
-86.85575866699219,-1.8881686925888062,46,-97.80925750732422,-2.1262881755828857,46,-99.4156494140625,-2.16120982170105,46,-82.88105773925781,-2.1810805797576904,38,-104.0364990234375,-2.2616629600524902,46,-102.05706787109375,-2.2186319828033447,46,1605
-67.0137710571289,-2.0307202339172363,33,-112.70806884765625,-3.415395975112915,33,-103.63090515136719,-3.1403305530548096,33,-29.76610565185547,-1.75094735622406,17,-108.31784057617188,-3.2823588848114014,33,-103.15281677246094,-3.125843048095703,33,1606
-69.89692687988281,-2.184278964996338,32,-184.66603088378906,-5.770813465118408,32,-185.42355346679688,-5.794486045837402,32,-252.80892944335938,-5.617976188659668,45,-164.90870666503906,-5.153397083282471,32,-179.8046875,-5.618896484375,32,1607
-89.97727966308594,-1.7642604112625122,51,-144.8104248046875,-2.8394200801849365,51,-146.384765625,-2.8702895641326904,51,-98.16187286376953,-2.6530234813690186,37,-153.18838500976562,-3.0036938190460205,51,-163.42449951171875,-3.204401969909668,51,1608
-42.93336486816406,-1.1008554697036743,39,-96.87144470214844,-2.4838831424713135,39,-119.73922729492188,-3.0702366828918457,39,-67.80748748779297,-2.5113885402679443,27,-103.78240966796875,-2.6610875129699707,39,-121.90249633789062,-3.1257050037384033,39,1609
-53.46070098876953,-1.370787262916565,39,-107.32499694824219,-2.751923084259033,39,-111.16012573242188,-2.85025954246521,39,-65.39608001708984,-2.255037307739258,29,-108.34722900390625,-2.7781341075897217,39,-110.39893341064453,-2.8307418823242188,39,1610
-125.24502563476562,-2.664787769317627,47,-136.5111083984375,-2.904491662979126,47,-129.17626953125,-2.7484312057495117,47,-74.92127227783203,-2.4168152809143066,31,-159.860595703125,-3.401289224624634,47,-147.226806640625,-3.1324851512908936,47,1611
-71.75749969482422,-1.8883552551269531,38,-98.33488464355469,-2.5877602100372314,38,-96.311279296875,-2.5345072746276855,38,-86.1895751953125,-2.462559223175049,35,-120.45199584960938,-3.1697893142700195,38,-121.12501525878906,-3.187500476837158,38,1612
-59.28106689453125,-1.6466963291168213,36,-105.133056640625,-2.920362710952759,36,-97.44385528564453,-2.7067737579345703,36,-60.95297622680664,-2.5397074222564697,24,-112.7431640625,-3.1317546367645264,36,-101.61270141601562,-2.822575092315674,36,1613
-93.55754089355469,-2.462040662765503,38,-121.04153442382812,-3.1853034496307373,38,-94.36134338378906,-2.4831931591033936,38,-73.44027709960938,-2.9376111030578613,25,-135.7344207763672,-3.571958541870117,38,-103.76585388183594,-2.730680465698242,38,1614
-53.626182556152344,-1.117212176322937,48,-82.63607788085938,-1.7215849161148071,48,-91.29181671142578,-1.901912808418274,48,-42.576019287109375,-1.0644004344940186,40,-92.81233215332031,-1.933590292930603,48,-93.48101806640625,-1.9475212097167969,48,1615
-61.31291580200195,-1.304530143737793,47,-87.28515625,-1.857131004333496,47,-105.1038818359375,-2.236252784729004,47,-74.15350341796875,-1.9514080286026,38,-114.36138916015625,-2.4332211017608643,47,-112.8681640625,-2.4014503955841064,47,1616
-82.5213623046875,-1.8754855394363403,44,-104.26150512695312,-2.369579553604126,44,-100.58291625976562,-2.285975456237793,44,-40.76029968261719,-1.4055275917053223,29,-110.41790771484375,-2.509497880935669,44,-105.73797607421875,-2.4031357765197754,44,1617
-32.020389556884766,-1.6010195016860962,20,-58.68955993652344,-2.9344780445098877,20,-65.49104309082031,-3.2745521068573,20,-61.04618835449219,-2.441847562789917,25,-61.214927673339844,-3.060746431350708,20,-68.53955078125,-3.4269776344299316,20,1618
-87.34300994873047,-2.5689120292663574,34,-90.38714599609375,-2.658445358276367,34,-129.33212280273438,-3.8038859367370605,34,-146.77035522460938,-4.193438529968262,35,-84.50532531738281,-2.4854507446289062,34,-126.41506958007812,-3.718090295791626,34,1619
-65.5325927734375,-2.184419870376587,30,-138.02586364746094,-4.6008620262146,30,-175.94308471679688,-5.864769458770752,30,-262.7164001464844,-6.109683513641357,43,-143.89491271972656,-4.796496868133545,30,-169.50245666503906,-5.650082111358643,30,1620
-32.59025955200195,-1.5519170761108398,21,-55.94831466674805,-2.664205551147461,21,-66.12696838378906,-3.1489033699035645,21,-59.20749282836914,-2.041637659072876,29,-60.318359375,-2.872302770614624,21,-74.35903930664062,-3.5409066677093506,21,1621
-83.02877807617188,-2.37225079536438,35,-119.25576782226562,-3.4073076248168945,35,-86.86135864257812,-2.48175311088562,35,-72.54463195800781,-2.340149402618408,31,-123.43981170654297,-3.5268516540527344,35,-90.84196472167969,-2.595484733581543,35,1622
-167.4405059814453,-3.6400110721588135,46,-121.85403442382812,-2.649000644683838,46,-95.25782775878906,-2.070822238922119,46,-77.71759033203125,-1.9927587509155273,39,-123.63639831542969,-2.6877477169036865,46,-100.21414184570312,-2.1785683631896973,46,1623
-94.98724365234375,-2.878401279449463,33,-108.20306396484375,-3.2788808345794678,33,-138.53155517578125,-4.197926044464111,33,-204.1693572998047,-4.344028949737549,47,-101.7045669555664,-3.081956624984741,33,-146.37078857421875,-4.435478210449219,33,1624
-48.15644836425781,-1.7835721969604492,27,-66.4815902709961,-2.4622812271118164,27,-61.362815856933594,-2.2726969718933105,27,-37.81898498535156,-1.719044804573059,22,-66.17390441894531,-2.45088529586792,27,-61.40087127685547,-2.27410626411438,27,1625
-51.26784896850586,-1.6538015604019165,31,-87.59928894042969,-2.8257834911346436,31,-93.74947357177734,-3.024176597595215,31,-66.14424133300781,-2.544009208679199,26,-93.10903930664062,-3.0035173892974854,31,-98.70404815673828,-3.1840014457702637,31,1626
-110.48297119140625,-2.9860262870788574,37,-64.9773178100586,-1.7561436891555786,37,-68.5621566772461,-1.8530312776565552,37,-18.627071380615234,-0.6423128247261047,29,-66.04960632324219,-1.7851245403289795,37,-58.91743850708008,-1.5923632383346558,37,1627
-95.98872375488281,-3.428168773651123,28,-112.85670471191406,-4.030596733093262,28,-110.81227111816406,-3.957581043243408,28,-148.72171020507812,-3.1642916202545166,47,-119.10435485839844,-4.253726959228516,28,-117.51531219482422,-4.196975231170654,28,1628
-67.80763244628906,-2.3381941318511963,29,-74.83509826660156,-2.5805206298828125,29,-61.13948059082031,-2.108258008956909,29,-61.48402786254883,-1.8631523847579956,33,-91.82284545898438,-3.1663050651550293,29,-69.58982849121094,-2.399649143218994,29,1629
-61.83327865600586,-2.29012131690979,27,-91.43661499023438,-3.3865413665771484,27,-82.54150390625,-3.0570926666259766,27,-100.93619537353516,-2.8838913440704346,35,-79.9383316040039,-2.960679054260254,27,-87.77072143554688,-3.250767469406128,27,1630
-32.696754455566406,-0.9082431793212891,36,-97.34603118896484,-2.70405650138855,36,-113.93196105957031,-3.1647768020629883,36,-116.18427276611328,-3.14011549949646,37,-105.26268005371094,-2.9239633083343506,36,-109.29130554199219,-3.035869598388672,36,1631
-101.45307922363281,-2.158576250076294,47,-113.17568969726562,-2.4079933166503906,47,-98.44395446777344,-2.0945522785186768,47,-81.39190673828125,-2.0869719982147217,39,-118.71832275390625,-2.5259218215942383,47,-86.79631805419922,-1.84673011302948,47,1632
-105.56559753417969,-2.1992833614349365,48,-85.3722152709961,-1.778587818145752,48,-91.02137756347656,-1.896278738975525,48,-16.859203338623047,-0.6484308838844299,26,-100.25932312011719,-2.088735818862915,48,-97.19514465332031,-2.0248987674713135,48,1633
-68.47999572753906,-1.802105188369751,38,-78.73170471191406,-2.0718870162963867,38,-61.220619201660156,-1.6110689640045166,38,-63.74456024169922,-1.931653380393982,33,-67.0108642578125,-1.7634438276290894,38,-53.706138610839844,-1.41331946849823,38,1634
-96.55661010742188,-2.9259579181671143,33,-113.95518493652344,-3.4531874656677246,33,-97.80224609375,-2.9637043476104736,33,-96.85301208496094,-2.483410596847534,39,-118.60909271240234,-3.594214916229248,33,-97.03010559082031,-2.9403061866760254,33,1635
-113.4870834350586,-3.546471357345581,32,-80.73271179199219,-2.522897243499756,32,-75.91986846923828,-2.3724958896636963,32,-72.14419555664062,-1.898531436920166,38,-86.89474487304688,-2.715460777282715,32,-71.26771545410156,-2.227116107940674,32,1636
-73.58821105957031,-1.988870620727539,37,-125.20094299316406,-3.3838093280792236,37,-129.74131774902344,-3.5065221786499023,37,-108.25521087646484,-3.3829753398895264,32,-121.3599624633789,-3.279999017715454,37,-136.1123809814453,-3.678713083267212,37,1637
-118.8901138305664,-2.642002582550049,45,-186.85455322265625,-4.152323246002197,45,-169.34596252441406,-3.7632436752319336,45,-136.66122436523438,-3.4165306091308594,40,-194.11102294921875,-4.313578128814697,45,-184.16441345214844,-4.09254264831543,45,1638
-101.2957763671875,-2.2510173320770264,45,-127.70817565917969,-2.8379595279693604,45,-115.62748718261719,-2.5694997310638428,45,-66.30207824707031,-2.210069179534912,30,-133.65640258789062,-2.970142364501953,45,-120.70089721679688,-2.6822421550750732,45,1639
-96.67597198486328,-2.8434109687805176,34,-116.41552734375,-3.4239861965179443,34,-92.95565795898438,-2.733989953994751,34,-101.76388549804688,-3.180121421813965,32,-122.99842834472656,-3.617600917816162,34,-95.31224060058594,-2.8033010959625244,34,1640
-104.72138977050781,-2.0944278240203857,50,-125.43609619140625,-2.5087218284606934,50,-142.00962829589844,-2.8401925563812256,50,-70.50193786621094,-2.203185558319092,32,-126.16835021972656,-2.523366928100586,50,-136.43740844726562,-2.728748083114624,50,1641
-123.77168273925781,-2.878411293029785,43,-120.69880676269531,-2.8069489002227783,43,-115.52377319335938,-2.6865994930267334,43,-89.07814025878906,-2.783691883087158,32,-135.87039184570312,-3.159776449203491,43,-121.55764770507812,-2.8269219398498535,43,1642
-121.92720794677734,-2.7710728645324707,44,-109.02239990234375,-2.4777817726135254,44,-84.92713928222656,-1.9301623106002808,44,-24.718477249145508,-0.9154991507530212,27,-127.7914047241211,-2.9043500423431396,44,-107.16963195800781,-2.435673475265503,44,1643
-75.60790252685547,-1.844095230102539,41,-109.94618225097656,-2.6816141605377197,41,-111.19463348388672,-2.712064266204834,41,-111.63727569580078,-2.2783117294311523,49,-117.31950378417969,-2.8614513874053955,41,-99.63038635253906,-2.430009365081787,41,1644
-79.34669494628906,-1.8033339977264404,44,-131.83680725097656,-2.996291160583496,44,-140.03616333007812,-3.1826400756835938,44,-91.5313720703125,-2.8603553771972656,32,-125.98226928710938,-2.8632333278656006,44,-143.4266815185547,-3.259697198867798,44,1645
-80.04316711425781,-1.8191628456115723,44,-170.44703674316406,-3.873796224594116,44,-170.39559936523438,-3.8726272583007812,44,-187.35398864746094,-4.072912693023682,46,-151.4139862060547,-3.4412269592285156,44,-165.6450653076172,-3.764660596847534,44,1646
-61.48778533935547,-2.277325391769409,27,-107.3372802734375,-3.975454807281494,27,-78.39826965332031,-2.903639554977417,27,-84.62086486816406,-1.8004438877105713,47,-100.30311584472656,-3.714930295944214,27,-85.58973693847656,-3.169990301132202,27,1647
-76.86587524414062,-1.7875784635543823,43,-129.02491760253906,-3.000579595565796,43,-90.32786560058594,-2.1006479263305664,43,-82.66027069091797,-2.066506862640381,40,-130.50588989257812,-3.035020589828491,43,-101.96894073486328,-2.371370792388916,43,1648
-59.074424743652344,-1.5147287845611572,39,-83.05987548828125,-2.1297404766082764,39,-79.49307250976562,-2.0382838249206543,39,-75.18822479248047,-1.7901958227157593,42,-84.34772491455078,-2.16276216506958,39,-88.9552993774414,-2.28090500831604,39,1649
-46.47016906738281,-1.8588067293167114,25,-66.31468963623047,-2.652587652206421,25,-75.794921875,-3.031796932220459,25,-115.82918548583984,-3.1305184364318848,37,-66.62442016601562,-2.6649768352508545,25,-76.0534439086914,-3.042137861251831,25,1650
-60.66608810424805,-2.0919339656829834,29,-71.91116333007812,-2.4796953201293945,29,-61.18143081665039,-2.1097044944763184,29,-66.78448486328125,-1.8049861192703247,37,-75.85751342773438,-2.615776300430298,29,-67.16860961914062,-2.3161590099334717,29,1651
-81.79336547851562,-3.1458985805511475,26,-90.09356689453125,-3.465137243270874,26,-83.28050231933594,-3.2030961513519287,26,-79.18196868896484,-2.2623419761657715,35,-78.19202423095703,-3.007385492324829,26,-72.16856384277344,-2.7757139205932617,26,1652
-101.21002197265625,-3.162813186645508,32,-128.8150634765625,-4.025470733642578,32,-109.717529296875,-3.4286727905273438,32,-107.28810119628906,-2.750977039337158,39,-114.02953338623047,-3.563422918319702,32,-97.91943359375,-3.0599822998046875,32,1653
-64.04786682128906,-2.372143268585205,27,-103.84674072265625,-3.8461756706237793,27,-88.12409973144531,-3.263855457305908,27,-95.32137298583984,-3.971723794937134,24,-101.06011962890625,-3.742967367172241,27,-94.74409484863281,-3.509040594100952,27,1654
-93.19943237304688,-2.3897290229797363,39,-117.79368591308594,-3.020350933074951,39,-108.9307632446289,-2.7930965423583984,39,-121.53385162353516,-2.964240312576294,41,-124.9725112915039,-3.204423427581787,39,-117.59788513183594,-3.0153303146362305,39,1655
-99.9381332397461,-2.562516212463379,39,-98.37312316894531,-2.522387742996216,39,-111.86222076416016,-2.8682620525360107,39,-134.55426025390625,-2.86285662651062,47,-109.30094146728516,-2.8025882244110107,39,-106.30553436279297,-2.725782871246338,39,1656
-98.15214538574219,-2.8868277072906494,34,-75.03546142578125,-2.206925392150879,34,-68.33673095703125,-2.009903907775879,34,-52.505916595458984,-1.750197172164917,30,-81.81228637695312,-2.4062438011169434,34,-68.05497741699219,-2.001616954803467,34,1657
-48.8808708190918,-1.4376726150512695,34,-91.22352600097656,-2.683044910430908,34,-76.8441162109375,-2.2601211071014404,34,-18.969776153564453,-1.0538763999938965,18,-97.17790985107422,-2.8581738471984863,34,-75.89006805419922,-2.2320609092712402,34,1658
-134.07247924804688,-3.437755823135376,39,-117.10612487792969,-3.002721071243286,39,-87.22988891601562,-2.236663818359375,39,-95.03079223632812,-2.375769853591919,40,-111.93159484863281,-2.8700408935546875,39,-103.81448364257812,-2.661909818649292,39,1659
-133.23043823242188,-1.6653804779052734,80,-209.96482849121094,-2.6245603561401367,80,-217.66571044921875,-2.7208213806152344,80,-37.18696975708008,-2.0659427642822266,18,-231.63485717773438,-2.8954358100891113,80,-215.27764892578125,-2.6909706592559814,80,1660
-62.41949462890625,-1.5604873895645142,40,-84.64372253417969,-2.116093158721924,40,-86.59133911132812,-2.164783477783203,40,-43.70252227783203,-1.5069835186004639,29,-123.46821594238281,-3.086705446243286,40,-119.39131164550781,-2.9847826957702637,40,1661
-58.029869079589844,-1.6579962968826294,35,-72.31260681152344,-2.0660743713378906,35,-77.17097473144531,-2.2048850059509277,35,-73.92668151855469,-1.8030897378921509,41,-84.63131713867188,-2.4180376529693604,35,-91.8479995727539,-2.6242284774780273,35,1662
-92.12899780273438,-2.971903085708618,31,-100.92964172363281,-3.2557950019836426,31,-107.3425521850586,-3.462662935256958,31,-80.09241485595703,-2.860443353652954,28,-97.4222412109375,-3.142652988433838,31,-100.61021423339844,-3.245490789413452,31,1663
-118.33173370361328,-3.817152738571167,31,-67.75746154785156,-2.1857244968414307,31,-69.71097564697266,-2.2487411499023438,31,-67.55220031738281,-2.251739978790283,30,-98.33834838867188,-3.1722047328948975,31,-84.34322357177734,-2.7207491397857666,31,1664
-101.56922149658203,-3.627472162246704,28,-84.60032653808594,-3.021440267562866,28,-82.91613006591797,-2.9612903594970703,28,-70.34968566894531,-1.674992561340332,42,-89.29377746582031,-3.189063549041748,28,-86.44407653808594,-3.0872883796691895,28,1665
-62.54335021972656,-1.7869528532028198,35,-72.09508514404297,-2.05985951423645,35,-61.752994537353516,-1.7643712759017944,35,-46.62974166870117,-1.665347933769226,28,-81.65333557128906,-2.3329524993896484,35,-82.50885009765625,-2.357395648956299,35,1666
-86.75205993652344,-2.3446502685546875,37,-76.88322448730469,-2.077924966812134,37,-87.33523559570312,-2.3604118824005127,37,-86.10343933105469,-2.6091952323913574,33,-99.942138671875,-2.701138973236084,37,-99.25251007080078,-2.6825003623962402,37,1667
-91.6612548828125,-2.777613878250122,33,-85.4649429321289,-2.5898468494415283,33,-95.7649917602539,-2.9019694328308105,33,-49.49863815307617,-2.4749319553375244,20,-89.09501647949219,-2.6998488903045654,33,-99.74371337890625,-3.0225367546081543,33,1668
-47.02729034423828,-1.567576289176941,30,-51.24402618408203,-1.7081341743469238,30,-56.24967956542969,-1.8749892711639404,30,-52.610347747802734,-1.6440733671188354,32,-77.70098876953125,-2.5900330543518066,30,-80.69014739990234,-2.689671516418457,30,1669
-66.63536834716797,-1.665884256362915,40,-92.19447326660156,-2.3048617839813232,40,-75.94377899169922,-1.8985944986343384,40,-20.51051902770996,-0.759648859500885,27,-112.32305145263672,-2.8080763816833496,40,-89.37478637695312,-2.2343697547912598,40,1670
-68.14046478271484,-1.6619625091552734,41,-136.23382568359375,-3.3227763175964355,41,-121.58299255371094,-2.9654388427734375,41,-155.36062622070312,-2.284715175628662,68,-152.53704833984375,-3.7204158306121826,41,-127.2766342163086,-3.1043081283569336,41,1671
-78.23118591308594,-2.005927801132202,39,-140.13082885742188,-3.5930981636047363,39,-127.58277893066406,-3.271353244781494,39,-136.9175262451172,-3.339451789855957,41,-142.96829223632812,-3.66585373878479,39,-125.36453247070312,-3.214475154876709,39,1672
-84.922119140625,-2.35894775390625,36,-84.26918029785156,-2.340810537338257,36,-86.22222900390625,-2.39506196975708,36,-105.04911041259766,-3.0014030933380127,35,-92.696044921875,-2.57489013671875,36,-93.64529418945312,-2.6012582778930664,36,1673
-39.465274810791016,-1.5786110162734985,25,-68.81814575195312,-2.752725839614868,25,-71.0570068359375,-2.842280387878418,25,-79.67411041259766,-2.4898159503936768,32,-73.43665313720703,-2.9374661445617676,25,-85.83668518066406,-3.433467388153076,25,1674
-111.75234985351562,-2.328173875808716,48,-216.49635314941406,-4.510340690612793,48,-250.5224609375,-5.219217777252197,48,-286.33001708984375,-6.224565505981445,46,-197.15216064453125,-4.107336521148682,48,-228.7420654296875,-4.7654595375061035,48,1675
-81.51527404785156,-1.7343674898147583,47,-127.70930480957031,-2.717219352722168,47,-140.24737548828125,-2.9839866161346436,47,-50.937095642089844,-2.1223790645599365,24,-141.41043090820312,-3.008732557296753,47,-147.514404296875,-3.1386044025421143,47,1676
-81.97520446777344,-1.9517905712127686,42,-86.79298400878906,-2.066499710083008,42,-98.32243347167969,-2.341010332107544,42,-65.75860595703125,-2.267538070678711,29,-81.07252502441406,-1.9302982091903687,42,-89.23635864257812,-2.1246752738952637,42,1677
-84.1444091796875,-2.2741732597351074,37,-113.99855041503906,-3.0810418128967285,37,-110.61981964111328,-2.98972487449646,37,-82.33293151855469,-2.839066505432129,29,-116.03669738769531,-3.13612699508667,37,-103.09857940673828,-2.7864480018615723,37,1678
-116.34913635253906,-3.4220333099365234,34,-103.28851318359375,-3.0378973484039307,34,-73.38609313964844,-2.158414602279663,34,-72.0479965209961,-2.05851411819458,35,-114.76005554199219,-3.375295639038086,34,-84.2071533203125,-2.4766809940338135,34,1679
-62.75928497314453,-2.8526947498321533,22,-57.37211608886719,-2.607823371887207,22,-60.481998443603516,-2.7491817474365234,22,-74.79557037353516,-2.4127602577209473,31,-64.19280242919922,-2.9178545475006104,22,-55.233333587646484,-2.510606050491333,22,1680
-60.15959548950195,-2.14855694770813,28,-69.75053405761719,-2.4910905361175537,28,-60.48622131347656,-2.160222291946411,28,-48.470664978027344,-1.5147082805633545,32,-65.35897827148438,-2.334249258041382,28,-49.28417205810547,-1.7601490020751953,28,1681
-42.880470275878906,-2.3822484016418457,18,-63.4908447265625,-3.527269124984741,18,-61.17137145996094,-3.398409605026245,18,-75.69451904296875,-1.8923629522323608,40,-51.235198974609375,-2.846400022506714,18,-57.33875274658203,-3.185486316680908,18,1682
-56.93498992919922,-1.897832989692688,30,-116.35858917236328,-3.87861967086792,30,-189.25762939453125,-6.308587551116943,30,-288.19378662109375,-6.131782531738281,47,-115.77409362792969,-3.8591363430023193,30,-194.0560302734375,-6.468534469604492,30,1683
-46.88560485839844,-1.3789883852005005,34,-95.49072265625,-2.8085505962371826,34,-113.2322998046875,-3.330361843109131,34,-98.10305786132812,-3.270102024078369,30,-97.11360931396484,-2.8562827110290527,34,-114.29835510253906,-3.3617162704467773,34,1684
-113.80326843261719,-2.91803240776062,39,-119.22423553466797,-3.0570316314697266,39,-111.53724670410156,-2.859929323196411,39,-108.03840637207031,-2.400853395462036,45,-120.37515258789062,-3.0865423679351807,39,-119.46057891845703,-3.06309175491333,39,1685
-54.26499557495117,-2.009814739227295,27,-81.5767593383789,-3.0213613510131836,27,-76.22669219970703,-2.8232107162475586,27,-67.03500366210938,-1.8117568492889404,37,-66.68944549560547,-2.4699795246124268,27,-59.20460510253906,-2.192763090133667,27,1686
-86.26631164550781,-1.7972148656845093,48,-268.7024230957031,-5.597967147827148,48,-309.85357666015625,-6.455282688140869,48,-301.6498107910156,-6.418081283569336,47,-249.09750366210938,-5.189531326293945,48,-304.20526123046875,-6.337609767913818,48,1687
-79.95369720458984,-2.5791516304016113,31,-106.81367492675781,-3.4456024169921875,31,-87.031005859375,-2.8074517250061035,31,-89.41338348388672,-2.5546681880950928,35,-127.7496566772461,-4.120956897735596,31,-90.948974609375,-2.933837890625,31,1688
-92.47863006591797,-2.150665760040283,43,-104.41570281982422,-2.428272247314453,43,-108.19522094726562,-2.5161678791046143,43,-69.06292724609375,-2.1582164764404297,32,-113.1280517578125,-2.630884885787964,43,-105.11985778808594,-2.444647789001465,43,1689
-50.617942810058594,-1.6872648000717163,30,-66.04497528076172,-2.2014992237091064,30,-86.98314666748047,-2.8994381427764893,30,-77.08464050292969,-2.8549866676330566,27,-73.73809814453125,-2.4579365253448486,30,-90.2681884765625,-3.008939504623413,30,1690
-59.25846481323242,-2.3703386783599854,25,-80.46341705322266,-3.218536615371704,25,-77.85462951660156,-3.114185094833374,25,-106.7772216796875,-2.135544538497925,50,-82.98519897460938,-3.3194079399108887,25,-78.60002136230469,-3.144000768661499,25,1691
-76.42986297607422,-1.7774386405944824,43,-131.1170654296875,-3.04923415184021,43,-124.1478271484375,-2.8871588706970215,43,-81.47120666503906,-2.628103494644165,31,-136.02362060546875,-3.1633400917053223,43,-125.7666244506836,-2.924805164337158,43,1692
-64.08952331542969,-1.8311291933059692,35,-70.30604553222656,-2.008744239807129,35,-75.80347442626953,-2.165813446044922,35,-99.04414367675781,-2.415710926055908,41,-76.1055908203125,-2.174445390701294,35,-76.53560638427734,-2.1867315769195557,35,1693
-89.7544937133789,-2.895306348800659,31,-107.43550872802734,-3.4656615257263184,31,-99.63922119140625,-3.2141683101654053,31,-103.79374694824219,-3.9920670986175537,26,-130.04534912109375,-4.195011138916016,31,-125.01011657714844,-4.032584190368652,31,1694
-60.89289093017578,-1.8452391624450684,33,-81.54695892333984,-2.4711198806762695,33,-82.07286834716797,-2.4870567321777344,33,-70.7024154663086,-2.2807230949401855,31,-78.3866195678711,-2.375352144241333,33,-77.6592788696289,-2.353311538696289,33,1695
-57.61579132080078,-1.6945821046829224,34,-82.2986831665039,-2.4205493927001953,34,-72.68180084228516,-2.137700080871582,34,-63.43136215209961,-1.8123246431350708,35,-67.2273178100586,-1.9772740602493286,34,-70.90032958984375,-2.085303783416748,34,1696
-77.04695129394531,-2.2660868167877197,34,-102.77195739746094,-3.022704601287842,34,-97.83830261230469,-2.8775970935821533,34,-87.40354919433594,-1.9000771045684814,46,-100.7197494506836,-2.962345600128174,34,-106.75637817382812,-3.1398935317993164,34,1697
-81.87940979003906,-2.729313611984253,30,-92.14373779296875,-3.071457862854004,30,-90.37223815917969,-3.0124080181121826,30,-86.70280456542969,-2.167570114135742,40,-98.2088394165039,-3.273627996444702,30,-101.69115447998047,-3.389705181121826,30,1698
-41.305442810058594,-1.2516801357269287,33,-84.1602783203125,-2.55031156539917,33,-62.313514709472656,-1.8882883787155151,33,-32.90272903442383,-1.370947003364563,24,-87.77951049804688,-2.659985065460205,33,-86.29349517822266,-2.6149544715881348,33,1699
-42.938148498535156,-1.100978136062622,39,-104.22322082519531,-2.6723902225494385,39,-103.10873413085938,-2.6438136100769043,39,-55.29301452636719,-2.303875684738159,24,-98.65392303466797,-2.529587745666504,39,-102.16056060791016,-2.6195015907287598,39,1700
-91.59634399414062,-2.0354743003845215,45,-135.40206909179688,-3.00893497467041,45,-123.44570922851562,-2.7432379722595215,45,-100.7193603515625,-2.797760009765625,36,-129.02285766601562,-2.8671746253967285,45,-120.06747436523438,-2.668166160583496,45,1701
-58.54656982421875,-1.3615481853485107,43,-124.62318420410156,-2.8982136249542236,43,-108.98788452148438,-2.534601926803589,43,-76.35929107666016,-2.5453097820281982,30,-122.842529296875,-2.8568029403686523,43,-114.70999145507812,-2.6676743030548096,43,1702
-67.32345581054688,-1.8195528984069824,37,-96.15898132324219,-2.598891496658325,37,-68.52072143554688,-1.8519114255905151,37,-66.09831237792969,-1.7864408493041992,37,-103.0802993774414,-2.785953998565674,37,-73.88957214355469,-1.9970154762268066,37,1703
-74.79612731933594,-1.9178494215011597,39,-101.1610107421875,-2.5938720703125,39,-107.23591613769531,-2.749638795852661,39,-97.89598083496094,-2.9665448665618896,33,-106.5306396484375,-2.7315547466278076,39,-115.45796203613281,-2.960460662841797,39,1704
-65.10185241699219,-2.100059747695923,31,-91.75991821289062,-2.9599974155426025,31,-78.60917663574219,-2.5357799530029297,31,-134.75408935546875,-2.929436683654785,46,-91.45970916748047,-2.950313091278076,31,-88.87859344482422,-2.867051362991333,31,1705
-71.81981658935547,-1.9410761594772339,37,-72.36266326904297,-1.9557476043701172,37,-62.534820556640625,-1.6901302337646484,37,-58.9888801574707,-1.7349671125411987,34,-84.78801727294922,-2.2915680408477783,37,-83.77262115478516,-2.264124870300293,37,1706
-86.09048461914062,-3.3111724853515625,26,-102.49566650390625,-3.942141056060791,26,-93.97992706298828,-3.614612579345703,26,-91.5636978149414,-2.1800880432128906,42,-107.94019317626953,-4.151546001434326,26,-106.90341186523438,-4.111669540405273,26,1707
-71.80288696289062,-1.7950721979141235,40,-71.74014282226562,-1.7935035228729248,40,-70.35721588134766,-1.7589304447174072,40,-72.98977661132812,-2.027493715286255,36,-76.86358642578125,-1.9215896129608154,40,-73.20973205566406,-1.8302433490753174,40,1708
-104.423828125,-3.867549180984497,27,-136.86221313476562,-5.068970680236816,27,-141.99105834960938,-5.258928298950195,27,-126.75685119628906,-2.640767812728882,48,-145.0315704345703,-5.37153959274292,27,-142.27685546875,-5.269513130187988,27,1709
-105.27033996582031,-2.193132162094116,48,-146.69529724121094,-3.056152105331421,48,-115.5147933959961,-2.4065582752227783,48,-103.57424926757812,-2.5262012481689453,41,-135.22457885742188,-2.817178726196289,48,-116.12775421142578,-2.419328212738037,48,1710
-59.98738479614258,-1.2497371435165405,48,-59.98003005981445,-1.2495839595794678,48,-44.95439147949219,-0.9365498423576355,48,-58.47563934326172,-1.2441625595092773,47,-69.01959228515625,-1.4379081726074219,48,-61.06809997558594,-1.272252082824707,48,1711
-92.22154235839844,-3.180053234100342,29,-80.55887603759766,-2.7778923511505127,29,-63.89606475830078,-2.203312635421753,29,-68.42218017578125,-2.2807393074035645,30,-86.22792053222656,-2.973376512527466,29,-78.53266143798828,-2.7080228328704834,29,1712
-43.01792526245117,-0.9351722598075867,46,-75.16744995117188,-1.6340750455856323,46,-79.548095703125,-1.7293064594268799,46,-67.12429809570312,-1.4916510581970215,45,-89.92854309082031,-1.9549683332443237,46,-90.9320068359375,-1.9767827987670898,46,1713
-58.894229888916016,-2.181267738342285,27,-76.73939514160156,-2.8421998023986816,27,-76.87141418457031,-2.8470895290374756,27,-40.87274169921875,-1.9463210105895996,21,-87.58436584472656,-3.243865489959717,27,-83.3682861328125,-3.087714195251465,27,1714
-68.78868103027344,-1.8102284669876099,38,-71.91272735595703,-1.8924401998519897,38,-84.47261810302734,-2.222963571548462,38,-60.77181625366211,-1.9603811502456665,31,-82.89645385742188,-2.181485652923584,38,-86.8668212890625,-2.2859690189361572,38,1715
-72.29531860351562,-2.126332998275757,34,-85.46701049804688,-2.51373553276062,34,-68.84156799316406,-2.024751901626587,34,-86.25067138671875,-2.2115557193756104,39,-94.21548461914062,-2.7710437774658203,34,-97.83967590332031,-2.8776376247406006,34,1716
-78.31791687011719,-1.8647123575210571,42,-102.75863647460938,-2.446634292602539,42,-90.10292053222656,-2.1453075408935547,42,-103.80290222167969,-2.4140210151672363,43,-124.40589904785156,-2.962045192718506,42,-102.85556030273438,-2.448941946029663,42,1717
-95.82374572753906,-3.194124937057495,30,-91.40709686279297,-3.046903133392334,30,-91.4915771484375,-3.0497193336486816,30,-103.56450653076172,-2.301433563232422,45,-102.82344055175781,-3.427448034286499,30,-100.45304107666016,-3.3484346866607666,30,1718
-134.00111389160156,-2.913067579269409,46,-107.85688781738281,-2.344714879989624,46,-99.18312072753906,-2.1561548709869385,46,-40.844486236572266,-1.512758731842041,27,-132.38323974609375,-2.877896547317505,46,-118.05892181396484,-2.566498279571533,46,1719
-53.1448974609375,-1.832582712173462,29,-86.07009887695312,-2.9679343700408936,29,-88.75896453857422,-3.0606539249420166,29,-107.65573120117188,-3.4727654457092285,31,-87.81025695800781,-3.027939796447754,29,-90.32191467285156,-3.114548683166504,29,1720
-60.098854064941406,-2.2258834838867188,27,-78.46794128417969,-2.906219959259033,27,-75.12303924560547,-2.782334804534912,27,-88.3687744140625,-2.6778416633605957,33,-93.74467468261719,-3.472024917602539,27,-89.89521789550781,-3.3294525146484375,27,1721
-16.90546989440918,-0.4334735870361328,39,-92.13098907470703,-2.362333059310913,39,-89.11701965332031,-2.2850518226623535,39,-96.3760986328125,-1.8897274732589722,51,-93.33787536621094,-2.3932788372039795,39,-90.04849243164062,-2.3089356422424316,39,1722
-77.82450103759766,-2.1617918014526367,36,-130.10195922851562,-3.613943338394165,36,-117.33941650390625,-3.2594282627105713,36,-113.17889404296875,-3.233682632446289,35,-135.79420471191406,-3.772061347961426,36,-117.1418228149414,-3.253939628601074,36,1723
-97.47443389892578,-2.953770637512207,33,-111.45457458496094,-3.377411365509033,33,-93.03594970703125,-2.8192710876464844,33,-83.32568359375,-2.083142042160034,40,-108.55120086669922,-3.2894303798675537,33,-96.06219482421875,-2.910975694656372,33,1724
-56.50096130371094,-1.948309063911438,29,-61.78691101074219,-2.1305830478668213,29,-63.66469955444336,-2.1953344345092773,29,-86.85479736328125,-2.1184096336364746,41,-60.143035888671875,-2.0738978385925293,29,-59.19384765625,-2.0411672592163086,29,1725
-49.59300231933594,-1.4586176872253418,34,-87.61991882324219,-2.577056407928467,34,-76.39630889892578,-2.246950149536133,34,-89.00457763671875,-2.225114345550537,40,-96.17472076416016,-2.8286683559417725,34,-89.8489761352539,-2.6426169872283936,34,1726
-64.97962188720703,-1.4768096208572388,44,-120.96794891357422,-2.7492716312408447,44,-124.89030456542969,-2.83841609954834,44,-104.25498962402344,-2.9787139892578125,35,-130.71788024902344,-2.9708609580993652,44,-131.8597412109375,-2.996812343597412,44,1727
-79.54084777832031,-1.767574429512024,45,-253.29441833496094,-5.628764629364014,45,-302.2688293457031,-6.717084884643555,45,-316.5694885253906,-7.034877300262451,45,-259.88580322265625,-5.775239944458008,45,-302.27325439453125,-6.717183589935303,45,1728
-33.15424346923828,-1.4414888620376587,23,-45.01094055175781,-1.9569973945617676,23,-52.488319396972656,-2.2821009159088135,23,-62.198368072509766,-1.5549591779708862,40,-47.724876403808594,-2.0749945640563965,23,-61.6139030456543,-2.678865432739258,23,1729
-88.97427368164062,-2.7804460525512695,32,-112.80928039550781,-3.525290012359619,32,-106.05484008789062,-3.314213752746582,32,-114.2152099609375,-3.086897611618042,37,-98.94790649414062,-3.0921220779418945,32,-110.28559875488281,-3.446424961090088,32,1730
-83.09431457519531,-2.5966973304748535,32,-91.55288696289062,-2.861027717590332,32,-80.61277770996094,-2.5191493034362793,32,-61.87428283691406,-2.6901862621307373,23,-107.66412353515625,-3.364503860473633,32,-104.04011535644531,-3.251253604888916,32,1731
-53.07231140136719,-2.3074917793273926,23,-88.28659057617188,-3.838547468185425,23,-85.12667083740234,-3.701159715652466,23,-94.10279846191406,-2.352570056915283,40,-76.12675476074219,-3.309858798980713,23,-81.73090362548828,-3.5535175800323486,23,1732
-58.42604064941406,-1.4981036186218262,39,-71.6505126953125,-1.8371926546096802,39,-46.314697265625,-1.1875563859939575,39,-33.62677764892578,-0.7642449736595154,44,-81.5416030883789,-2.0908102989196777,39,-53.59596633911133,-1.3742555379867554,39,1733
-77.2593994140625,-2.492238759994507,31,-80.7144775390625,-2.6036927700042725,31,-74.85997772216797,-2.4148380756378174,31,-71.3365707397461,-2.6420953273773193,27,-78.85798645019531,-2.5438060760498047,31,-88.33377075195312,-2.8494765758514404,31,1734
-38.254234313964844,-1.1954448223114014,32,-97.90237426757812,-3.0594491958618164,32,-94.51626586914062,-2.9536333084106445,32,-67.19056701660156,-2.5842525959014893,26,-97.46772766113281,-3.0458664894104004,32,-91.47909545898438,-2.8587217330932617,32,1735
-18.0614070892334,-0.5644189715385437,32,-63.75578308105469,-1.992368221282959,32,-71.08193969726562,-2.221310615539551,32,-62.069881439208984,-1.9396837949752808,32,-69.61608123779297,-2.1755025386810303,32,-65.26363372802734,-2.0394885540008545,32,1736
-114.65310668945312,-2.4924588203430176,46,-127.39564514160156,-2.769470453262329,46,-128.34735107421875,-2.7901597023010254,46,-112.58863830566406,-2.7460644245147705,41,-125.64418029785156,-2.7313952445983887,46,-144.4897918701172,-3.141082525253296,46,1737
-120.43128967285156,-2.67625093460083,45,-106.58367919921875,-2.3685262203216553,45,-94.88837432861328,-2.108630657196045,45,-92.60383605957031,-2.0578629970550537,45,-111.38754272460938,-2.475278615951538,45,-101.42375946044922,-2.253861427307129,45,1738
-95.1461410522461,-2.162412405014038,44,-137.48959350585938,-3.1247634887695312,44,-130.69723510742188,-2.9703917503356934,44,-66.54364776611328,-2.2946085929870605,29,-139.90228271484375,-3.1795973777770996,44,-134.9901123046875,-3.0679571628570557,44,1739
-72.26073455810547,-1.3896294832229614,52,-108.6135025024414,-2.08872127532959,52,-95.67305755615234,-1.8398665189743042,52,-28.901321411132812,-0.8028144836425781,36,-119.84782409667969,-2.3047659397125244,52,-105.19331359863281,-2.0229482650756836,52,1740
-37.814720153808594,-0.9951242208480835,38,-69.31925964355469,-1.8241910934448242,38,-73.47496032714844,-1.933551549911499,38,-72.49696350097656,-1.510353446006775,48,-61.83971405029297,-1.6273609399795532,38,-94.64663696289062,-2.4907009601593018,38,1741
-25.83159637451172,-0.6981512308120728,37,-77.75979614257812,-2.101616144180298,37,-75.74468231201172,-2.0471534729003906,37,-73.20027160644531,-1.9783856868743896,37,-90.23110961914062,-2.438678741455078,37,-71.8102035522461,-1.9408162832260132,37,1742
-72.98681640625,-2.3544135093688965,31,-91.22673034667969,-2.9427976608276367,31,-108.05728149414062,-3.4857187271118164,31,-64.0308609008789,-3.557270050048828,18,-104.31686401367188,-3.3650600910186768,31,-103.77152252197266,-3.347468376159668,31,1743
-74.52008056640625,-1.863002061843872,40,-101.77281188964844,-2.5443203449249268,40,-74.97677612304688,-1.8744194507598877,40,-66.74497985839844,-1.9069994688034058,35,-74.08783721923828,-1.8521959781646729,40,-73.15717315673828,-1.8289293050765991,40,1744
-44.99567413330078,-1.022628903388977,44,-132.8380126953125,-3.019045829772949,44,-132.70533752441406,-3.0160303115844727,44,-85.07809448242188,-2.8359365463256836,30,-132.04544067382812,-3.001032829284668,44,-135.50672912597656,-3.079698324203491,44,1745
-68.89996337890625,-2.2225794792175293,31,-86.12866973876953,-2.77834415435791,31,-80.35711669921875,-2.592164993286133,31,-50.396846771240234,-2.015873908996582,25,-70.20629119873047,-2.264719009399414,31,-74.95924377441406,-2.4180400371551514,31,1746
-135.31858825683594,-2.761603832244873,49,-116.9267807006836,-2.386260747909546,49,-120.4804458618164,-2.458784580230713,49,-51.27072525024414,-1.767956018447876,29,-127.72090911865234,-2.6065492630004883,49,-101.66751861572266,-2.0748472213745117,49,1747
-105.97370147705078,-1.9995038509368896,53,-114.8064193725586,-2.16615891456604,53,-117.64697265625,-2.219754219055176,53,-38.15963363647461,-2.008401870727539,19,-134.10443115234375,-2.5302722454071045,53,-131.78468322753906,-2.4865033626556396,53,1748
-74.20093536376953,-2.853882074356079,26,-92.73260498046875,-3.566638708114624,26,-76.14412689208984,-2.9286203384399414,26,-70.799072265625,-2.1454265117645264,33,-100.59978485107422,-3.869222402572632,26,-87.53736877441406,-3.366821765899658,26,1749
-95.94950103759766,-2.3987374305725098,40,-94.39170837402344,-2.359792709350586,40,-101.05585479736328,-2.5263962745666504,40,-89.27662658691406,-2.412881851196289,37,-104.56709289550781,-2.6141772270202637,40,-101.59737396240234,-2.5399343967437744,40,1750
-67.4605941772461,-1.4665346145629883,46,-110.84060668945312,-2.409578323364258,46,-136.13320922851562,-2.9594175815582275,46,-77.80146789550781,-2.7786238193511963,28,-130.09812927246094,-2.8282201290130615,46,-142.46759033203125,-3.097121477127075,46,1751
-17.66239356994629,-0.49062204360961914,36,-115.7363510131836,-3.2148985862731934,36,-107.38687133789062,-2.98296856880188,36,-134.27639770507812,-3.051736354827881,44,-106.98815155029297,-2.971893072128296,36,-117.24144744873047,-3.256706953048706,36,1752
-73.58792114257812,-1.7948273420333862,41,-108.34038543701172,-2.6424484252929688,41,-101.24929809570312,-2.4694950580596924,41,-74.27847290039062,-2.6528027057647705,28,-122.26437377929688,-2.982057809829712,41,-106.90066528320312,-2.607333183288574,41,1753
-85.21908569335938,-3.4087634086608887,25,-118.18489074707031,-4.727395534515381,25,-105.47047424316406,-4.2188191413879395,25,-121.82334899902344,-2.9005558490753174,42,-110.0040283203125,-4.400161266326904,25,-110.8145980834961,-4.432583808898926,25,1754
-108.80636596679688,-2.6538138389587402,41,-96.86668395996094,-2.3626019954681396,41,-75.96304321289062,-1.8527570962905884,41,-52.410850524902344,-1.5414955615997314,34,-88.50541687011719,-2.1586687564849854,41,-79.9242935180664,-1.9493730068206787,41,1755
-131.1453094482422,-2.300794839859009,57,-117.16963958740234,-2.055607795715332,57,-80.52224731445312,-1.4126709699630737,57,-49.428157806396484,-0.7604331970214844,65,-159.63629150390625,-2.8006367683410645,57,-142.02613830566406,-2.4916865825653076,57,1756
-65.85542297363281,-1.6062297821044922,41,-61.960052490234375,-1.5112208127975464,41,-51.742698669433594,-1.262017011642456,41,-49.54631805419922,-1.1796742677688599,42,-86.38094329833984,-2.1068522930145264,41,-83.53150939941406,-2.037353992462158,41,1757
-84.12684631347656,-1.9119738340377808,44,-101.05339050292969,-2.29666805267334,44,-87.01927185058594,-1.9777107238769531,44,-81.26310729980469,-1.7290022373199463,47,-116.42572784423828,-2.6460392475128174,44,-108.86273956298828,-2.4741532802581787,44,1758
-102.55859375,-2.0511717796325684,50,-116.56199645996094,-2.331239938735962,50,-89.41722869873047,-1.7883446216583252,50,-43.33123016357422,-1.6665858030319214,26,-118.58845520019531,-2.3717691898345947,50,-120.64545440673828,-2.4129090309143066,50,1759
-103.26404571533203,-2.5186352729797363,41,-89.34564208984375,-2.17916202545166,41,-65.06769561767578,-1.5870169401168823,41,-57.81819152832031,-1.4825177192687988,39,-94.4847412109375,-2.3045058250427246,41,-87.86560821533203,-2.143063545227051,41,1760
-83.43132019042969,-2.8769421577453613,29,-95.47685241699219,-3.2923052310943604,29,-95.66416931152344,-3.29876446723938,29,-87.15931701660156,-2.723728656768799,32,-106.76227569580078,-3.681457757949829,29,-100.77027893066406,-3.474837303161621,29,1761
-51.55269241333008,-1.8411675691604614,28,-90.15141296386719,-3.219693422317505,28,-86.7636489868164,-3.0987017154693604,28,-71.31481170654297,-3.1006438732147217,23,-102.76007080078125,-3.6700024604797363,28,-91.42363739013672,-3.265129804611206,28,1762
-83.08155822753906,-1.8061208724975586,46,-100.07246398925781,-2.175488233566284,46,-114.76718139648438,-2.494938611984253,46,-70.88655090332031,-2.2866628170013428,31,-95.81248474121094,-2.0828800201416016,46,-107.41305541992188,-2.335066318511963,46,1763
-40.2986946105957,-1.5499497652053833,26,-96.12953186035156,-3.6972897052764893,26,-84.93769073486328,-3.266834259033203,26,-94.90943908691406,-2.433575391769409,39,-82.26478576660156,-3.1640303134918213,26,-97.17059326171875,-3.737330436706543,26,1764
-19.858463287353516,-0.4225204885005951,47,-43.23143005371094,-0.9198176860809326,47,-47.22322463989258,-1.0047494173049927,47,-41.20729064941406,-0.8767508864402771,47,-61.933570861816406,-1.3177355527877808,47,-71.51586151123047,-1.5216140747070312,47,1765
-107.83809661865234,-3.4786481857299805,31,-99.9583969116211,-3.2244644165039062,31,-97.78961181640625,-3.154503583908081,31,-107.83766174316406,-2.56756329536438,42,-101.15986633300781,-3.263221502304077,31,-99.29461669921875,-3.203052043914795,31,1766
-50.69559097290039,-1.6353416442871094,31,-56.84632110595703,-1.8337522745132446,31,-48.014076232910156,-1.548841118812561,31,-54.666969299316406,-1.3015944957733154,42,-65.24803924560547,-2.1047754287719727,31,-61.8873291015625,-1.9963654279708862,31,1767
-60.922359466552734,-1.562111735343933,39,-69.25326538085938,-1.7757247686386108,39,-61.456573486328125,-1.5758095979690552,39,-52.18628692626953,-1.4910367727279663,35,-84.02932739257812,-2.1545982360839844,39,-74.08406066894531,-1.899591326713562,39,1768
-78.0058822631836,-2.4376838207244873,32,-89.43558502197266,-2.7948620319366455,32,-86.070068359375,-2.6896896362304688,32,-75.0496597290039,-2.680345058441162,28,-106.00367736816406,-3.312614917755127,32,-109.5050048828125,-3.4220314025878906,32,1769
-113.95970153808594,-2.4773848056793213,46,-117.73432922363281,-2.5594420433044434,46,-112.73091125488281,-2.450671911239624,46,-54.786014556884766,-2.107154369354248,26,-135.92092895507812,-2.9548027515411377,46,-123.77351379394531,-2.6907286643981934,46,1770
-53.29747772216797,-1.8378440141677856,29,-83.08389282226562,-2.864961862564087,29,-78.70513916015625,-2.713970422744751,29,-65.28814697265625,-2.511082649230957,26,-83.53740692138672,-2.8806002140045166,29,-92.34318542480469,-3.1842477321624756,29,1771
-51.386199951171875,-1.4681771993637085,35,-78.60020446777344,-2.245720148086548,35,-74.77503204345703,-2.13642954826355,35,-71.69654083251953,-2.2405169010162354,32,-87.43907165527344,-2.4982593059539795,35,-100.4934310913086,-2.8712408542633057,35,1772
-47.744197845458984,-1.5914732217788696,30,-101.08231353759766,-3.369410514831543,30,-106.57455444335938,-3.552485227584839,30,-106.75704956054688,-2.2241051197052,48,-108.67874908447266,-3.6226248741149902,30,-112.36451721191406,-3.745483875274658,30,1773
-65.78002166748047,-1.9347065687179565,34,-91.73323822021484,-2.6980364322662354,34,-84.33015441894531,-2.4802987575531006,34,-55.6151008605957,-1.917762041091919,29,-107.32177734375,-3.156522750854492,34,-103.36304473876953,-3.0400896072387695,34,1774
-70.03915405273438,-2.6938135623931885,26,-72.84945678710938,-2.8019022941589355,26,-75.62407684326172,-2.908618450164795,26,-105.376220703125,-2.4506096839904785,43,-88.63551330566406,-3.409058094024658,26,-81.90269470214844,-3.1501035690307617,26,1775
-65.08737182617188,-1.9723446369171143,33,-93.9958724975586,-2.8483598232269287,33,-127.55708312988281,-3.865366220474243,33,-108.14616394042969,-3.604872226715088,30,-108.25819396972656,-3.2805514335632324,33,-121.85498809814453,-3.692575454711914,33,1776
-82.42835998535156,-1.8733718395233154,44,-104.79689025878906,-2.3817474842071533,44,-99.61822509765625,-2.2640504837036133,44,-108.29190063476562,-2.406486749649048,45,-141.7194366455078,-3.2208962440490723,44,-141.80950927734375,-3.2229433059692383,44,1777
-83.16334533691406,-2.028374195098877,41,-119.83303833007812,-2.922757148742676,41,-108.36264038085938,-2.642991304397583,41,-123.64533233642578,-3.015739917755127,41,-118.39013671875,-2.8875644207000732,41,-122.9964599609375,-2.9999136924743652,41,1778
-95.97465515136719,-2.7421329021453857,35,-94.76458740234375,-2.707559585571289,35,-77.9192886352539,-2.2262654304504395,35,-66.8092041015625,-2.226973533630371,30,-117.23172760009766,-3.349478006362915,35,-88.77302551269531,-2.536372184753418,35,1779
-102.33777618408203,-2.274172782897949,45,-91.85071563720703,-2.0411269664764404,45,-88.3709945678711,-1.9637998342514038,45,-84.53092956542969,-1.9658355712890625,43,-122.51148986816406,-2.722477436065674,45,-119.4584732055664,-2.654632806777954,45,1780
-55.376502990722656,-1.0254907608032227,54,-127.0593490600586,-2.3529508113861084,54,-142.99847412109375,-2.6481199264526367,54,-67.5142822265625,-1.7766916751861572,38,-137.23675537109375,-2.541421413421631,54,-136.08828735351562,-2.520153522491455,54,1781
-129.5999298095703,-3.811762571334839,34,-100.96715545654297,-2.9696221351623535,34,-107.4390640258789,-3.1599724292755127,34,-82.89224243164062,-2.8583531379699707,29,-122.87498474121094,-3.6139700412750244,34,-117.87014770507812,-3.466768980026245,34,1782
-65.24381256103516,-1.4183437824249268,46,-119.82249450683594,-2.604836940765381,46,-129.8779754638672,-2.823434352874756,46,-94.60543060302734,-2.782512664794922,34,-124.60502624511719,-2.7088048458099365,46,-116.62812805175781,-2.5353941917419434,46,1783
-115.22471618652344,-3.032229423522949,38,-88.58096313476562,-2.331078052520752,38,-68.14959716796875,-1.7934104204177856,38,-60.20927429199219,-1.5438275337219238,39,-80.0123062133789,-2.1055870056152344,38,-77.5560302734375,-2.0409481525421143,38,1784
-46.786502838134766,-1.7328333854675293,27,-59.072933197021484,-2.1878864765167236,27,-48.88407897949219,-1.8105214834213257,27,-47.53807830810547,-1.21892511844635,39,-70.78456115722656,-2.621650457382202,27,-58.682220458984375,-2.1734156608581543,27,1785
-151.21804809570312,-3.360401153564453,45,-131.0476837158203,-2.912170648574829,45,-111.42047119140625,-2.47601056098938,45,-95.16696166992188,-2.5043938159942627,38,-166.80125427246094,-3.7066946029663086,45,-145.9869384765625,-3.244154214859009,45,1786
-149.3800048828125,-3.178297996520996,47,-136.68252563476562,-2.9081387519836426,47,-129.3009490966797,-2.751084089279175,47,-75.60111999511719,-2.362534999847412,32,-146.7730712890625,-3.122831344604492,47,-137.84500122070312,-2.9328722953796387,47,1787
-82.09527587890625,-2.002323865890503,41,-83.64585876464844,-2.0401430130004883,41,-92.94059753417969,-2.266843795776367,41,-69.27822875976562,-2.03759503364563,34,-73.07662200927734,-1.7823566198349,41,-78.26807403564453,-1.9089773893356323,41,1788
-76.5550537109375,-2.392345428466797,32,-102.591796875,-3.20599365234375,32,-88.22484588623047,-2.757026433944702,32,-94.68771362304688,-2.014632225036621,47,-120.27404022216797,-3.758563756942749,32,-78.40843200683594,-2.450263500213623,32,1789
-106.93222045898438,-3.6873178482055664,29,-71.80918884277344,-2.4761788845062256,29,-91.08558654785156,-3.1408822536468506,29,-117.77777099609375,-2.944444179534912,40,-81.48056030273438,-2.8096745014190674,29,-90.8294906616211,-3.132051467895508,29,1790
-22.928312301635742,-0.6368975639343262,36,-92.03752136230469,-2.5565977096557617,36,-98.57064819335938,-2.7380735874176025,36,-99.90113830566406,-3.2226173877716064,31,-100.59952545166016,-2.794431209564209,36,-104.11872863769531,-2.8921868801116943,36,1791
-43.90784454345703,-1.1258422136306763,39,-107.23838806152344,-2.749702215194702,39,-87.21588134765625,-2.236304759979248,39,-62.9270133972168,-1.3388726711273193,47,-98.76240539550781,-2.532369375228882,39,-92.2066650390625,-2.3642735481262207,39,1792
-68.58111572265625,-1.7584902048110962,39,-70.67576599121094,-1.8121991157531738,39,-88.10395812988281,-2.259075880050659,39,-93.28487396240234,-2.2210683822631836,42,-70.52568054199219,-1.8083508014678955,39,-80.55947875976562,-2.0656275749206543,39,1793
-14.018392562866211,-0.30474767088890076,46,-123.67524719238281,-2.6885924339294434,46,-132.43008422851562,-2.8789148330688477,46,-112.7794189453125,-2.8194854259490967,40,-124.79045104980469,-2.7128357887268066,46,-145.0951385498047,-3.1542420387268066,46,1794
-99.90753173828125,-2.5617315769195557,39,-125.60934448242188,-3.220752477645874,39,-102.2122802734375,-2.6208276748657227,39,-95.75272369384766,-3.5463972091674805,27,-129.92910766601562,-3.3315155506134033,39,-95.16261291503906,-2.4400670528411865,39,1795
-63.043235778808594,-2.7410101890563965,23,-74.6188735961914,-3.2442989349365234,23,-72.19244384765625,-3.1388018131256104,23,-75.19680786132812,-3.1332004070281982,24,-70.46939849853516,-3.063886880874634,23,-71.3988037109375,-3.1042957305908203,23,1796
-65.68667602539062,-2.052708625793457,32,-65.55636596679688,-2.0486364364624023,32,-83.85621643066406,-2.620506763458252,32,-91.62544250488281,-2.7765285968780518,33,-72.99859619140625,-2.2812061309814453,32,-76.46276092529297,-2.3894612789154053,32,1797
-73.15949249267578,-2.709610939025879,27,-67.16915893554688,-2.4877467155456543,27,-67.71878051757812,-2.5081028938293457,27,-67.50472259521484,-2.1775717735290527,31,-72.44295501708984,-2.683072328567505,27,-79.97276306152344,-2.961954116821289,27,1798
-97.16731262207031,-2.067389726638794,47,-142.46490478515625,-3.031168222427368,47,-139.00576782226562,-2.9575695991516113,47,-58.01930236816406,-2.9009652137756348,20,-149.30657958984375,-3.1767356395721436,47,-150.33966064453125,-3.198716163635254,47,1799
-73.7628402709961,-2.1694953441619873,34,-80.56546783447266,-2.369572639465332,34,-67.20965576171875,-1.9767545461654663,34,-59.63499450683594,-1.863593578338623,32,-95.7294921875,-2.815573215484619,34,-72.326416015625,-2.1272475719451904,34,1800
-60.283573150634766,-1.2302770614624023,49,-86.70802307128906,-1.7695515155792236,49,-114.96106719970703,-2.346144199371338,49,-53.82497787475586,-1.5830875635147095,34,-89.59803771972656,-1.8285313844680786,49,-121.662353515625,-2.482905149459839,49,1801
-33.00067901611328,-0.9166855216026306,36,-92.57389068603516,-2.5714969635009766,36,-104.64698791503906,-2.906860828399658,36,-50.598289489746094,-2.108262062072754,24,-91.66250610351562,-2.5461807250976562,36,-94.7940673828125,-2.6331684589385986,36,1802
-88.93942260742188,-2.615865468978882,34,-174.576416015625,-5.134600639343262,34,-202.71646118164062,-5.962248802185059,34,-279.2127380371094,-6.069842338562012,46,-181.6261749267578,-5.341946125030518,34,-201.48719787597656,-5.926094055175781,34,1803
-78.35716247558594,-3.0137369632720947,26,-69.67262268066406,-2.6797163486480713,26,-62.703338623046875,-2.4116668701171875,26,-57.26629638671875,-1.789571762084961,32,-75.79275512695312,-2.9151060581207275,26,-63.24141311645508,-2.4323620796203613,26,1804
-85.76510620117188,-3.5735461711883545,24,-79.1362075805664,-3.29734206199646,24,-63.74610900878906,-2.656087875366211,24,-48.11217498779297,-2.532219648361206,19,-80.50161743164062,-3.354233980178833,24,-65.68580627441406,-2.7369086742401123,24,1805
-78.48646545410156,-2.2424705028533936,35,-67.12349700927734,-1.9178142547607422,35,-67.70467376708984,-1.9344192743301392,35,-72.9233169555664,-1.8698285818099976,39,-75.77430725097656,-2.164980173110962,35,-74.90625,-2.140178680419922,35,1806
-54.95521545410156,-1.4461898803710938,38,-73.78863525390625,-1.9418061971664429,38,-68.16133117675781,-1.7937192916870117,38,-60.560935974121094,-1.4770959615707397,41,-72.2573471069336,-1.901509165763855,38,-68.21087646484375,-1.7950230836868286,38,1807
-104.86160278320312,-2.383218288421631,44,-108.91951751708984,-2.4754436016082764,44,-85.05243682861328,-1.9330099821090698,44,-62.06128692626953,-1.7731796503067017,35,-114.99140167236328,-2.613440990447998,44,-95.86642456054688,-2.1787824630737305,44,1808
-70.72177124023438,-2.6193249225616455,27,-88.76974487304688,-3.2877683639526367,27,-91.47955322265625,-3.388131618499756,27,-87.1448745727539,-3.112316846847534,28,-100.213623046875,-3.711615562438965,27,-95.42051696777344,-3.534093141555786,27,1809
-97.16625213623047,-2.4291563034057617,40,-142.40234375,-3.56005859375,40,-129.2136688232422,-3.230341672897339,40,-172.32052612304688,-2.920686960220337,59,-144.32142639160156,-3.6080355644226074,40,-129.4922637939453,-3.237306594848633,40,1810
-77.87944793701172,-2.6854982376098633,29,-88.3858413696289,-3.047787666320801,29,-95.78975677490234,-3.3030951023101807,29,-75.25682067871094,-3.010272741317749,25,-100.7520980834961,-3.474210262298584,29,-98.63623046875,-3.401249408721924,29,1811
-106.87753295898438,-2.7404496669769287,39,-110.01678466796875,-2.8209431171417236,39,-112.20073699951172,-2.8769419193267822,39,-112.96595764160156,-3.1379432678222656,36,-108.31295013427734,-2.777255058288574,39,-106.60607147216797,-2.7334890365600586,39,1812
-130.47837829589844,-2.718299627304077,48,-115.3292465209961,-2.4026925563812256,48,-102.75729370117188,-2.1407768726348877,48,-55.825035095214844,-1.641912817955017,34,-121.32180786132812,-2.5275375843048096,48,-116.36909484863281,-2.42435622215271,48,1813
-57.119293212890625,-2.1155292987823486,27,-79.47944641113281,-2.94368314743042,27,-78.49568176269531,-2.907247543334961,27,-32.39501953125,-1.7997232675552368,18,-86.2900390625,-3.195927381515503,27,-76.3488998413086,-2.8277370929718018,27,1814
-71.62788391113281,-1.4617935419082642,49,-107.2705307006836,-2.189194440841675,49,-113.51799774169922,-2.3166937828063965,49,-69.04132843017578,-1.9726094007492065,35,-120.86966705322266,-2.4667279720306396,49,-123.1024169921875,-2.512294292449951,49,1815
-85.83897399902344,-1.7883119583129883,48,-81.54042053222656,-1.6987587213516235,48,-72.51248168945312,-1.5106767416000366,48,-76.5641860961914,-1.5012584924697876,51,-92.47407531738281,-1.9265432357788086,48,-88.84445190429688,-1.8509260416030884,48,1816
-125.27557373046875,-3.1318893432617188,40,-109.25752258300781,-2.731438159942627,40,-82.78668975830078,-2.069667339324951,40,-55.11479949951172,-1.8371599912643433,30,-107.80303192138672,-2.695075750350952,40,-89.44425201416016,-2.2361063957214355,40,1817
-118.62783813476562,-2.636174201965332,45,-112.1197509765625,-2.4915499687194824,45,-88.08917999267578,-1.957537293434143,45,-77.48667907714844,-2.671954393386841,29,-129.26092529296875,-2.872464895248413,45,-109.97268676757812,-2.4438374042510986,45,1818
-48.18247985839844,-1.661464810371399,29,-92.64042663574219,-3.194497585296631,29,-75.77336120605469,-2.6128745079040527,29,-99.73239135742188,-2.1219658851623535,47,-94.10697937011719,-3.245068311691284,29,-74.15071105957031,-2.5569210052490234,29,1819
-89.58474731445312,-3.1994552612304688,28,-81.0068359375,-2.893101215362549,28,-79.07522583007812,-2.82411527633667,28,-78.86445617675781,-2.719464063644409,29,-75.31117248535156,-2.6896846294403076,28,-76.39813232421875,-2.7285046577453613,28,1820
-43.13682174682617,-1.6591085195541382,26,-65.25511169433594,-2.5098118782043457,26,-62.78190231323242,-2.4146885871887207,26,-55.6961555480957,-1.7405048608779907,32,-65.90576171875,-2.534837007522583,26,-65.84384155273438,-2.5324554443359375,26,1821
-60.14126968383789,-2.0738368034362793,29,-63.31074523925781,-2.183129072189331,29,-77.42349243164062,-2.6697754859924316,29,-66.91539001464844,-1.9118683338165283,35,-64.51199340820312,-2.2245514392852783,29,-70.35330963134766,-2.425976276397705,29,1822
-82.12893676757812,-2.737631320953369,30,-101.20843505859375,-3.373614549636841,30,-87.84251403808594,-2.928083896636963,30,-88.2514877319336,-3.268573522567749,27,-94.90625,-3.163541555404663,30,-94.90643310546875,-3.1635477542877197,30,1823
-91.3621826171875,-2.2283458709716797,41,-105.84042358398438,-2.5814738273620605,41,-111.04428100585938,-2.708397150039673,41,-112.33910369873047,-2.8084776401519775,40,-123.5794677734375,-3.0141334533691406,41,-136.25692749023438,-3.3233397006988525,41,1824
-102.28302001953125,-2.8411951065063477,36,-78.37403106689453,-2.177056312561035,36,-76.74459075927734,-2.1317942142486572,36,-79.41769409179688,-1.9370169639587402,41,-78.55097961425781,-2.181971549987793,36,-78.58383178710938,-2.1828842163085938,36,1825
-36.336936950683594,-0.9084234237670898,40,-58.48347473144531,-1.4620869159698486,40,-61.0250244140625,-1.5256255865097046,40,-51.46965026855469,-1.2254679203033447,42,-68.69728088378906,-1.7174320220947266,40,-70.35215759277344,-1.7588039636611938,40,1826
-75.11576080322266,-1.9260451793670654,39,-89.98420715332031,-2.3072874546051025,39,-75.49762725830078,-1.9358365535736084,39,-76.00692749023438,-2.0001823902130127,38,-92.21173095703125,-2.364403247833252,39,-91.51383972167969,-2.346508741378784,39,1827
-90.16307067871094,-1.960066795349121,46,-121.5426025390625,-2.64223051071167,46,-121.90992736816406,-2.6502158641815186,46,-70.1298828125,-2.418271780014038,29,-126.02552032470703,-2.739685297012329,46,-128.70086669921875,-2.797844886779785,46,1828
-78.6161117553711,-2.3823063373565674,33,-59.169593811035156,-1.7930179834365845,33,-50.91518020629883,-1.5428842306137085,33,-31.947996139526367,-0.76066654920578,42,-65.99844360351562,-1.999952793121338,33,-62.21036148071289,-1.8851624727249146,33,1829
-106.3429183959961,-2.215477466583252,48,-153.33831787109375,-3.1945483684539795,48,-139.35711669921875,-2.903273344039917,48,-120.49713134765625,-2.8022589683532715,43,-158.81092834472656,-3.308561086654663,48,-135.86569213867188,-2.8305351734161377,48,1830
-90.32305908203125,-2.100536346435547,43,-116.89764404296875,-2.718549966812134,43,-110.58511352539062,-2.571746826171875,43,-102.95211791992188,-2.85978102684021,36,-111.92572784423828,-2.60292387008667,43,-104.93386840820312,-2.4403226375579834,43,1831
-49.62401580810547,-0.9730198979377747,51,-111.49826049804688,-2.1862404346466064,51,-108.21026611328125,-2.121769905090332,51,-101.91439819335938,-1.8873037099838257,54,-115.02753448486328,-2.255441904067993,51,-106.8060531616211,-2.094236373901367,51,1832
-47.84580612182617,-1.112693190574646,43,-93.52108764648438,-2.1749091148376465,43,-107.0362319946289,-2.4892146587371826,43,-71.55717468261719,-2.308295965194702,31,-96.16807556152344,-2.236466884613037,43,-102.39169311523438,-2.381202220916748,43,1833
-85.71736145019531,-2.4490673542022705,35,-76.08685302734375,-2.173910140991211,35,-69.28047180175781,-1.9794420003890991,35,-49.990623474121094,-1.723814606666565,29,-83.43751525878906,-2.3839290142059326,35,-73.10671997070312,-2.088763475418091,35,1834
-86.2990951538086,-2.6968467235565186,32,-70.65309143066406,-2.207909107208252,32,-69.38182830810547,-2.168182134628296,32,-59.742958068847656,-2.0601019859313965,29,-83.80274200439453,-2.618835687637329,32,-75.15841674804688,-2.348700523376465,32,1835
-63.703453063964844,-1.7695403099060059,36,-73.36708068847656,-2.0379743576049805,36,-81.57771301269531,-2.266047477722168,36,-80.64089965820312,-2.240025043487549,36,-97.70603942871094,-2.7140567302703857,36,-87.33653259277344,-2.4260149002075195,36,1836
-114.12559509277344,-2.853139877319336,40,-90.88119506835938,-2.2720298767089844,40,-82.13470458984375,-2.0533676147460938,40,-78.71797943115234,-1.9679495096206665,40,-89.77899169921875,-2.2444748878479004,40,-94.70608520507812,-2.367652177810669,40,1837
-108.43954467773438,-2.644866943359375,41,-89.21165466308594,-2.175894021987915,41,-91.76563262939453,-2.2381861209869385,41,-74.93035888671875,-2.676084280014038,28,-110.59039306640625,-2.69732666015625,41,-90.47696685791016,-2.2067553997039795,41,1838
-50.068023681640625,-2.002720832824707,25,-81.25579833984375,-3.250231981277466,25,-70.60997772216797,-2.824398994445801,25,-66.89862060546875,-2.6759448051452637,25,-78.72671508789062,-3.149068593978882,25,-73.09469604492188,-2.923787832260132,25,1839
-141.78640747070312,-3.5446600914001465,40,-102.09738159179688,-2.5524344444274902,40,-85.93797302246094,-2.148449420928955,40,-53.17744445800781,-1.6617951393127441,32,-120.83026123046875,-3.020756483078003,40,-106.15889739990234,-2.6539723873138428,40,1840
-97.6307601928711,-2.7894504070281982,35,-79.94203186035156,-2.284058094024658,35,-83.86276245117188,-2.3960788249969482,35,-58.27699661254883,-2.0813212394714355,28,-73.61264038085938,-2.1032183170318604,35,-81.33534240722656,-2.323866844177246,35,1841
-93.82687377929688,-3.1275625228881836,30,-72.22201538085938,-2.407400608062744,30,-65.3342514038086,-2.1778082847595215,30,-62.733558654785156,-2.2404842376708984,28,-70.09574127197266,-2.336524724960327,30,-64.26582336425781,-2.1421940326690674,30,1842
-122.91644287109375,-2.793555498123169,44,-155.64404296875,-3.5373647212982178,44,-130.29843139648438,-2.9613280296325684,44,-58.921165466308594,-1.9640388488769531,30,-154.79507446289062,-3.5180699825286865,44,-119.53252410888672,-2.7166483402252197,44,1843
-98.51888275146484,-2.239065408706665,44,-99.35597229003906,-2.2580902576446533,44,-117.25084686279297,-2.664792060852051,44,-89.93128967285156,-2.430575370788574,37,-106.54680633544922,-2.421518325805664,44,-120.38662719726562,-2.7360596656799316,44,1844
-40.11959457397461,-1.0557788610458374,38,-79.30342864990234,-2.086932420730591,38,-79.00300598144531,-2.079026460647583,38,-38.13958740234375,-1.3151581287384033,29,-77.67311096191406,-2.0440292358398438,38,-78.4360122680664,-2.06410551071167,38,1845
-26.147409439086914,-0.933836042881012,28,-61.96308898925781,-2.2129673957824707,28,-52.972808837890625,-1.8918859958648682,28,-40.49546813964844,-1.6198186874389648,25,-56.932071685791016,-2.0332882404327393,28,-48.89219665527344,-1.7461498975753784,28,1846
-72.45318603515625,-1.76715087890625,41,-94.97224426269531,-2.3163962364196777,41,-98.63420104980469,-2.405712127685547,41,-44.77388381958008,-1.6582919359207153,27,-85.6758041381836,-2.089653730392456,41,-98.44050598144531,-2.4009878635406494,41,1847
-69.35879516601562,-2.8899497985839844,24,-53.222137451171875,-2.2175891399383545,24,-59.36390686035156,-2.473496198654175,24,-64.48367309570312,-2.0151147842407227,32,-56.6804084777832,-2.3616836071014404,24,-71.64068603515625,-2.9850285053253174,24,1848
-109.60202026367188,-2.548884153366089,43,-120.12714385986328,-2.793654441833496,43,-109.35940551757812,-2.5432419776916504,43,-81.47586059570312,-2.5461206436157227,32,-122.62403869628906,-2.85172176361084,43,-104.47301483154297,-2.429605007171631,43,1849
-41.23708724975586,-1.3745695352554321,30,-64.54566192626953,-2.151522159576416,30,-67.06005096435547,-2.235335111618042,30,-57.95575714111328,-1.5251514911651611,38,-63.186614990234375,-2.1062204837799072,30,-57.69856643676758,-1.9232856035232544,30,1850
-35.81779479980469,-1.7056093215942383,21,-66.3813705444336,-3.161017656326294,21,-91.25164794921875,-4.345316410064697,21,-158.86782836914062,-3.782567262649536,42,-58.32130432128906,-2.777204990386963,21,-93.85762786865234,-4.4694108963012695,21,1851
-98.1729507446289,-3.0679047107696533,32,-107.78021240234375,-3.368131637573242,32,-95.11050415039062,-2.972203254699707,32,-94.07075500488281,-2.6877357959747314,35,-95.90592956542969,-2.9970602989196777,32,-86.47643280029297,-2.7023885250091553,32,1852
-76.43508911132812,-2.0114498138427734,38,-127.64877319335938,-3.359178304672241,38,-90.91822052001953,-2.392584800720215,38,-80.49170684814453,-2.2997629642486572,35,-117.04281616210938,-3.0800740718841553,38,-80.92037963867188,-2.129483699798584,38,1853
-81.44304656982422,-2.545095205307007,32,-115.17469787597656,-3.5992093086242676,32,-111.3218002319336,-3.478806257247925,32,-62.619964599609375,-2.981903076171875,21,-136.3077392578125,-4.259616851806641,32,-109.62895202636719,-3.4259047508239746,32,1854
-102.38725280761719,-2.844090461730957,36,-122.68028259277344,-3.407785654067993,36,-72.77833557128906,-2.021620512008667,36,-74.75020599365234,-2.491673469543457,30,-109.48650360107422,-3.0412917137145996,36,-84.03690338134766,-2.3343584537506104,36,1855
-92.37267303466797,-1.81122887134552,51,-121.20246887207031,-2.376518964767456,51,-125.71073150634766,-2.464916229248047,51,-42.576385498046875,-2.027446985244751,21,-135.6655731201172,-2.660109281539917,51,-142.24058532714844,-2.7890310287475586,51,1856
-80.39703369140625,-2.8713226318359375,28,-105.67396545410156,-3.7740702629089355,28,-97.83041381835938,-3.493943452835083,28,-142.33477783203125,-4.313175201416016,33,-104.46772003173828,-3.730989933013916,28,-98.00318908691406,-3.5001139640808105,28,1857
-96.17298889160156,-2.5992698669433594,37,-112.36735534667969,-3.0369555950164795,37,-104.9050521850586,-2.8352715969085693,37,-71.90162658691406,-2.7654471397399902,26,-119.95787048339844,-3.2421045303344727,37,-103.02012634277344,-2.784327745437622,37,1858
-92.72109985351562,-1.9316896200180054,48,-107.74662017822266,-2.2447211742401123,48,-108.57516479492188,-2.2619826793670654,48,-108.17289733886719,-2.4038422107696533,45,-114.98410034179688,-2.3955020904541016,48,-112.22134399414062,-2.337944746017456,48,1859
-86.52716827392578,-2.4035325050354004,36,-111.73637390136719,-3.103788137435913,36,-101.9254150390625,-2.83126163482666,36,-72.64463806152344,-3.1584625244140625,23,-111.58931732177734,-3.099703311920166,36,-104.80305480957031,-2.911195993423462,36,1860
-57.33649444580078,-1.7374695539474487,33,-58.17821502685547,-1.7629761695861816,33,-57.209373474121094,-1.7336174249649048,33,-41.41150665283203,-0.9859882593154907,42,-74.7718505859375,-2.2658135890960693,33,-59.30462646484375,-1.797109842300415,33,1861
-83.14937591552734,-2.028033494949341,41,-67.17518615722656,-1.6384191513061523,41,-71.60710906982422,-1.7465147972106934,41,-81.77836608886719,-1.8172969818115234,45,-101.92977142333984,-2.4860920906066895,41,-92.64154052734375,-2.259549856185913,41,1862
-109.90394592285156,-3.545288562774658,31,-92.33931732177734,-2.9786877632141113,31,-90.5052719116211,-2.919524908065796,31,-110.89620971679688,-2.997194766998291,37,-97.86418914794922,-3.156909227371216,31,-99.02510070800781,-3.1943581104278564,31,1863
-82.2012939453125,-2.0049095153808594,41,-100.32412719726562,-2.446929931640625,41,-101.56533813476562,-2.477203369140625,41,-135.06265258789062,-2.7012529373168945,50,-103.33163452148438,-2.5202836990356445,41,-101.31163024902344,-2.471015453338623,41,1864
-126.86344909667969,-3.0205583572387695,42,-123.26156616210938,-2.9347991943359375,42,-121.91600036621094,-2.902761936187744,42,-93.1031494140625,-2.738327980041504,34,-137.06979370117188,-3.263566493988037,42,-129.02139282226562,-3.0719380378723145,42,1865
-27.051239013671875,-0.6762809753417969,40,-54.91792678833008,-1.372948169708252,40,-43.88219451904297,-1.0970548391342163,40,-29.46312713623047,-0.7753454446792603,38,-52.27226638793945,-1.3068066835403442,40,-54.48179626464844,-1.3620449304580688,40,1866
-15.141579627990723,-0.8411988615989685,18,-83.57887268066406,-4.643270492553711,18,-83.36640930175781,-4.631467342376709,18,-112.77869415283203,-3.888920545578003,29,-81.97955322265625,-4.55441951751709,18,-78.04397583007812,-4.335776329040527,18,1867
-80.86207580566406,-2.310344934463501,35,-79.30400848388672,-2.265828847885132,35,-77.44380187988281,-2.2126801013946533,35,-87.5784683227539,-2.2456016540527344,39,-85.61678314208984,-2.4461936950683594,35,-86.2957534790039,-2.465592861175537,35,1868
-50.22813415527344,-1.569629192352295,32,-64.85924530029297,-2.0268514156341553,32,-62.091712951660156,-1.9403660297393799,32,-57.28042984008789,-1.9751871824264526,29,-71.46829223632812,-2.233384132385254,32,-77.1823501586914,-2.4119484424591064,32,1869
-42.104156494140625,-0.956912636756897,44,-118.1075439453125,-2.684262275695801,44,-102.20085144042969,-2.322746515274048,44,-54.68458557128906,-1.6083701848983765,34,-129.6166534423828,-2.9458329677581787,44,-109.22767639160156,-2.4824471473693848,44,1870
-111.66012573242188,-2.427394151687622,46,-140.04559326171875,-3.0444693565368652,46,-122.50936126708984,-2.6632468700408936,46,-115.48102569580078,-2.68560528755188,43,-135.07772827148438,-2.9364724159240723,46,-114.03921508789062,-2.4791133403778076,46,1871
-105.92146301269531,-3.3100457191467285,32,-86.76060485839844,-2.711268901824951,32,-64.43563842773438,-2.013613700866699,32,-65.16966247558594,-1.9167547225952148,34,-94.9177474975586,-2.966179609298706,32,-84.97116088867188,-2.655348777770996,32,1872
-50.80265808105469,-1.7518157958984375,29,-82.31461334228516,-2.838434934616089,29,-86.67742919921875,-2.9888768196105957,29,-98.54512786865234,-2.189891815185547,45,-91.88423156738281,-3.168421745300293,29,-94.40811157226562,-3.2554521560668945,29,1873
-122.44026184082031,-3.139493942260742,39,-185.518310546875,-4.756879806518555,39,-217.81346130371094,-5.584960460662842,39,-267.12054443359375,-5.936012268066406,45,-175.3046112060547,-4.49498987197876,39,-194.581787109375,-4.98927640914917,39,1874
-75.61578369140625,-2.3629932403564453,32,-79.63800048828125,-2.488687515258789,32,-81.39683532714844,-2.5436511039733887,32,-90.34539794921875,-2.509594440460205,36,-99.99191284179688,-3.1247472763061523,32,-100.10047912597656,-3.1281399726867676,32,1875
-168.37039184570312,-3.507716417312622,48,-163.22540283203125,-3.400529146194458,48,-129.34829711914062,-2.694756269454956,48,-58.958160400390625,-2.1836354732513428,27,-157.5198211669922,-3.281662940979004,48,-130.48046875,-2.7183430194854736,48,1876
-103.40350341796875,-2.06807017326355,50,-149.80313110351562,-2.9960625171661377,50,-144.3366241455078,-2.886732578277588,50,-130.1887969970703,-2.958836317062378,44,-172.66403198242188,-3.4532806873321533,50,-159.0623321533203,-3.181246757507324,50,1877
-113.41415405273438,-3.15039324760437,36,-206.483642578125,-5.73565673828125,36,-217.92138671875,-6.053371906280518,36,-287.212890625,-6.382508754730225,45,-196.71478271484375,-5.46429967880249,36,-236.1637725830078,-6.560104846954346,36,1878
-77.49861145019531,-2.0394370555877686,38,-88.17057800292969,-2.3202784061431885,38,-92.2200927734375,-2.426844596862793,38,-59.963340759277344,-2.8553972244262695,21,-101.6213150024414,-2.6742451190948486,38,-95.98411560058594,-2.525897741317749,38,1879
-63.40812683105469,-2.1864871978759766,29,-61.181358337402344,-2.1097021102905273,29,-79.49006652832031,-2.741036891937256,29,-83.36134338378906,-2.5261013507843018,33,-64.94667053222656,-2.2395403385162354,29,-71.47611999511719,-2.464693784713745,29,1880
-129.422119140625,-3.4058451652526855,38,-100.56444549560547,-2.646432876586914,38,-76.97948455810547,-2.025775909423828,38,-63.11264419555664,-2.103754758834839,30,-111.49974060058594,-2.934203624725342,38,-90.88087463378906,-2.391602039337158,38,1881
-66.62522888183594,-2.379472494125366,28,-75.723876953125,-2.7044241428375244,28,-73.01127624511719,-2.6075456142425537,28,-72.78785705566406,-2.4262619018554688,30,-84.23635864257812,-3.00844144821167,28,-69.2865219116211,-2.4745185375213623,28,1882
-99.47691345214844,-2.688565254211426,37,-175.18629455566406,-4.734764575958252,37,-197.84071350097656,-5.347046375274658,37,-224.80303955078125,-5.227977752685547,43,-180.8399658203125,-4.887566566467285,37,-199.34710693359375,-5.387759685516357,37,1883
-69.815185546875,-2.3271727561950684,30,-92.15216064453125,-3.0717387199401855,30,-101.32606506347656,-3.377535581588745,30,-215.419189453125,-3.2639272212982178,66,-94.73731994628906,-3.1579105854034424,30,-94.04544067382812,-3.134848117828369,30,1884
-108.8731918334961,-2.4194042682647705,45,-92.73078155517578,-2.0606839656829834,45,-78.03407287597656,-1.7340905666351318,45,-80.30953979492188,-1.8676637411117554,43,-98.38108825683594,-2.186246395111084,45,-78.68492889404297,-1.748553991317749,45,1885
-53.95636749267578,-2.452562093734741,22,-67.1910400390625,-3.05413818359375,22,-64.61348724365234,-2.936976671218872,22,-55.182525634765625,-1.4521716833114624,38,-77.06076049804688,-3.5027618408203125,22,-71.71614074707031,-3.259824514389038,22,1886
-91.11746215820312,-2.3978278636932373,38,-112.35474395751953,-2.9567039012908936,38,-97.29118347167969,-2.5602943897247314,38,-82.04515075683594,-2.8291430473327637,29,-126.40316772460938,-3.326399087905884,38,-128.34127807617188,-3.3774020671844482,38,1887
-98.61727142333984,-3.7929720878601074,26,-90.72521209716797,-3.489431142807007,26,-59.47696304321289,-2.2875754833221436,26,-61.16571044921875,-1.9730874300003052,31,-96.71534729003906,-3.719820976257324,26,-67.90556335449219,-2.611752510070801,26,1888
-102.1236572265625,-3.191364288330078,32,-108.19259643554688,-3.38101863861084,32,-92.56886291503906,-2.8927769660949707,32,-106.63700866699219,-3.677138328552246,29,-113.32038116455078,-3.541261911392212,32,-113.0981216430664,-3.534316301345825,32,1889
-30.875457763671875,-1.1875176429748535,26,-44.161659240722656,-1.698525309562683,26,-42.91932678222656,-1.6507433652877808,26,-36.3419189453125,-1.453676700592041,25,-50.506778717041016,-1.9425684213638306,26,-45.929351806640625,-1.7665135860443115,26,1890
-85.25458526611328,-1.894546389579773,45,-131.81129455566406,-2.9291398525238037,45,-136.38687133789062,-3.0308194160461426,45,-60.60457992553711,-2.4241831302642822,25,-139.74105834960938,-3.1053569316864014,45,-137.83920288085938,-3.063093423843384,45,1891
-44.86745834350586,-1.3596199750900269,33,-98.02452087402344,-2.970439910888672,33,-90.17300415039062,-2.732515335083008,33,-129.99267578125,-2.7081806659698486,48,-104.32946014404297,-3.161498785018921,33,-96.60835266113281,-2.927525758743286,33,1892
-78.55313110351562,-1.7076767683029175,46,-138.15557861328125,-3.0033822059631348,46,-108.85924530029297,-2.3665053844451904,46,-61.88520050048828,-1.8753091096878052,33,-142.57354736328125,-3.0994248390197754,46,-124.42459106445312,-2.7048823833465576,46,1893
-54.91304016113281,-1.8304346799850464,30,-61.67662811279297,-2.0558876991271973,30,-60.70281219482422,-2.0234270095825195,30,-67.05223846435547,-1.8122227191925049,37,-70.53746032714844,-2.3512487411499023,30,-75.0379638671875,-2.501265525817871,30,1894
-51.56155776977539,-1.5165164470672607,34,-63.36286544799805,-1.8636137247085571,34,-60.3823356628418,-1.7759510278701782,34,-59.590702056884766,-1.7526676654815674,34,-59.439735412597656,-1.7482274770736694,34,-59.512264251708984,-1.7503607273101807,34,1895
-112.78089904785156,-3.6380934715270996,31,-76.9441146850586,-2.4820683002471924,31,-76.63908386230469,-2.472228527069092,31,-86.08140563964844,-1.9563956260681152,44,-92.60331726074219,-2.98720383644104,31,-88.35408020019531,-2.8501315116882324,31,1896
-85.80357360839844,-1.9500812292099,44,-110.2276382446289,-2.505173683166504,44,-111.52070617675781,-2.5345613956451416,44,-77.8473129272461,-2.1624252796173096,36,-127.10160827636719,-2.8886728286743164,44,-124.88589477539062,-2.838315725326538,44,1897
-56.63945770263672,-1.3814501762390137,41,-92.69975280761719,-2.260969638824463,41,-97.27706909179688,-2.3726115226745605,41,-79.48114013671875,-1.7662475109100342,45,-118.78730010986328,-2.8972511291503906,41,-117.31184387207031,-2.86126446723938,41,1898
-80.27389526367188,-2.508559226989746,32,-68.00077819824219,-2.1250243186950684,32,-67.37602233886719,-2.1055006980895996,32,-39.41766357421875,-2.318686008453369,17,-65.63072204589844,-2.050960063934326,32,-79.24459838867188,-2.476393699645996,32,1899
-59.15708923339844,-1.5988402366638184,37,-103.58521270751953,-2.79960036277771,37,-104.79574584960938,-2.832317352294922,37,-86.58856201171875,-3.0924487113952637,28,-105.67842102050781,-2.856173515319824,37,-104.22549438476562,-2.8169052600860596,37,1900
-73.40107727050781,-2.2242751121520996,33,-99.91465759277344,-3.027716875076294,33,-109.86681365966797,-3.3292973041534424,33,-101.60002136230469,-2.5400004386901855,40,-93.01995849609375,-2.81878662109375,33,-114.44129180908203,-3.4679179191589355,33,1901
-44.337127685546875,-1.430229902267456,31,-114.7137680053711,-3.700444221496582,31,-99.60425567626953,-3.213040590286255,31,-107.87911224365234,-3.479971408843994,31,-111.10264587402344,-3.583956241607666,31,-100.16395568847656,-3.231095314025879,31,1902
-71.42503356933594,-2.232032299041748,32,-82.72795104980469,-2.5852484703063965,32,-71.06954193115234,-2.2209231853485107,32,-102.43988037109375,-2.2269539833068848,46,-86.89739990234375,-2.715543746948242,32,-85.14337158203125,-2.6607303619384766,32,1903
-41.31195068359375,-1.5300722122192383,27,-81.37549591064453,-3.0139071941375732,27,-74.56753540039062,-2.7617604732513428,27,-67.59867858886719,-2.703947067260742,25,-100.83085632324219,-3.734476089477539,27,-84.35586547851562,-3.12429141998291,27,1904
-19.130773544311523,-0.45549461245536804,42,-54.50544357299805,-1.2977486848831177,42,-60.48748016357422,-1.4401781558990479,42,-33.6558723449707,-0.9898785948753357,34,-71.7982177734375,-1.7094813585281372,42,-73.48887634277344,-1.7497351169586182,42,1905
-103.30606079101562,-3.332453489303589,31,-97.58306884765625,-3.147840976715088,31,-76.19697570800781,-2.4579670429229736,31,-69.75470733642578,-1.585334300994873,44,-95.35521697998047,-3.075974702835083,31,-90.93891143798828,-2.9335131645202637,31,1906
-101.1220703125,-2.7330288887023926,37,-110.9610366821289,-2.9989469051361084,37,-114.42666625976562,-3.0926125049591064,37,-69.21663665771484,-3.1462106704711914,22,-109.48638916015625,-2.9590916633605957,37,-137.28201293945312,-3.710324764251709,37,1907
-86.93058776855469,-2.228989362716675,39,-86.90336608886719,-2.2282915115356445,39,-91.70372009277344,-2.351377487182617,39,-87.21971893310547,-2.4919919967651367,35,-76.14936828613281,-1.9525479078292847,39,-107.55314636230469,-2.757772922515869,39,1908
-56.589576721191406,-1.1548893451690674,49,-253.60952758789062,-5.175704479217529,49,-290.3817138671875,-5.926157474517822,49,-281.3048095703125,-5.985208511352539,47,-253.91058349609375,-5.181848526000977,49,-274.5394592285156,-5.602846145629883,49,1909
-46.263328552246094,-1.9276386499404907,24,-76.535888671875,-3.188995361328125,24,-62.904685974121094,-2.6210286617279053,24,-63.54069900512695,-2.269310712814331,28,-85.23678588867188,-3.551532745361328,24,-61.64778137207031,-2.568657636642456,24,1910
-82.78466033935547,-2.0191380977630615,41,-114.9937744140625,-2.8047261238098145,41,-120.79074096679688,-2.946115732192993,41,-80.1141357421875,-2.9671902656555176,27,-118.85494232177734,-2.8989009857177734,41,-123.00859832763672,-3.0002098083496094,41,1911
-42.058990478515625,-1.0258290767669678,41,-66.07091522216797,-1.6114857196807861,41,-84.86004638671875,-2.0697572231292725,41,-59.63557815551758,-1.8636118173599243,32,-72.0459976196289,-1.7572194337844849,41,-86.19348907470703,-2.1022801399230957,41,1912
-64.87411499023438,-1.7533544301986694,37,-93.23613739013672,-2.519895553588867,37,-98.86116790771484,-2.6719233989715576,37,-91.04021453857422,-2.2204930782318115,41,-97.0521240234375,-2.623030424118042,37,-91.18263244628906,-2.464395523071289,37,1913
-75.74055480957031,-2.04704213142395,37,-65.8624496459961,-1.7800662517547607,37,-61.26367950439453,-1.6557750701904297,37,-45.19218063354492,-1.4122556447982788,32,-63.97184753417969,-1.728968858718872,37,-64.50850677490234,-1.7434731721878052,37,1914
-85.7901611328125,-2.1997478008270264,39,-102.89554595947266,-2.6383473873138428,39,-100.66648864746094,-2.5811920166015625,39,-119.47590637207031,-2.7153615951538086,44,-92.06841278076172,-2.3607285022735596,39,-99.3651123046875,-2.547823429107666,39,1915
-104.77134704589844,-2.229177713394165,47,-95.36686706542969,-2.0290822982788086,47,-102.64926147460938,-2.1840269565582275,47,-50.99016571044922,-1.545156478881836,33,-92.25675964355469,-1.9629098176956177,47,-96.2611083984375,-2.0481085777282715,47,1916
-81.77493286132812,-1.9470221996307373,42,-97.64707946777344,-2.324930429458618,42,-92.99597930908203,-2.2141900062561035,42,-53.400840759277344,-1.618207335472107,33,-104.06861877441406,-2.4778242111206055,42,-82.34944152832031,-1.9607009887695312,42,1917
-76.15877532958984,-2.3799617290496826,32,-87.88017272949219,-2.746255397796631,32,-104.36375427246094,-3.2613673210144043,32,-80.84984588623047,-2.7879257202148438,29,-75.84536743164062,-2.3701677322387695,32,-94.214599609375,-2.9442062377929688,32,1918
-41.82469177246094,-0.7891451120376587,53,-122.73953247070312,-2.315840244293213,53,-113.02217102050781,-2.132493734359741,53,-55.255027770996094,-1.841834306716919,30,-118.89817810058594,-2.2433619499206543,53,-127.98075866699219,-2.41473126411438,53,1919
-44.62726593017578,-1.3125666379928589,34,-78.17723083496094,-2.299330234527588,34,-99.53114318847656,-2.927386522293091,34,-41.03606414794922,-1.519854187965393,27,-65.42108154296875,-1.924149513244629,34,-86.62002563476562,-2.547647714614868,34,1920
-110.28828430175781,-4.084751129150391,27,-66.75638580322266,-2.472458839416504,27,-38.64714813232422,-1.4313758611679077,27,-19.02873420715332,-0.6342911124229431,30,-56.547210693359375,-2.0943410396575928,27,-30.595439910888672,-1.133164405822754,27,1921
-128.32180786132812,-2.7302513122558594,47,-162.6847686767578,-3.4613780975341797,47,-142.81085205078125,-3.0385286808013916,47,-100.50578308105469,-2.956052541732788,34,-181.9651336669922,-3.871598482131958,47,-144.1878662109375,-3.067826986312866,47,1922
-91.31350708007812,-1.902364730834961,48,-118.49932861328125,-2.468735933303833,48,-95.40548706054688,-1.9876142740249634,48,-66.43270111083984,-2.0131120681762695,33,-126.97990417480469,-2.6454145908355713,48,-93.80067443847656,-1.9541807174682617,48,1923
-58.860599517822266,-2.1021642684936523,28,-107.5692138671875,-3.8417575359344482,28,-125.09161376953125,-4.467557430267334,28,-236.6399383544922,-5.258665084838867,45,-115.67088317871094,-4.131103038787842,28,-137.01809692382812,-4.893503665924072,28,1924
-41.561546325683594,-1.3853849172592163,30,-83.26278686523438,-2.775426149368286,30,-72.20855712890625,-2.406951904296875,30,-47.67781066894531,-1.135185956954956,42,-83.93336486816406,-2.797778844833374,30,-68.93635559082031,-2.2978785037994385,30,1925
-76.35397338867188,-2.2457051277160645,34,-95.86123657226562,-2.819448232650757,34,-83.91452026367188,-2.468074083328247,34,-65.76168823242188,-2.192056179046631,30,-91.18001556396484,-2.681765079498291,34,-82.6283950805664,-2.4302468299865723,34,1926
-41.127647399902344,-1.7136520147323608,24,-45.474361419677734,-1.894765019416809,24,-54.72657012939453,-2.280273675918579,24,-46.71498107910156,-1.4598431587219238,32,-52.355743408203125,-2.1814892292022705,24,-55.759979248046875,-2.3233325481414795,24,1927
-101.98272705078125,-2.1698453426361084,47,-72.76615905761719,-1.5482161045074463,47,-81.44618225097656,-1.7328975200653076,47,-26.212270736694336,-0.9038714170455933,29,-83.16511535644531,-1.7694705724716187,47,-101.78837585449219,-2.165710210800171,47,1928
-50.12841033935547,-1.519042730331421,33,-64.02935791015625,-1.9402835369110107,33,-62.964385986328125,-1.9080116748809814,33,-63.787418365478516,-1.9329520463943481,33,-66.78167724609375,-2.0236871242523193,33,-69.52369689941406,-2.106778621673584,33,1929
-33.393768310546875,-1.0772182941436768,31,-71.6523666381836,-2.311366558074951,31,-78.46449279785156,-2.5311126708984375,31,-58.529747009277344,-2.544771671295166,23,-76.71347045898438,-2.47462797164917,31,-66.22905731201172,-2.1364212036132812,31,1930
-56.271156311035156,-1.4067789316177368,40,-80.37600708007812,-2.0094001293182373,40,-78.97144317626953,-1.9742860794067383,40,-76.41694641113281,-1.9104236364364624,40,-86.38333892822266,-2.159583568572998,40,-85.27760314941406,-2.1319401264190674,40,1931
-28.899490356445312,-0.9322416186332703,31,-74.43452453613281,-2.401113748550415,31,-74.74239349365234,-2.4110448360443115,31,-70.94705200195312,-2.627668619155884,27,-94.86138916015625,-3.060044765472412,31,-95.15966796875,-3.069666624069214,31,1932
-120.84107971191406,-2.2800204753875732,53,-134.09429931640625,-2.530081033706665,53,-130.3431396484375,-2.4593045711517334,53,-126.42988586425781,-2.7484757900238037,46,-143.88827514648438,-2.7148730754852295,53,-134.81442260742188,-2.543668270111084,53,1933
-76.48219299316406,-2.3176422119140625,33,-104.28398895263672,-3.160120964050293,33,-86.39899444580078,-2.6181514263153076,33,-96.34261322021484,-2.919473171234131,33,-87.61184692382812,-2.654904365539551,33,-78.33574676513672,-2.3738105297088623,33,1934
-65.64987182617188,-2.1177377700805664,31,-198.683349609375,-6.409140110015869,31,-223.21200561523438,-7.200387477874756,31,-304.2568359375,-6.473549842834473,47,-169.33045959472656,-5.462273120880127,31,-199.385009765625,-6.431774616241455,31,1935
-38.31052017211914,-0.98232102394104,39,-89.95974731445312,-2.3066601753234863,39,-62.67698669433594,-1.6071022748947144,39,-61.71209716796875,-1.6240025758743286,38,-86.5546646118164,-2.2193503379821777,39,-70.71461486816406,-1.8131952285766602,39,1936
-130.44361877441406,-3.181551694869995,41,-122.28575134277344,-2.982579231262207,41,-114.13363647460938,-2.7837471961975098,41,-90.82874298095703,-2.929959535598755,31,-126.214111328125,-3.07839298248291,41,-113.78733825683594,-2.775300979614258,41,1937
-62.40455627441406,-1.3000949621200562,48,-102.45315551757812,-2.1344406604766846,48,-107.96923065185547,-2.249358892440796,48,-106.10311126708984,-2.2104814052581787,48,-123.29850006103516,-2.568718671798706,48,-121.40550994873047,-2.5292813777923584,48,1938
-34.93356704711914,-0.919304370880127,38,-99.68855285644531,-2.623383045196533,38,-93.64317321777344,-2.464293956756592,38,-76.96512603759766,-2.482745885848999,31,-108.46823120117188,-2.8544270992279053,38,-98.1115951538086,-2.5818841457366943,38,1939
-123.9656753540039,-2.430699586868286,51,-113.30692291259766,-2.2217044830322266,51,-116.39844512939453,-2.282322406768799,51,-105.63152313232422,-1.5534048080444336,68,-120.04120635986328,-2.3537490367889404,51,-127.38007354736328,-2.4976484775543213,51,1940
-68.05750274658203,-2.0623486042022705,33,-64.3094482421875,-1.9487711191177368,33,-62.558650970458984,-1.895716667175293,33,-64.65655517578125,-1.95928955078125,33,-70.23834228515625,-2.128434658050537,33,-69.86749267578125,-2.117196798324585,33,1941
-81.40919494628906,-2.2002484798431396,37,-90.93122863769531,-2.4576008319854736,37,-99.28620910644531,-2.683411121368408,37,-66.42463684082031,-2.5547938346862793,26,-94.19999694824219,-2.545945882797241,37,-105.65232849121094,-2.855468273162842,37,1942
-63.09373474121094,-2.7432057857513428,23,-85.71704864501953,-3.726828098297119,23,-75.47148895263672,-3.2813689708709717,23,-96.63538360595703,-3.221179485321045,30,-91.38946533203125,-3.9734549522399902,23,-86.80020904541016,-3.7739222049713135,23,1943
-44.85990905761719,-1.4953303337097168,30,-107.96370697021484,-3.598790168762207,30,-99.05169677734375,-3.3017232418060303,30,-111.69989776611328,-2.9394710063934326,38,-104.42034912109375,-3.4806783199310303,30,-97.53170776367188,-3.2510569095611572,30,1944
-44.069488525390625,-1.1017372608184814,40,-139.05706787109375,-3.476426601409912,40,-148.54473876953125,-3.713618516921997,40,-142.83741760253906,-4.2011003494262695,34,-138.9594268798828,-3.4739856719970703,40,-147.33522033691406,-3.683380603790283,40,1945
-97.79779052734375,-2.643183469772339,37,-93.18556213378906,-2.518528699874878,37,-98.50192260742188,-2.6622140407562256,37,-81.86234283447266,-2.212495803833008,37,-118.34202575683594,-3.1984331607818604,37,-110.03707885742188,-2.97397518157959,37,1946
-125.61228942871094,-2.6726019382476807,47,-122.30374145507812,-2.6022071838378906,47,-117.34068298339844,-2.496610164642334,47,-111.14478302001953,-2.7786195278167725,40,-136.52560424804688,-2.9048001766204834,47,-140.0171661376953,-2.979088544845581,47,1947
-115.55912780761719,-2.963054656982422,39,-124.37704467773438,-3.189155101776123,39,-120.52063751220703,-3.0902726650238037,39,-111.63646697998047,-3.101012945175171,36,-129.27813720703125,-3.314824104309082,39,-122.82987213134766,-3.1494839191436768,39,1948
-90.77975463867188,-2.593707323074341,35,-71.2578125,-2.035937547683716,35,-74.52204895019531,-2.1292014122009277,35,-64.4128189086914,-2.0778329372406006,31,-74.30006408691406,-2.122859001159668,35,-75.2149429321289,-2.148998260498047,35,1949
-73.96014404296875,-2.6414337158203125,28,-65.76944732666016,-2.3489089012145996,28,-65.67416381835938,-2.345505952835083,28,-68.26475524902344,-1.7964409589767456,38,-90.2716064453125,-3.2239859104156494,28,-88.24424743652344,-3.151580333709717,28,1950
-60.48308181762695,-1.406583309173584,43,-120.1089859008789,-2.7932322025299072,43,-117.67970275878906,-2.7367372512817383,43,-60.9455680847168,-2.3440604209899902,26,-105.16720581054688,-2.445749044418335,43,-104.48699188232422,-2.4299299716949463,43,1951
-88.61129760742188,-1.9691399335861206,45,-126.64557647705078,-2.8143460750579834,45,-94.14927673339844,-2.0922062397003174,45,-102.83956146240234,-2.3372628688812256,44,-133.24810791015625,-2.961069107055664,45,-103.70016479492188,-2.304448127746582,45,1952
-231.5150146484375,-5.03293514251709,46,-145.8206787109375,-3.1700148582458496,46,-117.01216888427734,-2.5437428951263428,46,-76.91619873046875,-2.481167793273926,31,-146.16714477539062,-3.177546739578247,46,-122.61250305175781,-2.6654891967773438,46,1953
-52.586875915527344,-1.5466728210449219,34,-53.35652160644531,-1.5693094730377197,34,-69.67601776123047,-2.0492947101593018,34,-38.7816162109375,-1.8467435836791992,21,-88.46359252929688,-2.60187029838562,34,-94.02339172363281,-2.7653939723968506,34,1954
-95.3757553100586,-2.6493265628814697,36,-61.151512145996094,-1.6986531019210815,36,-50.78984069824219,-1.410828948020935,36,-44.69672393798828,-1.2770493030548096,35,-61.26216125488281,-1.7017266750335693,36,-66.96298217773438,-1.8600828647613525,36,1955
-124.98670196533203,-2.4507195949554443,51,-143.432861328125,-2.8124091625213623,51,-124.70687866210938,-2.44523286819458,51,-107.95228576660156,-2.453460931777954,44,-154.01126098632812,-3.0198285579681396,51,-135.23867797851562,-2.6517388820648193,51,1956
-72.87812805175781,-2.6991899013519287,27,-75.66321563720703,-2.8023412227630615,27,-52.88511276245117,-1.9587079286575317,27,-77.96934509277344,-1.9016913175582886,41,-88.93255615234375,-3.2937984466552734,27,-66.16827392578125,-2.450676918029785,27,1957
-94.14360809326172,-2.4139387607574463,39,-218.91819763183594,-5.613286972045898,39,-263.5252380371094,-6.757057189941406,39,-318.33050537109375,-6.920228481292725,46,-206.8584747314453,-5.304063320159912,39,-275.00848388671875,-7.051499366760254,39,1958
-50.065773010253906,-1.925606608390808,26,-84.47114562988281,-3.2488901615142822,26,-82.06573486328125,-3.156374454498291,26,-94.55677795410156,-2.101261615753174,45,-94.01427459716797,-3.615933656692505,26,-82.82180786132812,-3.1854541301727295,26,1959
-93.52583312988281,-3.117527723312378,30,-88.57836151123047,-2.9526121616363525,30,-74.215087890625,-2.4738361835479736,30,-71.75333404541016,-2.3146235942840576,31,-92.045166015625,-3.0681722164154053,30,-80.98307800292969,-2.6994359493255615,30,1960
-228.59234619140625,-4.863667011260986,47,-121.22463989257812,-2.5792477130889893,47,-103.82965087890625,-2.209141492843628,47,-60.88072204589844,-2.029357433319092,30,-125.61576843261719,-2.672675848007202,47,-102.43531799316406,-2.1794748306274414,47,1961
-151.3245849609375,-3.519176483154297,43,-146.4237060546875,-3.4052023887634277,43,-129.19322204589844,-3.004493474960327,43,-144.50283813476562,-3.0104758739471436,48,-146.3275146484375,-3.402965545654297,43,-132.89071655273438,-3.090481758117676,43,1962
-46.315860748291016,-1.0068665742874146,46,-63.42308044433594,-1.3787626028060913,46,-49.68968200683594,-1.0802104473114014,46,-30.259925842285156,-0.817835807800293,37,-64.60395812988281,-1.4044338464736938,46,-74.58509826660156,-1.621415138244629,46,1963
-63.30712890625,-2.2609689235687256,28,-50.016571044921875,-1.7863061428070068,28,-60.091094970703125,-2.1461105346679688,28,-34.701202392578125,-1.4458833932876587,24,-63.70817184448242,-2.275291919708252,28,-52.3647575378418,-1.8701698780059814,28,1964
-111.91893005371094,-2.543612003326416,44,-109.5501480102539,-2.489776134490967,44,-97.24552154541016,-2.21012544631958,44,-62.46796417236328,-2.3136281967163086,27,-133.95089721679688,-3.0443384647369385,44,-130.06231689453125,-2.9559617042541504,44,1965
-46.92558288574219,-1.3801641464233398,34,-83.80137634277344,-2.4647464752197266,34,-109.4100112915039,-3.2179415225982666,34,-91.97132110595703,-3.2846901416778564,28,-92.98825073242188,-2.7349486351013184,34,-116.40036010742188,-3.4235401153564453,34,1966
-59.27540588378906,-1.9758468866348267,30,-50.35994338989258,-1.6786648035049438,30,-37.17145919799805,-1.2390486001968384,30,-19.802690505981445,-0.7334330081939697,27,-57.1827392578125,-1.906091332435608,30,-49.17962646484375,-1.6393208503723145,30,1967
-60.334346771240234,-1.4031243324279785,43,-56.0628547668457,-1.303787350654602,43,-44.787330627441406,-1.0415657758712769,43,-39.16426467895508,-1.0584936141967773,37,-76.01263427734375,-1.7677357196807861,43,-57.48577880859375,-1.3368785381317139,43,1968
-69.42692565917969,-1.928525686264038,36,-110.19877624511719,-3.061077117919922,36,-110.3418960571289,-3.0650527477264404,36,-150.44320678710938,-2.350675106048584,64,-101.53620147705078,-2.8204500675201416,36,-96.6361312866211,-2.6843369007110596,36,1969
-91.71009063720703,-2.413423538208008,38,-82.3785400390625,-2.167856216430664,38,-92.81558990478516,-2.4425156116485596,38,-58.81135940551758,-2.02797794342041,29,-88.84180450439453,-2.337942123413086,38,-95.90521240234375,-2.5238213539123535,38,1970
-103.54226684570312,-2.7247965335845947,38,-69.24478912353516,-1.8222312927246094,38,-69.42244720458984,-1.8269065618515015,38,-78.36361694335938,-1.7809913158416748,44,-89.923828125,-2.3664164543151855,38,-83.33415222167969,-2.1930038928985596,38,1971
-50.98182678222656,-1.4161618947982788,36,-101.00518035888672,-2.805699348449707,36,-98.58919525146484,-2.738588809967041,36,-69.17351531982422,-2.66051983833313,26,-100.923095703125,-2.803419351577759,36,-104.50840759277344,-2.9030113220214844,36,1972
-92.87687683105469,-2.814450740814209,33,-100.57942199707031,-3.047861337661743,33,-105.28956604003906,-3.1905930042266846,33,-87.6860580444336,-2.828582525253296,31,-105.46391296386719,-3.195876121520996,33,-94.44203186035156,-2.861879825592041,33,1973
-44.76560592651367,-1.5987716913223267,28,-74.34494018554688,-2.6551764011383057,28,-47.2786865234375,-1.6885244846343994,28,-87.9306640625,-1.9984241724014282,44,-74.80201721191406,-2.6715006828308105,28,-63.742366790771484,-2.27651309967041,28,1974
-99.36192321777344,-2.3107423782348633,43,-89.75331115722656,-2.0872862339019775,43,-91.7352523803711,-2.133378028869629,43,-35.47320556640625,-1.6124184131622314,22,-86.53080749511719,-2.0123443603515625,43,-108.27042388916016,-2.5179169178009033,43,1975
-66.1579818725586,-2.2813096046447754,29,-68.15628051757812,-2.3502166271209717,29,-66.83724975585938,-2.3047327995300293,29,-93.80764770507812,-2.680218458175659,35,-66.12483215332031,-2.2801666259765625,29,-78.71946716308594,-2.7144644260406494,29,1976
-73.71160888671875,-2.1679885387420654,34,-74.76148986816406,-2.1988673210144043,34,-79.8773193359375,-2.349332809448242,34,-58.201683044433594,-2.1556179523468018,27,-83.13167572021484,-2.445049285888672,34,-94.35469055175781,-2.7751379013061523,34,1977
-58.08074951171875,-1.815023422241211,32,-74.57666015625,-2.3305206298828125,32,-75.22130584716797,-2.350665807723999,32,-78.11483764648438,-2.3671162128448486,33,-79.64224243164062,-2.4888200759887695,32,-83.58639526367188,-2.612074851989746,32,1978
