chosen_logp,chosen_mean_logp,chosen_tokens,rejected_prime_logp,rejected_prime_mean_logp,rejected_prime_tokens,rejected_double_prime_logp,rejected_double_prime_mean_logp,rejected_double_prime_tokens,rejected_logp,rejected_mean_logp,rejected_tokens,rejected_prime_v2_logp,rejected_prime_v2_mean_logp,rejected_prime_v2_tokens,rejected_double_prime_v2_logp,rejected_double_prime_v2_mean_logp,rejected_double_prime_v2_tokens,index
-60.13182067871094,-2.004394054412842,30,-69.00738525390625,-2.300246238708496,30,-57.756141662597656,-1.9252047538757324,30,-62.39157485961914,-1.9497367143630981,32,-80.61119842529297,-2.687039852142334,30,-56.295860290527344,-1.8765286207199097,30,0
-81.6628646850586,-1.7752796411514282,46,-118.96989440917969,-2.5863020420074463,46,-117.37957763671875,-2.551729917526245,46,-53.656837463378906,-1.5781422853469849,34,-109.28042602539062,-2.3756613731384277,46,-118.58881378173828,-2.5780177116394043,46,1
-69.67251586914062,-1.4218881130218506,49,-111.06478118896484,-2.2666282653808594,49,-97.30858612060547,-1.9858895540237427,49,-81.5687255859375,-1.9421125650405884,42,-102.92724609375,-2.1005561351776123,49,-101.59585571289062,-2.0733847618103027,49,2
-68.32664489746094,-1.5528782606124878,44,-79.47986602783203,-1.8063606023788452,44,-72.15650939941406,-1.639920711517334,44,-23.422229766845703,-0.7807409763336182,30,-75.90679931640625,-1.7251545190811157,44,-89.4371337890625,-2.0326621532440186,44,3
-103.60321044921875,-3.237600326538086,32,-83.51762390136719,-2.6099257469177246,32,-66.05472564697266,-2.0642101764678955,32,-89.68357849121094,-1.9496430158615112,46,-86.2847900390625,-2.696399688720703,32,-72.05059814453125,-2.2515811920166016,32,4
-58.43878173828125,-3.437575340270996,17,-84.57435607910156,-4.97496223449707,17,-53.409854888916016,-3.141756057739258,17,-65.55250549316406,-2.427870512008667,27,-84.62022399902344,-4.977660179138184,17,-53.89641571044922,-3.170377492904663,17,5
-91.5389175415039,-2.6153976917266846,35,-96.80654907226562,-2.7659013271331787,35,-98.88304138183594,-2.8252296447753906,35,-79.83610534667969,-3.19344425201416,25,-93.70806884765625,-2.6773734092712402,35,-101.43461608886719,-2.898131847381592,35,6
-80.59584045410156,-2.3704659938812256,34,-90.39402770996094,-2.6586477756500244,34,-77.97621154785156,-2.2934179306030273,34,-24.787565231323242,-1.304608702659607,19,-88.37091827392578,-2.599144697189331,34,-97.01191711425781,-2.8532917499542236,34,7
-48.675193786621094,-1.3520886898040771,36,-75.43952178955078,-2.0955421924591064,36,-51.8097038269043,-1.4391584396362305,36,-49.00187683105469,-1.1951677799224854,41,-77.40843200683594,-2.1502342224121094,36,-60.20341873168945,-1.6723171472549438,36,8
-92.82798767089844,-2.109726905822754,44,-136.6012725830078,-3.10457444190979,44,-133.28729248046875,-3.029256582260132,44,-90.30240631103516,-3.1138761043548584,29,-138.75662231445312,-3.153559684753418,44,-114.03406524658203,-2.5916833877563477,44,9
-63.50426483154297,-1.58760666847229,40,-86.34705352783203,-2.1586763858795166,40,-91.6988525390625,-2.292471408843994,40,-50.13323974609375,-1.7904728651046753,28,-82.68600463867188,-2.067150115966797,40,-84.14688873291016,-2.1036722660064697,40,10
-38.704185485839844,-1.2901395559310913,30,-141.0177001953125,-4.700590133666992,30,-195.812255859375,-6.527075290679932,30,-288.3453063964844,-6.135006427764893,47,-129.72930908203125,-4.324310302734375,30,-187.23165893554688,-6.241055488586426,30,11
-108.02912902832031,-3.600970983505249,30,-74.7765884399414,-2.4925529956817627,30,-73.11144256591797,-2.4370481967926025,30,-32.577064514160156,-1.7145823240280151,19,-98.29566955566406,-3.276522397994995,30,-82.27896881103516,-2.7426323890686035,30,12
-61.95570755004883,-1.6304134130477905,38,-125.62285614013672,-3.3058645725250244,38,-142.01113891601562,-3.737135171890259,38,-157.70616149902344,-3.5045814514160156,45,-126.85848236083984,-3.338381052017212,38,-140.27716064453125,-3.6915042400360107,38,13
-115.11019134521484,-1.7180625200271606,67,-129.79510498046875,-1.9372403621673584,67,-131.1162109375,-1.9569584131240845,67,-111.4170913696289,-1.768525242805481,63,-153.61549377441406,-2.2927684783935547,67,-119.3643569946289,-1.781557559967041,67,14
-94.24110412597656,-2.6926028728485107,35,-78.65818786621094,-2.2473766803741455,35,-91.12849426269531,-2.6036713123321533,35,-118.69160461425781,-2.525353193283081,47,-94.80384826660156,-2.708681344985962,35,-113.7564697265625,-3.2501847743988037,35,15
-86.75355529785156,-1.9278568029403687,45,-107.53195190429688,-2.389598846435547,45,-118.35861206054688,-2.6301913261413574,45,-65.70772552490234,-1.9911432266235352,33,-141.88192749023438,-3.1529316902160645,45,-118.1460189819336,-2.62546706199646,45,16
-66.68399810791016,-2.469777822494507,27,-86.2359390258789,-3.1939237117767334,27,-85.82366180419922,-3.178654193878174,27,-87.33152770996094,-2.239269971847534,39,-94.95671081542969,-3.5169153213500977,27,-79.76858520507812,-2.9543919563293457,27,17
-92.84855651855469,-2.5791265964508057,36,-57.5658073425293,-1.5990501642227173,36,-59.609344482421875,-1.6558151245117188,36,-53.971370697021484,-1.4586856365203857,37,-90.85750579833984,-2.5238196849823,36,-75.71226501464844,-2.103118419647217,36,18
-67.73404693603516,-1.9352585077285767,35,-97.30107116699219,-2.7800304889678955,35,-85.81071472167969,-2.451734781265259,35,-80.27790069580078,-2.5896096229553223,31,-109.86445617675781,-3.138984441757202,35,-98.93218231201172,-2.8266336917877197,35,19
-47.315040588378906,-1.3143067359924316,36,-82.26319885253906,-2.2850887775421143,36,-72.23126983642578,-2.0064241886138916,36,-55.61993408203125,-1.3565837144851685,41,-95.0631332397461,-2.6406426429748535,36,-68.02861785888672,-1.8896838426589966,36,20
-84.56171417236328,-2.013374090194702,42,-91.44740295410156,-2.177319049835205,42,-100.33052825927734,-2.388822078704834,42,-78.81272888183594,-2.2517921924591064,35,-88.46856689453125,-2.1063945293426514,42,-112.14481353759766,-2.670114517211914,42,21
-69.2852783203125,-2.3891475200653076,29,-92.04638671875,-3.174013376235962,29,-87.23584747314453,-3.0081326961517334,29,-130.08755493164062,-3.2521889209747314,40,-91.12422180175781,-3.14221453666687,29,-89.71526336669922,-3.093629837036133,29,22
-91.7518310546875,-2.4797792434692383,37,-234.88755798339844,-6.3483123779296875,37,-257.6156005859375,-6.962584018707275,37,-316.1678466796875,-6.586830139160156,48,-241.13162231445312,-6.517070770263672,37,-260.36993408203125,-7.037025451660156,37,23
-79.0693130493164,-2.3255679607391357,34,-85.34770202636719,-2.5102264881134033,34,-68.02922058105469,-2.000859498977661,34,-75.61360168457031,-1.5122720003128052,50,-89.45109558105469,-2.6309146881103516,34,-82.71441650390625,-2.432776927947998,34,24
-67.76313781738281,-1.3829212188720703,49,-92.4847412109375,-1.8874436616897583,49,-129.87841796875,-2.6505799293518066,49,-72.14399719238281,-2.0612571239471436,35,-92.20159912109375,-1.8816652297973633,49,-134.97183227539062,-2.7545270919799805,49,25
-55.71739196777344,-1.1607789993286133,48,-91.55168914794922,-1.9073268175125122,48,-94.27786254882812,-1.9641221761703491,48,-39.112335205078125,-1.1174952983856201,35,-93.64575958251953,-1.9509533643722534,48,-93.74028015136719,-1.9529224634170532,48,26
-83.70968627929688,-2.2624239921569824,37,-163.37547302246094,-4.415553092956543,37,-212.09698486328125,-5.732350826263428,37,-270.0213623046875,-5.870029449462891,46,-165.41502380371094,-4.470676422119141,37,-220.17355346679688,-5.950636386871338,37,27
-17.73366928100586,-0.2814868092536926,63,-98.49049377441406,-1.5633411407470703,63,-140.89004516601562,-2.2363498210906982,63,-64.12336730957031,-1.3939862251281738,46,-120.386474609375,-1.9108964204788208,63,-137.26638793945312,-2.1788315773010254,63,28
-22.954633712768555,-0.5738658308982849,40,-103.62916564941406,-2.590729236602783,40,-104.19720458984375,-2.6049301624298096,40,-70.28611755371094,-2.603189468383789,27,-108.36713409423828,-2.7091784477233887,40,-112.80499267578125,-2.820124864578247,40,29
-105.14039611816406,-3.092364549636841,34,-88.54253387451172,-2.6041922569274902,34,-76.06385040283203,-2.2371721267700195,34,-69.88751220703125,-2.2544357776641846,31,-94.41281127929688,-2.7768473625183105,34,-77.5129165649414,-2.2797915935516357,34,30
-99.62728118896484,-1.6885980367660522,59,-112.46380615234375,-1.9061661958694458,59,-96.46189880371094,-1.634947419166565,59,-89.11857604980469,-1.6503440141677856,54,-124.11433410644531,-2.103632688522339,59,-104.04570007324219,-1.763486385345459,59,31
-93.9755630493164,-3.132518768310547,30,-149.41580200195312,-4.980526924133301,30,-215.2885284423828,-7.176284313201904,30,-291.0011291503906,-6.326111316680908,46,-158.3099822998047,-5.276999473571777,30,-208.93466186523438,-6.964488506317139,30,32
-72.83814239501953,-1.9167932271957397,38,-90.79443359375,-2.38932728767395,38,-89.60227966308594,-2.357954740524292,38,-60.182044982910156,-1.9413563013076782,31,-97.26902770996094,-2.559711217880249,38,-93.35960388183594,-2.456831693649292,38,33
-66.10099029541016,-1.944146752357483,34,-86.20768737792969,-2.535520315170288,34,-86.68434143066406,-2.549539566040039,34,-80.9851303100586,-2.792590618133545,29,-106.9917984008789,-3.146817684173584,34,-99.91909790039062,-2.9387969970703125,34,34
-81.1629638671875,-1.6232593059539795,50,-97.41108703613281,-1.9482216835021973,50,-98.54138946533203,-1.9708278179168701,50,-94.93074035644531,-1.861387014389038,51,-110.55015563964844,-2.211003065109253,50,-102.66059112548828,-2.0532119274139404,50,35
-80.60330963134766,-1.8318934440612793,44,-104.24459838867188,-2.3691954612731934,44,-86.61653900146484,-1.9685577154159546,44,-94.71562194824219,-1.973242163658142,48,-101.06878662109375,-2.297017812728882,44,-83.19861602783203,-1.890877604484558,44,36
-86.97864532470703,-2.3507742881774902,37,-165.29501342773438,-4.467432975769043,37,-192.2663116455078,-5.196386814117432,37,-244.24794006347656,-5.088498592376709,48,-153.72393798828125,-4.154701232910156,37,-201.8224639892578,-5.4546613693237305,37,37
-56.8685188293457,-1.8344683647155762,31,-71.29134368896484,-2.2997207641601562,31,-75.86002349853516,-2.4470975399017334,31,-70.15618896484375,-1.8961131572723389,37,-70.77386474609375,-2.2830278873443604,31,-80.482666015625,-2.596215009689331,31,38
-89.5369644165039,-1.9050418138504028,47,-106.05970764160156,-2.256589412689209,47,-79.86126708984375,-1.6991759538650513,47,-80.20301818847656,-1.7435438632965088,46,-105.57804870605469,-2.2463414669036865,47,-85.51298522949219,-1.8194252252578735,47,39
-72.44815826416016,-1.6848409175872803,43,-113.9515380859375,-2.650035858154297,43,-130.0361328125,-3.0240960121154785,43,-81.15109252929688,-3.0055959224700928,27,-110.08536529541016,-2.5601248741149902,43,-130.15618896484375,-3.026888132095337,43,40
-107.51530456542969,-2.6223244667053223,41,-106.48178100585938,-2.597116708755493,41,-89.00347900390625,-2.170816659927368,41,-85.17747497558594,-2.12943696975708,40,-90.06231689453125,-2.1966419219970703,41,-84.2626953125,-2.055187702178955,41,41
-65.15554809570312,-2.2467429637908936,29,-75.80496215820312,-2.613964319229126,29,-73.68356323242188,-2.5408124923706055,29,-65.82770538330078,-1.8807915449142456,35,-73.49766540527344,-2.534402370452881,29,-68.35052490234375,-2.356914758682251,29,42
-87.49319458007812,-1.8615573644638062,47,-106.8583755493164,-2.2735824584960938,47,-117.34274291992188,-2.4966540336608887,47,-71.01709747314453,-2.029059886932373,35,-103.89784240722656,-2.21059250831604,47,-113.59955596923828,-2.4170117378234863,47,43
-117.04582977294922,-2.7219960689544678,43,-248.2418670654297,-5.773066520690918,43,-270.76483154296875,-6.29685640335083,43,-300.90789794921875,-6.4022955894470215,47,-233.52584838867188,-5.43083381652832,43,-273.77581787109375,-6.366879463195801,43,44
-55.385826110839844,-1.7866395711898804,31,-55.495033264160156,-1.7901623249053955,31,-42.79669952392578,-1.3805387020111084,31,-41.726951599121094,-1.227263331413269,34,-59.2667121887207,-1.9118294715881348,31,-58.03159713745117,-1.871986985206604,31,45
-54.701934814453125,-1.1891725063323975,46,-85.82866668701172,-1.8658405542373657,46,-66.41487121582031,-1.4438015222549438,46,-51.48451232910156,-1.2258217334747314,42,-83.38507080078125,-1.8127189874649048,46,-73.18331909179688,-1.5909416675567627,46,46
-81.76945495605469,-2.151827812194824,38,-123.54214477539062,-3.2511091232299805,38,-112.57989501953125,-2.9626288414001465,38,-111.98117065429688,-3.732705593109131,30,-126.51211547851562,-3.329266309738159,38,-111.78937530517578,-2.9418256282806396,38,47
-109.10366821289062,-3.0306575298309326,36,-113.4830322265625,-3.15230655670166,36,-90.191162109375,-2.50531005859375,36,-55.41471481323242,-2.638795852661133,21,-97.81167602539062,-2.7169909477233887,36,-108.2295913696289,-3.0063774585723877,36,48
-69.49337005615234,-1.579394817352295,44,-118.19776916503906,-2.6863129138946533,44,-130.15628051757812,-2.958097219467163,44,-90.33145904541016,-2.5808987617492676,35,-107.1379623413086,-2.4349536895751953,44,-136.78256225585938,-3.108694553375244,44,49
-82.3263168334961,-2.4213621616363525,34,-75.05692291259766,-2.2075564861297607,34,-81.9946517944336,-2.411607503890991,34,-82.35601806640625,-2.2876672744750977,36,-87.16976165771484,-2.563816547393799,34,-97.45286560058594,-2.8662607669830322,34,50
-57.88074493408203,-1.2582770586013794,46,-114.8966064453125,-2.4977524280548096,46,-149.72581481933594,-3.254909038543701,46,-85.59426879882812,-2.951526403427124,29,-140.208251953125,-3.0480055809020996,46,-155.50674438476562,-3.3805813789367676,46,51
-67.07323455810547,-2.395472764968872,28,-66.01972198486328,-2.357847213745117,28,-63.65985870361328,-2.273566484451294,28,-62.65187072753906,-1.9578709602355957,32,-66.53312683105469,-2.376183032989502,28,-65.34635925292969,-2.33379864692688,28,52
-87.33940124511719,-2.8173999786376953,31,-65.90150451660156,-2.125854969024658,31,-62.00373077392578,-2.0001204013824463,31,-64.04757690429688,-1.8837522268295288,34,-73.30245971679688,-2.364595413208008,31,-83.28919982910156,-2.6867482662200928,31,53
-115.71095275878906,-3.1273231506347656,37,-110.99415588378906,-2.9998421669006348,37,-91.31787109375,-2.468050479888916,37,-67.41779327392578,-2.407778263092041,28,-109.82147979736328,-2.9681479930877686,37,-88.44566345214844,-2.39042329788208,37,54
-81.3549575805664,-1.8489762544631958,44,-127.40998077392578,-2.895681381225586,44,-88.86265563964844,-2.019605875015259,44,-38.94672393798828,-1.4424712657928467,27,-115.31069946289062,-2.6206977367401123,44,-93.39435577392578,-2.122598886489868,44,55
-48.98274230957031,-0.979654848575592,50,-77.48870849609375,-1.549774169921875,50,-62.41738510131836,-1.2483477592468262,50,-41.017333984375,-0.8370884656906128,49,-93.11317443847656,-1.8622634410858154,50,-65.03426361083984,-1.3006852865219116,50,56
-41.059295654296875,-1.00144624710083,41,-95.70318603515625,-2.334223985671997,41,-144.99412536621094,-3.5364420413970947,41,-155.42372131347656,-3.171912670135498,49,-106.47561645507812,-2.59696626663208,41,-130.27664184570312,-3.1774790287017822,41,57
-73.01751708984375,-1.6226115226745605,45,-87.67122650146484,-1.9482494592666626,45,-117.37113952636719,-2.6082475185394287,45,-55.06776809692383,-1.7763795852661133,31,-84.32781982421875,-1.8739515542984009,45,-111.53292846679688,-2.4785094261169434,45,58
-99.09634399414062,-2.4774086475372314,40,-128.87234497070312,-3.221808671951294,40,-110.05782318115234,-2.7514455318450928,40,-91.85144805908203,-2.551429033279419,36,-141.44009399414062,-3.5360023975372314,40,-118.8658447265625,-2.9716460704803467,40,59
-47.218894958496094,-0.9636509418487549,49,-94.18009185791016,-1.922042727470398,49,-103.53578186035156,-2.1129751205444336,49,-71.4642333984375,-1.7866058349609375,40,-97.40760803222656,-1.9879103899002075,49,-102.13772583007812,-2.0844433307647705,49,60
-68.93402099609375,-1.914833903312683,36,-99.01795959472656,-2.7504987716674805,36,-94.31954956054688,-2.6199874877929688,36,-69.75874328613281,-2.5836572647094727,27,-103.77287292480469,-2.882579803466797,36,-100.73567199707031,-2.798213005065918,36,61
-294.97698974609375,-6.412543296813965,46,-172.8186798095703,-3.756927728652954,46,-127.67453002929688,-2.7755331993103027,46,-101.19324493408203,-3.373108148574829,30,-170.15927124023438,-3.6991145610809326,46,-135.17564392089844,-2.938601016998291,46,62
-44.407981872558594,-0.9448506832122803,47,-93.75560760498047,-1.9948002099990845,47,-72.67109680175781,-1.5461935997009277,47,-49.042476654052734,-1.1961579322814941,41,-102.43055725097656,-2.1793735027313232,47,-79.73705291748047,-1.6965330839157104,47,63
-178.75173950195312,-2.3833565711975098,75,-236.781005859375,-3.1570801734924316,75,-167.5441436767578,-2.233922004699707,75,-101.1531982421875,-2.1989824771881104,46,-222.8440399169922,-2.9712538719177246,75,-199.46038818359375,-2.6594717502593994,75,64
-86.70762634277344,-2.6275038719177246,33,-104.62876892089844,-3.1705687046051025,33,-101.83724212646484,-3.085977077484131,33,-168.36306762695312,-3.3672614097595215,50,-105.2002182006836,-3.187885284423828,33,-111.39313507080078,-3.375549554824829,33,65
-61.605499267578125,-1.987274169921875,31,-163.3092041015625,-5.268038749694824,31,-187.58163452148438,-6.051020622253418,31,-298.50634765625,-6.351198673248291,47,-162.84530639648438,-5.2530741691589355,31,-200.12567138671875,-6.455667018890381,31,66
-172.87135314941406,-3.758072853088379,46,-197.82546997070312,-4.300553798675537,46,-127.28630828857422,-2.7670936584472656,46,-96.9871597290039,-3.128618001937866,31,-181.93527221679688,-3.9551146030426025,46,-127.70205688476562,-2.7761316299438477,46,67
-61.70166015625,-1.6676124334335327,37,-98.84365844726562,-2.671450138092041,37,-110.14691925048828,-2.9769437313079834,37,-138.11569213867188,-3.06923770904541,45,-96.24200439453125,-2.60113525390625,37,-120.26583862304688,-3.2504279613494873,37,68
-92.83048248291016,-2.4429073333740234,38,-110.97402954101562,-2.9203691482543945,38,-87.15142059326172,-2.2934584617614746,38,-76.85684204101562,-2.744887113571167,28,-109.00420379638672,-2.8685317039489746,38,-96.56391143798828,-2.5411555767059326,38,69
-59.115318298339844,-1.5977113246917725,37,-87.04388427734375,-2.3525373935699463,37,-108.76040649414062,-2.9394705295562744,37,-47.60284423828125,-2.5054128170013428,19,-98.20174407958984,-2.6541011333465576,37,-104.66497802734375,-2.8287832736968994,37,70
-72.56964111328125,-2.340956211090088,31,-117.55584716796875,-3.792124032974243,31,-94.6710205078125,-3.053903818130493,31,-87.17229461669922,-2.90574312210083,30,-122.52932739257812,-3.952558994293213,31,-88.59083557128906,-2.8577687740325928,31,71
-59.73716354370117,-1.5720306634902954,38,-167.75840759277344,-4.414694786071777,38,-211.45249938964844,-5.564539432525635,38,-262.0764465332031,-6.09480094909668,43,-172.56011962890625,-4.541055679321289,38,-224.85345458984375,-5.917196273803711,38,72
-93.0623550415039,-2.386214256286621,39,-74.44892120361328,-1.9089467525482178,39,-58.52052307128906,-1.5005261898040771,39,-42.136932373046875,-1.3167791366577148,32,-81.63050842285156,-2.093090057373047,39,-78.70808410644531,-2.018156051635742,39,73
-83.93112182617188,-1.951886534690857,43,-82.78240203857422,-1.9251720905303955,43,-91.69818878173828,-2.1325159072875977,43,-59.34687805175781,-1.9144154787063599,31,-81.67803955078125,-1.8994892835617065,43,-91.60931396484375,-2.130449056625366,43,74
-83.8196029663086,-2.7939867973327637,30,-69.21236419677734,-2.3070788383483887,30,-84.48753356933594,-2.816251039505005,30,-60.40134048461914,-2.0133779048919678,30,-85.43830108642578,-2.8479433059692383,30,-83.37950134277344,-2.7793166637420654,30,75
-117.1871109008789,-2.4413981437683105,48,-135.16314697265625,-2.815898895263672,48,-119.58763122558594,-2.4914090633392334,48,-48.55433654785156,-2.023097276687622,24,-150.1434783935547,-3.1279890537261963,48,-122.52711486816406,-2.5526483058929443,48,76
-59.91759490966797,-1.4979398250579834,40,-74.29935455322266,-1.8574838638305664,40,-100.63990783691406,-2.5159976482391357,40,-73.68787384033203,-2.4562623500823975,30,-75.65342712402344,-1.8913357257843018,40,-106.4222412109375,-2.6605560779571533,40,77
-81.12030792236328,-1.8865188360214233,43,-126.64542388916016,-2.945242404937744,43,-122.41763305664062,-2.846921682357788,43,-88.59558868408203,-3.055020332336426,29,-138.8814239501953,-3.2298004627227783,43,-117.11707305908203,-2.7236528396606445,43,78
-86.02299499511719,-2.8674330711364746,30,-69.43474578857422,-2.3144915103912354,30,-70.65998840332031,-2.355332851409912,30,-51.333961486816406,-1.2520478963851929,41,-64.19114685058594,-2.139704942703247,30,-73.31448364257812,-2.4438161849975586,30,79
-117.7838363647461,-3.3652524948120117,35,-115.03855895996094,-3.286815881729126,35,-74.2162857055664,-2.1204652786254883,35,-84.81617736816406,-2.7360057830810547,31,-124.29100036621094,-3.5511715412139893,35,-83.56207275390625,-2.3874878883361816,35,80
-85.89222717285156,-2.260321855545044,38,-79.88382720947266,-2.102205991744995,38,-81.34904479980469,-2.1407642364501953,38,-81.85243225097656,-2.098780393600464,39,-85.03195190429688,-2.237683057785034,38,-90.1878662109375,-2.3733649253845215,38,81
-76.26495361328125,-1.9555116891860962,39,-81.66583251953125,-2.0939958095550537,39,-89.64342498779297,-2.2985494136810303,39,-96.29216003417969,-2.0933077335357666,46,-83.45761108398438,-2.1399388313293457,39,-99.90315246582031,-2.561619281768799,39,82
-98.72340393066406,-2.1004979610443115,47,-96.7508544921875,-2.0585289001464844,47,-89.837158203125,-1.9114289283752441,47,-75.35310363769531,-1.7125705480575562,44,-102.29525756835938,-2.176494836807251,47,-104.4404067993164,-2.2221362590789795,47,83
-96.22982788085938,-1.9638739824295044,49,-124.65414428710938,-2.543962240219116,49,-117.65806579589844,-2.4011850357055664,49,-91.92821502685547,-2.357133626937866,39,-121.71804809570312,-2.484041690826416,49,-125.9045639038086,-2.5694808959960938,49,84
-27.37343406677246,-1.0528243780136108,26,-74.05531311035156,-2.8482813835144043,26,-50.430908203125,-1.939650297164917,26,-52.881107330322266,-1.429219126701355,37,-75.7310791015625,-2.912733793258667,26,-48.597740173339844,-1.8691438436508179,26,85
-84.29380798339844,-2.341494560241699,36,-106.69709777832031,-2.963808298110962,36,-107.794921875,-2.9943034648895264,36,-108.4140853881836,-2.930110454559326,37,-116.85515594482422,-3.245976448059082,36,-107.07636260986328,-2.9743432998657227,36,86
-61.27535629272461,-1.914854884147644,32,-69.15359497070312,-2.1610498428344727,32,-65.02517700195312,-2.032036781311035,32,-50.51707458496094,-2.0206830501556396,25,-76.5438232421875,-2.3919944763183594,32,-63.971885681152344,-1.9991214275360107,32,87
-110.61947631835938,-2.5140790939331055,44,-106.91181182861328,-2.429813861846924,44,-97.83429718017578,-2.2235066890716553,44,-101.92382049560547,-2.0384764671325684,50,-118.02577209472656,-2.682403802871704,44,-106.97273254394531,-2.4311983585357666,44,88
-94.01478576660156,-3.615953207015991,26,-80.50784301757812,-3.0964555740356445,26,-50.08184814453125,-1.926224946975708,26,-25.501834869384766,-1.2143731117248535,21,-82.85038757324219,-3.186553478240967,26,-56.266151428222656,-2.1640827655792236,26,89
-68.93482971191406,-1.5318851470947266,45,-75.52980041503906,-1.678439974784851,45,-106.06013488769531,-2.3568918704986572,45,-70.26907348632812,-2.129365921020508,33,-83.86327362060547,-1.8636282682418823,45,-102.81349182128906,-2.2847442626953125,45,90
-60.78124237060547,-1.3813918828964233,44,-101.30729675292969,-2.302438497543335,44,-98.73124694824219,-2.243891954421997,44,-79.44280242919922,-1.9860700368881226,40,-92.54899597167969,-2.103386163711548,44,-102.43389129638672,-2.328042984008789,44,91
-78.3060531616211,-2.060685634613037,38,-83.94865417480469,-2.2091751098632812,38,-86.00662994384766,-2.2633323669433594,38,-111.32818603515625,-2.6506710052490234,42,-64.02862548828125,-1.6849638223648071,38,-79.02449035644531,-2.079591751098633,38,92
-80.86516571044922,-2.0216290950775146,40,-97.25398254394531,-2.431349515914917,40,-88.03433990478516,-2.2008585929870605,40,-63.981788635253906,-1.9994308948516846,32,-92.39680480957031,-2.309920072555542,40,-99.69535827636719,-2.4923839569091797,40,93
-137.70550537109375,-3.358670949935913,41,-85.96080017089844,-2.096604824066162,41,-62.439208984375,-1.5229074954986572,41,-36.23976135253906,-1.0981745719909668,33,-81.56647491455078,-1.9894262552261353,41,-76.32347106933594,-1.8615480661392212,41,94
-59.280548095703125,-2.822883129119873,21,-87.11395263671875,-4.1482834815979,21,-85.21415710449219,-4.057816982269287,21,-90.52931213378906,-4.310919761657715,21,-75.80906677246094,-3.6099555492401123,21,-86.58918762207031,-4.123294830322266,21,95
-75.48035430908203,-2.6027708053588867,29,-54.60922622680664,-1.883076786994934,29,-59.82954406738281,-2.0630877017974854,29,-55.993072509765625,-1.7497835159301758,32,-65.59325408935547,-2.261836290359497,29,-64.72064971923828,-2.2317464351654053,29,96
-94.91533660888672,-1.9370477199554443,49,-148.08010864257812,-3.022042989730835,49,-125.6060562133789,-2.5633888244628906,49,-124.30838012695312,-2.762408494949341,45,-135.25982666015625,-2.760404586791992,49,-142.10379028320312,-2.9000773429870605,49,97
-16.41238784790039,-0.5659444332122803,29,-113.05874633789062,-3.8985774517059326,29,-114.86878204345703,-3.9609925746917725,29,-126.87776184082031,-2.950645685195923,43,-128.5342559814453,-4.432215690612793,29,-116.81867218017578,-4.0282301902771,29,98
-88.44670104980469,-1.8426395654678345,48,-157.58773803710938,-3.2830779552459717,48,-152.31964111328125,-3.173325777053833,48,-117.91249084472656,-2.94781231880188,40,-150.09445190429688,-3.126967668533325,48,-147.94973754882812,-3.0822861194610596,48,99
-117.50166320800781,-4.3519134521484375,27,-118.13789367675781,-4.375477313995361,27,-75.01847839355469,-2.7784621715545654,27,-63.05140686035156,-3.1525702476501465,20,-114.46926879882812,-4.239602565765381,27,-87.93119049072266,-3.2567107677459717,27,100
-85.59014892578125,-1.902003288269043,45,-128.5222625732422,-2.8560502529144287,45,-115.28152465820312,-2.561811685562134,45,-65.93274688720703,-2.1268627643585205,31,-133.60906982421875,-2.969090461730957,45,-112.6288070678711,-2.5028624534606934,45,101
-116.72286987304688,-2.8468992710113525,41,-125.2000961303711,-3.0536608695983887,41,-170.5333251953125,-4.15934944152832,41,-168.3651123046875,-4.008693218231201,42,-112.55128479003906,-2.7451531887054443,41,-169.8634796142578,-4.143011569976807,41,102
-28.385547637939453,-1.6697380542755127,17,-51.223724365234375,-3.013160228729248,17,-64.8191146850586,-3.8128890991210938,17,-81.72216033935547,-2.476428985595703,33,-55.18709182739258,-3.2462995052337646,17,-69.4310302734375,-4.084178447723389,17,103
-86.24978637695312,-2.2115330696105957,39,-99.54814147949219,-2.552516460418701,39,-87.64457702636719,-2.2472968101501465,39,-50.93942642211914,-1.4982184171676636,34,-112.81171417236328,-2.892608165740967,39,-74.43446350097656,-1.9085760116577148,39,104
-60.277320861816406,-2.2324934005737305,27,-76.18592834472656,-2.8217010498046875,27,-86.81028747558594,-3.215195894241333,27,-80.86172485351562,-2.7883353233337402,29,-93.10242462158203,-3.448237895965576,27,-99.4118881225586,-3.6819217205047607,27,105
-40.68000793457031,-1.4528573751449585,28,-97.60638427734375,-3.4859423637390137,28,-100.27188873291016,-3.581138849258423,28,-100.452880859375,-2.714942693710327,37,-99.64796447753906,-3.5588557720184326,28,-116.89323425292969,-4.174758434295654,28,106
-65.8969955444336,-1.532488226890564,43,-100.6075210571289,-2.339709758758545,43,-97.08309173583984,-2.2577462196350098,43,-53.727928161621094,-2.0664587020874023,26,-110.31111907958984,-2.5653748512268066,43,-111.65013885498047,-2.596514940261841,43,107
-66.545166015625,-2.559429407119751,26,-57.574623107910156,-2.2144086360931396,26,-62.333595275878906,-2.3974459171295166,26,-85.96214294433594,-2.3878374099731445,36,-65.18832397460938,-2.5072431564331055,26,-72.40999603271484,-2.7849998474121094,26,108
-85.3653793334961,-2.667668104171753,32,-90.64533996582031,-2.8326668739318848,32,-88.85299682617188,-2.776656150817871,32,-57.62480163574219,-2.619309186935425,22,-92.64746856689453,-2.895233392715454,32,-96.57672882080078,-3.0180227756500244,32,109
-84.86579895019531,-3.030921459197998,28,-76.59669494628906,-2.735596179962158,28,-74.80174255371094,-2.6714909076690674,28,-76.11259460449219,-2.455245018005371,31,-76.85845947265625,-2.7449450492858887,28,-79.16171264648438,-2.8272039890289307,28,110
-62.6949577331543,-2.239105701446533,28,-91.64427185058594,-3.273009777069092,28,-99.44419860839844,-3.5515785217285156,28,-168.4027862548828,-3.4367916584014893,49,-94.97205352783203,-3.3918590545654297,28,-117.27783203125,-4.1884942054748535,28,111
-138.67575073242188,-3.8521041870117188,36,-176.3667449951172,-4.899076461791992,36,-216.71092224121094,-6.019747734069824,36,-259.85491943359375,-5.528828144073486,47,-180.7768096923828,-5.021577835083008,36,-206.6476593017578,-5.740212917327881,36,112
-64.35734558105469,-1.6936143636703491,38,-85.20262145996094,-2.2421741485595703,38,-75.2839126586914,-1.9811556339263916,38,-76.91209411621094,-2.0240025520324707,38,-93.66053771972656,-2.4647510051727295,38,-82.74128723144531,-2.1774022579193115,38,113
-63.708343505859375,-1.5927085876464844,40,-100.82412719726562,-2.5206031799316406,40,-101.26580810546875,-2.5316452980041504,40,-51.63860321044922,-2.245156764984131,23,-103.41705322265625,-2.5854263305664062,40,-117.08710479736328,-2.927177667617798,40,114
-86.7059326171875,-3.0966403484344482,28,-90.83763122558594,-3.244201183319092,28,-68.9761962890625,-2.463435649871826,28,-66.26773071289062,-2.1376688480377197,31,-100.01288604736328,-3.5718886852264404,28,-78.46090698242188,-2.802175283432007,28,115
-43.055931091308594,-1.3454978466033936,32,-84.41618347167969,-2.6380057334899902,32,-75.47445678710938,-2.358576774597168,32,-59.3957405090332,-2.284451484680176,26,-92.89328002929688,-2.9029150009155273,32,-74.785888671875,-2.3370590209960938,32,116
-37.52623748779297,-1.8763118982315063,20,-68.60242462158203,-3.4301211833953857,20,-71.13484191894531,-3.5567421913146973,20,-63.9520263671875,-2.1317341327667236,30,-67.55469512939453,-3.377734661102295,20,-81.72404479980469,-4.086202144622803,20,117
-61.92573928833008,-1.5481435060501099,40,-84.12854766845703,-2.1032137870788574,40,-77.75216674804688,-1.943804144859314,40,-76.6103286743164,-1.7024517059326172,45,-90.35110473632812,-2.258777618408203,40,-76.22506713867188,-1.905626654624939,40,118
-77.34335327148438,-1.7578034400939941,44,-115.64501953125,-2.6282958984375,44,-94.41836547851562,-2.145871877670288,44,-42.143985748291016,-1.239529013633728,34,-107.94317626953125,-2.453253984451294,44,-86.5819091796875,-1.9677706956863403,44,119
-66.49101257324219,-2.0148792266845703,33,-86.74600219726562,-2.628666639328003,33,-75.92704772949219,-2.3008196353912354,33,-78.66337585449219,-2.622112512588501,30,-88.0843505859375,-2.669222831726074,33,-81.23846435546875,-2.4617717266082764,33,120
-125.673828125,-4.053994655609131,31,-106.76563262939453,-3.4440526962280273,31,-77.34337615966797,-2.494947671890259,31,-75.5142593383789,-2.603940010070801,29,-104.60269927978516,-3.3742806911468506,31,-84.81748962402344,-2.7360479831695557,31,121
-76.84812927246094,-1.8297173976898193,42,-126.77859497070312,-3.018537998199463,42,-127.27233123779297,-3.0302937030792236,42,-114.4220962524414,-2.6005022525787354,44,-108.06536102294922,-2.5729846954345703,42,-122.17631530761719,-2.9089598655700684,42,122
-63.3162841796875,-2.0424606800079346,31,-63.275794982910156,-2.041154623031616,31,-72.77796936035156,-2.3476765155792236,31,-93.29267883300781,-2.120288133621216,44,-68.62506866455078,-2.213711977005005,31,-87.2677001953125,-2.815087080001831,31,123
-111.52368927001953,-2.593574285507202,43,-126.6007080078125,-2.944202423095703,43,-112.28541564941406,-2.6112887859344482,43,-91.06180572509766,-1.8584041595458984,49,-125.57892608642578,-2.920440196990967,43,-109.63465881347656,-2.5496432781219482,43,124
-51.9062385559082,-2.731907367706299,19,-73.15044403076172,-3.8500232696533203,19,-77.27794647216797,-4.067260265350342,19,-83.96544647216797,-2.9987659454345703,28,-67.43818664550781,-3.5493781566619873,19,-73.0397720336914,-3.84419846534729,19,125
-67.80923461914062,-1.994389295578003,34,-103.56816101074219,-3.0461223125457764,34,-80.55674743652344,-2.3693161010742188,34,-61.96183776855469,-2.383147716522217,26,-86.85601806640625,-2.554588794708252,34,-86.17890167236328,-2.5346736907958984,34,126
-176.55618286132812,-4.203718662261963,42,-145.88548278808594,-3.473463773727417,42,-109.56532287597656,-2.6086981296539307,42,-71.36906433105469,-2.3022279739379883,31,-162.60467529296875,-3.871539831161499,42,-132.5748748779297,-3.1565446853637695,42,127
-141.78350830078125,-3.2223525047302246,44,-159.05450439453125,-3.614875078201294,44,-120.14585876464844,-2.7305877208709717,44,-80.68205261230469,-2.782139778137207,29,-128.47271728515625,-2.9198343753814697,44,-127.38777923583984,-2.895176887512207,44,128
-47.12456512451172,-2.6180315017700195,18,-66.06135559082031,-3.6700754165649414,18,-60.678470611572266,-3.371026039123535,18,-91.60205078125,-3.3926684856414795,27,-76.1898193359375,-4.232767581939697,18,-79.16514587402344,-4.398063659667969,18,129
-65.77457427978516,-2.192485809326172,30,-67.07878875732422,-2.235959529876709,30,-47.032352447509766,-1.5677450895309448,30,-50.42562484741211,-1.6266330480575562,31,-76.46240997314453,-2.5487470626831055,30,-57.53044128417969,-1.917681336402893,30,130
-54.063472747802734,-1.318621277809143,41,-62.87954330444336,-1.5336474180221558,41,-57.53993606567383,-1.4034130573272705,41,-44.24490737915039,-1.525686502456665,29,-60.81575012207031,-1.4833109378814697,41,-64.63529968261719,-1.5764707326889038,41,131
-62.63915252685547,-2.3199687004089355,27,-79.40790557861328,-2.9410336017608643,27,-86.80061340332031,-3.2148375511169434,27,-107.29710388183594,-2.495281457901001,43,-80.23513793945312,-2.9716718196868896,27,-87.78366088867188,-3.251246690750122,27,132
-104.31524658203125,-2.3181166648864746,45,-102.97889709472656,-2.2884199619293213,45,-93.30404663085938,-2.073423147201538,45,-91.9803466796875,-1.99957275390625,46,-119.49028778076172,-2.6553397178649902,45,-100.15045166015625,-2.2255656719207764,45,133
-50.98407745361328,-1.0621682405471802,48,-68.39743041992188,-1.4249464273452759,48,-67.61949920654297,-1.4087395668029785,48,-44.583946228027344,-0.8916789293289185,50,-69.19190216064453,-1.4414979219436646,48,-72.20612335205078,-1.5042942762374878,48,134
-66.84814453125,-1.630442500114441,41,-117.72550201416016,-2.8713536262512207,41,-96.88796997070312,-2.363121271133423,41,-91.87608337402344,-2.2969021797180176,40,-112.63072967529297,-2.747091054916382,41,-99.70126342773438,-2.4317381381988525,41,135
-114.12114715576172,-3.084355354309082,37,-128.4642333984375,-3.472006320953369,37,-115.78411865234375,-3.129300594329834,37,-118.54090881347656,-3.119497537612915,38,-131.05560302734375,-3.5420432090759277,37,-109.3162612915039,-2.954493522644043,37,136
-127.52803802490234,-3.036381959915161,42,-141.00332641601562,-3.357222080230713,42,-134.20565795898438,-3.1953728199005127,42,-122.16709899902344,-3.9408740997314453,31,-130.51589965820312,-3.1075215339660645,42,-145.89259338378906,-3.473633289337158,42,137
-64.11494445800781,-2.2898194789886475,28,-75.91131591796875,-2.711118459701538,28,-64.56417846679688,-2.305863618850708,28,-85.17909240722656,-2.2415549755096436,38,-76.74380493164062,-2.7408502101898193,28,-70.65940856933594,-2.523550271987915,28,138
-112.80996704101562,-2.9686832427978516,38,-110.81689453125,-2.916234016418457,38,-86.78630065917969,-2.2838499546051025,38,-93.30333709716797,-2.1698451042175293,43,-108.16419982910156,-2.846426248550415,38,-86.63616180419922,-2.2798988819122314,38,139
-64.259521484375,-2.072887897491455,31,-90.80018615722656,-2.9290382862091064,31,-76.90290832519531,-2.480738878250122,31,-80.31902313232422,-2.509969472885132,32,-92.10677337646484,-2.9711861610412598,31,-80.7048110961914,-2.6033809185028076,31,140
-62.24314880371094,-1.5560786724090576,40,-96.62486267089844,-2.415621519088745,40,-91.45182800292969,-2.2862956523895264,40,-91.29097747802734,-2.226609230041504,41,-97.65231323242188,-2.441307783126831,40,-96.23135375976562,-2.4057838916778564,40,141
-69.11470031738281,-2.383265495300293,29,-64.0758285522461,-2.2095112800598145,29,-73.03760528564453,-2.518537998199463,29,-82.53286743164062,-2.4274373054504395,34,-76.65225219726562,-2.643181085586548,29,-69.30137634277344,-2.389702558517456,29,142
-27.96026611328125,-0.5948992967605591,47,-60.94599914550781,-1.2967233657836914,47,-58.62834167480469,-1.2474114894866943,47,-48.65933609008789,-0.8689166903495789,56,-85.68000030517578,-1.8229787349700928,47,-79.02694702148438,-1.6814243793487549,47,143
-118.3625259399414,-3.381786346435547,35,-92.88856506347656,-2.653959035873413,35,-105.41546630859375,-3.0118703842163086,35,-121.59983825683594,-3.0399959087371826,40,-94.37283325195312,-2.696366548538208,35,-128.73007202148438,-3.678002119064331,35,144
-102.24213409423828,-2.3777239322662354,43,-137.37454223632812,-3.1947567462921143,43,-139.663330078125,-3.2479844093322754,43,-158.0245819091797,-3.59146785736084,44,-135.17190551757812,-3.1435327529907227,43,-122.53304290771484,-2.8496055603027344,43,145
-89.64962005615234,-2.891923189163208,31,-173.32498168945312,-5.591128349304199,31,-187.28538513183594,-6.041463851928711,31,-316.8600158691406,-6.741702556610107,47,-163.2235870361328,-5.265276908874512,31,-209.68319702148438,-6.763974189758301,31,146
-83.35523223876953,-2.381577968597412,35,-79.45166015625,-2.270047426223755,35,-83.85025787353516,-2.395721673965454,35,-85.56095886230469,-2.037165641784668,42,-80.00129699707031,-2.2857513427734375,35,-84.82455444335938,-2.4235587120056152,35,147
-57.49613571166992,-1.854714035987854,31,-89.33560180664062,-2.88179349899292,31,-85.9720458984375,-2.773291826248169,31,-75.27215576171875,-2.5955915451049805,29,-77.55912780761719,-2.5019073486328125,31,-85.83065795898438,-2.768730878829956,31,148
-65.77023315429688,-1.6442558765411377,40,-77.8896484375,-1.947241187095642,40,-89.72340393066406,-2.2430851459503174,40,-48.475013732910156,-1.56371009349823,31,-86.70236206054688,-2.1675591468811035,40,-81.96484375,-2.049121141433716,40,149
-87.68203735351562,-2.307421922683716,38,-104.78544616699219,-2.757511854171753,38,-80.81791687011719,-2.1267871856689453,38,-54.15985107421875,-1.692495346069336,32,-105.79112243652344,-2.7839767932891846,38,-80.53639221191406,-2.1193788051605225,38,150
-79.26377868652344,-2.8308491706848145,28,-58.23771667480469,-2.079918384552002,28,-51.749755859375,-1.84820556640625,28,-71.30956268310547,-1.9272854328155518,37,-69.7767333984375,-2.4920260906219482,28,-48.56138610839844,-1.73433518409729,28,151
-63.37217712402344,-1.7127615213394165,37,-97.00140380859375,-2.621659517288208,37,-102.21890258789062,-2.7626731395721436,37,-65.35789489746094,-2.6143157482147217,25,-91.58782958984375,-2.475346803665161,37,-102.01943969726562,-2.757282257080078,37,152
-98.8194580078125,-2.1482491493225098,46,-100.93977355957031,-2.194342851638794,46,-110.69908142089844,-2.4065017700195312,46,-57.18824005126953,-1.972008228302002,29,-141.8561248779297,-3.0838286876678467,46,-109.87791442871094,-2.388650417327881,46,153
-72.98771667480469,-2.919508695602417,25,-71.11857604980469,-2.844743013381958,25,-80.18772888183594,-3.2075090408325195,25,-125.15169525146484,-3.476435899734497,36,-81.60592651367188,-3.26423716545105,25,-91.50123596191406,-3.6600494384765625,25,154
-178.03204345703125,-5.563501358032227,32,-91.62628173828125,-2.863321304321289,32,-80.82454681396484,-2.5257670879364014,32,-81.98365783691406,-2.4112839698791504,34,-89.6690902709961,-2.802159070968628,32,-84.46160888671875,-2.639425277709961,32,155
-41.89335632324219,-1.3513985872268677,31,-87.5469741821289,-2.8240959644317627,31,-93.48208618164062,-3.0155510902404785,31,-91.7288818359375,-3.057629346847534,30,-99.93659210205078,-3.2237610816955566,31,-96.96820068359375,-3.1280064582824707,31,156
-48.321144104003906,-1.8585054874420166,26,-49.15387725830078,-1.890533685684204,26,-77.78042602539062,-2.9915547370910645,26,-86.34688568115234,-2.1060216426849365,41,-45.22618865966797,-1.7394688129425049,26,-72.99992370605469,-2.8076894283294678,26,157
-70.28255462646484,-1.634477972984314,43,-92.99786376953125,-2.16274094581604,43,-85.75138092041016,-1.994218111038208,43,-69.48992156982422,-1.4181616306304932,49,-88.32347869873047,-2.054034471511841,43,-92.88248443603516,-2.160057783126831,43,158
-60.50283432006836,-1.7286523580551147,35,-95.60246276855469,-2.731498956680298,35,-99.51861572265625,-2.8433890342712402,35,-115.03205871582031,-2.347593069076538,49,-84.76725769042969,-2.421921730041504,35,-99.02903747558594,-2.8294010162353516,35,159
-105.35334777832031,-2.3411855697631836,45,-146.4571533203125,-3.254603385925293,45,-167.04835510253906,-3.7121856212615967,45,-121.16537475585938,-3.7864179611206055,32,-154.764892578125,-3.4392199516296387,45,-161.07302856445312,-3.5794005393981934,45,160
-95.29080963134766,-2.1657001972198486,44,-165.0932159423828,-3.7521185874938965,44,-139.24143981933594,-3.1645781993865967,44,-137.7052459716797,-3.278696298599243,42,-171.6280517578125,-3.900637626647949,44,-144.43603515625,-3.282637119293213,44,161
-62.91822052001953,-2.3303043842315674,27,-80.42938232421875,-2.9788661003112793,27,-70.7567138671875,-2.620619058609009,27,-79.448486328125,-2.3367202281951904,34,-86.06915283203125,-3.187746286392212,27,-76.6878662109375,-2.8402912616729736,27,162
-90.5191421508789,-2.2077839374542236,41,-90.28134155273438,-2.20198392868042,41,-67.49110412597656,-1.6461244821548462,41,-38.24494552612305,-1.0623595714569092,36,-86.85260009765625,-2.1183559894561768,41,-69.43789672851562,-1.693607211112976,41,163
-76.56123352050781,-2.640042543411255,29,-57.57209396362305,-1.985244631767273,29,-70.93609619140625,-2.4460723400115967,29,-66.0931396484375,-1.7863010168075562,37,-74.2999496459961,-2.5620672702789307,29,-70.298583984375,-2.424089193344116,29,164
-88.99842834472656,-2.4721784591674805,36,-99.80807495117188,-2.772446632385254,36,-96.94609069824219,-2.6929469108581543,36,-39.08478927612305,-1.8611804246902466,21,-107.72318267822266,-2.9923105239868164,36,-93.11272430419922,-2.5864646434783936,36,165
-36.21968460083008,-1.3414697647094727,27,-55.517887115478516,-2.056218147277832,27,-62.2514762878418,-2.305610179901123,27,-46.71318054199219,-2.031007766723633,23,-59.11503601074219,-2.189445734024048,27,-63.218528747558594,-2.3414270877838135,27,166
-123.18816375732422,-2.6780035495758057,46,-122.22967529296875,-2.6571669578552246,46,-107.26435852050781,-2.331833839416504,46,-69.04742431640625,-2.3809456825256348,29,-113.7085952758789,-2.471925973892212,46,-113.33722686767578,-2.463852643966675,46,167
-112.51049041748047,-2.5570566654205322,44,-249.4519805908203,-5.669363021850586,44,-283.171875,-6.435724258422852,44,-306.8494873046875,-6.392697811126709,48,-242.1141815185547,-5.502594947814941,44,-275.673583984375,-6.265308856964111,44,168
-108.64956665039062,-2.5868945121765137,42,-98.88882446289062,-2.3544957637786865,42,-103.96935272216797,-2.4754607677459717,42,-63.787837982177734,-1.93296480178833,33,-89.38247680664062,-2.1281542778015137,42,-94.74260711669922,-2.2557764053344727,42,169
-85.34813690185547,-2.1884138584136963,39,-89.74659729003906,-2.301194906234741,39,-77.19444274902344,-1.9793447256088257,39,-45.97480010986328,-1.9156166315078735,24,-74.70111846923828,-1.9154132604599,39,-91.94123840332031,-2.3574676513671875,39,170
-61.663002014160156,-1.8685758113861084,33,-73.41487121582031,-2.2246930599212646,33,-78.66603088378906,-2.383819103240967,33,-76.9510269165039,-2.404719591140747,32,-77.78352355957031,-2.357076406478882,33,-83.64830017089844,-2.534796953201294,33,171
-100.00875854492188,-2.6318094730377197,38,-119.98501586914062,-3.1575005054473877,38,-120.23936462402344,-3.164193868637085,38,-75.40082550048828,-2.4322845935821533,31,-112.47709655761719,-2.959923505783081,38,-125.72811889648438,-3.3086347579956055,38,172
-132.58168029785156,-2.367530107498169,56,-194.4683837890625,-3.4726498126983643,56,-192.67843627929688,-3.4406864643096924,56,-169.02809143066406,-4.024478435516357,42,-203.17959594726562,-3.628206968307495,56,-192.54510498046875,-3.438305377960205,56,173
-58.21596908569336,-1.8192490339279175,32,-92.6467514038086,-2.8952109813690186,32,-102.62178802490234,-3.2069308757781982,32,-104.75070190429688,-2.685915470123291,39,-82.68846130371094,-2.584014415740967,32,-98.86056518554688,-3.08939266204834,32,174
-49.70293045043945,-1.8408492803573608,27,-66.57227325439453,-2.46563982963562,27,-78.22012329101562,-2.8970415592193604,27,-107.04642486572266,-2.6108884811401367,41,-67.14950561523438,-2.4870188236236572,27,-69.35626220703125,-2.5687503814697266,27,175
-52.452083587646484,-1.3113020658493042,40,-95.12715911865234,-2.3781790733337402,40,-98.60556030273438,-2.4651389122009277,40,-56.84701919555664,-1.9602420330047607,29,-94.84254455566406,-2.371063709259033,40,-100.99583435058594,-2.5248959064483643,40,176
-57.70275115966797,-1.3419244289398193,43,-115.65647888183594,-2.689685583114624,43,-112.10142517089844,-2.6070098876953125,43,-63.097991943359375,-1.9718122482299805,32,-115.50076293945312,-2.6860642433166504,43,-114.40687561035156,-2.6606249809265137,43,177
-54.57482147216797,-2.2739508152008057,24,-168.70855712890625,-7.0295233726501465,24,-206.47264099121094,-8.603026390075684,24,-336.42803955078125,-7.158043384552002,47,-150.19155883789062,-6.257981777191162,24,-205.05862426757812,-8.544109344482422,24,178
-74.69768524169922,-1.6976746320724487,44,-113.147216796875,-2.5715277194976807,44,-105.04378509521484,-2.3873586654663086,44,-74.08717346191406,-2.245065927505493,33,-116.51821899414062,-2.648141384124756,44,-103.69125366210938,-2.356619358062744,44,179
-41.891380310058594,-1.4961206912994385,28,-87.39897918701172,-3.121392011642456,28,-91.43510437011719,-3.2655394077301025,28,-110.50370788574219,-2.631040573120117,42,-85.20287322998047,-3.042959690093994,28,-91.05497741699219,-3.2519633769989014,28,180
-96.59138488769531,-2.299794912338257,42,-111.97067260742188,-2.665968418121338,42,-99.80982971191406,-2.376424551010132,42,-69.87344360351562,-1.9409289360046387,36,-110.47808837890625,-2.6304306983947754,42,-108.5644760131836,-2.5848684310913086,42,181
-57.154788970947266,-1.2160593271255493,47,-98.08386993408203,-2.086890935897827,47,-124.37577819824219,-2.6462931632995605,47,-86.38346862792969,-2.399540901184082,36,-117.41960144042969,-2.4982893466949463,47,-118.98231506347656,-2.531538724899292,47,182
-59.27976608276367,-1.6021558046340942,37,-106.4620132446289,-2.877351760864258,37,-134.52020263671875,-3.63568115234375,37,-148.6856231689453,-3.5401339530944824,42,-116.57514190673828,-3.150679588317871,37,-132.95916748046875,-3.5934910774230957,37,183
-85.33599090576172,-1.8551301956176758,46,-109.72116088867188,-2.3852427005767822,46,-90.81864929199219,-1.974318504333496,46,-93.61270141601562,-2.177039623260498,43,-112.3364028930664,-2.4420957565307617,46,-97.86166381835938,-2.127427577972412,46,184
-95.07740020751953,-2.8811333179473877,33,-100.26163482666016,-3.038231372833252,33,-70.793212890625,-2.1452488899230957,33,-92.28244018554688,-2.0507209300994873,45,-94.25892639160156,-2.8563311100006104,33,-68.75440216064453,-2.0834667682647705,33,185
-53.83392333984375,-1.1963094472885132,45,-96.53404235839844,-2.1452009677886963,45,-128.44415283203125,-2.8543145656585693,45,-40.83663558959961,-1.5124679803848267,27,-106.79731750488281,-2.3732736110687256,45,-128.68772888183594,-2.859727382659912,45,186
-126.19467163085938,-3.0046350955963135,42,-140.17979431152344,-3.337614059448242,42,-136.86505126953125,-3.2586917877197266,42,-129.83462524414062,-3.3290929794311523,39,-146.19589233398438,-3.4808545112609863,42,-139.89913940429688,-3.3309319019317627,42,187
-56.953330993652344,-1.5392792224884033,37,-99.6906509399414,-2.6943418979644775,37,-107.44784545898438,-2.9039957523345947,37,-67.03492736816406,-2.5782663822174072,26,-95.2063217163086,-2.573143720626831,37,-114.07444763183594,-3.0830931663513184,37,188
-113.69969177246094,-2.368743658065796,48,-145.94285583496094,-3.040476083755493,48,-194.81546020507812,-4.058655261993408,48,-198.864501953125,-4.734869003295898,42,-148.67672729492188,-3.0974318981170654,48,-209.79690551757812,-4.370769023895264,48,189
-66.37197875976562,-2.0112721920013428,33,-91.25157165527344,-2.7651991844177246,33,-69.4967269897461,-2.105961322784424,33,-53.539127349853516,-1.7846375703811646,30,-79.40694427490234,-2.406270980834961,33,-74.34854888916016,-2.252986431121826,33,190
-106.8520278930664,-2.6713006496429443,40,-118.62425231933594,-2.965606212615967,40,-121.51335906982422,-3.0378339290618896,40,-57.796844482421875,-2.0641729831695557,28,-111.02454376220703,-2.77561354637146,40,-120.22643280029297,-3.0056607723236084,40,191
-101.25360870361328,-3.3751204013824463,30,-137.88992309570312,-4.596330642700195,30,-160.32675170898438,-5.34422492980957,30,-269.4476318359375,-5.732928276062012,47,-129.74661254882812,-4.324887275695801,30,-187.2281951904297,-6.240939617156982,30,192
-79.6276626586914,-2.8438451290130615,28,-63.03044891357422,-2.2510874271392822,28,-46.62028503417969,-1.6650102138519287,28,-52.531681060791016,-1.5918691158294678,33,-61.04621887207031,-2.1802220344543457,28,-44.96061706542969,-1.6057363748550415,28,193
-84.34259796142578,-1.8742799758911133,45,-102.04995727539062,-2.2677767276763916,45,-84.38006591796875,-1.875112533569336,45,-83.748291015625,-1.8610731363296509,45,-111.51953125,-2.4782118797302246,45,-82.30372619628906,-1.8289717435836792,45,194
-85.60870361328125,-2.038302421569824,42,-198.1610107421875,-4.718119144439697,42,-242.53302001953125,-5.774595737457275,42,-260.034423828125,-5.6529221534729,46,-195.13571166992188,-4.646088600158691,42,-249.9769744873047,-5.9518327713012695,42,195
-65.0198974609375,-1.7110499143600464,38,-107.86603546142578,-2.8385798931121826,38,-90.64613342285156,-2.3854246139526367,38,-73.34790802001953,-2.2226638793945312,33,-120.83778381347656,-3.1799416542053223,38,-98.44039154052734,-2.590536594390869,38,196
-100.32296752929688,-3.1350927352905273,32,-109.17819213867188,-3.411818504333496,32,-97.78819274902344,-3.0558810234069824,32,-102.8864974975586,-3.215203046798706,32,-102.82601928710938,-3.213313102722168,32,-103.43233489990234,-3.2322604656219482,32,197
-99.13729095458984,-2.5419819355010986,39,-129.32708740234375,-3.3160791397094727,39,-99.44461059570312,-2.5498619079589844,39,-103.2165756225586,-2.580414295196533,40,-146.097900390625,-3.7460999488830566,39,-103.74921417236328,-2.660236358642578,39,198
-53.65581512451172,-1.341395378112793,40,-83.94857788085938,-2.0987143516540527,40,-95.76899719238281,-2.3942248821258545,40,-77.87279510498047,-2.163133144378662,36,-87.47564697265625,-2.1868910789489746,40,-96.73858642578125,-2.4184646606445312,40,199
-60.023712158203125,-1.500592827796936,40,-74.90436553955078,-1.8726091384887695,40,-80.1932373046875,-2.004830837249756,40,-77.90159606933594,-2.050041913986206,38,-86.57252502441406,-2.1643130779266357,40,-75.88491821289062,-1.8971229791641235,40,200
-47.96644592285156,-1.4989514350891113,32,-77.54914855957031,-2.4234108924865723,32,-17.743297576904297,-0.5544780492782593,32,-14.599882125854492,-0.4424206614494324,33,-70.55131530761719,-2.204728603363037,32,-23.037063598632812,-0.7199082374572754,32,201
-41.8687744140625,-1.4953134059906006,28,-57.321128845214844,-2.0471832752227783,28,-78.32797241210938,-2.7974276542663574,28,-91.03175354003906,-2.022927761077881,45,-67.69982147216797,-2.4178507328033447,28,-72.34590148925781,-2.583782196044922,28,202
-84.30589294433594,-2.907099723815918,29,-86.1201400756836,-2.9696600437164307,29,-77.628662109375,-2.6768503189086914,29,-95.23078918457031,-2.380769729614258,40,-86.90731811523438,-2.9968039989471436,29,-80.96275329589844,-2.7918190956115723,29,203
-86.1758804321289,-2.2677862644195557,38,-85.7083740234375,-2.255483627319336,38,-95.5868911743164,-2.51544451713562,38,-77.69477081298828,-2.5898256301879883,30,-99.18982696533203,-2.6102585792541504,38,-88.83602142333984,-2.337790012359619,38,204
-92.5056381225586,-2.569601058959961,36,-108.46800231933594,-3.013000011444092,36,-105.44100952148438,-2.9289169311523438,36,-124.15476989746094,-2.699016809463501,46,-112.62351989746094,-3.1284310817718506,36,-124.29025268554688,-3.4525070190429688,36,205
-90.86871337890625,-2.2717177867889404,40,-98.09062194824219,-2.452265501022339,40,-95.10148620605469,-2.377537250518799,40,-85.4076156616211,-2.372433662414551,36,-106.91403198242188,-2.6728508472442627,40,-90.61004638671875,-2.2652511596679688,40,206
-84.33077239990234,-2.0568480491638184,41,-80.18453979492188,-1.9557204246520996,41,-63.69751739501953,-1.5535979270935059,41,-16.948566436767578,-0.6779426336288452,25,-79.77637481689453,-1.9457652568817139,41,-78.08518981933594,-1.9045168161392212,41,207
-110.83203125,-2.770800828933716,40,-113.79164123535156,-2.8447909355163574,40,-101.11112213134766,-2.527778148651123,40,-83.28717803955078,-2.379633665084839,35,-125.33949279785156,-3.1334872245788574,40,-108.56163787841797,-2.714040994644165,40,208
-58.934730529785156,-1.2278069257736206,48,-107.20757293701172,-2.2334911823272705,48,-120.16445922851562,-2.5034263134002686,48,-60.27052307128906,-1.7726624011993408,34,-99.27185821533203,-2.0681636333465576,48,-107.91854095458984,-2.248302936553955,48,209
-94.37692260742188,-3.3706042766571045,28,-112.29734802246094,-4.010619640350342,28,-71.52119445800781,-2.554328441619873,28,-75.62830352783203,-2.2243618965148926,34,-118.30591583251953,-4.225211143493652,28,-86.18833923339844,-3.078155040740967,28,210
-24.13096809387207,-0.7097343802452087,34,-89.62457275390625,-2.636016845703125,34,-59.50619125366211,-1.7501821517944336,34,-60.82756805419922,-1.9621796607971191,31,-88.59051513671875,-2.6056034564971924,34,-66.21378326416016,-1.9474642276763916,34,211
-71.71467590332031,-1.9382344484329224,37,-114.5692367553711,-3.096465826034546,37,-107.14751434326172,-2.895878791809082,37,-49.40857696533203,-2.6004514694213867,19,-118.14433288574219,-3.1930899620056152,37,-107.04901123046875,-2.893216609954834,37,212
-54.328182220458984,-1.7525219917297363,31,-112.05825805664062,-3.6147825717926025,31,-108.57415771484375,-3.502392292022705,31,-73.57099151611328,-3.872157335281372,19,-108.99732208251953,-3.516042709350586,31,-96.31297302246094,-3.106870174407959,31,213
-51.02696990966797,-1.4174158573150635,36,-92.2258071899414,-2.5618278980255127,36,-105.91399383544922,-2.9420554637908936,36,-80.326416015625,-2.769876480102539,29,-84.0848388671875,-2.3356900215148926,36,-106.92770385742188,-2.9702138900756836,36,214
-68.786376953125,-1.9653249979019165,35,-110.2684097290039,-3.1505260467529297,35,-83.50613403320312,-2.3858895301818848,35,-64.52706909179688,-2.0815184116363525,31,-115.93392181396484,-3.3123977184295654,35,-83.220947265625,-2.3777413368225098,35,215
-60.65756607055664,-1.2636992931365967,48,-136.5606231689453,-2.845012903213501,48,-128.51052856445312,-2.677302598953247,48,-118.08201599121094,-3.107421398162842,38,-136.16204833984375,-2.8367092609405518,48,-136.1382598876953,-2.8362138271331787,48,216
-151.92251586914062,-3.100459575653076,49,-146.95040893554688,-2.998987913131714,49,-172.06793212890625,-3.5115904808044434,49,-156.18569946289062,-3.4707932472229004,45,-133.4806365966797,-2.7240946292877197,49,-170.42730712890625,-3.4781084060668945,49,217
-34.52083206176758,-0.9329954385757446,37,-64.41767120361328,-1.7410181760787964,37,-62.735023498535156,-1.6955411434173584,37,-53.58062744140625,-1.5308750867843628,35,-68.7283935546875,-1.8575241565704346,37,-66.16866302490234,-1.7883422374725342,37,218
-48.749420166015625,-1.317551851272583,37,-71.72639465332031,-1.9385511875152588,37,-57.84466552734375,-1.5633693933486938,37,-45.873043060302734,-1.2398120164871216,37,-68.5114974975586,-1.851662039756775,37,-69.0029296875,-1.8649441003799438,37,219
-68.25938415527344,-2.353771924972534,29,-70.94627380371094,-2.446423292160034,29,-57.90133285522461,-1.9965976476669312,29,-58.015357971191406,-1.4503839015960693,40,-80.26676177978516,-2.767819404602051,29,-80.07017517089844,-2.761040449142456,29,220
-61.97224426269531,-1.822713017463684,34,-96.24004364013672,-2.830589532852173,34,-99.3837890625,-2.9230525493621826,34,-75.41690063476562,-2.7932186126708984,27,-98.68655395507812,-2.902545690536499,34,-98.4197998046875,-2.894700050354004,34,221
-72.78546142578125,-2.140748977661133,34,-88.20067596435547,-2.59413743019104,34,-82.60880279541016,-2.429670572280884,34,-79.12885284423828,-2.4727766513824463,32,-90.13235473632812,-2.650951623916626,34,-86.89869689941406,-2.5558440685272217,34,222
-67.95228576660156,-2.516751289367676,27,-64.0628890991211,-2.372699499130249,27,-62.851036071777344,-2.3278162479400635,27,-62.823486328125,-2.2436959743499756,28,-61.023223876953125,-2.2601194381713867,27,-59.698822021484375,-2.2110674381256104,27,223
-34.307838439941406,-1.7153918743133545,20,-74.538818359375,-3.726940870285034,20,-76.01406860351562,-3.800703525543213,20,-106.19252014160156,-1.8962949514389038,56,-73.15058135986328,-3.65752911567688,20,-73.9520263671875,-3.697601318359375,20,224
-119.86590576171875,-2.7242250442504883,44,-100.25758361816406,-2.278581380844116,44,-76.73060607910156,-1.7438774108886719,44,-68.78450012207031,-1.7637051343917847,39,-107.31153869628906,-2.4388985633850098,44,-84.50434875488281,-1.9205533266067505,44,225
-55.86565017700195,-1.3301345109939575,42,-131.22836303710938,-3.1244847774505615,42,-128.16285705566406,-3.0514965057373047,42,-95.54182434082031,-3.0819942951202393,31,-130.49459838867188,-3.1070141792297363,42,-131.87606811523438,-3.139906406402588,42,226
-88.43441009521484,-2.0566141605377197,43,-120.41496276855469,-2.8003480434417725,43,-105.28761291503906,-2.4485490322113037,43,-65.20954895019531,-2.173651695251465,30,-98.05616760253906,-2.2803759574890137,43,-98.36471557617188,-2.2875516414642334,43,227
-87.34400939941406,-2.7295002937316895,32,-85.57576751708984,-2.6742427349090576,32,-71.0677719116211,-2.220867872238159,32,-68.94224548339844,-1.603308081626892,43,-93.18177795410156,-2.911930561065674,32,-65.0528564453125,-2.0329017639160156,32,228
-69.14955139160156,-1.8197250366210938,38,-90.93840026855469,-2.393115758895874,38,-84.08876037597656,-2.212862014770508,38,-87.53446960449219,-2.244473695755005,39,-95.13905334472656,-2.503659248352051,38,-87.36210632324219,-2.2990028858184814,38,229
-80.59732818603516,-2.442343235015869,33,-66.72818756103516,-2.022066354751587,33,-63.895782470703125,-1.936235785484314,33,-53.807350158691406,-1.6814796924591064,32,-65.2017822265625,-1.9758116006851196,33,-57.62281799316406,-1.7461459636688232,33,230
-36.970359802246094,-1.760493278503418,21,-50.77640151977539,-2.417923927307129,21,-56.8441162109375,-2.706862688064575,21,-54.2508544921875,-2.2604522705078125,24,-56.94280242919922,-2.711561918258667,21,-61.05073547363281,-2.9071779251098633,21,231
-82.0289077758789,-1.9530692100524902,42,-74.17180633544922,-1.7659953832626343,42,-60.7303466796875,-1.4459606409072876,42,-52.197349548339844,-1.304933786392212,40,-83.45919799804688,-1.987123727798462,42,-65.04505920410156,-1.5486918687820435,42,232
-21.229995727539062,-0.8845831751823425,24,-48.44092559814453,-2.018371820449829,24,-54.68217468261719,-2.278424024581909,24,-89.26286315917969,-2.177143096923828,41,-56.20771789550781,-2.3419883251190186,24,-62.95988464355469,-2.623328447341919,24,233
-78.19615173339844,-1.5639230012893677,50,-108.72515869140625,-2.1745030879974365,50,-116.17755126953125,-2.3235509395599365,50,-78.65800476074219,-2.2473716735839844,35,-108.2694320678711,-2.165388584136963,50,-117.57598876953125,-2.351519823074341,50,234
-35.460960388183594,-0.6010332107543945,59,-112.94865417480469,-1.9143840074539185,59,-96.25984191894531,-1.63152277469635,59,-38.46200180053711,-0.9380975961685181,41,-117.96270751953125,-1.9993679523468018,59,-95.8152084350586,-1.6239866018295288,59,235
-43.38996124267578,-1.3148473501205444,33,-60.593902587890625,-1.8361788988113403,33,-58.665218353271484,-1.7777339220046997,33,-43.55299758911133,-1.5554641485214233,28,-60.525352478027344,-1.8341015577316284,33,-64.65290832519531,-1.9591790437698364,33,236
-210.72422790527344,-4.131847381591797,51,-168.12371826171875,-3.296543598175049,51,-133.61630249023438,-2.619927406311035,51,-116.17877197265625,-2.701831817626953,43,-167.81533813476562,-3.290496826171875,51,-135.37808227539062,-2.6544721126556396,51,237
-43.81435012817383,-1.3691984415054321,32,-82.40227508544922,-2.575071096420288,32,-78.45944213867188,-2.451857566833496,32,-103.57266998291016,-2.4660160541534424,42,-87.48851776123047,-2.734016180038452,32,-80.51698303222656,-2.51615571975708,32,238
-76.15557861328125,-1.655556082725525,46,-113.92465209960938,-2.4766228199005127,46,-100.290283203125,-2.1802234649658203,46,-96.2813720703125,-2.1395859718322754,45,-126.93968200683594,-2.7595582008361816,46,-96.80513000488281,-2.104459285736084,46,239
-96.39862823486328,-2.241828680038452,43,-111.45625305175781,-2.592005968093872,43,-86.48257446289062,-2.0112226009368896,43,-57.74554443359375,-2.138723850250244,27,-99.97119140625,-2.32491135597229,43,-87.16183471679688,-2.027019500732422,43,240
-64.30460357666016,-1.737962245941162,37,-80.74166107177734,-2.1822071075439453,37,-53.597145080566406,-1.4485714435577393,37,-61.97468948364258,-1.5493671894073486,40,-71.05668640136719,-1.9204509258270264,37,-64.743896484375,-1.7498350143432617,37,241
-44.01043701171875,-1.7604174613952637,25,-59.63914489746094,-2.385565757751465,25,-71.02281188964844,-2.8409125804901123,25,-78.41024780273438,-2.01051926612854,39,-58.37358474731445,-2.3349432945251465,25,-65.04985046386719,-2.601994037628174,25,242
-81.81838989257812,-2.097907543182373,39,-101.4591064453125,-2.601515531539917,39,-116.24943542480469,-2.980754852294922,39,-115.37537384033203,-2.563897132873535,45,-109.04899597167969,-2.796128034591675,39,-112.71785736083984,-2.8902015686035156,39,243
-50.749969482421875,-1.301281213760376,39,-66.78765869140625,-1.7125040292739868,39,-59.964942932128906,-1.537562608718872,39,-72.24034118652344,-1.5050071477890015,48,-69.33721923828125,-1.7778774499893188,39,-95.01448059082031,-2.4362688064575195,39,244
-107.47216796875,-2.3363513946533203,46,-126.0115966796875,-2.73938250541687,46,-162.35263061523438,-3.529405117034912,46,-145.04095458984375,-3.718998908996582,39,-147.712646484375,-3.21114444732666,46,-171.8448486328125,-3.73575758934021,46,245
-88.20487976074219,-2.4501354694366455,36,-91.98068237304688,-2.555018901824951,36,-104.18400573730469,-2.8940000534057617,36,-99.90022277832031,-2.938241958618164,34,-92.82872009277344,-2.578575611114502,36,-105.17228698730469,-2.921452522277832,36,246
-59.62803268432617,-1.6563342809677124,36,-70.03678894042969,-1.94546639919281,36,-48.743709564208984,-1.353991985321045,36,-58.421783447265625,-1.2430167198181152,47,-79.19290161132812,-2.199802875518799,36,-65.46315002441406,-1.8184208869934082,36,247
-82.59758758544922,-1.9208741188049316,43,-129.4868927001953,-3.0113229751586914,43,-131.1023406982422,-3.048891544342041,43,-102.78007507324219,-3.2118773460388184,32,-128.85205078125,-2.9965593814849854,43,-140.98812866210938,-3.2787935733795166,43,248
-139.57398986816406,-2.9077913761138916,48,-123.70628356933594,-2.577214241027832,48,-126.03399658203125,-2.6257083415985107,48,-67.14954376220703,-2.166114330291748,31,-139.39674377441406,-2.9040987491607666,48,-133.0198974609375,-2.7712478637695312,48,249
-75.55708312988281,-1.9883443117141724,38,-177.73948669433594,-4.67735481262207,38,-240.65396118164062,-6.332998752593994,38,-281.9065246582031,-5.998011112213135,47,-182.7913360595703,-4.810298442840576,38,-231.58126831054688,-6.094244003295898,38,250
-78.80998229980469,-2.3179407119750977,34,-105.1789779663086,-3.0934994220733643,34,-93.53047180175781,-2.7508962154388428,34,-72.81487274169922,-2.510857582092285,29,-98.34445190429688,-2.892483949661255,34,-97.92823791503906,-2.880242347717285,34,251
-109.2406005859375,-2.482740879058838,44,-81.86212921142578,-1.8605029582977295,44,-88.25907897949219,-2.0058882236480713,44,-66.91352844238281,-1.8587090969085693,36,-78.93354034423828,-1.7939441204071045,44,-74.691650390625,-1.6975375413894653,44,252
-79.72239685058594,-2.044163942337036,39,-114.67418670654297,-2.940363645553589,39,-91.23443603515625,-2.3393445014953613,39,-70.7000732421875,-2.4379334449768066,29,-121.5084457397461,-3.115601062774658,39,-101.03646850585938,-2.5906786918640137,39,253
-56.42296600341797,-2.170114040374756,26,-78.60167694091797,-3.023141384124756,26,-86.12844848632812,-3.3126325607299805,26,-106.60637664794922,-2.175640344619751,49,-82.41844177246094,-3.1699399948120117,26,-102.47935485839844,-3.9415135383605957,26,254
-86.41244506835938,-2.1076207160949707,41,-98.63981628417969,-2.4058492183685303,41,-96.63533020019531,-2.356959342956543,41,-57.169654846191406,-3.1760919094085693,18,-104.0772705078125,-2.5384700298309326,41,-97.47882843017578,-2.377532482147217,41,255
-71.71601104736328,-2.0490288734436035,35,-86.21658325195312,-2.4633309841156006,35,-74.63653564453125,-2.132472515106201,35,-71.22750091552734,-2.2258594036102295,32,-92.68064880371094,-2.6480185985565186,35,-78.9333267211914,-2.2552378177642822,35,256
-73.99063110351562,-1.8046495914459229,41,-92.28062438964844,-2.250746965408325,41,-66.80839538574219,-1.629473090171814,41,-86.20947265625,-1.9157660007476807,45,-101.95875549316406,-2.4867990016937256,41,-81.00332641601562,-1.9756908416748047,41,257
-85.45075988769531,-2.248704195022583,38,-116.05866241455078,-3.05417537689209,38,-97.21451568603516,-2.558276653289795,38,-38.75312042236328,-2.039637804031372,19,-128.94642639160156,-3.393326997756958,38,-115.35885620117188,-3.035759449005127,38,258
-92.40477752685547,-3.4223992824554443,27,-171.10508728027344,-6.337225437164307,27,-188.2828369140625,-6.973438262939453,27,-287.5433349609375,-6.250942230224609,46,-176.22784423828125,-6.526957035064697,27,-199.14224243164062,-7.375638484954834,27,259
-119.8986587524414,-2.997466564178467,40,-98.8524169921875,-2.4713103771209717,40,-81.00917053222656,-2.0252292156219482,40,-69.08290100097656,-1.570065975189209,44,-105.56260681152344,-2.6390652656555176,40,-81.59590148925781,-2.0398974418640137,40,260
-148.79763793945312,-3.3817644119262695,44,-169.83273315429688,-3.859834909439087,44,-152.24411010742188,-3.4600934982299805,44,-76.98849487304688,-2.9610960483551025,26,-177.09335327148438,-4.024848937988281,44,-153.42788696289062,-3.486997365951538,44,261
-61.87619400024414,-2.2098641395568848,28,-54.022796630859375,-1.9293855428695679,28,-70.19978332519531,-2.5071351528167725,28,-67.3210220336914,-2.4043221473693848,28,-53.762107849121094,-1.9200752973556519,28,-76.90587615966797,-2.746638536453247,28,262
-92.06706237792969,-2.5574183464050293,36,-105.14385986328125,-2.9206628799438477,36,-98.93841552734375,-2.7482893466949463,36,-104.32716369628906,-2.3710718154907227,44,-110.01966857910156,-3.0561017990112305,36,-103.72582244873047,-2.881272792816162,36,263
-58.77602767944336,-1.6793150901794434,35,-91.66629791259766,-2.61903715133667,35,-87.6706771850586,-2.5048763751983643,35,-94.17231750488281,-2.8537065982818604,33,-91.15054321289062,-2.6043012142181396,35,-105.95259094238281,-3.027216911315918,35,264
-75.07514953613281,-2.085420846939087,36,-76.83179473876953,-2.134216547012329,36,-68.37788391113281,-1.899385690689087,36,-68.34019470214844,-2.1356310844421387,32,-74.56974792480469,-2.0713818073272705,36,-73.15824127197266,-2.0321733951568604,36,265
-70.31787109375,-2.009082078933716,35,-115.13605499267578,-3.2896015644073486,35,-85.56362915039062,-2.4446752071380615,35,-96.61412048339844,-2.477285146713257,39,-83.95252227783203,-2.3986434936523438,35,-91.48464965820312,-2.613847017288208,35,266
-72.83484649658203,-1.9167064428329468,38,-69.55152893066406,-1.830303430557251,38,-77.41970825195312,-2.037360668182373,38,-44.80817413330078,-1.6595619916915894,27,-73.34400177001953,-1.9301053285598755,38,-86.92398071289062,-2.287473201751709,38,267
-76.00694274902344,-2.714533567428589,28,-83.78595733642578,-2.9923555850982666,28,-55.28623962402344,-1.97450852394104,28,-47.720664978027344,-1.7674320936203003,27,-83.35397338867188,-2.9769275188446045,28,-54.83136749267578,-1.9582631587982178,28,268
-76.81184387207031,-1.9695345163345337,39,-108.66526794433594,-2.7862889766693115,39,-100.58189392089844,-2.5790228843688965,39,-93.98971557617188,-2.7644033432006836,34,-111.5649642944336,-2.860640048980713,39,-108.42945098876953,-2.780242443084717,39,269
-128.43359375,-3.0579426288604736,42,-98.795166015625,-2.3522658348083496,42,-93.15345001220703,-2.2179393768310547,42,-76.55885314941406,-2.1873958110809326,35,-96.51074981689453,-2.297874927520752,42,-91.13863372802734,-2.1699674129486084,42,270
-121.47417449951172,-2.429483413696289,50,-144.12228393554688,-2.8824455738067627,50,-143.3503875732422,-2.8670077323913574,50,-84.38117980957031,-2.410890817642212,35,-125.93074035644531,-2.5186147689819336,50,-146.97879028320312,-2.9395759105682373,50,271
-76.8995361328125,-2.6517081260681152,29,-96.21510314941406,-3.3177621364593506,29,-96.65032958984375,-3.3327698707580566,29,-135.87164306640625,-3.0193698406219482,45,-90.44950866699219,-3.118948459625244,29,-90.99368286132812,-3.1377131938934326,29,272
-87.18101501464844,-2.7244067192077637,32,-95.06524658203125,-2.9707889556884766,32,-64.66726684570312,-2.0208520889282227,32,-52.958335876464844,-1.891369104385376,28,-93.11178588867188,-2.909743309020996,32,-69.49697875976562,-2.171780586242676,32,273
-68.6240463256836,-1.8547039031982422,37,-100.68026733398438,-2.721088409423828,37,-96.63716888427734,-2.6118154525756836,37,-46.42475509643555,-2.210702657699585,21,-104.45909118652344,-2.823218584060669,37,-105.28992462158203,-2.8456735610961914,37,274
-31.586214065551758,-1.0891797542572021,29,-66.79405212402344,-2.3032431602478027,29,-51.57475662231445,-1.7784398794174194,29,-42.076759338378906,-1.683070421218872,25,-77.69871520996094,-2.6792659759521484,29,-57.10319519042969,-1.9690756797790527,29,275
-37.87269592285156,-0.8807603716850281,43,-51.95099639892578,-1.2081626653671265,43,-51.43245315551758,-1.196103572845459,43,-20.048168182373047,-0.514055609703064,39,-50.83871078491211,-1.182295560836792,43,-58.20341491699219,-1.3535678386688232,43,276
-103.04837036132812,-2.1030280590057373,49,-109.3951187133789,-2.232553482055664,49,-114.74324035644531,-2.3416988849639893,49,-47.181705474853516,-1.3876972198486328,34,-115.7315902709961,-2.3618690967559814,49,-107.56175994873047,-2.1951379776000977,49,277
-59.63242721557617,-2.592714309692383,23,-64.72518920898438,-2.814138650894165,23,-49.88622283935547,-2.168966293334961,23,-63.167808532714844,-2.339548349380493,27,-70.22171020507812,-3.0531177520751953,23,-52.01380920410156,-2.261470079421997,23,278
-130.3043670654297,-2.772433280944824,47,-148.30189514160156,-3.1553595066070557,47,-124.7500228881836,-2.6542558670043945,47,-43.42716979980469,-1.8094654083251953,24,-153.34735107421875,-3.262709617614746,47,-120.08078002929688,-2.554910182952881,47,279
-75.3533706665039,-2.6911919116973877,28,-92.19432830810547,-3.292654514312744,28,-80.40028381347656,-2.87143874168396,28,-73.20756530761719,-3.1829376220703125,23,-85.55554962158203,-3.0555553436279297,28,-89.98167419433594,-3.2136311531066895,28,280
-80.10406494140625,-2.9668171405792236,27,-148.0587158203125,-5.48365592956543,27,-172.0087432861328,-6.370694160461426,27,-276.177734375,-5.876121997833252,47,-150.5719757080078,-5.57673978805542,27,-178.96255493164062,-6.6282429695129395,27,281
-107.92643737792969,-3.3727011680603027,32,-95.62261962890625,-2.9882068634033203,32,-64.31953430175781,-2.0099854469299316,32,-65.0813980102539,-1.6270349025726318,40,-91.16190338134766,-2.8488094806671143,32,-83.7579345703125,-2.6174354553222656,32,282
-96.75999450683594,-3.8703997135162354,25,-144.1093292236328,-5.764373302459717,25,-162.38339233398438,-6.495335578918457,25,-281.3275146484375,-6.11581563949585,46,-153.25933837890625,-6.130373477935791,25,-176.43484497070312,-7.057394027709961,25,283
-98.32013702392578,-2.0483362674713135,48,-85.35932922363281,-1.7783193588256836,48,-107.10748291015625,-2.2314059734344482,48,-51.62400436401367,-1.6132501363754272,32,-86.6030044555664,-1.8042292594909668,48,-129.4822998046875,-2.6975479125976562,48,284
-60.68731689453125,-1.8964786529541016,32,-68.21797180175781,-2.1318116188049316,32,-75.4336929321289,-2.3573029041290283,32,-60.12239074707031,-2.3123996257781982,26,-66.98421478271484,-2.093256711959839,32,-77.79500579833984,-2.43109393119812,32,285
-71.81947326660156,-2.3167572021484375,31,-55.118255615234375,-1.778008222579956,31,-38.979347229003906,-1.257398247718811,31,-22.811437606811523,-0.760381281375885,30,-47.822410583496094,-1.5426584482192993,31,-40.99285888671875,-1.322350263595581,31,286
-127.63848876953125,-2.659135103225708,48,-117.53814697265625,-2.448711395263672,48,-105.49131774902344,-2.1977357864379883,48,-59.553688049316406,-2.2905263900756836,26,-120.89234161376953,-2.5185904502868652,48,-102.05024719238281,-2.126046895980835,48,287
-55.95991897583008,-1.9985685348510742,28,-71.85741424560547,-2.566336154937744,28,-78.00503540039062,-2.7858941555023193,28,-75.98202514648438,-2.9223856925964355,26,-80.10258483886719,-2.860806703567505,28,-82.71629333496094,-2.954153299331665,28,288
-45.345970153808594,-1.105999231338501,41,-94.96440124511719,-2.3162050247192383,41,-89.50656127929688,-2.18308687210083,41,-81.91535949707031,-1.9979356527328491,41,-110.4073715209961,-2.6928627490997314,41,-91.07894897460938,-2.221437692642212,41,289
-50.165687561035156,-1.6721895933151245,30,-67.17625427246094,-2.239208459854126,30,-62.716468811035156,-2.0905489921569824,30,-35.969451904296875,-2.1158502101898193,17,-70.53437805175781,-2.3511459827423096,30,-76.34950256347656,-2.544983386993408,30,290
-43.53409957885742,-1.3604406118392944,32,-38.01020050048828,-1.1878187656402588,32,-48.37882995605469,-1.511838436126709,32,-25.204866409301758,-0.9335135817527771,27,-48.11211395263672,-1.5035035610198975,32,-50.30255126953125,-1.5719547271728516,32,291
-57.557899475097656,-1.6928794384002686,34,-77.76419830322266,-2.287182331085205,34,-76.53282165527344,-2.2509653568267822,34,-100.2103271484375,-2.330472707748413,43,-82.36109924316406,-2.4223852157592773,34,-83.95416259765625,-2.469240188598633,34,292
-116.71121978759766,-2.6525278091430664,44,-134.0128173828125,-3.045745849609375,44,-127.56796264648438,-2.8992719650268555,44,-84.43562316894531,-2.9115731716156006,29,-135.23365783691406,-3.0734922885894775,44,-126.50169372558594,-2.8750383853912354,44,293
-75.53252410888672,-1.6420114040374756,46,-98.17738342285156,-2.134290933609009,46,-92.24175262451172,-2.0052554607391357,46,-86.04857635498047,-2.098745822906494,41,-113.27506256103516,-2.462501287460327,46,-96.01913452148438,-2.0873725414276123,46,294
-95.14332580566406,-2.2126355171203613,43,-118.98185729980469,-2.7670199871063232,43,-96.83531188964844,-2.251983880996704,43,-97.38632202148438,-2.072049379348755,47,-115.88871765136719,-2.6950864791870117,43,-111.03115844726562,-2.582119941711426,43,295
-85.31668090820312,-2.5853538513183594,33,-90.34358978271484,-2.737684488296509,33,-94.37092590332031,-2.859724998474121,33,-81.96409606933594,-1.8628203868865967,44,-90.53849029541016,-2.7435905933380127,33,-90.02513122558594,-2.728034257888794,33,296
-72.92825317382812,-1.8232063055038452,40,-92.70610046386719,-2.317652463912964,40,-93.8253173828125,-2.345633029937744,40,-52.126731872558594,-1.8616689443588257,28,-94.80585479736328,-2.3701462745666504,40,-85.02618408203125,-2.125654697418213,40,297
-94.94966125488281,-2.6374905109405518,36,-111.81887817382812,-3.1060800552368164,36,-102.97929382324219,-2.8605358600616455,36,-103.7895736694336,-2.3064348697662354,45,-115.63484191894531,-3.2120790481567383,36,-84.66153717041016,-2.3517093658447266,36,298
-90.17803192138672,-3.220643997192383,28,-90.5781478881836,-3.234933853149414,28,-89.23687744140625,-3.1870312690734863,28,-95.15474700927734,-2.4398653507232666,39,-91.17451477050781,-3.256232738494873,28,-86.0819091796875,-3.0743539333343506,28,299
-62.048519134521484,-1.6769870519638062,37,-110.83139038085938,-2.9954428672790527,37,-142.57763671875,-3.853449583053589,37,-143.95941162109375,-3.788405656814575,38,-132.3636474609375,-3.5773959159851074,37,-141.99732971191406,-3.837765693664551,37,300
-105.96231842041016,-2.71698260307312,39,-127.12466430664062,-3.2596068382263184,39,-101.8265151977539,-2.610936403274536,39,-90.330078125,-2.3771073818206787,38,-130.20809936523438,-3.3386693000793457,39,-96.16372680664062,-2.4657366275787354,39,301
-78.7440185546875,-1.7498670816421509,45,-94.86334228515625,-2.108074188232422,45,-120.70995330810547,-2.682443380355835,45,-54.83257293701172,-2.193302869796753,25,-105.25267791748047,-2.3389484882354736,45,-124.76983642578125,-2.772663116455078,45,302
-59.66093444824219,-1.325798511505127,45,-61.313140869140625,-1.3625142574310303,45,-81.20977783203125,-1.804661750793457,45,-19.77648162841797,-0.681947648525238,29,-81.5357666015625,-1.8119059801101685,45,-70.8615951538086,-1.5747021436691284,45,303
-65.04302978515625,-1.3838942050933838,47,-120.41835021972656,-2.5620925426483154,47,-106.4187240600586,-2.264228105545044,47,-103.37643432617188,-2.6506779193878174,39,-113.46768188476562,-2.414206027984619,47,-119.50847625732422,-2.5427334308624268,47,304
-64.16317749023438,-1.4582539796829224,44,-80.21549987792969,-1.8230795860290527,44,-80.8778076171875,-1.8381320238113403,44,-77.62590789794922,-1.6875197887420654,46,-73.08617401123047,-1.6610493659973145,44,-91.36840057373047,-2.076554536819458,44,305
-93.6121597290039,-1.835532546043396,51,-159.57589721679688,-3.128939151763916,51,-164.45899963378906,-3.22468638420105,51,-132.20938110351562,-3.224619150161743,41,-168.50994873046875,-3.304116725921631,51,-157.10830688476562,-3.080554962158203,51,306
-82.26852416992188,-2.4196624755859375,34,-113.80703735351562,-3.3472657203674316,34,-103.61347198486328,-3.047455072402954,34,-109.30619812011719,-2.954221487045288,37,-99.656982421875,-2.9310877323150635,34,-118.37457275390625,-3.481605052947998,34,307
-45.90256881713867,-1.0432401895523071,44,-65.14765167236328,-1.480628490447998,44,-107.47950744628906,-2.442716121673584,44,-45.60691833496094,-1.5202306509017944,30,-60.10179901123047,-1.3659499883651733,44,-108.55970764160156,-2.467266082763672,44,308
-54.35234451293945,-1.156432867050171,47,-96.39552307128906,-2.050968647003174,47,-96.7781753540039,-2.059110164642334,47,-78.93994140625,-1.611019253730774,49,-93.70785522460938,-1.9937841892242432,47,-94.87523651123047,-2.0186221599578857,47,309
-63.71629333496094,-2.2755818367004395,28,-70.68435668945312,-2.5244412422180176,28,-31.421058654785156,-1.122180700302124,28,-32.19485855102539,-1.1101675033569336,29,-67.30657958984375,-2.403806447982788,28,-38.132476806640625,-1.3618742227554321,28,310
-87.57864379882812,-2.736832618713379,32,-100.60724639892578,-3.1439764499664307,32,-103.92564392089844,-3.247676372528076,32,-103.13014221191406,-3.8196349143981934,27,-99.54542541503906,-3.1107945442199707,32,-107.52664184570312,-3.3602075576782227,32,311
-90.41779327392578,-2.1528046131134033,42,-115.85218048095703,-2.758385181427002,42,-106.22274780273438,-2.5291130542755127,42,-84.79290771484375,-2.5694820880889893,33,-113.00076293945312,-2.6904942989349365,42,-103.15602111816406,-2.4560956954956055,42,312
-53.39330291748047,-1.3348325490951538,40,-50.308319091796875,-1.257707953453064,40,-62.23379898071289,-1.555845022201538,40,-52.370243072509766,-1.091046690940857,48,-50.72837448120117,-1.2682093381881714,40,-58.44493103027344,-1.4611232280731201,40,313
-93.11896514892578,-3.1039655208587646,30,-75.86836242675781,-2.5289454460144043,30,-57.51885223388672,-1.9172950983047485,30,-56.11383819580078,-1.934959888458252,29,-82.14571380615234,-2.7381904125213623,30,-65.92218780517578,-2.19740629196167,30,314
-110.63671112060547,-2.2127342224121094,50,-142.12400817871094,-2.842480182647705,50,-119.0234603881836,-2.38046932220459,50,-114.07667541503906,-2.2815334796905518,50,-141.3755645751953,-2.8275113105773926,50,-118.74952697753906,-2.374990463256836,50,315
-109.64683532714844,-3.6548945903778076,30,-61.577396392822266,-2.052579879760742,30,-48.358211517333984,-1.6119403839111328,30,-48.88623046875,-1.3212494850158691,37,-56.876731872558594,-1.8958910703659058,30,-50.38045883178711,-1.6793485879898071,30,316
-75.88444519042969,-1.5809259414672852,48,-128.65194702148438,-2.680248975753784,48,-151.13661193847656,-3.148679494857788,48,-62.988609313964844,-2.624525308609009,24,-132.4403076171875,-2.7591731548309326,48,-139.48040771484375,-2.905841827392578,48,317
-78.6607666015625,-2.712440252304077,29,-86.31987762451172,-2.9765474796295166,29,-84.33642578125,-2.9081525802612305,29,-82.90376281738281,-2.763458728790283,30,-86.32427215576172,-2.976699113845825,29,-82.14033508300781,-2.832425355911255,29,318
-64.09521484375,-2.0029754638671875,32,-77.20630645751953,-2.4126970767974854,32,-95.79409790039062,-2.993565559387207,32,-60.51054000854492,-2.6308929920196533,23,-100.63814544677734,-3.144942045211792,32,-90.25662231445312,-2.82051944732666,32,319
-84.45535278320312,-1.9640779495239258,43,-152.34609985351562,-3.5429325103759766,43,-130.63845825195312,-3.0381035804748535,43,-81.44126892089844,-3.257650852203369,25,-170.844970703125,-3.9731388092041016,43,-160.24270629882812,-3.726574659347534,43,320
-101.23900604248047,-3.893807888031006,26,-70.15250396728516,-2.6981732845306396,26,-57.27243423461914,-2.2027859687805176,26,-73.6847152709961,-2.046797752380371,36,-81.32481384277344,-3.1278774738311768,26,-75.3428955078125,-2.897803783416748,26,321
-86.35659790039062,-2.0561094284057617,42,-74.9933853149414,-1.7855567932128906,42,-62.34894561767578,-1.4844987392425537,42,-49.751502990722656,-1.2134512662887573,41,-86.87582397460938,-2.068471908569336,42,-55.81651306152344,-1.3289645910263062,42,322
-56.20679473876953,-1.6531410217285156,34,-65.84009552001953,-1.9364733695983887,34,-72.67036437988281,-2.1373636722564697,34,-51.19692611694336,-1.8961824178695679,27,-75.44383239746094,-2.2189362049102783,34,-77.03301239013672,-2.265676736831665,34,323
-79.96925354003906,-2.9618241786956787,27,-89.79638671875,-3.325792074203491,27,-69.39661407470703,-2.5702450275421143,27,-75.79977416992188,-1.9435839653015137,39,-85.30223083496094,-3.159341812133789,27,-77.59515380859375,-2.873894691467285,27,324
-80.19865417480469,-2.2277402877807617,36,-108.18490600585938,-3.005136251449585,36,-97.62860870361328,-2.7119057178497314,36,-112.0004653930664,-2.5454652309417725,44,-96.38070678710938,-2.677241802215576,36,-91.12852478027344,-2.5313479900360107,36,325
-53.99449920654297,-1.3169389963150024,41,-73.31916809082031,-1.7882723808288574,41,-76.43484497070312,-1.8642644882202148,41,-61.50590515136719,-1.5001440048217773,41,-81.81150817871094,-1.9954026937484741,41,-77.13482666015625,-1.881337285041809,41,326
-48.538047790527344,-1.1838548183441162,41,-86.96623229980469,-2.1211276054382324,41,-96.69271087646484,-2.358358860015869,41,-98.73826599121094,-2.296238660812378,43,-94.76184844970703,-2.3112645149230957,41,-100.5984115600586,-2.4536197185516357,41,327
-73.96632385253906,-2.4655442237854004,30,-62.73593521118164,-2.0911977291107178,30,-59.26396942138672,-1.9754656553268433,30,-55.228370666503906,-1.8409457206726074,30,-84.91212463378906,-2.830404043197632,30,-65.41519927978516,-2.180506706237793,30,328
-103.49302673339844,-2.0698604583740234,50,-133.66351318359375,-2.6732702255249023,50,-109.15145874023438,-2.1830291748046875,50,-81.42816162109375,-2.1428463459014893,38,-134.71820068359375,-2.694364070892334,50,-114.84269714355469,-2.296854019165039,50,329
-99.21192169189453,-2.7558867931365967,36,-98.97499084472656,-2.749305248260498,36,-89.16143798828125,-2.4767065048217773,36,-83.2101821899414,-2.4473583698272705,34,-97.74501037597656,-2.715139150619507,36,-97.568115234375,-2.7102253437042236,36,330
-60.25558853149414,-2.3175225257873535,26,-72.05854797363281,-2.7714827060699463,26,-69.31981658935547,-2.666146755218506,26,-61.09857940673828,-2.1820921897888184,28,-78.18278503417969,-3.0070302486419678,26,-71.74617004394531,-2.7594680786132812,26,331
-68.15896606445312,-1.7476657629013062,39,-93.75997924804688,-2.404102087020874,39,-96.99284362792969,-2.4869959354400635,39,-73.34458923339844,-2.3659543991088867,31,-110.68257141113281,-2.838014602661133,39,-106.56333923339844,-2.732393264770508,39,332
-101.94461059570312,-2.613964319229126,39,-111.03657531738281,-2.8470916748046875,39,-95.37118530273438,-2.4454150199890137,39,-20.857566833496094,-0.9932174682617188,21,-95.349853515625,-2.4448680877685547,39,-77.63641357421875,-1.9906772375106812,39,333
-26.46757698059082,-1.058703064918518,25,-85.84542846679688,-3.433817148208618,25,-78.9955062866211,-3.159820318222046,25,-80.89839172363281,-3.235935688018799,25,-93.4048080444336,-3.736192226409912,25,-80.67295837402344,-3.2269182205200195,25,334
-86.97982788085938,-2.2302520275115967,39,-95.41593170166016,-2.4465622901916504,39,-104.63152313232422,-2.6828596591949463,39,-107.93988037109375,-2.3986639976501465,45,-86.20087432861328,-2.2102787494659424,39,-93.26155090332031,-2.391321897506714,39,335
-70.88118743896484,-1.5408953428268433,46,-117.58985137939453,-2.5563011169433594,46,-94.53357696533203,-2.0550777912139893,46,-85.51466369628906,-2.085723400115967,41,-111.02604675292969,-2.413609743118286,46,-92.25868225097656,-2.0056235790252686,46,336
-80.54093170166016,-2.51690411567688,32,-72.81135559082031,-2.2753548622131348,32,-81.29905700683594,-2.540595531463623,32,-105.61770629882812,-2.7794132232666016,38,-73.47396850585938,-2.2960615158081055,32,-93.76875305175781,-2.9302735328674316,32,337
-57.57786178588867,-2.1325132846832275,27,-66.14976501464844,-2.449991226196289,27,-80.5816650390625,-2.984506130218506,27,-82.75804901123047,-2.758601665496826,30,-84.05025482177734,-3.1129724979400635,27,-81.01361083984375,-3.0005040168762207,27,338
-77.70455169677734,-2.590151786804199,30,-120.92285919189453,-4.030762195587158,30,-109.1476821899414,-3.638256072998047,30,-121.93236541748047,-2.9739601612091064,41,-125.40174865722656,-4.180058479309082,30,-118.0347900390625,-3.934493064880371,30,339
-91.90484619140625,-2.1882107257843018,42,-131.8690185546875,-3.1397385597229004,42,-123.51007080078125,-2.940716028213501,42,-77.98724365234375,-4.587484836578369,17,-128.8024444580078,-3.0667247772216797,42,-133.80662536621094,-3.1858720779418945,42,340
-79.75851440429688,-1.9453296661376953,41,-88.46745300292969,-2.157742738723755,41,-106.65133666992188,-2.6012520790100098,41,-65.61003112792969,-2.116452693939209,31,-90.03280639648438,-2.1959221363067627,41,-107.16770935058594,-2.61384654045105,41,341
-52.21159744262695,-1.6316124200820923,32,-82.42176818847656,-2.5756802558898926,32,-63.71644592285156,-1.9911389350891113,32,-52.345741271972656,-1.805025577545166,29,-80.83380126953125,-2.5260562896728516,32,-63.0065803527832,-1.968955636024475,32,342
-82.82624816894531,-2.0201523303985596,41,-85.62910461425781,-2.088514804840088,41,-87.8748550415039,-2.143289089202881,41,-84.19660949707031,-2.716019630432129,31,-94.07917785644531,-2.29461407661438,41,-87.87871551513672,-2.143383264541626,41,343
-115.04991912841797,-2.739283800125122,42,-128.25369262695312,-3.053659439086914,42,-108.9346923828125,-2.5936832427978516,42,-88.93706512451172,-2.6157960891723633,34,-120.60606384277344,-2.871572971343994,42,-116.74957275390625,-2.779751777648926,42,344
-143.8809814453125,-2.821195602416992,51,-123.23981475830078,-2.4164669513702393,51,-122.43391418457031,-2.400665044784546,51,-70.57846069335938,-2.6140170097351074,27,-126.07762145996094,-2.4721102714538574,51,-138.35922241210938,-2.712925910949707,51,345
-245.04150390625,-5.976622104644775,41,-182.8940887451172,-4.460831642150879,41,-130.9119110107422,-3.1929733753204346,41,-96.62371826171875,-3.716296911239624,26,-188.41259765625,-4.595429420471191,41,-122.65316772460938,-2.9915406703948975,41,346
-56.55812454223633,-1.7674413919448853,32,-70.46188354492188,-2.2019338607788086,32,-80.50250244140625,-2.5157032012939453,32,-77.97552490234375,-2.436735153198242,32,-79.83208465576172,-2.4947526454925537,32,-88.59022521972656,-2.768444538116455,32,347
-80.8736801147461,-2.99532151222229,27,-85.83842468261719,-3.1792008876800537,27,-88.57759094238281,-3.280651569366455,27,-85.15858459472656,-1.935422420501709,44,-89.25433349609375,-3.305716037750244,27,-77.29824829101562,-2.862898111343384,27,348
-47.90852355957031,-1.3307923078536987,36,-163.69317626953125,-4.547032833099365,36,-213.81280517578125,-5.939244747161865,36,-268.230224609375,-5.83109188079834,46,-169.3372039794922,-4.703811168670654,36,-229.66651916503906,-6.37962532043457,36,349
-116.4960708618164,-3.236001968383789,36,-77.75308227539062,-2.1598079204559326,36,-48.66482925415039,-1.351800799369812,36,-39.05207824707031,-1.25974440574646,31,-72.95892333984375,-2.026636838912964,36,-52.936859130859375,-1.470468282699585,36,350
-62.11700439453125,-1.6346579790115356,38,-80.98526000976562,-2.1311910152435303,38,-97.92155456542969,-2.57688307762146,38,-61.50709915161133,-2.278040647506714,27,-85.39936065673828,-2.24735164642334,38,-89.51702880859375,-2.3557112216949463,38,351
-46.973182678222656,-1.677613615989685,28,-57.00847625732422,-2.0360169410705566,28,-62.631248474121094,-2.236830234527588,28,-55.63938903808594,-2.1399765014648438,26,-75.2767333984375,-2.6884548664093018,28,-75.22505950927734,-2.6866092681884766,28,352
-71.06269836425781,-1.6919690370559692,42,-89.57501220703125,-2.1327383518218994,42,-104.83828735351562,-2.496149778366089,42,-50.466270446777344,-1.6822090148925781,30,-87.38764953613281,-2.080658435821533,42,-104.1102523803711,-2.4788155555725098,42,353
-108.12826538085938,-2.350614547729492,46,-117.98167419433594,-2.564819097518921,46,-119.39800262451172,-2.595608711242676,46,-114.5442886352539,-2.7272448539733887,42,-131.55731201171875,-2.8599414825439453,46,-124.58201599121094,-2.7083046436309814,46,354
-69.57000732421875,-1.6564286947250366,42,-231.77566528320312,-5.518468379974365,42,-251.1767578125,-5.980399131774902,42,-281.266845703125,-5.984400749206543,47,-235.6267547607422,-5.610160827636719,42,-257.86224365234375,-6.139577388763428,42,355
-46.037376403808594,-1.3950719833374023,33,-123.23432922363281,-3.7343735694885254,33,-116.47401428222656,-3.529515504837036,33,-114.86956787109375,-2.497164487838745,46,-123.06462097167969,-3.7292308807373047,33,-123.36763000488281,-3.738413095474243,33,356
-95.92627716064453,-2.180142641067505,44,-90.68274688720703,-2.06097149848938,44,-88.42976379394531,-2.0097672939300537,44,-59.489524841308594,-1.8590476512908936,32,-91.70451354980469,-2.084193468093872,44,-95.49537658691406,-2.170349359512329,44,357
-91.65509796142578,-2.7774271965026855,33,-51.742000579833984,-1.5679394006729126,33,-57.04154968261719,-1.728531837463379,33,-45.965667724609375,-1.3928990364074707,33,-77.4305419921875,-2.3463799953460693,33,-56.694847106933594,-1.7180256843566895,33,358
-96.55538940429688,-2.609605073928833,37,-126.45136260986328,-3.417604446411133,37,-120.80931091308594,-3.2651164531707764,37,-79.99522399902344,-3.0767393112182617,26,-129.14329528808594,-3.490359306335449,37,-116.57554626464844,-3.1506905555725098,37,359
-179.03225708007812,-3.892005681991577,46,-176.35842895507812,-3.833878993988037,46,-133.02792358398438,-2.891911268234253,46,-114.78522491455078,-3.1023032665252686,37,-171.2817840576172,-3.7235169410705566,46,-140.73731994628906,-3.059506893157959,46,360
-87.81269836425781,-2.141773223876953,41,-109.11336517333984,-2.661301612854004,41,-85.44644165039062,-2.084059476852417,41,-82.52910614013672,-2.063227653503418,40,-107.0667724609375,-2.611384630203247,41,-88.73074340820312,-2.1641645431518555,41,361
-137.61944580078125,-2.8085601329803467,49,-100.70576477050781,-2.0552196502685547,49,-94.4090347290039,-1.9267150163650513,49,-64.19757843017578,-1.6460916996002197,39,-128.2834014892578,-2.6180286407470703,49,-105.09663391113281,-2.144829273223877,49,362
-86.80866241455078,-2.1172845363616943,41,-67.22403717041016,-1.6396106481552124,41,-57.98521423339844,-1.4142735004425049,41,-51.981693267822266,-1.0829519033432007,48,-79.37255859375,-1.9359160661697388,41,-69.79774475097656,-1.7023839950561523,41,363
-81.27442932128906,-1.8901029825210571,43,-88.88587951660156,-2.0671133995056152,43,-89.20098114013672,-2.074441432952881,43,-53.305519104003906,-1.8381212949752808,29,-92.51679992675781,-2.1515533924102783,43,-88.49969482421875,-2.0581324100494385,43,364
-68.67680358886719,-2.4527430534362793,28,-160.59402465820312,-5.735500812530518,28,-202.52731323242188,-7.233118534088135,28,-288.0178527832031,-6.000371932983398,48,-143.82470703125,-5.1365966796875,28,-189.46726989746094,-6.766688346862793,28,365
-42.221107482910156,-1.9191412925720215,22,-63.66792678833008,-2.8939967155456543,22,-66.30732727050781,-3.0139694213867188,22,-81.10385131835938,-2.3172528743743896,35,-48.799102783203125,-2.2181410789489746,22,-63.21268844604492,-2.8733041286468506,22,366
-89.35122680664062,-1.9010899066925049,47,-230.0602569580078,-4.894898891448975,47,-274.6241149902344,-5.843066215515137,47,-287.5151062011719,-6.250328540802002,46,-219.99913024902344,-4.680832386016846,47,-269.21038818359375,-5.727880477905273,47,367
-75.16065216064453,-1.7895393371582031,42,-109.51547241210938,-2.607511281967163,42,-98.63148498535156,-2.3483686447143555,42,-81.12199401855469,-2.0800511837005615,39,-86.84976959228516,-2.0678515434265137,42,-87.03536987304688,-2.072270631790161,42,368
-59.283203125,-1.3473454713821411,44,-54.009986877441406,-1.2274997234344482,44,-56.648292541503906,-1.2874611616134644,44,-50.196693420410156,-1.2243095636367798,41,-72.44676208496094,-1.646517276763916,44,-72.17997741699219,-1.6404540538787842,44,369
-61.754478454589844,-1.286551594734192,48,-138.5150604248047,-2.885730504989624,48,-151.53829956054688,-3.157047986984253,48,-128.9566650390625,-3.3935964107513428,38,-151.4118194580078,-3.1544129848480225,48,-159.93222045898438,-3.331921339035034,48,370
-51.701454162597656,-1.6156704425811768,32,-107.17009735107422,-3.3490655422210693,32,-127.1661376953125,-3.9739418029785156,32,-133.03167724609375,-3.1674208641052246,42,-114.07746887207031,-3.5649209022521973,32,-117.69744110107422,-3.6780450344085693,32,371
-87.37812805175781,-2.0804316997528076,42,-167.81619262695312,-3.9956235885620117,42,-136.3492889404297,-3.2464115619659424,42,-100.2880630493164,-2.865373134613037,35,-158.821044921875,-3.7814533710479736,42,-124.59619140625,-2.966576099395752,42,372
-54.11194610595703,-1.7455466985702515,31,-77.445068359375,-2.498228073120117,31,-78.83317565917969,-2.5430057048797607,31,-57.79450225830078,-2.1405370235443115,27,-71.74472045898438,-2.3143458366394043,31,-74.7138900756836,-2.410125494003296,31,373
-30.493921279907227,-1.219756841659546,25,-107.88365936279297,-4.3153462409973145,25,-121.21282196044922,-4.848512649536133,25,-105.09149932861328,-2.6272873878479004,40,-103.83328247070312,-4.153331279754639,25,-104.01016998291016,-4.160406589508057,25,374
-80.93902587890625,-2.7910008430480957,29,-59.41366195678711,-2.0487470626831055,29,-46.490211486816406,-1.6031107902526855,29,-17.408166885375977,-0.41448014974594116,42,-54.12193298339844,-1.8662735223770142,29,-54.16502380371094,-1.8677594661712646,29,375
-66.16092681884766,-1.4702428579330444,45,-119.44981384277344,-2.654440402984619,45,-86.51378631591797,-1.922528624534607,45,-71.2088394165039,-1.9780232906341553,36,-122.19151306152344,-2.715366840362549,45,-100.26280212402344,-2.228062152862549,45,376
-79.83914184570312,-2.419368028640747,33,-78.04242706298828,-2.364922046661377,33,-75.72012329101562,-2.2945492267608643,33,-61.772857666015625,-1.3428882360458374,46,-78.66675567626953,-2.383841037750244,33,-78.68424224853516,-2.384371042251587,33,377
-94.81771087646484,-2.7090773582458496,35,-94.39849853515625,-2.6970999240875244,35,-70.94637298583984,-2.0270392894744873,35,-17.26488494873047,-0.8632442355155945,20,-106.05690002441406,-3.0301971435546875,35,-86.09463500976562,-2.4598467350006104,35,378
-98.18671417236328,-3.5066683292388916,28,-112.42431640625,-4.0151543617248535,28,-80.52865600585938,-2.876023530960083,28,-109.87577056884766,-2.388603687286377,46,-115.9434585571289,-4.140837669372559,28,-79.72087097167969,-2.8471739292144775,28,379
-77.88325500488281,-2.9955098628997803,26,-78.25209045410156,-3.0096957683563232,26,-65.95079040527344,-2.5365688800811768,26,-46.00307083129883,-2.7060630321502686,17,-74.88539123535156,-2.8802073001861572,26,-64.48116302490234,-2.4800448417663574,26,380
-100.55183410644531,-2.8729095458984375,35,-68.73027038574219,-1.9637219905853271,35,-71.03856658935547,-2.0296733379364014,35,-73.91171264648438,-1.572589635848999,47,-60.295406341552734,-1.7227258682250977,35,-84.07125091552734,-2.402035713195801,35,381
-70.3755874633789,-2.7067532539367676,26,-165.63040161132812,-6.3703999519348145,26,-174.2179718017578,-6.700691223144531,26,-264.2400207519531,-5.872000694274902,45,-160.79954528808594,-6.184597969055176,26,-180.28794860839844,-6.934151649475098,26,382
-70.21377563476562,-1.4627870321273804,48,-83.90618896484375,-1.748045563697815,48,-95.59144592285156,-1.9914884567260742,48,-86.35977172851562,-1.8773863315582275,46,-90.97987365722656,-1.8954139947891235,48,-104.87657165527344,-2.1849286556243896,48,383
-164.71170043945312,-3.3614633083343506,49,-136.65476989746094,-2.7888729572296143,49,-134.82496643066406,-2.7515299320220947,49,-77.66061401367188,-2.2841358184814453,34,-143.10205078125,-2.92044997215271,49,-138.24847412109375,-2.821397542953491,49,384
-95.2823257446289,-2.9775726795196533,32,-80.11653137207031,-2.5036416053771973,32,-81.96853637695312,-2.561516761779785,32,-54.441856384277344,-1.327850103378296,41,-104.73719787597656,-3.2730374336242676,32,-82.75757598876953,-2.586174249649048,32,385
-30.259857177734375,-0.9761244058609009,31,-69.25198364257812,-2.2339348793029785,31,-83.44456481933594,-2.6917600631713867,31,-77.82325744628906,-3.1129302978515625,25,-74.57691955566406,-2.4057071208953857,31,-81.94854736328125,-2.6435015201568604,31,386
-54.93866729736328,-1.4848288297653198,37,-89.69857025146484,-2.424285650253296,37,-98.75909423828125,-2.6691646575927734,37,-80.16191101074219,-2.5050597190856934,32,-91.86582946777344,-2.4828603267669678,37,-100.68365478515625,-2.721179962158203,37,387
-89.70642852783203,-1.9501397609710693,46,-196.564208984375,-4.273135185241699,46,-272.19659423828125,-5.9173173904418945,46,-268.92987060546875,-5.976219177246094,45,-184.13690185546875,-4.002975940704346,46,-275.9107666015625,-5.99806022644043,46,388
-171.3638153076172,-3.89463210105896,44,-132.4014129638672,-3.0091230869293213,44,-107.26016998291016,-2.4377310276031494,44,-59.40626525878906,-2.121652364730835,28,-139.63099670410156,-3.173431634902954,44,-99.25834655761719,-2.255871534347534,44,389
-75.594482421875,-1.9893285036087036,38,-112.73411560058594,-2.9666872024536133,38,-93.81697845458984,-2.468867778778076,38,-83.39599609375,-2.4528234004974365,34,-108.9180679321289,-2.866265058517456,38,-99.99273681640625,-2.631387710571289,38,390
-56.854095458984375,-1.7766904830932617,32,-103.00076293945312,-3.21877384185791,32,-93.30123138427734,-2.915663480758667,32,-96.29045104980469,-2.9178924560546875,33,-106.03787994384766,-3.3136837482452393,32,-95.52812957763672,-2.9852540493011475,32,391
-85.68276977539062,-2.763960361480713,31,-85.10467529296875,-2.745312213897705,31,-76.78083038330078,-2.4768009185791016,31,-77.56228637695312,-1.8917630910873413,41,-92.29784393310547,-2.9773497581481934,31,-78.5504379272461,-2.5338850021362305,31,392
-92.12779235839844,-2.0027780532836914,46,-86.71205139160156,-1.8850445747375488,46,-104.0107650756836,-2.261103630065918,46,-51.44249725341797,-1.9052777290344238,27,-93.69904327392578,-2.036935806274414,46,-109.20846557617188,-2.3740971088409424,46,393
-108.25275421142578,-2.3032500743865967,47,-111.45014953613281,-2.371279716491699,47,-80.76079559326172,-1.71831476688385,47,-69.90017700195312,-1.7048823833465576,41,-112.59645080566406,-2.3956692218780518,47,-93.69840240478516,-1.993583083152771,47,394
-51.633872985839844,-1.290846824645996,40,-118.06640625,-2.95166015625,40,-110.30089569091797,-2.7575223445892334,40,-46.08798599243164,-1.8435194492340088,25,-115.01797485351562,-2.8754494190216064,40,-98.06896209716797,-2.451724052429199,40,395
-160.62094116210938,-3.149430274963379,51,-131.763671875,-2.583601474761963,51,-130.58193969726562,-2.5604302883148193,51,-82.97831726074219,-2.4405386447906494,34,-134.03643798828125,-2.6281654834747314,51,-131.4020538330078,-2.5765109062194824,51,396
-36.24882125854492,-0.7249764204025269,50,-97.39159393310547,-1.9478318691253662,50,-62.9688720703125,-1.2593774795532227,50,-47.253150939941406,-0.9450629949569702,50,-98.39213562011719,-1.967842698097229,50,-69.54499816894531,-1.3909000158309937,50,397
-125.03802490234375,-3.0497078895568848,41,-101.9594497680664,-2.486815929412842,41,-82.3443603515625,-2.00839900970459,41,-76.126220703125,-1.9031555652618408,40,-89.67871856689453,-2.187285900115967,41,-86.99751281738281,-2.1218905448913574,41,398
-64.612060546875,-1.4358235597610474,45,-107.62720489501953,-2.3917157649993896,45,-80.331298828125,-1.7851399183273315,45,-17.181121826171875,-0.5727040767669678,30,-119.85621643066406,-2.6634714603424072,45,-77.48526000976562,-1.72189462184906,45,399
-96.70281982421875,-2.7629377841949463,35,-63.27061462402344,-1.8077318668365479,35,-50.27656555175781,-1.4364732503890991,35,-60.71565246582031,-1.6409635543823242,37,-83.56442260742188,-2.387554883956909,35,-73.58796691894531,-2.102513313293457,35,400
-94.13382720947266,-2.1394052505493164,44,-100.51860809326172,-2.2845137119293213,44,-110.68809509277344,-2.515638589859009,44,-51.94371032714844,-1.8551324605941772,28,-111.89623260498047,-2.5430963039398193,44,-110.69208526611328,-2.5157291889190674,44,401
-64.00830078125,-1.4885650873184204,43,-85.73455810546875,-1.993826985359192,43,-104.48991394042969,-2.4299979209899902,43,-75.76335906982422,-2.443979263305664,31,-79.69166564941406,-1.8532944917678833,43,-111.14532470703125,-2.584774971008301,43,402
-143.9937744140625,-3.4284231662750244,42,-162.31919860839844,-3.8647427558898926,42,-112.71337127685547,-2.6836516857147217,42,-94.76005554199219,-2.6322238445281982,36,-157.0625457763672,-3.739584445953369,42,-120.03787994384766,-2.8580448627471924,42,403
-73.88709259033203,-2.173149824142456,34,-74.71405029296875,-2.197472095489502,34,-48.138526916503906,-1.4158390760421753,34,-52.352638244628906,-1.495789647102356,35,-80.43705749511719,-2.365795850753784,34,-69.21824645996094,-2.0358307361602783,34,404
-40.75508117675781,-0.8151016235351562,50,-79.79116821289062,-1.5958234071731567,50,-91.48904418945312,-1.82978093624115,50,-80.57958984375,-1.6444814205169678,49,-98.2658920288086,-1.9653178453445435,50,-103.43760681152344,-2.0687520503997803,50,405
-77.15445709228516,-1.7145434617996216,45,-139.7047882080078,-3.104550838470459,45,-112.39987182617188,-2.497774839401245,45,-115.13308715820312,-2.5585131645202637,45,-122.79623413085938,-2.7288053035736084,45,-121.46654510498047,-2.699256658554077,45,406
-193.2750244140625,-4.494768142700195,43,-140.37136840820312,-3.2644503116607666,43,-102.58256530761719,-2.385641098022461,43,-55.55497360229492,-1.9156887531280518,29,-136.42013549804688,-3.1725614070892334,43,-104.74520874023438,-2.4359350204467773,43,407
-64.90663146972656,-1.47515070438385,44,-92.94337463378906,-2.112349510192871,44,-82.74769592285156,-1.8806294202804565,44,-65.23219299316406,-1.359004020690918,48,-102.48207092285156,-2.3291380405426025,44,-86.60676574707031,-1.9683356285095215,44,408
-41.329307556152344,-1.2155678272247314,34,-76.74789428710938,-2.257291078567505,34,-78.39982604980469,-2.305877208709717,34,-110.1747055053711,-2.448326826095581,45,-95.30322265625,-2.8030359745025635,34,-82.64248657226562,-2.43066143989563,34,409
-108.90463256835938,-2.2688465118408203,48,-119.73716735839844,-2.4945242404937744,48,-115.55241394042969,-2.407341957092285,48,-123.165283203125,-2.799211025238037,44,-118.01362609863281,-2.4586172103881836,48,-134.62998962402344,-2.8047914505004883,48,410
-89.78314208984375,-2.720701217651367,33,-72.37583923339844,-2.193207263946533,33,-63.54408264160156,-1.925578236579895,33,-63.82904052734375,-1.8773247003555298,34,-80.58285522460938,-2.4419047832489014,33,-71.96504211425781,-2.1807589530944824,33,411
-96.52050018310547,-2.14490008354187,45,-101.57546997070312,-2.257232666015625,45,-93.03750610351562,-2.067500114440918,45,-84.35997772216797,-1.961859941482544,43,-122.16280364990234,-2.714729070663452,45,-86.68865966796875,-1.9264146089553833,45,412
-145.7783203125,-3.470912456512451,42,-135.7116241455078,-3.231229066848755,42,-78.60694885253906,-1.8715940713882446,42,-75.86897277832031,-1.8967243432998657,40,-131.8283233642578,-3.1387696266174316,42,-75.0185317993164,-1.7861554622650146,42,413
-123.54110717773438,-3.251081705093384,38,-190.41339111328125,-5.010878562927246,38,-213.53395080566406,-5.619314670562744,38,-294.2203674316406,-6.260007858276367,47,-201.08489990234375,-5.291707992553711,38,-214.52810668945312,-5.645476341247559,38,414
-72.01260375976562,-2.1822001934051514,33,-96.78733825683594,-2.9329495429992676,33,-81.63184356689453,-2.4736921787261963,33,-56.07310104370117,-2.4379608631134033,23,-91.6819076538086,-2.7782397270202637,33,-86.75172424316406,-2.628840208053589,33,415
-62.4737548828125,-2.402836799621582,26,-91.48594665527344,-3.518690347671509,26,-72.7098388671875,-2.796532154083252,26,-89.87745666503906,-2.246936321258545,40,-99.62147521972656,-3.8315951824188232,26,-79.98973846435547,-3.076528310775757,26,416
-85.76454162597656,-1.9945242404937744,43,-83.75261688232422,-1.94773530960083,43,-97.10120391845703,-2.2581675052642822,43,-88.36260986328125,-2.1551856994628906,41,-93.81550598144531,-2.181756019592285,43,-97.35169982910156,-2.26399302482605,43,417
-84.09573364257812,-2.213045597076416,38,-106.08793640136719,-2.79178786277771,38,-103.52569580078125,-2.724360466003418,38,-54.440155029296875,-1.9442912340164185,28,-114.40536499023438,-3.010667562484741,38,-104.03056335449219,-2.7376463413238525,38,418
-99.69754028320312,-3.323251247406006,30,-102.76838684082031,-3.4256129264831543,30,-103.37478637695312,-3.445826292037964,30,-112.71473693847656,-2.6836841106414795,42,-100.83076477050781,-3.36102557182312,30,-104.59558868408203,-3.4865195751190186,30,419
-145.2617950439453,-2.548452615737915,57,-213.64505004882812,-3.7481586933135986,57,-171.0900115966797,-3.0015790462493896,57,-51.10829162597656,-2.4337282180786133,21,-205.97265625,-3.613555431365967,57,-164.6841583251953,-2.889195680618286,57,420
-66.10569763183594,-2.2035231590270996,30,-86.21681213378906,-2.8738937377929688,30,-97.80854034423828,-3.260284662246704,30,-91.75691223144531,-2.2939229011535645,40,-90.93251037597656,-3.031083583831787,30,-101.53707885742188,-3.3845694065093994,30,421
-80.07400512695312,-1.9065239429473877,42,-116.99833679199219,-2.785674571990967,42,-93.527587890625,-2.2268474102020264,42,-87.1714096069336,-1.9811683893203735,44,-122.63597106933594,-2.9199039936065674,42,-96.78668212890625,-2.3044447898864746,42,422
-53.91792297363281,-1.6338764429092407,33,-74.11943054199219,-2.2460434436798096,33,-81.34844207763672,-2.465104341506958,33,-81.38028717041016,-2.325150966644287,35,-80.7979736328125,-2.448423385620117,33,-79.95181274414062,-2.4227821826934814,33,423
-127.04020690917969,-3.7364766597747803,34,-105.64938354492188,-3.107334852218628,34,-92.16500854492188,-2.710735559463501,34,-65.79508209228516,-2.3498244285583496,28,-115.12799072265625,-3.386117458343506,34,-98.6362075805664,-2.901064872741699,34,424
-92.29656219482422,-2.4945015907287598,37,-93.08607482910156,-2.5158398151397705,37,-96.89970397949219,-2.618911027908325,37,-101.00057220458984,-2.404775619506836,42,-104.83845520019531,-2.8334717750549316,37,-100.33503723144531,-2.7117576599121094,37,425
-64.57084655761719,-2.082930564880371,31,-93.55130004882812,-3.0177838802337646,31,-76.77259826660156,-2.4765353202819824,31,-85.5835189819336,-2.313068151473999,37,-95.13780212402344,-3.0689613819122314,31,-93.17244720458984,-3.0055627822875977,31,426
-82.51232147216797,-2.062808036804199,40,-90.45146942138672,-2.261286735534668,40,-83.57483673095703,-2.0893709659576416,40,-102.13066101074219,-2.172992706298828,47,-101.80317687988281,-2.545079469680786,40,-89.8322982788086,-2.245807409286499,40,427
-53.624568939208984,-2.2343571186065674,24,-68.20746612548828,-2.841977834701538,24,-84.98680877685547,-3.541116952896118,24,-77.45964050292969,-2.76641583442688,28,-73.71131134033203,-3.0713045597076416,24,-78.96516418457031,-3.290215253829956,24,428
-39.903900146484375,-2.100205183029175,19,-63.64872741699219,-3.349932909011841,19,-48.19257354736328,-2.5364513397216797,19,-60.90867614746094,-2.768576145172119,22,-65.18754577636719,-3.4309234619140625,19,-50.073089599609375,-2.6354258060455322,19,429
-85.62089538574219,-2.518261671066284,34,-92.5491943359375,-2.7220351696014404,34,-70.41244506835938,-2.0709543228149414,34,-60.4082145690918,-2.1574361324310303,28,-94.57117462158203,-2.7815051078796387,34,-70.87213134765625,-2.084474563598633,34,430
-89.59877014160156,-1.7568386793136597,51,-97.83605194091797,-1.9183539152145386,51,-88.44176483154297,-1.7341521978378296,51,-84.50044250488281,-1.6900088787078857,50,-93.02976989746094,-1.824113130569458,51,-100.32979583740234,-1.967250943183899,51,431
-79.98542022705078,-1.9996354579925537,40,-95.04283142089844,-2.376070737838745,40,-85.97137451171875,-2.1492843627929688,40,-85.50528717041016,-2.2501392364501953,38,-97.41532897949219,-2.4353833198547363,40,-87.6752700805664,-2.1918816566467285,40,432
-132.5091552734375,-3.5813286304473877,37,-124.93241882324219,-3.376551866531372,37,-108.01298522949219,-2.9192698001861572,37,-66.33031463623047,-2.4566783905029297,27,-141.05535888671875,-3.8123068809509277,37,-122.4203872680664,-3.308659076690674,37,433
-82.50387573242188,-2.22983455657959,37,-89.52760314941406,-2.4196648597717285,37,-72.71743774414062,-1.9653362035751343,37,-60.77254104614258,-2.0257513523101807,30,-89.76460266113281,-2.42607045173645,37,-75.79225158691406,-2.0484392642974854,37,434
-60.80141067504883,-1.9613357782363892,31,-66.38531494140625,-2.1414618492126465,31,-54.00238800048828,-1.7420125007629395,31,-43.31254196166992,-1.4935358762741089,29,-62.91905975341797,-2.0296471118927,31,-58.727264404296875,-1.8944278955459595,31,435
-56.79377746582031,-1.1832036972045898,48,-74.11112213134766,-1.543981671333313,48,-65.58918762207031,-1.3664413690567017,48,-65.88997650146484,-1.3446934223175049,49,-80.16544342041016,-1.670113444328308,48,-76.9210205078125,-1.602521300315857,48,436
-93.21369171142578,-2.2735047340393066,41,-116.69627380371094,-2.846250534057617,41,-129.06356811523438,-3.1478919982910156,41,-116.44332885742188,-3.1471168994903564,37,-114.6330337524414,-2.7959277629852295,41,-136.88021850585938,-3.3385419845581055,41,437
-96.97554016113281,-2.1550118923187256,45,-114.32354736328125,-2.5405232906341553,45,-113.04853057861328,-2.5121896266937256,45,-61.99230194091797,-1.9372594356536865,32,-115.99073791503906,-2.5775718688964844,45,-121.67724609375,-2.7039387226104736,45,438
-56.86943054199219,-1.2924870252609253,44,-88.61189270019531,-2.013906717300415,44,-80.35908508300781,-1.8263428211212158,44,-68.81646728515625,-1.600382924079895,43,-89.95751953125,-2.0444891452789307,44,-94.22132873535156,-2.1413938999176025,44,439
-57.54100799560547,-1.1987709999084473,48,-120.57734680175781,-2.5120279788970947,48,-153.83767700195312,-3.204951524734497,48,-76.75006866455078,-2.6465539932250977,29,-121.517578125,-2.5316162109375,48,-162.72007751464844,-3.3900015354156494,48,440
-107.90376281738281,-2.9973268508911133,36,-96.79450225830078,-2.6887362003326416,36,-89.86849212646484,-2.496346950531006,36,-69.91262817382812,-2.330420970916748,30,-99.95928955078125,-2.776646852493286,36,-92.20132446289062,-2.561147928237915,36,441
-124.07798767089844,-3.026292324066162,41,-217.5445556640625,-5.305964946746826,41,-230.98883056640625,-5.63387393951416,41,-276.18853759765625,-6.004098415374756,46,-235.28395080566406,-5.738633155822754,41,-251.63229370117188,-6.137372970581055,41,442
-83.18202209472656,-2.520667314529419,33,-89.9622573852539,-2.7261290550231934,33,-91.18486022949219,-2.7631776332855225,33,-96.30804443359375,-2.2397220134735107,43,-86.65040588378906,-2.625769853591919,33,-88.17811584472656,-2.6720640659332275,33,443
-120.21387481689453,-3.756683588027954,32,-83.3121566772461,-2.6035048961639404,32,-70.28463745117188,-2.196394920349121,32,-75.58639526367188,-1.6796976327896118,45,-108.5115966796875,-3.3909873962402344,32,-91.37781524658203,-2.8555567264556885,32,444
-112.15435791015625,-3.2986576557159424,34,-76.74668884277344,-2.2572555541992188,34,-54.80963134765625,-1.6120480298995972,34,-16.071622848510742,-0.3652641475200653,44,-87.56584930419922,-2.5754661560058594,34,-70.02920532226562,-2.059682607650757,34,445
-86.4139404296875,-2.4689698219299316,35,-87.61144256591797,-2.5031840801239014,35,-57.2841682434082,-1.6366904973983765,35,-35.523529052734375,-1.1101102828979492,32,-109.40032958984375,-3.1257236003875732,35,-70.4157485961914,-2.011878490447998,35,446
-69.46605682373047,-2.043119430541992,34,-84.36875915527344,-2.4814341068267822,34,-82.61376953125,-2.429816722869873,34,-74.19844818115234,-2.182307243347168,34,-77.1123046875,-2.2680089473724365,34,-80.49244689941406,-2.367424964904785,34,447
-108.29676818847656,-2.2101380825042725,49,-138.86224365234375,-2.83392333984375,49,-107.83940124511719,-2.2008039951324463,49,-85.6242904663086,-1.9912625551223755,43,-126.4935302734375,-2.58150053024292,49,-107.8669204711914,-2.2013657093048096,49,448
-64.64598083496094,-1.6575891971588135,39,-105.21153259277344,-2.6977314949035645,39,-97.04824829101562,-2.4884166717529297,39,-76.01850128173828,-2.3755781650543213,32,-93.90419006347656,-2.40779972076416,39,-85.70276641845703,-2.197506904602051,39,449
-44.04629135131836,-1.101157307624817,40,-123.65145874023438,-3.0912864208221436,40,-103.47557830810547,-2.5868895053863525,40,-87.6291732788086,-2.3060309886932373,38,-114.12752532958984,-2.8531880378723145,40,-96.36357116699219,-2.4090893268585205,40,450
-67.38893127441406,-2.1738364696502686,31,-72.7126235961914,-2.3455684185028076,31,-78.05433654785156,-2.5178818702697754,31,-53.27465057373047,-2.049025058746338,26,-82.2559814453125,-2.653418779373169,31,-76.38046264648438,-2.46388578414917,31,451
-104.63793182373047,-2.61594820022583,40,-131.8492889404297,-3.296232223510742,40,-116.58851623535156,-2.914712905883789,40,-75.29707336425781,-2.5964508056640625,29,-135.3835906982422,-3.384589672088623,40,-126.10560607910156,-3.1526401042938232,40,452
-70.69758605957031,-1.910745620727539,37,-90.48483276367188,-2.4455361366271973,37,-87.50485229492188,-2.3649959564208984,37,-80.90953826904297,-1.838853120803833,44,-93.03907012939453,-2.5145695209503174,37,-90.81253814697266,-2.454392910003662,37,453
-97.99888610839844,-2.085082769393921,47,-126.86735534667969,-2.699305534362793,47,-109.46446990966797,-2.329031229019165,47,-64.08226013183594,-2.067169666290283,31,-137.4178009033203,-2.92378306388855,47,-137.2950439453125,-2.921171188354492,47,454
-98.94540405273438,-2.6038265228271484,38,-94.91211700439453,-2.497687339782715,38,-89.11022186279297,-2.345005750656128,38,-81.47401428222656,-2.327828884124756,35,-90.18498992919922,-2.373289108276367,38,-83.78504943847656,-2.2048697471618652,38,455
-64.3990478515625,-1.8399728536605835,35,-96.43693542480469,-2.755341053009033,35,-86.77552795410156,-2.4793007373809814,35,-94.86833190917969,-2.371708393096924,40,-112.3527603149414,-3.2100789546966553,35,-110.4422607421875,-3.1554932594299316,35,456
-77.93548583984375,-2.6874306201934814,29,-112.98815155029297,-3.8961431980133057,29,-114.99748229980469,-3.965430498123169,29,-127.29554748535156,-2.893080711364746,44,-122.08248138427734,-4.20974063873291,29,-130.1321563720703,-4.487315654754639,29,457
-76.07894897460938,-2.1736843585968018,35,-91.61836242675781,-2.6176674365997314,35,-97.69847106933594,-2.7913849353790283,35,-66.90440368652344,-2.7876834869384766,24,-85.46096801757812,-2.441741943359375,35,-94.04198455810547,-2.6869137287139893,35,458
-83.72178649902344,-2.6163058280944824,32,-120.90583038330078,-3.7783071994781494,32,-117.17752075195312,-3.661797523498535,32,-129.45877075195312,-3.236469268798828,40,-115.15188598632812,-3.598496437072754,32,-110.78700256347656,-3.4620938301086426,32,459
-63.676979064941406,-1.2995301485061646,49,-91.12454223632812,-1.8596845865249634,49,-79.84461975097656,-1.6294820308685303,49,-49.39249038696289,-1.2998024225234985,38,-110.0933609008789,-2.2468032836914062,49,-92.55841064453125,-1.8889471292495728,49,460
-62.03627014160156,-1.8245961666107178,34,-75.19480895996094,-2.2116119861602783,34,-81.59394073486328,-2.3998217582702637,34,-58.1299934387207,-2.0044825077056885,29,-85.83763122558594,-2.5246362686157227,34,-85.12052917480469,-2.503545045852661,34,461
-98.39801025390625,-3.2799336910247803,30,-91.4629898071289,-3.0487663745880127,30,-65.94401550292969,-2.198133945465088,30,-86.79479217529297,-1.9726089239120483,44,-94.18362426757812,-3.1394541263580322,30,-66.61319732666016,-2.220439910888672,30,462
-58.65195083618164,-1.2750424146652222,46,-99.09465026855469,-2.154231548309326,46,-97.34611511230469,-2.116219997406006,46,-96.32861328125,-2.0068461894989014,48,-101.5285415649414,-2.2071421146392822,46,-96.75050354003906,-2.103271722793579,46,463
-38.71147155761719,-1.0462559461593628,37,-91.2101058959961,-2.4651379585266113,37,-92.40691375732422,-2.4974842071533203,37,-114.93348693847656,-2.736511707305908,42,-95.26260375976562,-2.574665069580078,37,-95.37999725341797,-2.5778377056121826,37,464
-67.04771423339844,-2.234923839569092,30,-58.7722053527832,-1.959073543548584,30,-55.62456512451172,-1.8541522026062012,30,-56.873817443847656,-1.834639310836792,31,-63.50914001464844,-2.116971254348755,30,-61.108909606933594,-2.036963701248169,30,465
-64.14134979248047,-2.21177077293396,29,-69.3951416015625,-2.3929359912872314,29,-55.767913818359375,-1.9230315685272217,29,-44.88296890258789,-1.7262680530548096,26,-76.19580078125,-2.62744140625,29,-61.18727493286133,-2.109905958175659,29,466
-92.56414794921875,-2.1037306785583496,44,-69.8145523071289,-1.586694359779358,44,-79.84068298339844,-1.8145610094070435,44,-45.132415771484375,-1.455884337425232,31,-73.32829284667969,-1.6665520668029785,44,-80.66427612304688,-1.833279013633728,44,467
-93.04971313476562,-2.1639468669891357,43,-105.58958435058594,-2.4555716514587402,43,-98.76022338867188,-2.2967493534088135,43,-75.94522094726562,-2.16986346244812,35,-98.31441497802734,-2.286381721496582,43,-108.91998291015625,-2.533022880554199,43,468
-91.51741027832031,-2.952174425125122,31,-76.48638916015625,-2.4673027992248535,31,-62.197486877441406,-2.0063705444335938,31,-47.42610168457031,-2.062004327774048,23,-75.16598510742188,-2.4247090816497803,31,-62.3676643371582,-2.0118601322174072,31,469
-104.99075317382812,-2.187307357788086,48,-142.0074920654297,-2.958489418029785,48,-141.5955047607422,-2.949906349182129,48,-80.86803436279297,-3.11030912399292,26,-132.67221069335938,-2.7640044689178467,48,-136.83648681640625,-2.8507602214813232,48,470
-76.6264877319336,-2.4718222618103027,31,-83.52674865722656,-2.694411277770996,31,-81.0850830078125,-2.615647792816162,31,-76.35087585449219,-2.385964870452881,32,-89.55545043945312,-2.888885498046875,31,-88.03009033203125,-2.8396804332733154,31,471
-45.9792594909668,-1.3136931657791138,35,-82.57086944580078,-2.3591678142547607,35,-62.58875274658203,-1.7882500886917114,35,-53.58338928222656,-1.6237391233444214,33,-83.72763061523438,-2.3922181129455566,35,-62.1748046875,-1.7764229774475098,35,472
-74.24995422363281,-1.8109744787216187,41,-98.57893371582031,-2.4043643474578857,41,-78.66497802734375,-1.9186580181121826,41,-67.92893981933594,-1.7417676448822021,39,-104.62501525878906,-2.5518295764923096,41,-80.46806335449219,-1.9626356363296509,41,473
-52.61513137817383,-1.195798397064209,44,-104.9306411743164,-2.3847873210906982,44,-95.85450744628906,-2.178511619567871,44,-75.11405944824219,-1.5022811889648438,50,-99.81709289550781,-2.2685701847076416,44,-85.89227294921875,-1.9520970582962036,44,474
-64.15435028076172,-2.06949520111084,31,-107.82232666015625,-3.478139638900757,31,-137.80511474609375,-4.445326328277588,31,-167.1671905517578,-3.6340694427490234,46,-109.37967681884766,-3.528376579284668,31,-118.2430419921875,-3.8142917156219482,31,475
-123.78884887695312,-2.813382863998413,44,-104.35787963867188,-2.371769905090332,44,-108.98828125,-2.477006435394287,44,-54.21142578125,-2.464155673980713,22,-113.51667785644531,-2.5799245834350586,44,-113.97892761230469,-2.59043025970459,44,476
-88.25552368164062,-2.152573823928833,41,-134.191650390625,-3.2729671001434326,41,-148.48846435546875,-3.6216697692871094,41,-151.37860107421875,-3.440422773361206,44,-154.07989501953125,-3.7580461502075195,41,-174.0133056640625,-4.244226932525635,41,477
-92.06781005859375,-1.9588896036148071,47,-133.59840393066406,-2.8425192832946777,47,-143.07199096679688,-3.0440850257873535,47,-129.7662811279297,-2.7609846591949463,47,-167.6660614013672,-3.5673630237579346,47,-163.84124755859375,-3.4859840869903564,47,478
-73.69197082519531,-1.5352493524551392,48,-57.45227813720703,-1.1969224214553833,48,-91.77213287353516,-1.9119194746017456,48,-22.74444007873535,-0.7336916327476501,31,-67.58483123779297,-1.4080172777175903,48,-73.6275863647461,-1.5339080095291138,48,479
-65.59778594970703,-1.726257562637329,38,-95.17317962646484,-2.5045573711395264,38,-91.6937484741211,-2.4129934310913086,38,-81.13711547851562,-3.1206583976745605,26,-103.46438598632812,-2.7227470874786377,38,-95.46271514892578,-2.512176752090454,38,480
-62.82662582397461,-2.4164087772369385,26,-68.50411987304688,-2.6347737312316895,26,-62.88157653808594,-2.4185221195220947,26,-61.07142639160156,-1.9084820747375488,32,-81.51043701171875,-3.135016918182373,26,-66.66902923583984,-2.5641934871673584,26,481
-63.65306091308594,-2.2733235359191895,28,-115.62061309814453,-4.129307746887207,28,-83.7306137084961,-2.9903790950775146,28,-79.33740997314453,-2.2667832374572754,35,-120.11978912353516,-4.289992332458496,28,-87.79393005371094,-3.135497570037842,28,482
-56.61122512817383,-2.3588011264801025,24,-54.753536224365234,-2.2813973426818848,24,-40.536102294921875,-1.6890043020248413,24,-42.88868713378906,-1.8647254705429077,23,-69.04712677001953,-2.8769636154174805,24,-65.84249877929688,-2.7434375286102295,24,483
-93.4178466796875,-3.7367138862609863,25,-84.52872467041016,-3.3811490535736084,25,-92.88890838623047,-3.7155563831329346,25,-87.40773010253906,-3.23732328414917,27,-98.816162109375,-3.952646493911743,25,-98.54293060302734,-3.9417171478271484,25,484
-57.12682342529297,-1.9042274951934814,30,-84.41090393066406,-2.81369686126709,30,-79.21561431884766,-2.6405205726623535,30,-77.74021911621094,-1.9435055255889893,40,-92.61235809326172,-3.08707857131958,30,-95.16361999511719,-3.1721205711364746,30,485
-103.07080078125,-2.454066753387451,42,-113.27417755126953,-2.6970043182373047,42,-88.33268737792969,-2.103159189224243,42,-58.536598205566406,-2.4390249252319336,24,-106.01530456542969,-2.5241739749908447,42,-98.71501922607422,-2.3503575325012207,42,486
-104.68510437011719,-2.82932710647583,37,-64.63328552246094,-1.7468456029891968,37,-78.9611587524414,-2.1340854167938232,37,-50.56068420410156,-1.6309897899627686,31,-86.80023193359375,-2.345952272415161,37,-88.75616455078125,-2.398815155029297,37,487
-86.71246337890625,-2.281906843185425,38,-88.94804382324219,-2.34073805809021,38,-90.56000518798828,-2.383157968521118,38,-72.66886901855469,-2.270902156829834,32,-96.11540222167969,-2.5293526649475098,38,-97.42837524414062,-2.5639045238494873,38,488
-108.7477798461914,-2.4715404510498047,44,-125.74685668945312,-2.8578832149505615,44,-138.884765625,-3.1564719676971436,44,-112.04280090332031,-3.8635449409484863,29,-120.31404876708984,-2.734410285949707,44,-133.02232360839844,-3.0232346057891846,44,489
-99.42634582519531,-3.1070733070373535,32,-90.06492614746094,-2.8145289421081543,32,-69.45956420898438,-2.1706113815307617,32,-64.90946960449219,-1.664345383644104,39,-102.52980041503906,-3.2040562629699707,32,-82.66041564941406,-2.5831379890441895,32,490
-140.7030029296875,-3.272162914276123,43,-83.86002349853516,-1.9502331018447876,43,-86.57064819335938,-2.013270854949951,43,-74.23726654052734,-1.9536123275756836,38,-92.89714050292969,-2.1603987216949463,43,-91.5357666015625,-2.1287386417388916,43,491
-86.05162811279297,-2.7758588790893555,31,-101.53534698486328,-3.275333881378174,31,-83.40673828125,-2.690539836883545,31,-84.8690185546875,-2.926517963409424,29,-111.77159118652344,-3.6055352687835693,31,-92.37938690185547,-2.979980230331421,31,492
-66.65753173828125,-1.666438341140747,40,-103.62844848632812,-2.5907111167907715,40,-85.38795471191406,-2.1346988677978516,40,-79.36157989501953,-1.8456181287765503,43,-97.06063842773438,-2.426516056060791,40,-89.88217163085938,-2.2470543384552,40,493
-84.72682189941406,-1.8418874740600586,46,-134.11529541015625,-2.9155499935150146,46,-131.19686889648438,-2.8521058559417725,46,-143.113525390625,-2.8622705936431885,50,-132.93447875976562,-2.8898799419403076,46,-135.81698608398438,-2.952543258666992,46,494
-73.88377380371094,-2.46279239654541,30,-87.96322631835938,-2.932107448577881,30,-82.53587341308594,-2.7511956691741943,30,-91.41571807861328,-2.1765646934509277,42,-80.7515869140625,-2.6917195320129395,30,-86.83584594726562,-2.8945281505584717,30,495
-73.01498413085938,-2.5177581310272217,29,-80.50397491455078,-2.775999069213867,29,-73.58256530761719,-2.537329912185669,29,-81.00677490234375,-2.531461715698242,32,-79.50788116455078,-2.7416510581970215,29,-75.41494750976562,-2.600515365600586,29,496
-148.9522705078125,-3.1691973209381104,47,-110.64918518066406,-2.3542380332946777,47,-110.7342529296875,-2.3560478687286377,47,-52.45188522338867,-1.9426623582839966,27,-115.42105102539062,-2.4557671546936035,47,-120.08000183105469,-2.554893732070923,47,497
-106.64799499511719,-2.962444305419922,36,-101.62149047851562,-2.822819232940674,36,-104.32485961914062,-2.8979127407073975,36,-79.81205749511719,-3.325502395629883,24,-105.60051727294922,-2.933347702026367,36,-118.25453186035156,-3.284848213195801,36,498
-94.51063537597656,-2.5543415546417236,37,-86.79132080078125,-2.3457114696502686,37,-80.43749237060547,-2.1739861965179443,37,-63.24979782104492,-1.860288143157959,34,-89.02656555175781,-2.406123399734497,37,-79.12223052978516,-2.1384387016296387,37,499
-76.1646728515625,-1.7712714672088623,43,-126.57611083984375,-2.9436304569244385,43,-121.30976867675781,-2.821157455444336,43,-55.364715576171875,-1.7859585285186768,31,-130.87181091308594,-3.0435304641723633,43,-116.34723663330078,-2.705749750137329,43,500
-35.273773193359375,-0.8203203082084656,43,-107.79811096191406,-2.5069327354431152,43,-120.71546936035156,-2.8073365688323975,43,-83.99970245361328,-2.624990701675415,32,-111.83781433105469,-2.600879430770874,43,-135.62425231933594,-3.154052495956421,43,501
-74.08665466308594,-2.743950128555298,27,-83.13389587402344,-3.079033136367798,27,-90.11820220947266,-3.3377110958099365,27,-70.5342025756836,-3.526710033416748,20,-91.17611694335938,-3.3768932819366455,27,-91.13638305664062,-3.3754215240478516,27,502
-68.50852966308594,-1.9030146598815918,36,-96.75747680664062,-2.6877076625823975,36,-104.17037963867188,-2.8936216831207275,36,-104.4236831665039,-2.7479915618896484,38,-103.57659912109375,-2.8771276473999023,36,-102.05985260009766,-2.834995985031128,36,503
-70.29582214355469,-1.849890112876892,38,-76.82394409179688,-2.0216827392578125,38,-80.17340850830078,-2.1098265647888184,38,-67.25465393066406,-2.1695048809051514,31,-87.71055603027344,-2.3081724643707275,38,-76.24451446533203,-2.006434679031372,38,504
-80.53406524658203,-1.8728852272033691,43,-92.52896118164062,-2.151836395263672,43,-112.92329406738281,-2.6261231899261475,43,-51.339141845703125,-1.7703152894973755,29,-100.86521911621094,-2.345702886581421,43,-126.2584228515625,-2.9362423419952393,43,505
-90.04271697998047,-3.463181495666504,26,-92.17893981933594,-3.5453438758850098,26,-77.43672180175781,-2.978335380554199,26,-89.72930908203125,-2.639097213745117,34,-93.8562240600586,-3.6098546981811523,26,-81.68537902832031,-3.1417453289031982,26,506
-57.22496795654297,-1.734089970588684,33,-87.85350799560547,-2.6622276306152344,33,-87.59754943847656,-2.6544711589813232,33,-83.5566177368164,-1.9431771039962769,43,-86.53309631347656,-2.6222150325775146,33,-84.67544555664062,-2.565922498703003,33,507
-26.09140396118164,-0.7051730751991272,37,-83.4818115234375,-2.256265163421631,37,-66.27879333496094,-1.7913187742233276,37,-44.46476364135742,-1.1401221752166748,39,-91.3375015258789,-2.468581199645996,37,-63.896297454833984,-1.7269269227981567,37,508
-168.36318969726562,-3.435983419418335,49,-134.7627716064453,-2.750260591506958,49,-117.17526245117188,-2.391331911087036,49,-105.42619323730469,-2.9285054206848145,36,-136.99960327148438,-2.795910358428955,49,-132.73541259765625,-2.708885908126831,49,509
-56.9510383605957,-1.4237759113311768,40,-91.0080337524414,-2.275200843811035,40,-104.99681091308594,-2.62492036819458,40,-54.46497344970703,-2.094806671142578,26,-102.48724365234375,-2.562180995941162,40,-89.33650207519531,-2.233412504196167,40,510
-62.74971008300781,-3.4860949516296387,18,-56.90077209472656,-3.16115403175354,18,-40.37898254394531,-2.243276834487915,18,-23.022523880004883,-0.7938801050186157,29,-61.685691833496094,-3.426982879638672,18,-48.056312561035156,-2.669795036315918,18,511
-89.3289794921875,-1.9006165266036987,47,-132.44338989257812,-2.8179445266723633,47,-153.2261962890625,-3.2601318359375,47,-141.23709106445312,-3.2099339962005615,44,-131.62770080566406,-2.8005893230438232,47,-147.7508544921875,-3.1436352729797363,47,512
-28.599485397338867,-1.0592402219772339,27,-43.93753433227539,-1.6273161172866821,27,-61.39946746826172,-2.2740542888641357,27,-76.17803955078125,-2.5392680168151855,30,-67.09199523925781,-2.484888792037964,27,-81.77263641357422,-3.028616189956665,27,513
-105.62115478515625,-3.017747163772583,35,-94.49116516113281,-2.6997475624084473,35,-93.91458129882812,-2.6832737922668457,35,-77.42790222167969,-2.4976742267608643,31,-102.43048095703125,-2.9265851974487305,35,-84.18402099609375,-2.4052577018737793,35,514
-89.79832458496094,-3.09649395942688,29,-79.78065490722656,-2.7510571479797363,29,-79.91161346435547,-2.75557279586792,29,-107.49800109863281,-2.44313645362854,44,-70.95072937011719,-2.4465768337249756,29,-76.73983764648438,-2.6462013721466064,29,515
-72.23287963867188,-2.0064687728881836,36,-141.4204864501953,-3.928346872329712,36,-142.3477020263672,-3.9541027545928955,36,-114.29136657714844,-4.395821571350098,26,-132.99063110351562,-3.6941843032836914,36,-124.14934539794922,-3.4485929012298584,36,516
-94.5248794555664,-2.0111677646636963,47,-126.58827209472656,-2.6933674812316895,47,-118.37106323242188,-2.518533229827881,47,-83.80968475341797,-3.10406231880188,27,-131.03753662109375,-2.7880327701568604,47,-122.44488525390625,-2.605210304260254,47,517
-71.8967056274414,-1.6720163822174072,43,-87.57740020751953,-2.0366837978363037,43,-97.2532958984375,-2.261704444885254,43,-42.827369689941406,-1.4275790452957153,30,-108.607421875,-2.525753974914551,43,-107.76435089111328,-2.506147623062134,43,518
-136.2322235107422,-3.243624448776245,42,-125.33831787109375,-2.984245777130127,42,-108.35647583007812,-2.579916000366211,42,-81.0672607421875,-2.5333518981933594,32,-125.15379333496094,-2.9798521995544434,42,-108.4915771484375,-2.583132743835449,42,519
-87.425048828125,-3.1223232746124268,28,-85.90402221679688,-3.0680007934570312,28,-93.05789947509766,-3.3234963417053223,28,-88.41526794433594,-2.762977123260498,32,-82.58069610595703,-2.949310541152954,28,-82.47467041015625,-2.945523977279663,28,520
-141.20965576171875,-3.0044608116149902,47,-120.20720672607422,-2.557600259780884,47,-119.49195861816406,-2.542382001876831,47,-61.95368576049805,-1.936052680015564,32,-119.04180908203125,-2.532804489135742,47,-112.00070190429688,-2.382993698120117,47,521
-68.19456481933594,-2.4355201721191406,28,-79.78868865966797,-2.8495960235595703,28,-64.6055908203125,-2.307342529296875,28,-44.89073944091797,-1.8704475164413452,24,-81.31484985351562,-2.904101848602295,28,-72.10295867919922,-2.575105667114258,28,522
-107.4596939086914,-2.442265748977661,44,-159.34320068359375,-3.621436357498169,44,-155.79551696777344,-3.5408072471618652,44,-125.41315460205078,-3.215721845626831,39,-162.41470336914062,-3.6912431716918945,44,-157.11883544921875,-3.570882558822632,44,523
-76.13677978515625,-2.3071751594543457,33,-101.29856872558594,-3.0696535110473633,33,-91.2098617553711,-2.763935089111328,33,-97.0760726928711,-2.6236777305603027,37,-91.12519836425781,-2.7613697052001953,33,-80.95314025878906,-2.453125476837158,33,524
-83.84257507324219,-2.096064329147339,40,-78.0102310180664,-1.9502557516098022,40,-77.1829833984375,-1.9295746088027954,40,-70.52044677734375,-1.9059580564498901,37,-76.23068237304688,-1.9057670831680298,40,-76.9231948852539,-1.9230798482894897,40,525
-84.45421600341797,-3.0162220001220703,28,-109.9208984375,-3.925746440887451,28,-111.59187316894531,-3.985424041748047,28,-115.16970825195312,-4.265544891357422,27,-108.72645568847656,-3.883087635040283,28,-117.81396484375,-4.2076416015625,28,526
-66.348876953125,-2.0105719566345215,33,-68.63618469238281,-2.0798842906951904,33,-77.030029296875,-2.3342432975769043,33,-65.61341094970703,-2.1165616512298584,31,-77.56295776367188,-2.3503925800323486,33,-65.32418823242188,-1.9795207977294922,33,527
-78.75112915039062,-1.9687782526016235,40,-94.19358825683594,-2.35483980178833,40,-110.4951171875,-2.762377977371216,40,-92.78754425048828,-2.7290453910827637,34,-105.38592529296875,-2.634648084640503,40,-118.71686553955078,-2.967921733856201,40,528
-49.0527458190918,-1.3625762462615967,36,-84.31903839111328,-2.342195510864258,36,-75.64469909667969,-2.1012415885925293,36,-65.195556640625,-1.448790192604065,45,-84.83895874023438,-2.356637716293335,36,-68.96717071533203,-1.915754795074463,36,529
-47.2079963684082,-1.6278619766235352,29,-75.87630462646484,-2.616424322128296,29,-69.50547790527344,-2.396740674972534,29,-71.86848449707031,-2.4782235622406006,29,-71.96009826660156,-2.4813826084136963,29,-73.00364685058594,-2.517367124557495,29,530
-48.50965118408203,-2.309983491897583,21,-114.8542709350586,-5.4692511558532715,21,-121.96532440185547,-5.807872772216797,21,-182.71629333496094,-4.808323383331299,38,-111.58450317382812,-5.313547611236572,21,-110.237060546875,-5.249383926391602,21,531
-76.0018310546875,-2.3030858039855957,33,-88.9256820678711,-2.6947176456451416,33,-66.60157775878906,-2.0182297229766846,33,-64.95407104492188,-1.3532098531723022,48,-90.41167449951172,-2.7397477626800537,33,-75.28836822509766,-2.281465768814087,33,532
-90.71114349365234,-2.1597890853881836,42,-75.02340698242188,-1.786271572113037,42,-72.27565002441406,-1.720848798751831,42,-84.63917541503906,-1.9236176013946533,44,-80.67666625976562,-1.9208730459213257,42,-80.18370819091797,-1.9091359376907349,42,533
-48.1753044128418,-1.3020352125167847,37,-64.63788604736328,-1.7469699382781982,37,-75.77157592773438,-2.0478804111480713,37,-76.44798278808594,-2.1235551834106445,36,-61.41764450073242,-1.6599363088607788,37,-60.76783752441406,-1.642374038696289,37,534
-50.63180923461914,-1.2657952308654785,40,-92.19743347167969,-2.304935932159424,40,-79.5903091430664,-1.989757776260376,40,-58.94025421142578,-1.7335368394851685,34,-111.79532623291016,-2.7948832511901855,40,-85.0102767944336,-2.1252570152282715,40,535
-74.87931060791016,-1.7828407287597656,42,-92.20866394042969,-2.195444345474243,42,-65.23806762695312,-1.5532872676849365,42,-63.42768096923828,-1.5470166206359863,41,-91.90819549560547,-2.1882903575897217,42,-62.911407470703125,-1.4978907108306885,42,536
-71.00532531738281,-2.290494441986084,31,-76.91314697265625,-2.481069326400757,31,-81.06892395019531,-2.615126609802246,31,-73.58496856689453,-2.537412643432617,29,-68.77854919433594,-2.218662977218628,31,-82.31145477294922,-2.655208110809326,31,537
-20.124303817749023,-0.6491711139678955,31,-98.71724700927734,-3.184427261352539,31,-93.920654296875,-3.029698610305786,31,-86.69388580322266,-2.889796257019043,30,-125.85460662841797,-4.059825897216797,31,-99.55335998535156,-3.2113986015319824,31,538
-60.67041015625,-1.838497281074524,33,-62.968292236328125,-1.9081300497055054,33,-53.027488708496094,-1.606893539428711,33,-57.431541442871094,-1.7403497695922852,33,-75.58584594726562,-2.290480136871338,33,-63.40801239013672,-1.921454906463623,33,539
-60.20461654663086,-1.6271518468856812,37,-94.25419616699219,-2.547410726547241,37,-89.40381622314453,-2.4163193702697754,37,-80.8013916015625,-2.525043487548828,32,-107.98603820800781,-2.918541669845581,37,-98.23150634765625,-2.6549055576324463,37,540
-153.55215454101562,-3.93723464012146,39,-118.84382629394531,-3.0472776889801025,39,-90.64046478271484,-2.3241145610809326,39,-118.1036376953125,-1.9361251592636108,61,-93.05278778076172,-2.3859689235687256,39,-79.48767852783203,-2.0381455421447754,39,541
-41.730316162109375,-1.6692126989364624,25,-65.26969909667969,-2.610787868499756,25,-58.49137496948242,-2.3396549224853516,25,-83.60454559326172,-2.3223485946655273,36,-63.497528076171875,-2.5399010181427,25,-61.30035400390625,-2.452014207839966,25,542
-51.71391296386719,-1.2026491165161133,43,-76.80928802490234,-1.7862625122070312,43,-71.82513427734375,-1.6703519821166992,43,-70.5635757446289,-1.6800851821899414,42,-92.75099182128906,-2.1569998264312744,43,-73.2861328125,-1.7043286561965942,43,543
-80.83126068115234,-2.127138376235962,38,-75.8354721069336,-1.9956703186035156,38,-60.29116439819336,-1.5866096019744873,38,-54.86289596557617,-1.5675113201141357,35,-84.75184631347656,-2.230311632156372,38,-69.5652084350586,-1.8306633234024048,38,544
-58.3856201171875,-1.8834071159362793,31,-69.581787109375,-2.2445738315582275,31,-70.40809631347656,-2.2712290287017822,31,-61.85453796386719,-2.3790206909179688,26,-74.21382141113281,-2.3939943313598633,31,-97.43063354492188,-3.142923593521118,31,545
-97.54234313964844,-2.438558578491211,40,-120.4746322631836,-3.0118658542633057,40,-110.76129913330078,-2.7690324783325195,40,-70.90419006347656,-2.727084159851074,26,-124.32593536376953,-3.1081483364105225,40,-119.62967681884766,-2.9907419681549072,40,546
-54.39235305786133,-1.5108987092971802,36,-54.31825256347656,-1.5088403224945068,36,-65.50333404541016,-1.8195370435714722,36,-49.93632507324219,-1.3871201276779175,36,-61.11726379394531,-1.6977018117904663,36,-61.002017974853516,-1.69450044631958,36,547
-53.54168701171875,-1.7271511554718018,31,-85.11259460449219,-2.745567560195923,31,-124.99314880371094,-4.032037258148193,31,-123.88079833984375,-4.129359722137451,30,-88.17691802978516,-2.844416618347168,31,-123.05651092529297,-3.969564914703369,31,548
-60.749942779541016,-1.786763072013855,34,-64.39265441894531,-1.8939015865325928,34,-66.3443603515625,-1.9513046741485596,34,-48.57965850830078,-1.0560795068740845,46,-61.262351989746094,-1.8018338680267334,34,-60.42493438720703,-1.777203917503357,34,549
-65.00536346435547,-1.9119224548339844,34,-82.42025756835938,-2.4241251945495605,34,-84.61829376220703,-2.4887733459472656,34,-88.28070068359375,-2.1531877517700195,41,-86.19978332519531,-2.535287857055664,34,-95.75628662109375,-2.816361427307129,34,550
-100.90660095214844,-2.2423689365386963,45,-102.2159423828125,-2.271465301513672,45,-57.86500549316406,-1.2858890295028687,45,-46.558143615722656,-1.1085271835327148,42,-120.03053283691406,-2.6673452854156494,45,-60.73719787597656,-1.3497154712677002,45,551
-39.17470169067383,-0.7834940552711487,50,-106.34805297851562,-2.1269609928131104,50,-114.0632553100586,-2.2812650203704834,50,-38.96509552001953,-0.9741274118423462,40,-94.64706420898438,-1.8929412364959717,50,-92.46765899658203,-1.8493531942367554,50,552
-87.21260070800781,-2.3570973873138428,37,-111.13944244384766,-3.0037686824798584,37,-116.62989044189453,-3.1521592140197754,37,-114.46807861328125,-3.17966890335083,36,-115.09115600585938,-3.11057186126709,37,-119.962646484375,-3.2422337532043457,37,553
-56.91008758544922,-2.8455042839050293,20,-63.959449768066406,-3.197972536087036,20,-78.73992919921875,-3.9369964599609375,20,-158.8029327392578,-2.4061050415039062,66,-91.86852264404297,-4.59342622756958,20,-90.32986450195312,-4.516493320465088,20,554
-109.84081268310547,-2.7460203170776367,40,-119.1582260131836,-2.9789557456970215,40,-88.23701477050781,-2.205925464630127,40,-85.82731628417969,-2.1456828117370605,40,-112.56546783447266,-2.8141367435455322,40,-105.95466613769531,-2.648866653442383,40,555
-105.85723114013672,-2.7857165336608887,38,-105.81369018554688,-2.7845706939697266,38,-93.72547149658203,-2.4664597511291504,38,-101.79270935058594,-2.423635959625244,42,-129.72999572753906,-3.413947343826294,38,-108.35934448242188,-2.8515617847442627,38,556
-120.18084716796875,-3.248131036758423,37,-92.46952819824219,-2.499176502227783,37,-62.83795166015625,-1.6983230113983154,37,-74.32207489013672,-1.8580518960952759,40,-88.55702209472656,-2.393433094024658,37,-88.55280303955078,-2.3933188915252686,37,557
-101.18022155761719,-2.152770757675171,47,-126.76461791992188,-2.6971194744110107,47,-98.90314483642578,-2.1043221950531006,47,-43.9684944152832,-1.628462791442871,27,-137.2931365966797,-2.921130657196045,47,-123.23431396484375,-2.62200665473938,47,558
-145.06605529785156,-5.1809306144714355,28,-85.2474594116211,-3.0445520877838135,28,-76.46290588378906,-2.730818033218384,28,-73.0224609375,-2.355563163757324,31,-93.53919982910156,-3.3406856060028076,28,-90.88552856445312,-3.2459118366241455,28,559
-66.92236328125,-2.4786059856414795,27,-69.65962219238281,-2.579986095428467,27,-63.38456726074219,-2.34757661819458,27,-63.3670654296875,-1.9802207946777344,32,-74.04991149902344,-2.742589235305786,27,-67.7415771484375,-2.5089473724365234,27,560
-82.89448547363281,-2.3026247024536133,36,-92.1146469116211,-2.5587401390075684,36,-90.75031280517578,-2.5208420753479004,36,-59.1426887512207,-2.039402961730957,29,-87.74311828613281,-2.4373087882995605,36,-78.86410522460938,-2.190669536590576,36,561
-67.85737609863281,-1.5780785083770752,43,-127.14576721191406,-2.956878423690796,43,-154.6868438720703,-3.5973684787750244,43,-56.8402099609375,-3.3435418605804443,17,-149.0714874267578,-3.4667787551879883,43,-151.178955078125,-3.515789747238159,43,562
-86.70280456542969,-2.4084112644195557,36,-75.51251220703125,-2.097569704055786,36,-83.63153076171875,-2.3230981826782227,36,-63.76664733886719,-2.1255548000335693,30,-91.47572326660156,-2.540992259979248,36,-84.10965728759766,-2.336379289627075,36,563
-61.41212463378906,-1.9810363054275513,31,-63.421531677246094,-2.045855760574341,31,-63.60905456542969,-2.0519049167633057,31,-24.72272300720215,-1.2361361980438232,20,-83.30500793457031,-2.687258243560791,31,-66.78359985351562,-2.1543097496032715,31,564
-77.55233001708984,-2.4235103130340576,32,-100.74236297607422,-3.1481988430023193,32,-94.54163360595703,-2.9544260501861572,32,-103.63229370117188,-2.3029398918151855,45,-111.017578125,-3.46929931640625,32,-105.225341796875,-3.2882919311523438,32,565
-46.47199249267578,-1.0102607011795044,46,-99.13679504394531,-2.1551477909088135,46,-88.49449157714844,-1.9237933158874512,46,-50.669227600097656,-1.4476922750473022,35,-98.3704833984375,-2.13848876953125,46,-90.02853393554688,-1.9571419954299927,46,566
-46.773094177246094,-1.6128653287887573,29,-89.76042938232422,-3.095187187194824,29,-95.19696044921875,-3.28265380859375,29,-77.6578598022461,-4.087255954742432,19,-88.58074951171875,-3.054508686065674,29,-89.53675079345703,-3.0874741077423096,29,567
-90.4615478515625,-2.2615387439727783,40,-94.23236083984375,-2.355808973312378,40,-96.67096710205078,-2.416774272918701,40,-90.893798828125,-2.4565892219543457,37,-104.81881713867188,-2.6204705238342285,40,-105.91777801513672,-2.647944450378418,40,568
-88.37195587158203,-2.7616236209869385,32,-60.434410095214844,-1.8885753154754639,32,-47.48652267456055,-1.483953833580017,32,-30.563919067382812,-0.8732548356056213,35,-68.30755615234375,-2.134611129760742,32,-62.26997375488281,-1.945936679840088,32,569
-121.58494567871094,-2.586913824081421,47,-205.9004669189453,-4.380860805511475,47,-226.2521209716797,-4.8138747215271,47,-244.96945190429688,-5.103530406951904,48,-190.67608642578125,-4.056938171386719,47,-211.96041870117188,-4.509796142578125,47,570
-60.46984100341797,-1.950640082359314,31,-103.21372985839844,-3.329475164413452,31,-88.05583190917969,-2.840510606765747,31,-101.79190063476562,-3.635425090789795,28,-104.03529357910156,-3.3559772968292236,31,-92.68647766113281,-2.9898862838745117,31,571
-48.45844650268555,-1.938337802886963,25,-134.11541748046875,-5.364616870880127,25,-142.8025360107422,-5.712101459503174,25,-168.4931182861328,-3.9184446334838867,43,-122.3834457397461,-4.89533805847168,25,-129.78768920898438,-5.191507339477539,25,572
-53.937679290771484,-1.3484419584274292,40,-85.12129974365234,-2.1280324459075928,40,-76.0627670288086,-1.901569128036499,40,-51.647396087646484,-1.721579909324646,30,-88.27885437011719,-2.2069714069366455,40,-87.83531188964844,-2.195882797241211,40,573
-87.29537963867188,-2.2383430004119873,39,-219.08175659179688,-5.617480754852295,39,-248.0172119140625,-6.359415531158447,39,-294.78564453125,-6.550792217254639,45,-204.3505859375,-5.239758491516113,39,-235.95907592773438,-6.050232887268066,39,574
-86.324951171875,-2.055356025695801,42,-94.59284210205078,-2.2522106170654297,42,-77.10795593261719,-1.8359037637710571,42,-67.53211975097656,-1.6471248865127563,41,-112.1658706665039,-2.6706159114837646,42,-94.72505187988281,-2.2553584575653076,42,575
-24.622005462646484,-0.8207334876060486,30,-82.28001403808594,-2.7426671981811523,30,-108.63468933105469,-3.6211562156677246,30,-100.70245361328125,-2.5821142196655273,39,-92.77777862548828,-3.092592716217041,30,-121.9432144165039,-4.064774036407471,30,576
-61.64744186401367,-2.3710553646087646,26,-103.87615966796875,-3.995236873626709,26,-111.93038940429688,-4.3050150871276855,26,-99.74622344970703,-2.4328346252441406,41,-107.31369018554688,-4.1274495124816895,26,-117.34883880615234,-4.513416767120361,26,577
-91.70234680175781,-2.2925586700439453,40,-79.1787109375,-1.979467749595642,40,-56.17314910888672,-1.40432870388031,40,-71.04933166503906,-1.4801944494247437,48,-97.90658569335938,-2.447664737701416,40,-84.09831237792969,-2.1024577617645264,40,578
-71.76571655273438,-2.242678642272949,32,-68.23983764648438,-2.1324949264526367,32,-44.30805206298828,-1.3846266269683838,32,-44.79917907714844,-1.357550859451294,33,-74.12562561035156,-2.3164258003234863,32,-67.10115051269531,-2.0969109535217285,32,579
-60.705230712890625,-1.839552402496338,33,-58.33360290527344,-1.7676849365234375,33,-64.11293029785156,-1.9428160190582275,33,-56.022804260253906,-1.514129877090454,37,-95.86640930175781,-2.9050426483154297,33,-94.18006134033203,-2.8539412021636963,33,580
-98.48419189453125,-2.3448617458343506,42,-217.97225952148438,-5.189815521240234,42,-247.86074829101562,-5.901446342468262,42,-267.7744445800781,-6.085783004760742,44,-194.15447998046875,-4.622725486755371,42,-231.48919677734375,-5.511647701263428,42,581
-66.27144622802734,-2.5489017963409424,26,-65.9586181640625,-2.536870002746582,26,-74.30952453613281,-2.8580586910247803,26,-74.55593872070312,-1.6944531202316284,44,-70.2689208984375,-2.702650785446167,26,-81.26080322265625,-3.125415563583374,26,582
-43.50019836425781,-1.6730844974517822,26,-76.8073501586914,-2.9541287422180176,26,-91.50884246826172,-3.519570827484131,26,-125.34127807617188,-2.7853617668151855,45,-64.14198303222656,-2.4669992923736572,26,-78.84809112548828,-3.032618999481201,26,583
-98.2271499633789,-3.069598436355591,32,-103.31710052490234,-3.2286593914031982,32,-97.81524658203125,-3.0567264556884766,32,-89.0484619140625,-2.782764434814453,32,-103.16505432128906,-3.223907947540283,32,-92.14485168457031,-2.8795266151428223,32,584
-80.40314483642578,-1.6408804655075073,49,-97.85948181152344,-1.9971323013305664,49,-89.17559051513672,-1.8199100494384766,49,-82.53306579589844,-2.063326597213745,40,-127.04023742675781,-2.5926578044891357,49,-122.94270324707031,-2.5090348720550537,49,585
-120.50144958496094,-3.5441603660583496,34,-216.67665100097656,-6.372842788696289,34,-217.18673706054688,-6.387845039367676,34,-282.67559814453125,-5.889074802398682,48,-197.84210205078125,-5.818885326385498,34,-189.39727783203125,-5.570508003234863,34,586
-118.79388427734375,-2.6998610496520996,44,-128.79017639160156,-2.927049398422241,44,-111.44969177246094,-2.532947540283203,44,-101.84278869628906,-2.3146088123321533,44,-130.70298767089844,-2.970522403717041,44,-115.31416320800781,-2.620776414871216,44,587
-57.91912078857422,-1.4126614332199097,41,-83.18900299072266,-2.0290000438690186,41,-88.96871948242188,-2.169968843460083,41,-55.018829345703125,-1.7193384170532227,32,-87.1055679321289,-2.124526023864746,41,-94.80502319335938,-2.3123176097869873,41,588
-56.78794860839844,-1.83186936378479,31,-69.41145324707031,-2.239079236984253,31,-78.38665771484375,-2.528601884841919,31,-75.15199279785156,-1.503039836883545,50,-81.18179321289062,-2.618767499923706,31,-85.48111724853516,-2.757455348968506,31,589
-79.03204345703125,-1.7961827516555786,44,-94.07685852050781,-2.138110399246216,44,-79.65604400634766,-1.8103646039962769,44,-79.42906188964844,-1.726718783378601,46,-98.47925567626953,-2.2381649017333984,44,-84.536865234375,-1.9212924242019653,44,590
-60.65856170654297,-1.6394206285476685,37,-115.50791931152344,-3.121835708618164,37,-93.25137329101562,-2.5203073024749756,37,-60.98230743408203,-2.5409295558929443,24,-120.21592712402344,-3.2490792274475098,37,-97.84034729003906,-2.644333600997925,37,591
-84.54512023925781,-3.0194685459136963,28,-93.6068344116211,-3.3431012630462646,28,-72.93426513671875,-2.604795217514038,28,-90.43904876708984,-1.9242351055145264,47,-76.1827392578125,-2.7208120822906494,28,-80.1915283203125,-2.863983154296875,28,592
-70.0087661743164,-2.414095401763916,29,-68.62960815429688,-2.3665382862091064,29,-52.82120132446289,-1.8214207887649536,29,-47.809452056884766,-1.7707204818725586,27,-85.93762969970703,-2.9633665084838867,29,-61.87213897705078,-2.1335220336914062,29,593
-71.98141479492188,-1.9994837045669556,36,-101.43583679199219,-2.817662239074707,36,-93.47575378417969,-2.5965487957000732,36,-81.81706237792969,-2.4793050289154053,33,-102.70902252197266,-2.8530282974243164,36,-93.56047058105469,-2.5989019870758057,36,594
-77.26470184326172,-2.5754899978637695,30,-112.4910659790039,-3.749702215194702,30,-111.7015609741211,-3.7233853340148926,30,-104.9510726928711,-2.9986021518707275,35,-121.76083374023438,-4.058694362640381,30,-117.40872955322266,-3.9136242866516113,30,595
-92.46293640136719,-3.1883771419525146,29,-109.09588623046875,-3.7619271278381348,29,-78.48904418945312,-2.7065186500549316,29,-101.89262390136719,-2.753854751586914,37,-108.9100570678711,-3.755519151687622,29,-99.8719253540039,-3.443859577178955,29,596
-70.35142517089844,-2.8140571117401123,25,-53.44758605957031,-2.1379034519195557,25,-40.193599700927734,-1.6077439785003662,25,-38.732505798339844,-1.2494356632232666,31,-68.95770263671875,-2.758308172225952,25,-57.463165283203125,-2.2985265254974365,25,597
-90.501953125,-3.480844259262085,26,-79.00303649902344,-3.0385782718658447,26,-69.17057800292969,-2.6604068279266357,26,-67.13500213623047,-2.315000057220459,29,-77.11022186279297,-2.96577787399292,26,-69.51814270019531,-2.6737747192382812,26,598
-71.6595230102539,-2.5592687129974365,28,-74.09858703613281,-2.6463780403137207,28,-75.39935302734375,-2.6928341388702393,28,-81.46270751953125,-2.2016947269439697,37,-75.66304016113281,-2.702251434326172,28,-74.07363891601562,-2.645487070083618,28,599
-64.66842651367188,-1.6167106628417969,40,-98.73101806640625,-2.468275547027588,40,-96.83857727050781,-2.420964479446411,40,-92.9745864868164,-2.446699619293213,38,-96.60667419433594,-2.4151668548583984,40,-97.77384185791016,-2.4443459510803223,40,600
-122.72667694091797,-3.506476402282715,35,-109.48898315429688,-3.1282565593719482,35,-102.61588287353516,-2.931882381439209,35,-106.53368377685547,-2.266674041748047,47,-116.54454040527344,-3.3298439979553223,35,-98.73786926269531,-2.8210818767547607,35,601
-43.665096282958984,-1.7466038465499878,25,-57.01582717895508,-2.280632972717285,25,-42.236881256103516,-1.6894752979278564,25,-23.70095443725586,-1.0304763317108154,23,-64.3568344116211,-2.5742733478546143,25,-35.88820266723633,-1.4355281591415405,25,602
-80.7312240600586,-1.7550265789031982,46,-112.28913879394531,-2.441068172454834,46,-109.65867614746094,-2.3838841915130615,46,-79.84153747558594,-2.15787935256958,37,-127.30863189697266,-2.7675788402557373,46,-113.77009582519531,-2.4732630252838135,46,603
-95.60936737060547,-2.0784645080566406,46,-115.15215301513672,-2.503307580947876,46,-102.7690658569336,-2.234110116958618,46,-100.44270324707031,-2.2827887535095215,44,-108.98915100097656,-2.3693294525146484,46,-100.43482971191406,-2.183365821838379,46,604
-70.53471374511719,-2.015277624130249,35,-92.90882873535156,-2.6545379161834717,35,-91.3100357055664,-2.608858108520508,35,-85.21871948242188,-2.9385764598846436,29,-94.605224609375,-2.7030065059661865,35,-102.05638122558594,-2.9158966541290283,35,605
-29.503000259399414,-1.0173448324203491,29,-78.19749450683594,-2.696465253829956,29,-76.23037719726562,-2.628633737564087,29,-53.52482223510742,-1.2447632551193237,43,-92.370361328125,-3.185184955596924,29,-80.05477142333984,-2.7605092525482178,29,606
-83.60137176513672,-1.9000312089920044,44,-110.75099182128906,-2.5170679092407227,44,-84.38932800292969,-1.917939305305481,44,-81.73030090332031,-1.8162288665771484,45,-112.25053405761719,-2.5511484146118164,44,-86.67326354980469,-1.9698468446731567,44,607
-119.58154296875,-3.1468827724456787,38,-141.6617431640625,-3.727940559387207,38,-131.55862426757812,-3.462069034576416,38,-120.61598205566406,-3.655029773712158,33,-128.6183319091797,-3.384692907333374,38,-134.15155029296875,-3.530303955078125,38,608
-146.96156311035156,-3.1268417835235596,47,-124.58516693115234,-2.6507482528686523,47,-116.63682556152344,-2.4816346168518066,47,-101.79666137695312,-2.3135604858398438,44,-132.03028869628906,-2.809154987335205,47,-114.39189147949219,-2.4338700771331787,47,609
-70.17222595214844,-1.846637487411499,38,-95.75456237792969,-2.5198569297790527,38,-85.4311752319336,-2.2481887340545654,38,-121.79904174804688,-2.485694646835327,49,-95.64061737060547,-2.5168583393096924,38,-87.36550903320312,-2.2990922927856445,38,610
-51.332855224609375,-0.9871702790260315,52,-89.23834228515625,-1.7161219120025635,52,-81.11664581298828,-1.559935450553894,52,-25.84400177001953,-0.6010233163833618,43,-91.79122924804688,-1.7652159929275513,52,-79.21571350097656,-1.5233790874481201,52,611
-131.09768676757812,-3.1975045204162598,41,-113.02322387695312,-2.7566640377044678,41,-98.04167938232422,-2.3912603855133057,41,-90.31324005126953,-2.376664161682129,38,-125.82715606689453,-3.0689549446105957,41,-107.82334899902344,-2.62983775138855,41,612
-116.91612243652344,-3.542912721633911,33,-94.21295928955078,-2.854938268661499,33,-65.76749420166016,-1.9929543733596802,33,-90.06971740722656,-2.144517183303833,42,-95.33946228027344,-2.8890745639801025,33,-77.84292602539062,-2.3588764667510986,33,613
-116.03199768066406,-2.762666702270508,42,-158.01077270507812,-3.7621612548828125,42,-143.3813934326172,-3.4138426780700684,42,-113.51158142089844,-3.6616640090942383,31,-144.98883056640625,-3.452115058898926,42,-137.2457275390625,-3.2677555084228516,42,614
-33.87549591064453,-0.9409859776496887,36,-108.88768005371094,-3.024657726287842,36,-96.11640167236328,-2.6698999404907227,36,-79.1273193359375,-2.6375772953033447,30,-105.42245483398438,-2.928401470184326,36,-105.77886199951172,-2.9383018016815186,36,615
-79.04388427734375,-2.0801022052764893,38,-105.02898406982422,-2.763920545578003,38,-95.0264663696289,-2.5006964206695557,38,-105.58612823486328,-2.3996846675872803,44,-112.86003875732422,-2.970000982284546,38,-89.18869018554688,-2.3470706939697266,38,616
-66.34555053710938,-2.14017915725708,31,-114.45198059082031,-3.6919994354248047,31,-102.55976104736328,-3.3083794116973877,31,-100.45256805419922,-3.240405321121216,31,-131.3042449951172,-4.235620975494385,31,-103.86167907714844,-3.350376844406128,31,617
-40.780296325683594,-1.6312118768692017,25,-59.46229553222656,-2.3784918785095215,25,-52.40601348876953,-2.096240520477295,25,-69.63239288330078,-2.110072612762451,33,-66.28491973876953,-2.6513967514038086,25,-40.88184356689453,-1.6352736949920654,25,618
-50.233421325683594,-1.225205421447754,41,-112.76712799072266,-2.750417709350586,41,-102.92371368408203,-2.5103344917297363,41,-104.19497680664062,-2.480832815170288,42,-124.9599609375,-3.0478038787841797,41,-107.23064422607422,-2.6153814792633057,41,619
-135.22811889648438,-3.7563366889953613,36,-111.62821960449219,-3.1007838249206543,36,-103.74547576904297,-2.8818187713623047,36,-112.27540588378906,-2.806885242462158,40,-105.05255126953125,-2.918126344680786,36,-100.05467987060547,-2.779296636581421,36,620
-60.417579650878906,-1.4050599336624146,43,-58.489418029785156,-1.3602190017700195,43,-52.64208984375,-1.224234700202942,43,-55.74586868286133,-1.186082363128662,47,-69.39559173583984,-1.6138509511947632,43,-51.107505798339844,-1.1885466575622559,43,621
-107.6627426147461,-2.7605831623077393,39,-125.71940612792969,-3.22357439994812,39,-86.54893493652344,-2.219203472137451,39,-50.978858947753906,-1.6444792747497559,31,-140.7917938232422,-3.610045909881592,39,-77.21521759033203,-1.9798773527145386,39,622
-52.444061279296875,-1.1158311367034912,47,-73.85111999511719,-1.5713003873825073,47,-90.10789489746094,-1.9171892404556274,47,-84.06246948242188,-1.7513014078140259,48,-76.76570129394531,-1.6333128213882446,47,-86.51783752441406,-1.8408050537109375,47,623
-105.32555389404297,-2.63313889503479,40,-73.49041748046875,-1.8372604846954346,40,-80.609619140625,-2.015240430831909,40,-68.56632232666016,-1.8531438112258911,37,-74.31221008300781,-1.8578052520751953,40,-80.10414123535156,-2.002603530883789,40,624
-126.11430358886719,-2.573761224746704,49,-134.39523315429688,-2.742759943008423,49,-122.36872863769531,-2.4973208904266357,49,-88.23794555664062,-2.9412648677825928,30,-126.95325469970703,-2.5908827781677246,49,-141.02740478515625,-2.878110408782959,49,625
-106.49626922607422,-3.1322431564331055,34,-97.43006896972656,-2.8655903339385986,34,-71.70486450195312,-2.108966588973999,34,-47.788673400878906,-1.7699508666992188,27,-100.2291259765625,-2.947915554046631,34,-69.9255599975586,-2.0566341876983643,34,626
-201.35580444335938,-2.4555585384368896,82,-190.3076171875,-2.32082462310791,82,-187.22427368164062,-2.2832229137420654,82,-53.59666442871094,-1.6241413354873657,33,-184.813720703125,-2.2538259029388428,82,-180.60292053222656,-2.202474594116211,82,627
-104.57685089111328,-2.6144213676452637,40,-202.92852783203125,-5.07321310043335,40,-233.7113037109375,-5.842782497406006,40,-279.46258544921875,-5.822137355804443,48,-196.27195739746094,-4.906798839569092,40,-229.17813110351562,-5.729453086853027,40,628
-59.22943115234375,-1.6007953882217407,37,-143.17259216308594,-3.8695294857025146,37,-141.0435028076172,-3.8119864463806152,37,-126.4621353149414,-3.951941728591919,32,-147.3837127685547,-3.9833436012268066,37,-139.91526794433594,-3.781493663787842,37,629
-70.33482360839844,-2.8133928775787354,25,-106.3757095336914,-4.255028247833252,25,-77.42181396484375,-3.096872568130493,25,-90.58576965332031,-3.3550283908843994,27,-93.99188232421875,-3.7596752643585205,25,-91.11958312988281,-3.6447832584381104,25,630
-66.4834213256836,-2.1446263790130615,31,-60.99671936035156,-1.9676361083984375,31,-62.85788345336914,-2.0276737213134766,31,-48.04459762573242,-1.4558968544006348,33,-61.1177978515625,-1.9715418815612793,31,-58.664642333984375,-1.892407774925232,31,631
-40.60667037963867,-1.400230050086975,29,-53.984153747558594,-1.8615225553512573,29,-82.11521911621094,-2.831559181213379,29,-114.03604125976562,-2.8509011268615723,40,-63.86677551269531,-2.2023026943206787,29,-85.74302673339844,-2.956655979156494,29,632
-27.4182071685791,-0.8064178824424744,34,-60.08580780029297,-1.767229676246643,34,-53.79270935058594,-1.5821385383605957,34,-46.7760009765625,-1.2993333339691162,36,-58.638206481933594,-1.7246531248092651,34,-54.72444152832031,-1.6095423698425293,34,633
-95.00968170166016,-2.111326217651367,45,-122.72657012939453,-2.727257013320923,45,-114.40904998779297,-2.5424232482910156,45,-125.93122863769531,-2.798471689224243,45,-128.7645263671875,-2.861433982849121,45,-121.67384338378906,-2.7038631439208984,45,634
-59.473785400390625,-1.4868446588516235,40,-76.15595245361328,-1.90389883518219,40,-82.7809066772461,-2.0695226192474365,40,-100.63699340820312,-2.2872045040130615,44,-93.1751480102539,-2.329378604888916,40,-104.20246887207031,-2.6050617694854736,40,635
-73.39813995361328,-2.0970897674560547,35,-78.9926986694336,-2.25693416595459,35,-93.55486297607422,-2.6729960441589355,35,-100.96797180175781,-2.4039993286132812,42,-82.15821838378906,-2.3473777770996094,35,-92.619873046875,-2.646282196044922,35,636
-69.93623352050781,-1.4570049047470093,48,-130.4761505126953,-2.7182531356811523,48,-70.02519226074219,-1.4588581323623657,48,-54.8179931640625,-1.2181776762008667,45,-124.60336303710938,-2.5959033966064453,48,-76.70709991455078,-1.5980645418167114,48,637
-52.744422912597656,-2.637221097946167,20,-44.348419189453125,-2.217421054840088,20,-52.12877655029297,-2.6064388751983643,20,-37.81024932861328,-2.100569486618042,18,-49.07652282714844,-2.4538261890411377,20,-55.587799072265625,-2.7793898582458496,20,638
-78.88623809814453,-2.253892421722412,35,-82.23295593261719,-2.349513053894043,35,-62.97442626953125,-1.7992693185806274,35,-62.24436569213867,-1.6380096673965454,38,-83.67283630371094,-2.3906524181365967,35,-49.91937255859375,-1.4262677431106567,35,639
-85.359375,-1.939985752105713,44,-74.58515930175781,-1.6951172351837158,44,-79.74151611328125,-1.8123072385787964,44,-74.45094299316406,-1.7726415395736694,42,-85.70633697509766,-1.9478713274002075,44,-78.70634460449219,-1.7887805700302124,44,640
-66.17697143554688,-1.7414993047714233,38,-115.45600128173828,-3.038315773010254,38,-91.81401824951172,-2.416158437728882,38,-57.917724609375,-1.997162938117981,29,-122.66291809082031,-3.2279715538024902,38,-97.90008544921875,-2.5763180255889893,38,641
-78.76687622070312,-2.2504820823669434,35,-83.5521240234375,-2.3872034549713135,35,-78.8424072265625,-2.2526402473449707,35,-69.74493408203125,-2.5831456184387207,27,-88.71075439453125,-2.534592866897583,35,-87.73870849609375,-2.5068202018737793,35,642
-77.90025329589844,-1.854767918586731,42,-111.75331115722656,-2.6607930660247803,42,-118.32412719726562,-2.8172411918640137,42,-67.0858383178711,-2.4846606254577637,27,-130.56607055664062,-3.1087160110473633,42,-116.2132568359375,-2.766982316970825,42,643
-89.44229888916016,-2.981410026550293,30,-89.10769653320312,-2.9702565670013428,30,-80.50454711914062,-2.6834847927093506,30,-84.15104675292969,-1.7904478311538696,47,-82.04696655273438,-2.734898805618286,30,-80.89944458007812,-2.696648120880127,30,644
-125.22291564941406,-2.6643173694610596,47,-125.8027114868164,-2.6766533851623535,47,-83.46049499511719,-1.7757551670074463,47,-71.96977233886719,-1.635676622390747,44,-120.54637908935547,-2.564816474914551,47,-78.90530395507812,-1.6788362264633179,47,645
-78.80311584472656,-2.3879733085632324,33,-92.18803405761719,-2.793576717376709,33,-81.3243408203125,-2.46437406539917,33,-65.94638061523438,-2.637855291366577,25,-94.77040100097656,-2.8718302249908447,33,-84.42817687988281,-2.558429718017578,33,646
-118.80493927001953,-3.3001372814178467,36,-90.95066833496094,-2.526407480239868,36,-77.4840087890625,-2.1523334980010986,36,-79.29905700683594,-1.8880727291107178,42,-91.24679565429688,-2.534633159637451,36,-84.18582153320312,-2.3384950160980225,36,647
-48.737998962402344,-1.2184499502182007,40,-64.15042114257812,-1.6037604808807373,40,-57.246253967285156,-1.4311563968658447,40,-57.176231384277344,-1.4294058084487915,40,-71.46878814697266,-1.7867196798324585,40,-59.824031829833984,-1.4956008195877075,40,648
-79.47932434082031,-2.207758903503418,36,-76.71502685546875,-2.1309728622436523,36,-68.95108032226562,-1.9153077602386475,36,-73.21052551269531,-1.9265928268432617,38,-81.25320434570312,-2.257033348083496,36,-76.78669738769531,-2.1329638957977295,36,649
-89.54987335205078,-2.558567762374878,35,-94.05410766601562,-2.687260150909424,35,-83.4500503540039,-2.384287118911743,35,-81.2093734741211,-3.0077545642852783,27,-99.80517578125,-2.851576566696167,35,-95.58938598632812,-2.7311253547668457,35,650
-81.0926284790039,-2.191692590713501,37,-142.3838348388672,-3.8482117652893066,37,-138.0228271484375,-3.7303466796875,37,-110.34695434570312,-3.940962553024292,28,-158.5169677734375,-4.284242153167725,37,-142.8536376953125,-3.8609092235565186,37,651
-73.0577392578125,-2.2830543518066406,32,-95.28761291503906,-2.9777379035949707,32,-66.74315643310547,-2.085723638534546,32,-28.72493553161621,-1.1048052310943604,26,-93.30368041992188,-2.9157400131225586,32,-74.19081115722656,-2.31846284866333,32,652
-95.73858642578125,-2.0369911193847656,47,-113.12242126464844,-2.406860113143921,47,-109.715087890625,-2.3343634605407715,47,-73.13654327392578,-2.359243392944336,31,-116.59540557861328,-2.4807534217834473,47,-114.36668395996094,-2.4333336353302,47,653
-62.76982116699219,-3.138491153717041,20,-76.0670394897461,-3.803351879119873,20,-56.61700439453125,-2.830850124359131,20,-119.05105590820312,-2.246246337890625,53,-71.41283416748047,-3.5706417560577393,20,-61.609710693359375,-3.0804855823516846,20,654
-116.00553131103516,-3.7421138286590576,31,-74.81526947021484,-2.413395881652832,31,-87.11883544921875,-2.8102850914001465,31,-66.45913696289062,-2.8895277976989746,23,-76.27273559570312,-2.4604108333587646,31,-89.96061706542969,-2.9019553661346436,31,655
-87.30169677734375,-2.4943342208862305,35,-104.63215637207031,-2.989490270614624,35,-94.06808471679688,-2.687659502029419,35,-101.19032287597656,-2.810842275619507,36,-111.3834228515625,-3.1823835372924805,35,-91.59004211425781,-2.6168582439422607,35,656
-169.50341796875,-3.766742706298828,45,-114.94375610351562,-2.5543057918548584,45,-91.46440124511719,-2.0325422286987305,45,-91.3080062866211,-1.9022501707077026,48,-128.5851593017578,-2.857448101043701,45,-80.64981079101562,-1.7922179698944092,45,657
-60.35487365722656,-2.155531167984009,28,-68.60118103027344,-2.450042247772217,28,-72.26924133300781,-2.5810444355010986,28,-45.184303283691406,-2.1516335010528564,21,-78.50508880615234,-2.803753137588501,28,-82.69154357910156,-2.9532694816589355,28,658
-70.9880142211914,-2.1511518955230713,33,-83.55418395996094,-2.531944990158081,33,-73.28903198242188,-2.2208797931671143,33,-64.92173767089844,-2.238680601119995,29,-81.48284912109375,-2.46917724609375,33,-80.03584289550781,-2.425328493118286,33,659
-76.82905578613281,-2.7438948154449463,28,-84.97174072265625,-3.0347049236297607,28,-78.3861083984375,-2.799503803253174,28,-77.92778015136719,-2.687164783477783,29,-93.13241577148438,-3.326157808303833,28,-86.56192779541016,-3.0914974212646484,28,660
-71.70094299316406,-2.655590534210205,27,-75.03804016113281,-2.779186725616455,27,-68.076904296875,-2.521366834640503,27,-72.90958404541016,-2.2784245014190674,32,-70.3560791015625,-2.605780601501465,27,-68.83018493652344,-2.5492660999298096,27,661
-43.39286804199219,-2.0663270950317383,21,-83.15780639648438,-3.959895610809326,21,-74.46507263183594,-3.5459558963775635,21,-61.704219818115234,-2.2037222385406494,28,-90.7427749633789,-4.321084499359131,21,-71.37963104248047,-3.3990299701690674,21,662
-72.89833068847656,-1.735674500465393,42,-91.82182312011719,-2.1862339973449707,42,-73.71907043457031,-1.7552160024642944,42,-77.25971984863281,-1.7168827056884766,45,-88.39410400390625,-2.104621410369873,42,-75.05984497070312,-1.7871391773223877,42,663
-77.06584930419922,-2.568861722946167,30,-75.03884887695312,-2.5012948513031006,30,-82.32978820800781,-2.74432635307312,30,-97.64447021484375,-2.789841890335083,35,-78.66109466552734,-2.6220364570617676,30,-74.02810668945312,-2.4676034450531006,30,664
-78.56366729736328,-2.4551146030426025,32,-69.56526184082031,-2.1739144325256348,32,-58.527069091796875,-1.8289709091186523,32,-99.23689270019531,-2.362783193588257,42,-85.387939453125,-2.6683731079101562,32,-76.0059814453125,-2.3751869201660156,32,665
-46.53836441040039,-1.3687753677368164,34,-100.30829620361328,-2.9502439498901367,34,-81.0022964477539,-2.382420539855957,34,-77.86548614501953,-2.359560251235962,33,-104.81841278076172,-3.0828945636749268,34,-81.71175384521484,-2.403286933898926,34,666
-76.57858276367188,-1.8232996463775635,42,-141.98077392578125,-3.3804945945739746,42,-155.04498291015625,-3.691547155380249,42,-73.47019958496094,-4.0816779136657715,18,-147.736328125,-3.517531633377075,42,-149.1619415283203,-3.5514748096466064,42,667
-86.53817749023438,-2.4038381576538086,36,-85.72731018066406,-2.381314277648926,36,-71.65605926513672,-1.9904460906982422,36,-75.09043884277344,-2.085845470428467,36,-84.90788269042969,-2.3585522174835205,36,-76.64591979980469,-2.1290533542633057,36,668
-108.88783264160156,-2.3167624473571777,47,-141.03717041015625,-3.00079083442688,47,-132.12754821777344,-2.8112244606018066,47,-97.70055389404297,-2.5710670948028564,38,-141.66712951660156,-3.0141942501068115,47,-128.9436492919922,-2.7434818744659424,47,669
-90.00697326660156,-3.3335916996002197,27,-95.4504165649414,-3.535200595855713,27,-73.10955810546875,-2.707761526107788,27,-75.03411102294922,-1.6311763525009155,46,-105.67160034179688,-3.9137630462646484,27,-82.36196899414062,-3.050443410873413,27,670
-107.79173278808594,-2.8366246223449707,38,-97.59829711914062,-2.568376302719116,38,-106.39225006103516,-2.7997961044311523,38,-109.6185302734375,-2.435967445373535,45,-106.26828002929688,-2.7965335845947266,38,-114.56741333007812,-3.0149319171905518,38,671
-83.50439453125,-2.197484016418457,38,-103.50335693359375,-2.7237725257873535,38,-83.36024475097656,-2.193690538406372,38,-82.13630676269531,-2.2815639972686768,36,-111.46989440917969,-2.9334182739257812,38,-94.15965270996094,-2.4778854846954346,38,672
-35.09318542480469,-1.5257906913757324,23,-58.536590576171875,-2.5450692176818848,23,-64.2173843383789,-2.792060136795044,23,-110.73457336425781,-2.460768222808838,45,-67.98562622070312,-2.9558968544006348,23,-66.15945434570312,-2.876497983932495,23,673
-143.76101684570312,-3.1946892738342285,45,-151.52232360839844,-3.3671627044677734,45,-109.93181610107422,-2.442929267883301,45,-111.77589416503906,-2.540361166000366,44,-140.995361328125,-3.133230209350586,45,-113.02339172363281,-2.5116310119628906,45,674
-151.48716735839844,-3.442890167236328,44,-115.51522827148438,-2.6253461837768555,44,-115.29270935058594,-2.620288848876953,44,-58.72013854980469,-2.4466724395751953,24,-122.77723693847656,-2.790391683578491,44,-117.84632873535156,-2.678325653076172,44,675
-80.83575439453125,-1.9246608018875122,42,-108.009765625,-2.5716609954833984,42,-94.22312927246094,-2.243407726287842,42,-97.31130981445312,-2.3169360160827637,42,-121.13528442382812,-2.8841733932495117,42,-98.67362213134766,-2.349371910095215,42,676
-80.93594360351562,-2.1298933029174805,38,-115.23406982421875,-3.032475471496582,38,-102.80621337890625,-2.7054266929626465,38,-93.4127426147461,-2.8306891918182373,33,-134.6529998779297,-3.5434999465942383,38,-117.9232406616211,-3.103243112564087,38,677
-79.14305114746094,-2.029309034347534,39,-103.02072143554688,-2.641556978225708,39,-100.99427795410156,-2.58959698677063,39,-92.1759033203125,-2.194664478302002,42,-120.40744018554688,-3.0873701572418213,39,-119.35797119140625,-3.0604608058929443,39,678
-58.87622833251953,-1.8992332220077515,31,-91.754150390625,-2.959811210632324,31,-80.06922912597656,-2.582878351211548,31,-88.459716796875,-2.45721435546875,36,-99.86170959472656,-3.2213454246520996,31,-88.45610046386719,-2.8534226417541504,31,679
-169.3271484375,-3.455656051635742,49,-142.82421875,-2.9147799015045166,49,-111.44715118408203,-2.2744317054748535,49,-82.65068054199219,-2.175017833709717,38,-145.6935577392578,-2.9733378887176514,49,-111.43724060058594,-2.2742292881011963,49,680
-39.84567642211914,-0.9718457460403442,41,-79.25762939453125,-1.9331128597259521,41,-84.97285461425781,-2.0725085735321045,41,-61.982025146484375,-2.1373112201690674,29,-72.65472412109375,-1.7720664739608765,41,-77.46794128417969,-1.8894619941711426,41,681
-17.11196517944336,-0.7439984679222107,23,-46.598228454589844,-2.026010036468506,23,-64.68069458007812,-2.812204122543335,23,-49.44557189941406,-1.83131742477417,27,-52.04475402832031,-2.262815475463867,23,-52.62571716308594,-2.2880747318267822,23,682
-41.2370491027832,-1.005781650543213,41,-64.21543884277344,-1.5662301778793335,41,-81.70175170898438,-1.9927256107330322,41,-41.63564682006836,-1.3430854082107544,31,-100.0896987915039,-2.4412121772766113,41,-85.61359405517578,-2.0881364345550537,41,683
-67.55526733398438,-1.5012282133102417,45,-93.54707336425781,-2.0788238048553467,45,-98.70639038085938,-2.1934752464294434,45,-50.05949401855469,-2.0858123302459717,24,-109.36412811279297,-2.430314064025879,45,-114.3023910522461,-2.540053129196167,45,684
-68.4935302734375,-1.63079833984375,42,-102.65556335449219,-2.4441800117492676,42,-110.6421127319336,-2.634335994720459,42,-113.55457305908203,-2.365720272064209,48,-82.90876770019531,-1.9740183353424072,42,-112.72894287109375,-2.6840224266052246,42,685
-65.98597717285156,-2.0620617866516113,32,-88.84645080566406,-2.776451587677002,32,-64.96739196777344,-2.03023099899292,32,-66.13483428955078,-1.8895666599273682,35,-91.05128479003906,-2.8453526496887207,32,-71.07392883300781,-2.221060276031494,32,686
-32.93932342529297,-0.9149811863899231,36,-101.21241760253906,-2.8114559650421143,36,-100.85858154296875,-2.8016271591186523,36,-90.41925811767578,-1.923814058303833,47,-109.46173095703125,-3.0406036376953125,36,-103.59835815429688,-2.877732276916504,36,687
-175.6729278564453,-3.7377219200134277,47,-180.08982849121094,-3.831698417663574,47,-159.66897583007812,-3.397212266921997,47,-98.13381958007812,-3.271127223968506,30,-189.34072875976562,-4.028526306152344,47,-157.36474609375,-3.3481860160827637,47,688
-65.67271423339844,-2.2645764350891113,29,-71.24067687988281,-2.4565751552581787,29,-73.29259490966797,-2.5273308753967285,29,-72.47412109375,-2.415804147720337,30,-73.36143493652344,-2.5297045707702637,29,-71.27031707763672,-2.457597255706787,29,689
-104.16224670410156,-2.367323875427246,44,-107.42822265625,-2.4415504932403564,44,-83.28392791748047,-1.8928165435791016,44,-74.53034973144531,-1.7745320796966553,42,-104.30299377441406,-2.3705224990844727,44,-84.29350280761719,-1.9157614707946777,44,690
-87.90483093261719,-2.3132851123809814,38,-122.8583984375,-3.2331156730651855,38,-121.70624542236328,-3.20279598236084,38,-123.51202392578125,-3.43088960647583,36,-129.2566375732422,-3.4014904499053955,38,-113.73833465576172,-2.9931139945983887,38,691
-111.39006805419922,-2.8561556339263916,39,-105.81497192382812,-2.7132043838500977,39,-104.42594909667969,-2.67758846282959,39,-101.71174621582031,-2.3116304874420166,44,-108.067626953125,-2.7709648609161377,39,-105.97032165527344,-2.7171876430511475,39,692
-81.19783020019531,-3.1229934692382812,26,-59.55177307128906,-2.290452718734741,26,-58.437625885009766,-2.24760103225708,26,-55.83087921142578,-2.427429437637329,23,-66.28691101074219,-2.549496650695801,26,-57.014991760253906,-2.1928842067718506,26,693
-40.79874801635742,-1.5110647678375244,27,-80.48063659667969,-2.980764389038086,27,-85.34129333496094,-3.1607885360717773,27,-141.53573608398438,-2.670485496520996,53,-84.80206298828125,-3.140817165374756,27,-94.1336669921875,-3.4864320755004883,27,694
-60.84360122680664,-1.41496741771698,43,-106.72620391845703,-2.4820046424865723,43,-100.08930969238281,-2.3276584148406982,43,-67.34797668457031,-2.172515392303467,31,-109.4034423828125,-2.5442659854888916,43,-109.54782104492188,-2.547623634338379,43,695
-50.71983337402344,-1.4917597770690918,34,-80.44871520996094,-2.3661386966705322,34,-83.02897644042969,-2.442028760910034,34,-88.91012573242188,-2.5402894020080566,35,-96.36151885986328,-2.8341622352600098,34,-100.80284118652344,-2.964789390563965,34,696
-94.10059356689453,-2.940643548965454,32,-91.22547912597656,-2.8507962226867676,32,-81.14130401611328,-2.53566575050354,32,-70.64663696289062,-2.3548879623413086,30,-92.9499740600586,-2.904686689376831,32,-79.7994155883789,-2.493731737136841,32,697
-53.28007888793945,-1.4021073579788208,38,-104.03070831298828,-2.737650156021118,38,-75.64344024658203,-1.990616798400879,38,-28.445777893066406,-1.580320954322815,18,-109.16928100585938,-2.872875928878784,38,-89.31083679199219,-2.350285291671753,38,698
-116.82334899902344,-2.9954705238342285,39,-94.38580322265625,-2.4201488494873047,39,-97.4730224609375,-2.4993083477020264,39,-23.344919204711914,-1.2969399690628052,18,-118.91934204101562,-3.0492138862609863,39,-106.03276824951172,-2.7187888622283936,39,699
-59.441673278808594,-1.5642545223236084,38,-71.08744049072266,-1.8707221746444702,38,-63.846248626708984,-1.6801644563674927,38,-65.8564453125,-1.5315452814102173,43,-75.77885437011719,-1.9941803216934204,38,-78.44403076171875,-2.064316511154175,38,700
-99.37942504882812,-2.1604223251342773,46,-124.85350036621094,-2.7142064571380615,46,-122.32198333740234,-2.6591734886169434,46,-74.22830200195312,-2.559596538543701,29,-146.08984375,-3.17586612701416,46,-145.3800506591797,-3.160435914993286,46,701
-84.47126770019531,-2.6397271156311035,32,-90.56024169921875,-2.830007553100586,32,-66.60697174072266,-2.081467866897583,32,-65.1749267578125,-1.9169095754623413,34,-91.30335998535156,-2.8532299995422363,32,-66.26824951171875,-2.070882797241211,32,702
-125.66057586669922,-3.3068573474884033,38,-140.41595458984375,-3.6951568126678467,38,-152.819580078125,-4.0215678215026855,38,-126.12112426757812,-4.504325866699219,28,-128.4365692138672,-3.3799097537994385,38,-158.48138427734375,-4.170562744140625,38,703
-89.50775146484375,-3.0864741802215576,29,-125.24788665771484,-4.318892478942871,29,-113.52276611328125,-3.9145781993865967,29,-154.94342041015625,-3.8735854625701904,40,-117.36674499511719,-4.047129154205322,29,-115.6146011352539,-3.9867103099823,29,704
-97.9937744140625,-2.7998220920562744,35,-93.84915924072266,-2.6814045906066895,35,-84.08634185791016,-2.4024670124053955,35,-89.67253112792969,-2.490903615951538,36,-96.65364074707031,-2.7615325450897217,35,-91.81491088867188,-2.6232831478118896,35,705
-33.064483642578125,-1.4375861883163452,23,-63.96678924560547,-2.7811646461486816,23,-73.80792236328125,-3.2090401649475098,23,-107.51296997070312,-2.9057559967041016,37,-69.95387268066406,-3.0414726734161377,23,-81.99217224121094,-3.5648770332336426,23,706
-54.480682373046875,-1.4337021112442017,38,-87.48554992675781,-2.3022513389587402,38,-72.37846374511719,-1.9046964645385742,38,-53.656105041503906,-1.625942587852478,33,-88.35000610351562,-2.325000047683716,38,-82.87863159179688,-2.181016683578491,38,707
-97.99629211425781,-2.7221193313598633,36,-88.34119415283203,-2.4539220333099365,36,-67.83460235595703,-1.8842945098876953,36,-46.8031005859375,-1.5601032972335815,30,-94.28289031982422,-2.618969202041626,36,-64.96173095703125,-1.804492473602295,36,708
-87.21697998046875,-1.8556804656982422,47,-148.389892578125,-3.1572318077087402,47,-136.32510375976562,-2.900534152984619,47,-88.23046875,-2.9410157203674316,30,-147.97607421875,-3.1484270095825195,47,-140.04409790039062,-2.979661703109741,47,709
-51.638938903808594,-2.347224473953247,22,-69.80563354492188,-3.172983407974243,22,-90.09031677246094,-4.095014572143555,22,-88.36094665527344,-2.598851442337036,34,-67.37275695800781,-3.0623979568481445,22,-84.18460845947266,-3.826573133468628,22,710
-44.21027755737305,-1.0526256561279297,42,-66.4737777709961,-1.5827089548110962,42,-62.61370849609375,-1.490802526473999,42,-39.923927307128906,-0.9980981945991516,40,-81.95138549804688,-1.9512234926223755,42,-76.72567749023438,-1.8268018960952759,42,711
-80.24447631835938,-2.2926993370056152,35,-104.14948272705078,-2.9756994247436523,35,-81.42024993896484,-2.3262927532196045,35,-75.68252563476562,-2.045473575592041,37,-84.68607330322266,-2.419602155685425,35,-68.56294250488281,-1.9589412212371826,35,712
-52.88725662231445,-1.1752723455429077,45,-111.40170288085938,-2.475593328475952,45,-114.77363586425781,-2.550525188446045,45,-41.423221588134766,-1.5932008028030396,26,-113.61527252197266,-2.5247838497161865,45,-105.52507019042969,-2.345001459121704,45,713
-59.731719970703125,-1.8100521564483643,33,-98.03497314453125,-2.970756769180298,33,-90.02409362792969,-2.7280027866363525,33,-78.13107299804688,-3.1252429485321045,25,-101.43630981445312,-3.0738275051116943,33,-98.01040649414062,-2.9700124263763428,33,714
-88.17561340332031,-2.00399112701416,44,-133.31240844726562,-3.029827356338501,44,-137.1153564453125,-3.116258144378662,44,-104.1202392578125,-2.892228841781616,36,-137.16476440429688,-3.1173810958862305,44,-144.896728515625,-3.293107509613037,44,715
-89.71937561035156,-2.6388051509857178,34,-102.83670043945312,-3.024608850479126,34,-65.74766540527344,-1.9337549209594727,34,-82.98193359375,-1.2573020458221436,66,-89.40475463867188,-2.629551649093628,34,-62.37593078613281,-1.8345861434936523,34,716
-99.28526306152344,-3.2027504444122314,31,-88.22340393066406,-2.845916271209717,31,-91.67037963867188,-2.957108974456787,31,-84.68070983886719,-2.82269024848938,30,-87.01962280273438,-2.807084560394287,31,-70.21455383300781,-2.2649855613708496,31,717
-70.86250305175781,-2.08419132232666,34,-86.46233367919922,-2.5430097579956055,34,-85.95687866210938,-2.5281434059143066,34,-83.95191192626953,-2.0987977981567383,40,-93.33987426757812,-2.745290517807007,34,-71.7457275390625,-2.11016845703125,34,718
-102.72447204589844,-2.633960723876953,39,-116.36319732666016,-2.9836716651916504,39,-123.57302856445312,-3.16853928565979,39,-93.68190002441406,-2.8388454914093018,33,-101.18235778808594,-2.594419479370117,39,-111.5169906616211,-2.859410047531128,39,719
-54.51768493652344,-1.947060227394104,28,-64.39258575439453,-2.2997353076934814,28,-54.35615158081055,-1.941291093826294,28,-67.41868591308594,-2.0429904460906982,33,-74.0548095703125,-2.6448147296905518,28,-53.90489196777344,-1.9251747131347656,28,720
-73.60700988769531,-2.230515480041504,33,-130.13270568847656,-3.943415403366089,33,-138.73184204101562,-4.203995227813721,33,-165.8675537109375,-3.685945749282837,45,-136.45639038085938,-4.135042190551758,33,-136.38125610351562,-4.132765293121338,33,721
-119.95489501953125,-2.6656644344329834,45,-155.26980590820312,-3.4504401683807373,45,-138.50048828125,-3.0777885913848877,45,-129.27987670898438,-3.402101993560791,38,-154.3746337890625,-3.4305474758148193,45,-138.1960906982422,-3.071024179458618,45,722
-58.53065490722656,-1.4275768995285034,41,-92.1822509765625,-2.248347520828247,41,-84.20573425292969,-2.0537984371185303,41,-62.65639877319336,-1.7901828289031982,35,-82.8680648803711,-2.021172285079956,41,-72.15760803222656,-1.7599416971206665,41,723
-64.02325439453125,-1.600581407546997,40,-77.56172180175781,-1.9390430450439453,40,-88.59494018554688,-2.2148735523223877,40,-72.6944580078125,-2.0192904472351074,36,-88.25907897949219,-2.206476926803589,40,-98.87016296386719,-2.4717540740966797,40,724
-56.644264221191406,-1.7701332569122314,32,-50.66949462890625,-1.5834217071533203,32,-44.37797546386719,-1.3868117332458496,32,-36.54588317871094,-1.2602028846740723,29,-57.2314338684082,-1.7884823083877563,32,-48.07023620605469,-1.502194881439209,32,725
-80.22329711914062,-2.43100905418396,33,-88.92120361328125,-2.694581985473633,33,-79.55197143554688,-2.41066575050354,33,-87.98977661132812,-2.749680519104004,32,-106.67772674560547,-3.2326583862304688,33,-91.98251342773438,-2.787348985671997,33,726
-116.41583251953125,-2.4253299236297607,48,-111.21028137207031,-2.316880941390991,48,-113.44587707519531,-2.3634557723999023,48,-75.10684204101562,-2.2759649753570557,33,-120.0177230834961,-2.5003693103790283,48,-111.14439392089844,-2.3155081272125244,48,727
-72.57378387451172,-1.5119538307189941,48,-130.5297393798828,-2.719369649887085,48,-127.56769561767578,-2.6576602458953857,48,-71.87093353271484,-2.3184173107147217,31,-143.1522674560547,-2.9823389053344727,48,-140.79440307617188,-2.9332168102264404,48,728
-73.40641784667969,-1.6683276891708374,44,-65.17035675048828,-1.4811444282531738,44,-76.74009704589844,-1.7440930604934692,44,-64.44094848632812,-1.5343083143234253,42,-82.46343994140625,-1.874169111251831,44,-76.48152160644531,-1.7382164001464844,44,729
-61.49803924560547,-1.7082788944244385,36,-107.40080261230469,-2.9833555221557617,36,-101.70294189453125,-2.8250818252563477,36,-68.58064270019531,-2.5400238037109375,27,-98.0903549194336,-2.7247321605682373,36,-98.0545425415039,-2.7237372398376465,36,730
-90.76840209960938,-1.8910083770751953,48,-107.10057830810547,-2.231261968612671,48,-96.01283264160156,-2.000267267227173,48,-65.9488296508789,-1.8319119215011597,36,-139.01321411132812,-2.896108627319336,48,-112.56192016601562,-2.3450400829315186,48,731
-54.06005859375,-1.4610826969146729,37,-62.02789306640625,-1.6764295101165771,37,-76.99407958984375,-2.080921173095703,37,-81.72002410888672,-1.900465726852417,43,-77.48545837402344,-2.0942015647888184,37,-84.57278442382812,-2.2857508659362793,37,732
-76.12850952148438,-1.9032127857208252,40,-123.2906723022461,-3.0822668075561523,40,-131.91258239746094,-3.2978146076202393,40,-125.06240844726562,-3.4739558696746826,36,-127.65215301513672,-3.1913037300109863,40,-131.53524780273438,-3.2883810997009277,40,733
-69.95072937011719,-1.4883134365081787,47,-95.2971420288086,-2.0275988578796387,47,-85.72747039794922,-1.823988676071167,47,-58.10275650024414,-1.2911723852157593,45,-97.1656723022461,-2.067354679107666,47,-90.03770446777344,-1.9156957864761353,47,734
-74.8520278930664,-2.13862943649292,35,-104.58496856689453,-2.9881420135498047,35,-97.05547332763672,-2.7730135917663574,35,-50.63920974731445,-2.6652214527130127,19,-109.2707290649414,-3.122020721435547,35,-85.32911682128906,-2.437974691390991,35,735
-69.7483139038086,-2.6826274394989014,26,-77.04943084716797,-2.963439702987671,26,-57.6841926574707,-2.2186226844787598,26,-61.567508697509766,-2.052250385284424,30,-79.97897338867188,-3.0761144161224365,26,-64.20954895019531,-2.4695980548858643,26,736
-73.08040618896484,-2.706681728363037,27,-79.43511962890625,-2.9420413970947266,27,-76.07778930664062,-2.8176958560943604,27,-70.25049591064453,-2.508946180343628,28,-84.53868103027344,-3.1310622692108154,27,-78.48123168945312,-2.906712293624878,27,737
-60.69011306762695,-2.167504072189331,28,-60.75120162963867,-2.1696858406066895,28,-55.20404052734375,-1.9715728759765625,28,-49.91594696044922,-1.919844150543213,26,-71.49279022216797,-2.553313970565796,28,-63.32341766357422,-2.2615506649017334,28,738
-101.83189392089844,-2.2137367725372314,46,-117.80634307861328,-2.561007499694824,46,-112.34234619140625,-2.4422249794006348,46,-63.4208869934082,-1.7140780687332153,37,-127.92667388916016,-2.7810146808624268,46,-119.04324340820312,-2.5878965854644775,46,739
-106.40047454833984,-3.32501482963562,32,-77.95468139648438,-2.4360837936401367,32,-76.29698181152344,-2.3842806816101074,32,-60.914024353027344,-2.0304675102233887,30,-83.26102447509766,-2.6019070148468018,32,-74.98560333251953,-2.3433001041412354,32,740
-52.98682403564453,-1.7662274837493896,30,-59.970436096191406,-1.9990144968032837,30,-58.3680419921875,-1.9456013441085815,30,-50.720176696777344,-1.6361347436904907,31,-57.36982727050781,-1.912327527999878,30,-56.236228942871094,-1.87454092502594,30,741
-126.27619171142578,-2.476003646850586,51,-160.90817260742188,-3.155062198638916,51,-143.3148193359375,-2.8100945949554443,51,-58.581363677978516,-2.253129482269287,26,-144.74024963378906,-2.8380441665649414,51,-112.09883117675781,-2.198016405105591,51,742
-53.089813232421875,-1.7125746011734009,31,-82.79315185546875,-2.6707468032836914,31,-80.22501373291016,-2.5879037380218506,31,-74.16170501708984,-2.557300090789795,29,-87.47018432617188,-2.8216187953948975,31,-80.38198852539062,-2.5929672718048096,31,743
-68.68453979492188,-1.6353461742401123,42,-112.07542419433594,-2.6684625148773193,42,-114.17398834228516,-2.718428373336792,42,-69.3631362915039,-2.3121044635772705,30,-113.15960693359375,-2.6942763328552246,42,-118.44882202148438,-2.8202099800109863,42,744
-76.26008605957031,-1.6946685314178467,45,-129.0079803466797,-2.8668439388275146,45,-122.5495376586914,-2.723323106765747,45,-63.549964904785156,-2.3537023067474365,27,-152.30990600585938,-3.384664535522461,45,-149.48995971679688,-3.3219990730285645,45,745
-142.5838623046875,-3.3948538303375244,42,-129.858154296875,-3.091860771179199,42,-103.93580627441406,-2.4746620655059814,42,-82.5448226928711,-2.3584234714508057,35,-149.80282592773438,-3.5667338371276855,42,-113.29935455322266,-2.697603702545166,42,746
-46.96255874633789,-1.7393540143966675,27,-66.92364501953125,-2.4786534309387207,27,-65.59587860107422,-2.4294769763946533,27,-48.674861907958984,-1.87211012840271,26,-72.6763687133789,-2.6917173862457275,27,-73.7568359375,-2.7317347526550293,27,747
-95.70741271972656,-2.126831293106079,45,-117.33071899414062,-2.607349395751953,45,-100.91163635253906,-2.242480754852295,45,-84.13795471191406,-2.273998737335205,37,-110.92998504638672,-2.4651107788085938,45,-115.15745544433594,-2.5590546131134033,45,748
-41.32831573486328,-0.8984416723251343,46,-77.44210052490234,-1.6835238933563232,46,-60.604286193847656,-1.3174844980239868,46,-67.22976684570312,-1.372036099433899,49,-83.64755249023438,-1.8184250593185425,46,-63.95850372314453,-1.3904021978378296,46,749
-94.80892181396484,-2.257355213165283,42,-135.3578643798828,-3.222806215286255,42,-111.42965698242188,-2.6530871391296387,42,-87.19572448730469,-2.564580202102661,34,-116.63427734375,-2.7770066261291504,42,-107.14689636230469,-2.551116466522217,42,750
-26.225496292114258,-0.5960339903831482,44,-109.24592590332031,-2.4828619956970215,44,-112.90777587890625,-2.5660858154296875,44,-118.58451080322266,-2.5779242515563965,46,-120.49059295654297,-2.7384226322174072,44,-117.59883880615234,-2.672700881958008,44,751
-68.60447692871094,-1.4914016723632812,46,-111.22876739501953,-2.4180166721343994,46,-129.93565368652344,-2.824688196182251,46,-90.67906188964844,-3.3584837913513184,27,-122.49966430664062,-2.6630361080169678,46,-130.3067626953125,-2.8327558040618896,46,752
-56.82395553588867,-1.4570244550704956,39,-92.67363739013672,-2.3762471675872803,39,-89.55774688720703,-2.2963523864746094,39,-95.88267517089844,-2.0844058990478516,46,-95.39118957519531,-2.445927858352661,39,-95.00079345703125,-2.435917854309082,39,753
-83.32321166992188,-2.1364924907684326,39,-110.47013092041016,-2.8325674533843994,39,-111.1063461303711,-2.8488807678222656,39,-119.88175964355469,-2.997044086456299,40,-133.92413330078125,-3.4339520931243896,39,-123.49239349365234,-3.1664717197418213,39,754
-124.01177978515625,-2.695908308029175,46,-108.61956024169922,-2.361294746398926,46,-126.18446350097656,-2.743140459060669,46,-64.55012512207031,-2.1516709327697754,30,-111.30351257324219,-2.4196414947509766,46,-131.61993408203125,-2.8613028526306152,46,755
-80.7275161743164,-1.968963861465454,41,-104.2975082397461,-2.543841600418091,41,-91.87046813964844,-2.2407431602478027,41,-101.54938507080078,-2.603830337524414,39,-98.8809814453125,-2.411731243133545,41,-97.20350646972656,-2.370817184448242,41,756
-63.09581756591797,-2.8679916858673096,22,-83.11863708496094,-3.7781198024749756,22,-72.27827453613281,-3.2853760719299316,22,-72.80508422851562,-3.0335452556610107,24,-73.87792205810547,-3.3580873012542725,22,-75.10041809082031,-3.4136552810668945,22,757
-50.742950439453125,-1.5857172012329102,32,-72.22071075439453,-2.256897211074829,32,-68.06537628173828,-2.1270430088043213,32,-43.651153564453125,-1.897876262664795,23,-80.53800201416016,-2.516812562942505,32,-64.30022430419922,-2.0093820095062256,32,758
-61.22850036621094,-1.6548243761062622,37,-78.83075714111328,-2.130561113357544,37,-92.08849334716797,-2.4888782501220703,37,-59.25729751586914,-2.0433549880981445,29,-87.86678314208984,-2.3747780323028564,37,-90.66200256347656,-2.450324296951294,37,759
-44.691192626953125,-1.6552293300628662,27,-81.25547790527344,-3.0094621181488037,27,-80.95741271972656,-2.998422622680664,27,-69.31487274169922,-1.8733749389648438,37,-72.7473373413086,-2.694345712661743,27,-80.57652282714844,-2.9843156337738037,27,760
-65.58457946777344,-1.9289581775665283,34,-191.54605102539062,-5.633707523345947,34,-214.21209716796875,-6.300355911254883,34,-274.88739013671875,-5.726820468902588,48,-179.182373046875,-5.270069599151611,34,-206.53280639648438,-6.074494361877441,34,761
-108.7499008178711,-3.0208306312561035,36,-111.40989685058594,-3.094719409942627,36,-85.03339385986328,-2.3620386123657227,36,-49.35344314575195,-1.827905297279358,27,-118.53528594970703,-3.292646884918213,36,-78.01872253417969,-2.167186737060547,36,762
-79.02518463134766,-2.92685866355896,27,-86.58415985107422,-3.2068207263946533,27,-69.50572967529297,-2.5742862224578857,27,-73.33853149414062,-1.8804751634597778,39,-81.97046661376953,-3.0359432697296143,27,-78.24404907226562,-2.897927761077881,27,763
-53.96831512451172,-1.2849599123001099,42,-41.06072235107422,-0.9776362180709839,42,-44.25934982299805,-1.053794026374817,42,-19.406864166259766,-0.4976119101047516,39,-59.20682144165039,-1.4096862077713013,42,-49.72881317138672,-1.1840193271636963,42,764
-100.7796630859375,-3.475160837173462,29,-166.62071228027344,-5.745541572570801,29,-213.73333740234375,-7.370115280151367,29,-287.2266540527344,-6.382814407348633,45,-194.36312866210938,-6.702177047729492,29,-202.55242919921875,-6.984566688537598,29,765
-67.47129821777344,-1.4355595111846924,47,-105.05448913574219,-2.235201835632324,47,-128.7884063720703,-2.7401788234710693,47,-81.50193786621094,-2.546935558319092,32,-127.99337005615234,-2.7232632637023926,47,-143.80743408203125,-3.059732675552368,47,766
-43.730133056640625,-0.9304283857345581,47,-78.00883483886719,-1.6597625017166138,47,-71.56594848632812,-1.5226798057556152,47,-64.87752532958984,-1.351615071296692,48,-89.14765930175781,-1.8967586755752563,47,-104.58505249023438,-2.2252137660980225,47,767
-45.289093017578125,-1.1612588167190552,39,-86.97611999511719,-2.230156898498535,39,-84.59825897216797,-2.1691861152648926,39,-58.876930236816406,-2.4532053470611572,24,-83.62035369873047,-2.1441116333007812,39,-86.49163818359375,-2.2177343368530273,39,768
-89.20472717285156,-2.9734909534454346,30,-71.4985580444336,-2.3832852840423584,30,-59.78697967529297,-1.9928992986679077,30,-63.682735443115234,-2.054281711578369,31,-70.08623504638672,-2.336207866668701,30,-58.08887481689453,-1.9362958669662476,30,769
-86.5323486328125,-1.9229410886764526,45,-101.48794555664062,-2.2552876472473145,45,-80.29510498046875,-1.7843356132507324,45,-61.04242706298828,-1.5651904344558716,39,-113.57447814941406,-2.5238773822784424,45,-93.09107971191406,-2.068690776824951,45,770
-64.95440673828125,-2.029825210571289,32,-99.14305114746094,-3.0982203483581543,32,-90.85012817382812,-2.839066505432129,32,-84.08741760253906,-3.003122091293335,28,-88.99678039550781,-2.781149387359619,32,-96.90203094482422,-3.028188467025757,32,771
-127.65414428710938,-2.968701124191284,43,-159.19288635253906,-3.702160120010376,43,-132.81253051757812,-3.0886635780334473,43,-129.18807983398438,-3.799649477005005,34,-151.0498809814453,-3.5127878189086914,43,-131.90640258789062,-3.0675907135009766,43,772
-92.94766235351562,-2.6556475162506104,35,-111.66290283203125,-3.19036865234375,35,-112.09588623046875,-3.202739715576172,35,-94.27345275878906,-3.1424484252929688,30,-122.36976623535156,-3.496279001235962,35,-120.09097290039062,-3.431170701980591,35,773
-92.86680603027344,-3.714672327041626,25,-77.01598358154297,-3.080639362335205,25,-80.55238342285156,-3.222095251083374,25,-110.97736358642578,-2.6423182487487793,42,-88.54102325439453,-3.5416409969329834,25,-90.14839935302734,-3.605936050415039,25,774
-84.55850982666016,-1.761635661125183,48,-109.64899444580078,-2.2843539714813232,48,-106.04476928710938,-2.209265947341919,48,-82.30683135986328,-2.4941463470458984,33,-106.50537872314453,-2.2188620567321777,48,-108.93628692626953,-2.2695059776306152,48,775
-97.82137298583984,-3.1555280685424805,31,-75.82379150390625,-2.4459288120269775,31,-47.07606887817383,-1.518582820892334,31,-42.09852981567383,-1.4032843112945557,30,-96.30911254882812,-3.106745481491089,31,-52.27216720581055,-1.6861989498138428,31,776
-94.74795532226562,-3.2671709060668945,29,-96.26393127441406,-3.319445848464966,29,-66.40702819824219,-2.2898974418640137,29,-75.98466491699219,-2.2348430156707764,34,-86.79547119140625,-2.9929473400115967,29,-71.14682006835938,-2.453338623046875,29,777
-72.6222915649414,-1.6138286590576172,45,-111.02269744873047,-2.4671709537506104,45,-106.6611328125,-2.3702473640441895,45,-112.14718627929688,-2.608074188232422,43,-127.44772338867188,-2.832171678543091,45,-112.45596313476562,-2.499021291732788,45,778
-63.833980560302734,-1.6798416376113892,38,-78.25788879394531,-2.059418201446533,38,-91.70199584960938,-2.413210391998291,38,-77.76689147949219,-1.728153109550476,45,-88.53802490234375,-2.3299479484558105,38,-98.69744110107422,-2.5973010063171387,38,779
-81.67203521728516,-2.149264097213745,38,-85.9466781616211,-2.2617547512054443,38,-85.0157470703125,-2.2372565269470215,38,-106.87863159179688,-2.3750805854797363,45,-89.22064208984375,-2.3479115962982178,38,-89.11265563964844,-2.3450698852539062,38,780
-67.66587829589844,-2.4166386127471924,28,-63.31852722167969,-2.261375904083252,28,-58.9581184387207,-2.105647087097168,28,-42.359867095947266,-1.8417333364486694,23,-78.45256042480469,-2.80187726020813,28,-55.002769470214844,-1.96438467502594,28,781
-95.41560363769531,-2.168536424636841,44,-282.5499572753906,-6.4215898513793945,44,-280.11181640625,-6.366177558898926,44,-291.23724365234375,-6.471938610076904,45,-265.20794677734375,-6.027453422546387,44,-284.4493103027344,-6.464756965637207,44,782
-105.34756469726562,-2.7012195587158203,39,-114.90325927734375,-2.946237325668335,39,-85.02404022216797,-2.1801035404205322,39,-71.39251708984375,-2.3797504901885986,30,-112.94647216796875,-2.8960633277893066,39,-93.70865631103516,-2.4027860164642334,39,783
-83.93572998046875,-2.707604169845581,31,-89.33118438720703,-2.8816511631011963,31,-79.6348876953125,-2.5688674449920654,31,-42.2409553527832,-2.22320818901062,19,-75.45472717285156,-2.434023380279541,31,-80.3553695678711,-2.592108726501465,31,784
-90.02993774414062,-2.2507483959198,40,-198.1177978515625,-4.952944755554199,40,-241.86093139648438,-6.046523094177246,40,-261.41693115234375,-5.941293716430664,44,-189.58197021484375,-4.739549160003662,40,-235.80914306640625,-5.895228385925293,40,785
-58.60160827636719,-2.1704299449920654,27,-82.69265747070312,-3.0626909732818604,27,-74.15603637695312,-2.7465198040008545,27,-79.87289428710938,-1.9481194019317627,41,-77.94366455078125,-2.8868024349212646,27,-72.37834167480469,-2.6806793212890625,27,786
-71.48715209960938,-1.9857542514801025,36,-91.01853942871094,-2.528292655944824,36,-73.95298767089844,-2.0542497634887695,36,-72.14485931396484,-1.89854896068573,38,-93.56858825683594,-2.5991275310516357,36,-67.3958511352539,-1.8721070289611816,36,787
-51.08837127685547,-1.6480119228363037,31,-83.25851440429688,-2.685758590698242,31,-75.28793334960938,-2.428642988204956,31,-130.49684143066406,-2.007643699645996,65,-75.31452941894531,-2.4295010566711426,31,-73.85403442382812,-2.382388114929199,31,788
-84.02468872070312,-2.400705337524414,35,-96.30243682861328,-2.751498222351074,35,-82.26644134521484,-2.3504698276519775,35,-77.73466491699219,-2.355595827102661,33,-77.87062072753906,-2.224874973297119,35,-77.66444396972656,-2.2189841270446777,35,789
-68.83604431152344,-2.458430051803589,28,-66.21104431152344,-2.364680051803589,28,-64.22110748291016,-2.2936110496520996,28,-62.5521354675293,-1.7872039079666138,35,-81.24272155761719,-2.9015257358551025,28,-67.72734069824219,-2.4188334941864014,28,790
-35.260005950927734,-1.137419581413269,31,-56.687015533447266,-1.8286134004592896,31,-37.931453704833984,-1.2235952615737915,31,-32.336387634277344,-1.0431092977523804,31,-60.08583450317383,-1.9382526874542236,31,-45.8524055480957,-1.4791098833084106,31,791
-106.62812805175781,-2.268683671951294,47,-130.5596923828125,-2.7778658866882324,47,-128.65512084960938,-2.7373430728912354,47,-78.01243591308594,-2.6900839805603027,29,-135.38888549804688,-2.8806145191192627,47,-146.2552947998047,-3.1118147373199463,47,792
-99.83023834228516,-2.376910448074341,42,-135.67144775390625,-3.2302725315093994,42,-123.60380554199219,-2.9429478645324707,42,-78.1910629272461,-2.6063687801361084,30,-144.12649536132812,-3.4315831661224365,42,-113.19720458984375,-2.695171594619751,42,793
-53.33489990234375,-1.904817819595337,28,-75.94808197021484,-2.7124314308166504,28,-54.396671295166016,-1.9427382946014404,28,-54.594505310058594,-1.5598430633544922,35,-86.8608627319336,-3.1021735668182373,28,-56.93949508666992,-2.0335533618927,28,794
-55.38285827636719,-1.6782684326171875,33,-124.40977478027344,-3.7699930667877197,33,-130.79391479492188,-3.963451862335205,33,-138.23797607421875,-2.9412336349487305,47,-113.2393798828125,-3.4314963817596436,33,-124.3321533203125,-3.767641067504883,33,795
-116.48463439941406,-3.065385103225708,38,-93.17950439453125,-2.452092170715332,38,-96.6234130859375,-2.5427215099334717,38,-94.8788833618164,-2.1563382148742676,44,-105.23912048339844,-2.7694504261016846,38,-104.20878601074219,-2.7423365116119385,38,796
-68.68462371826172,-2.543874979019165,27,-78.21821594238281,-2.8969709873199463,27,-88.58073425292969,-3.2807679176330566,27,-103.22677612304688,-2.716494083404541,38,-85.96572875976562,-3.183915853500366,27,-94.28135681152344,-3.4919021129608154,27,797
-90.61448669433594,-2.107313632965088,43,-102.41104888916016,-2.381652355194092,43,-73.67765808105469,-1.713433861732483,43,-62.7429313659668,-1.3349559307098389,47,-105.90264892578125,-2.4628522396087646,43,-86.20118713378906,-2.004678726196289,43,798
-71.38385009765625,-1.3996833562850952,51,-109.14869689941406,-2.1401705741882324,51,-127.54229736328125,-2.5008294582366943,51,-55.06645202636719,-2.7533226013183594,20,-129.55596923828125,-2.5403130054473877,51,-145.2080841064453,-2.847217321395874,51,799
-97.66678619384766,-2.17037296295166,45,-120.9416732788086,-2.6875927448272705,45,-129.1042022705078,-2.8689823150634766,45,-100.11681365966797,-2.860480308532715,35,-124.02344512939453,-2.7560765743255615,45,-136.20191955566406,-3.0267093181610107,45,800
-67.76802062988281,-1.7376415729522705,39,-135.91058349609375,-3.484886646270752,39,-138.25103759765625,-3.544898509979248,39,-113.26296997070312,-3.65364408493042,31,-148.86251831054688,-3.8169877529144287,39,-140.91497802734375,-3.6132044792175293,39,801
-77.5159683227539,-2.9813833236694336,26,-69.36157989501953,-2.667752981185913,26,-60.004608154296875,-2.3078694343566895,26,-50.07050704956055,-1.564703345298767,32,-67.9315414428711,-2.6127514839172363,26,-59.957435607910156,-2.3060553073883057,26,802
-82.11952209472656,-1.6759085655212402,49,-165.138916015625,-3.3701820373535156,49,-134.87850952148438,-2.752622604370117,49,-83.35298156738281,-2.381513833999634,35,-153.22222900390625,-3.1269843578338623,49,-115.79505157470703,-2.3631644248962402,49,803
-43.02503967285156,-1.049391269683838,41,-88.10554504394531,-2.1489157676696777,41,-96.02297973632812,-2.3420238494873047,41,-16.834815979003906,-0.8860429525375366,19,-118.07853698730469,-2.8799643516540527,41,-110.37925720214844,-2.6921770572662354,41,804
-30.43112564086914,-1.0143707990646362,30,-51.0034065246582,-1.7001135349273682,30,-60.966209411621094,-2.0322070121765137,30,-54.867427825927734,-1.4829034805297852,37,-65.929931640625,-2.197664499282837,30,-67.17485046386719,-2.239161729812622,30,805
-42.435455322265625,-1.5716835260391235,27,-144.21624755859375,-5.341342449188232,27,-180.36117553710938,-6.680043697357178,27,-266.2568359375,-5.788192272186279,46,-157.56118774414062,-5.835599422454834,27,-169.59765625,-6.2813944816589355,27,806
-58.89317321777344,-2.030799150466919,29,-79.08624267578125,-2.72711181640625,29,-71.60311126708984,-2.4690728187561035,29,-45.070281982421875,-2.253514051437378,20,-75.33464050292969,-2.5977461338043213,29,-84.60984802246094,-2.917581081390381,29,807
-93.22592163085938,-1.9835302829742432,47,-131.73388671875,-2.8028485774993896,47,-102.3276596069336,-2.1771843433380127,47,-58.36262893676758,-1.8238321542739868,32,-134.32537841796875,-2.8579866886138916,47,-110.83291625976562,-2.358147144317627,47,808
-74.51123046875,-1.7740769386291504,42,-80.14249420166016,-1.9081546068191528,42,-65.91912078857422,-1.569502830505371,42,-77.81085205078125,-1.8526393175125122,42,-95.35682678222656,-2.2704005241394043,42,-76.26925659179688,-1.815934658050537,42,809
-77.18055725097656,-1.5751134157180786,49,-161.79832458496094,-3.302006721496582,49,-176.14913940429688,-3.5948803424835205,49,-109.57794952392578,-3.3205440044403076,33,-173.53268432617188,-3.5414834022521973,49,-180.99778747558594,-3.6938323974609375,49,810
-63.5766716003418,-2.119222402572632,30,-115.5968017578125,-3.853226661682129,30,-92.0384750366211,-3.067949056625366,30,-90.80233764648438,-3.3630495071411133,27,-108.09625244140625,-3.603208303451538,30,-106.50653076171875,-3.550217628479004,30,811
-78.98153686523438,-1.8805128335952759,42,-92.06900787353516,-2.1921191215515137,42,-88.60457611083984,-2.109632730484009,42,-74.97959899902344,-2.205282211303711,34,-105.93279266357422,-2.522209405899048,42,-100.30335235595703,-2.3881750106811523,42,812
-57.65515899658203,-2.6206891536712646,22,-82.0584716796875,-3.7299306392669678,22,-62.45448303222656,-2.8388402462005615,22,-56.436981201171875,-2.565317392349243,22,-84.96224975585938,-3.8619203567504883,22,-62.05815124511719,-2.8208250999450684,22,813
-124.72299194335938,-2.4455487728118896,51,-110.94171142578125,-2.175327777862549,51,-131.16375732421875,-2.57183837890625,51,-45.17399597167969,-1.5057998895645142,30,-117.99653625488281,-2.313657522201538,51,-114.23866271972656,-2.239973783493042,51,814
-71.66078186035156,-1.6286541223526,44,-104.80433654785156,-2.3819167613983154,44,-90.77613830566406,-2.063094139099121,44,-72.74714660644531,-2.0784900188446045,35,-114.79492950439453,-2.608975648880005,44,-101.2479248046875,-2.301089286804199,44,815
-76.92604064941406,-2.4039387702941895,32,-93.38975524902344,-2.9184298515319824,32,-104.92694091796875,-3.2789669036865234,32,-85.07583618164062,-1.9335417747497559,44,-99.61737823486328,-3.1130430698394775,32,-109.0635986328125,-3.4082374572753906,32,816
-95.12599182128906,-3.2802066802978516,29,-98.70860290527344,-3.40374493598938,29,-96.58035278320312,-3.330357074737549,29,-102.44388580322266,-3.1043601036071777,33,-99.22850036621094,-3.4216723442077637,29,-102.6949462890625,-3.5412049293518066,29,817
-48.56847381591797,-1.5667250156402588,31,-79.02449798583984,-2.549177408218384,31,-82.85929870605469,-2.6728806495666504,31,-72.44171142578125,-2.786219596862793,26,-80.31116485595703,-2.5906827449798584,31,-82.68045043945312,-2.667111396789551,31,818
-38.3596076965332,-1.3699859380722046,28,-68.2269058227539,-2.4366753101348877,28,-60.15437316894531,-2.1483705043792725,28,-62.91587448120117,-2.097195863723755,30,-73.03671264648438,-2.6084539890289307,28,-70.68204498291016,-2.5243587493896484,28,819
-74.21768188476562,-2.182873010635376,34,-103.40818786621094,-3.041417360305786,34,-73.98078155517578,-2.175905227661133,34,-67.68414306640625,-2.183359384536743,31,-101.14727783203125,-2.9749200344085693,34,-76.8306655883789,-2.259725570678711,34,820
-72.43716430664062,-2.195065498352051,33,-168.6460418701172,-5.110486030578613,33,-214.254638671875,-6.492564678192139,33,-286.9103088378906,-6.375784873962402,45,-179.00486755371094,-5.424389839172363,33,-214.5589599609375,-6.501786708831787,33,821
-71.20690155029297,-2.034482955932617,35,-88.81280517578125,-2.537508726119995,35,-82.52049255371094,-2.3577282428741455,35,-71.18706512451172,-2.2963569164276123,31,-102.1720199584961,-2.9192006587982178,35,-101.60713958740234,-2.9030611515045166,35,822
-184.5804901123047,-4.501963138580322,41,-237.89739990234375,-5.802375793457031,41,-259.88690185546875,-6.338705062866211,41,-297.4813232421875,-6.610695838928223,45,-250.20941162109375,-6.102668762207031,41,-262.0684509277344,-6.391913414001465,41,823
-61.604454040527344,-1.4667726755142212,42,-101.01351165771484,-2.405083656311035,42,-88.89999389648438,-2.116666555404663,42,-50.27599334716797,-1.621806263923645,31,-111.91931915283203,-2.664745807647705,42,-101.82711791992188,-2.424455165863037,42,824
-26.882266998291016,-1.414856195449829,19,-86.94122314453125,-4.5758538246154785,19,-75.76750183105469,-3.9877631664276123,19,-91.28766632080078,-3.042922258377075,30,-91.74838256835938,-4.828862190246582,19,-76.7811279296875,-4.041111946105957,19,825
-85.23473358154297,-2.0788960456848145,41,-140.48153686523438,-3.4263789653778076,41,-144.9603271484375,-3.5356178283691406,41,-152.15838623046875,-3.3812975883483887,45,-133.0096435546875,-3.244137763977051,41,-147.30337524414062,-3.5927653312683105,41,826
-111.89498138427734,-2.4865550994873047,45,-88.3750228881836,-1.9638893604278564,45,-101.49899291992188,-2.255533218383789,45,-61.057186126708984,-1.9080370664596558,32,-90.44371795654297,-2.0098605155944824,45,-87.37312316894531,-1.9416249990463257,45,827
-42.774723052978516,-0.7249953150749207,59,-52.246681213378906,-0.8855369687080383,59,-63.70480728149414,-1.0797425508499146,59,-40.39710235595703,-0.6846966743469238,59,-81.83528137207031,-1.3870387077331543,59,-77.33964538574219,-1.31084144115448,59,828
-75.1258544921875,-2.08682918548584,36,-89.00467681884766,-2.4723520278930664,36,-94.1246337890625,-2.6145732402801514,36,-92.26641845703125,-2.0503649711608887,45,-93.64585876464844,-2.601273775100708,36,-95.15243530273438,-2.643123149871826,36,829
-139.07351684570312,-2.4398863315582275,57,-201.44700622558594,-3.5341579914093018,57,-185.67926025390625,-3.257530927658081,57,-80.57560729980469,-4.240821361541748,19,-219.03106689453125,-3.8426504135131836,57,-200.1168975830078,-3.5108227729797363,57,830
-120.39279174804688,-2.799832344055176,43,-144.4287109375,-3.358807325363159,43,-127.76476287841797,-2.97127366065979,43,-76.64793395996094,-2.947997570037842,26,-156.42019653320312,-3.637679100036621,43,-123.91844177246094,-2.881824254989624,43,831
-105.34034729003906,-2.3408966064453125,45,-147.73068237304688,-3.2829041481018066,45,-142.47076416015625,-3.1660170555114746,45,-115.51744842529297,-3.1220932006835938,37,-153.35845947265625,-3.407965660095215,45,-151.21368408203125,-3.360304117202759,45,832
-128.08404541015625,-3.1240010261535645,41,-117.13238525390625,-2.8568873405456543,41,-101.09527587890625,-2.465738534927368,41,-61.634727478027344,-2.3705663681030273,26,-117.74871826171875,-2.871919870376587,41,-106.28118896484375,-2.59222412109375,41,833
-78.13288879394531,-1.7757474184036255,44,-79.53822326660156,-1.8076869249343872,44,-73.66545867919922,-1.6742149591445923,44,-52.78546905517578,-1.1730104684829712,45,-100.47201538085938,-2.2834548950195312,44,-75.81275939941406,-1.7230172157287598,44,834
-107.6943130493164,-2.4475979804992676,44,-125.36329650878906,-2.849165916442871,44,-139.26773071289062,-3.165175676345825,44,-72.75462341308594,-2.598379373550415,28,-152.81820678710938,-3.4731409549713135,44,-160.37130737304688,-3.6448023319244385,44,835
-120.50111389160156,-3.765659809112549,32,-87.38841247558594,-2.7308878898620605,32,-100.04034423828125,-3.126260757446289,32,-71.95165252685547,-2.76737117767334,26,-91.5657958984375,-2.861431121826172,32,-100.65904998779297,-3.1455953121185303,32,836
-70.50193786621094,-2.014341115951538,35,-94.27481079101562,-2.693566083908081,35,-78.7918472290039,-2.2511956691741943,35,-83.57505798339844,-2.199343681335449,38,-85.03005981445312,-2.4294302463531494,35,-88.98274230957031,-2.5423641204833984,35,837
-71.27294921875,-1.8275115489959717,39,-99.86546325683594,-2.5606529712677,39,-109.18634033203125,-2.799649715423584,39,-116.92524719238281,-3.340721368789673,35,-128.90896606445312,-3.3053581714630127,39,-137.63267517089844,-3.529042959213257,39,838
-121.17871856689453,-2.578270673751831,47,-124.02316284179688,-2.6387906074523926,47,-120.37428283691406,-2.561154842376709,47,-88.29544067382812,-3.1534085273742676,28,-141.62063598632812,-3.013205051422119,47,-149.67576599121094,-3.1845908164978027,47,839
-89.32832336425781,-2.233208179473877,40,-90.42143249511719,-2.260535717010498,40,-90.23390197753906,-2.255847454071045,40,-82.87224578857422,-2.302006721496582,36,-105.53376770019531,-2.6383442878723145,40,-103.09811401367188,-2.5774528980255127,40,840
-98.05413818359375,-2.1316115856170654,46,-123.36668395996094,-2.681884527206421,46,-121.99945831298828,-2.6521620750427246,46,-83.92388153076172,-2.397825241088867,35,-147.3523406982422,-3.2033116817474365,46,-136.65228271484375,-2.9707016944885254,46,841
-113.13731384277344,-2.6937456130981445,42,-83.05189514160156,-1.9774260520935059,42,-88.50672912597656,-2.1073031425476074,42,-80.68084716796875,-2.0170211791992188,40,-102.99322509765625,-2.4522197246551514,42,-117.81889343261719,-2.8052117824554443,42,842
-109.10582733154297,-3.30623722076416,33,-86.70384979248047,-2.627389430999756,33,-66.158935546875,-2.0048162937164307,33,-69.081787109375,-1.6849216222763062,41,-87.812255859375,-2.660977363586426,33,-80.11807250976562,-2.4278204441070557,33,843
-12.947160720825195,-0.3807988464832306,34,-93.42945861816406,-2.747925281524658,34,-86.01481628417969,-2.5298476219177246,34,-69.36543273925781,-2.890226364135742,24,-100.47870635986328,-2.9552559852600098,34,-93.7144775390625,-2.756308078765869,34,844
-39.54154968261719,-0.7753245234489441,51,-90.22901153564453,-1.7691962718963623,51,-67.83495330810547,-1.3300970792770386,51,-37.80998229980469,-0.8593177795410156,44,-92.65587615966797,-1.8167818784713745,51,-75.61300659179688,-1.4826079607009888,51,845
-93.74436950683594,-1.913150429725647,49,-112.50999450683594,-2.2961223125457764,49,-109.62993621826172,-2.2373456954956055,49,-56.60007858276367,-1.9517267942428589,29,-141.0404052734375,-2.87837553024292,49,-144.73025512695312,-2.953678607940674,49,846
-83.96359252929688,-2.54435133934021,33,-89.97991943359375,-2.7266643047332764,33,-78.56696319580078,-2.380817174911499,33,-81.57572937011719,-2.204749345779419,37,-99.45568084716797,-3.013808488845825,33,-83.52745056152344,-2.531134843826294,33,847
-74.42887878417969,-1.6915653944015503,44,-81.64584350585938,-1.855587363243103,44,-62.03029251098633,-1.40977942943573,44,-64.65531921386719,-1.5036120414733887,43,-82.80750274658203,-1.8819886445999146,44,-85.75140380859375,-1.9488955736160278,44,848
-78.87715148925781,-1.6782373189926147,47,-118.15486145019531,-2.5139331817626953,47,-123.12943267822266,-2.6197750568389893,47,-65.37455749511719,-2.334805727005005,28,-129.50390625,-2.7554023265838623,47,-129.33560180664062,-2.751821279525757,47,849
-125.84333801269531,-3.4011712074279785,37,-121.67626190185547,-3.2885475158691406,37,-109.22087860107422,-2.951915740966797,37,-113.06759643554688,-2.9754631519317627,38,-148.8245391845703,-4.022284984588623,37,-133.88253784179688,-3.6184470653533936,37,850
-71.73551177978516,-1.4639900922775269,49,-84.92117309570312,-1.7330851554870605,49,-71.77099609375,-1.4647141695022583,49,-74.00904083251953,-1.4511576890945435,51,-100.81681823730469,-2.057486057281494,49,-94.34805297851562,-1.9254704713821411,49,851
-112.52347564697266,-2.6168251037597656,43,-124.30168914794922,-2.8907370567321777,43,-113.90243530273438,-2.6488938331604004,43,-77.75114440917969,-2.508101463317871,31,-115.7280502319336,-2.691349983215332,43,-109.58827209472656,-2.5485644340515137,43,852
-98.06645965576172,-2.391864776611328,41,-70.67127227783203,-1.7236895561218262,41,-75.42677307128906,-1.839677333831787,41,-56.888553619384766,-1.2929216623306274,44,-95.95829772949219,-2.3404462337493896,41,-98.40074920654297,-2.4000182151794434,41,853
-90.06061553955078,-2.370016098022461,38,-98.39768981933594,-2.5894129276275635,38,-67.33297729492188,-1.7719204425811768,38,-95.27055358886719,-2.1171233654022217,45,-97.86286926269531,-2.57533860206604,38,-78.49185943603516,-2.065575361251831,38,854
-116.21990203857422,-2.8346316814422607,41,-154.43182373046875,-3.766629934310913,41,-147.26956176757812,-3.5919406414031982,41,-130.13211059570312,-3.5170841217041016,37,-156.11770629882812,-3.807749032974243,41,-119.21621704101562,-2.907712697982788,41,855
-115.37646484375,-2.6221923828125,44,-113.15385437011719,-2.571678400039673,44,-95.50286865234375,-2.1705198287963867,44,-98.8018569946289,-2.0583720207214355,48,-131.37684631347656,-2.985837459564209,44,-110.36415100097656,-2.5082762241363525,44,856
-84.1558837890625,-2.404453754425049,35,-93.7186050415039,-2.6776745319366455,35,-86.46085357666016,-2.4703102111816406,35,-49.192176818847656,-1.9676871299743652,25,-122.43280029296875,-3.498080015182495,35,-109.78813171386719,-3.1368038654327393,35,857
-58.893714904785156,-1.8997972011566162,31,-85.98143768310547,-2.773594856262207,31,-87.61185455322266,-2.826188802719116,31,-59.39591979980469,-2.1212828159332275,28,-110.02607727050781,-3.5492281913757324,31,-88.73985290527344,-2.8625760078430176,31,858
-81.828369140625,-2.0457091331481934,40,-109.24678802490234,-2.7311697006225586,40,-93.89137268066406,-2.3472843170166016,40,-94.80960083007812,-2.106879949569702,45,-90.62396240234375,-2.265599012374878,40,-100.17317199707031,-2.504329204559326,40,859
-46.17656326293945,-1.073873519897461,43,-87.48341369628906,-2.0344979763031006,43,-99.72694396972656,-2.3192312717437744,43,-78.4764404296875,-2.3780739307403564,33,-94.71688842773438,-2.2027182579040527,43,-113.44229125976562,-2.638192892074585,43,860
-73.28917694091797,-1.6656631231307983,44,-96.5130615234375,-2.193478584289551,44,-95.2579574584961,-2.1649534702301025,44,-53.923095703125,-1.49786376953125,36,-115.32949829101562,-2.6211249828338623,44,-112.48139953613281,-2.5563955307006836,44,861
-106.29257202148438,-2.0440878868103027,52,-125.76014709472656,-2.418464422225952,52,-128.18165588378906,-2.465031862258911,52,-82.74465942382812,-2.236342191696167,37,-133.23550415039062,-2.5622212886810303,52,-126.94847106933594,-2.441316843032837,52,862
-148.56719970703125,-3.0951499938964844,48,-139.54354858398438,-2.9071571826934814,48,-109.52539825439453,-2.2817790508270264,48,-84.07096862792969,-2.4020276069641113,35,-175.88363647460938,-3.6642425060272217,48,-165.34359741210938,-3.4446582794189453,48,863
-61.30052185058594,-2.2703897953033447,27,-167.25808715820312,-6.194744110107422,27,-192.9532928466797,-7.14641809463501,27,-321.77471923828125,-6.846270561218262,47,-161.8223114013672,-5.993419170379639,27,-180.77272033691406,-6.695285797119141,27,864
-90.10029602050781,-1.8387815952301025,49,-105.31084442138672,-2.149200916290283,49,-107.81593322753906,-2.2003252506256104,49,-51.54672622680664,-1.5620219707489014,33,-140.54495239257812,-2.8682644367218018,49,-125.11563110351562,-2.553380250930786,49,865
-48.050453186035156,-1.3728700876235962,35,-100.0657730102539,-2.8590221405029297,35,-114.07415771484375,-3.2592616081237793,35,-142.5286865234375,-3.09844970703125,46,-117.11277770996094,-3.3460793495178223,35,-120.13833618164062,-3.4325239658355713,35,866
-86.07485961914062,-2.869162082672119,30,-100.40985107421875,-3.3469951152801514,30,-86.78226470947266,-2.892742156982422,30,-71.70663452148438,-3.259392499923706,22,-99.96784973144531,-3.332261562347412,30,-81.84566497802734,-2.7281887531280518,30,867
-61.71265411376953,-1.8150780200958252,34,-79.95060729980469,-2.3514883518218994,34,-83.11022186279297,-2.44441819190979,34,-76.25584411621094,-1.8598986864089966,41,-99.79642486572266,-2.9351890087127686,34,-107.1075439453125,-3.150221824645996,34,868
-82.82994842529297,-2.958212375640869,28,-86.9555892944336,-3.1055567264556885,28,-75.9510498046875,-2.7125375270843506,28,-87.34982299804688,-2.1837456226348877,40,-99.78179931640625,-3.5636355876922607,28,-88.78555297851562,-3.170912504196167,28,869
-146.43911743164062,-2.4820189476013184,59,-149.57574462890625,-2.535181999206543,59,-136.4664306640625,-2.312990427017212,59,-93.81230163574219,-2.288105010986328,41,-131.18576049804688,-2.223487377166748,59,-127.19320678710938,-2.1558170318603516,59,870
-56.1572265625,-1.1011221408843994,51,-94.97415161132812,-1.8622382879257202,51,-120.35387420654297,-2.359879970550537,51,-90.90646362304688,-2.020143747329712,45,-108.09060668945312,-2.1194236278533936,51,-114.69264221191406,-2.248875379562378,51,871
-91.075927734375,-2.276898145675659,40,-89.57804107666016,-2.2394509315490723,40,-103.00276947021484,-2.5750691890716553,40,-98.09976959228516,-2.3926773071289062,41,-93.8409194946289,-2.3460230827331543,40,-105.76897430419922,-2.6442244052886963,40,872
-89.98926544189453,-2.646743059158325,34,-98.89474487304688,-2.9086689949035645,34,-92.91889953613281,-2.7329087257385254,34,-142.94467163085938,-3.1074929237365723,46,-106.25344848632812,-3.125101327896118,34,-102.55010986328125,-3.0161798000335693,34,873
-70.08203125,-2.0023436546325684,35,-75.04377746582031,-2.1441078186035156,35,-76.11214447021484,-2.1746327877044678,35,-84.86311340332031,-2.0698320865631104,41,-86.14494323730469,-2.4612841606140137,35,-78.88162994384766,-2.253760814666748,35,874
-99.37480163574219,-2.3660666942596436,42,-249.13604736328125,-5.9318108558654785,42,-284.57879638671875,-6.775685787200928,42,-302.6889953613281,-6.580195426940918,46,-252.6662139892578,-6.015862464904785,42,-287.078125,-6.835193634033203,42,875
-111.30107116699219,-2.2714505195617676,49,-133.94662475585938,-2.733604669570923,49,-142.89993286132812,-2.916325092315674,49,-102.36979675292969,-2.924851417541504,35,-150.18896484375,-3.0650808811187744,49,-159.02699279785156,-3.2454488277435303,49,876
-173.2969207763672,-3.9385664463043213,44,-294.7718505859375,-6.699360370635986,44,-288.82098388671875,-6.564113140106201,44,-300.2842102050781,-6.389025688171387,47,-293.33905029296875,-6.666796684265137,44,-297.4156494140625,-6.759446620941162,44,877
-49.44671630859375,-1.4983853101730347,33,-49.39670181274414,-1.4968698024749756,33,-63.6427116394043,-1.9285670518875122,33,-50.57897186279297,-1.6315797567367554,31,-55.61372375488281,-1.6852643489837646,33,-66.78007507324219,-2.0236387252807617,33,878
-96.367919921875,-1.5543212890625,62,-149.1500244140625,-2.4056456089019775,62,-140.06785583496094,-2.2591588497161865,62,-30.70339584350586,-1.5351698398590088,20,-161.95245361328125,-2.6121363639831543,62,-143.98208618164062,-2.322291612625122,62,879
-72.77323913574219,-1.6924009323120117,43,-110.39564514160156,-2.567340612411499,43,-116.33157348632812,-2.705385446548462,43,-111.26500701904297,-2.367340564727783,47,-112.63926696777344,-2.6195178031921387,43,-117.87834930419922,-2.74135684967041,43,880
-104.94229125976562,-2.0988457202911377,50,-116.60614013671875,-2.332122802734375,50,-96.34742736816406,-1.9269485473632812,50,-59.60102844238281,-1.3545688390731812,44,-119.17800903320312,-2.3835601806640625,50,-106.56199645996094,-2.131239891052246,50,881
-128.68450927734375,-3.0639169216156006,42,-141.47427368164062,-3.3684351444244385,42,-129.03570556640625,-3.0722787380218506,42,-125.41404724121094,-3.0588791370391846,41,-140.68553161621094,-3.3496556282043457,42,-124.32515716552734,-2.96012282371521,42,882
-44.912818908691406,-1.4488005638122559,31,-97.85816955566406,-3.156715154647827,31,-102.3611831665039,-3.301973581314087,31,-53.16624069213867,-2.41664719581604,22,-95.9914779663086,-3.09649920463562,31,-100.99374389648438,-3.2578628063201904,31,883
-62.48537826538086,-2.1546683311462402,29,-106.68087005615234,-3.6786506175994873,29,-102.9119873046875,-3.548689126968384,29,-111.65774536132812,-2.3262031078338623,48,-104.57376098632812,-3.605991840362549,29,-102.91179656982422,-3.548682689666748,29,884
-54.437721252441406,-2.17750883102417,25,-77.9892578125,-3.119570255279541,25,-91.08191680908203,-3.6432766914367676,25,-87.45439910888672,-2.915146589279175,30,-75.17427062988281,-3.0069708824157715,25,-92.64442443847656,-3.7057769298553467,25,885
-89.50445556640625,-2.4862349033355713,36,-85.77584075927734,-2.382662296295166,36,-78.22206115722656,-2.172835111618042,36,-64.0010986328125,-2.2069344520568848,29,-93.67994689941406,-2.6022207736968994,36,-91.05149841308594,-2.529208183288574,36,886
-59.21915054321289,-1.6449763774871826,36,-69.39161682128906,-1.9275449514389038,36,-70.0604248046875,-1.9461228847503662,36,-67.34220886230469,-1.726723313331604,39,-119.98880767822266,-3.333022356033325,36,-117.652099609375,-3.268113851547241,36,887
-113.4864501953125,-2.7679622173309326,41,-86.5503921508789,-2.110985279083252,41,-59.480064392089844,-1.4507333040237427,41,-38.97999572753906,-1.0257893800735474,38,-116.14192199707031,-2.8327298164367676,41,-100.03407287597656,-2.4398553371429443,41,888
-53.55701446533203,-2.059885263442993,26,-65.90384674072266,-2.5347633361816406,26,-73.00714111328125,-2.807966947555542,26,-76.38927459716797,-1.5914431810379028,48,-75.64900970458984,-2.9095773696899414,26,-88.45339965820312,-3.4020538330078125,26,889
-73.36468505859375,-2.6201672554016113,28,-123.54463195800781,-4.412308216094971,28,-123.40532684326172,-4.407332897186279,28,-164.36038208007812,-3.6524529457092285,45,-106.29049682617188,-3.7960891723632812,28,-93.05194091796875,-3.3232836723327637,28,890
-118.77494049072266,-2.6394431591033936,45,-108.47613525390625,-2.41058087348938,45,-112.16593933105469,-2.4925763607025146,45,-82.81515502929688,-2.435739755630493,34,-120.33831787109375,-2.674184799194336,45,-120.09574127197266,-2.6687941551208496,45,891
-87.65805053710938,-3.506321907043457,25,-75.99090576171875,-3.0396361351013184,25,-67.0969467163086,-2.683877944946289,25,-69.536865234375,-1.6960210800170898,41,-80.72419738769531,-3.2289679050445557,25,-85.70249938964844,-3.4280998706817627,25,892
-96.05316162109375,-1.9602686166763306,49,-99.42188262939453,-2.029017925262451,49,-114.90547180175781,-2.3450095653533936,49,-93.59657287597656,-2.127194881439209,44,-115.05109405517578,-2.3479814529418945,49,-125.35169219970703,-2.5581977367401123,49,893
-114.45660400390625,-2.543480157852173,45,-151.9908447265625,-3.3775744438171387,45,-122.76202392578125,-2.7280449867248535,45,-72.22254943847656,-2.6749093532562256,27,-145.2611541748047,-3.2280256748199463,45,-133.85000610351562,-2.974444627761841,45,894
-78.09605407714844,-1.7749103307724,44,-126.97529602050781,-2.8858022689819336,44,-158.26486206054688,-3.596928596496582,44,-103.31953430175781,-3.5627424716949463,29,-148.0167999267578,-3.364018201828003,44,-157.92495727539062,-3.5892035961151123,44,895
-94.5093994140625,-3.0486903190612793,31,-82.4007339477539,-2.658088207244873,31,-66.61058044433594,-2.148728370666504,31,-67.68390655517578,-2.051027536392212,33,-108.3192138671875,-3.494168281555176,31,-87.78388977050781,-2.8317384719848633,31,896
-83.07597351074219,-2.7691991329193115,30,-91.39462280273438,-3.046487331390381,30,-90.17703247070312,-3.0059010982513428,30,-81.57164001464844,-2.8128151893615723,29,-106.05309295654297,-3.5351030826568604,30,-99.16513061523438,-3.305504322052002,30,897
-72.53216552734375,-2.6863765716552734,27,-67.37759399414062,-2.495466470718384,27,-58.24055480957031,-2.157057523727417,27,-70.07140350341797,-1.66836678981781,42,-79.87943267822266,-2.9584975242614746,27,-71.61099243164062,-2.65225887298584,27,898
-111.47093963623047,-2.786773443222046,40,-177.16336059570312,-4.429083824157715,40,-221.08441162109375,-5.5271100997924805,40,-273.44354248046875,-5.944424629211426,46,-186.34173583984375,-4.658543586730957,40,-214.6456756591797,-5.3661417961120605,40,899
-76.98741149902344,-2.1996402740478516,35,-75.45346069335938,-2.155813217163086,35,-37.59144973754883,-1.0740413665771484,35,-26.943382263183594,-0.7924523949623108,34,-84.64430236816406,-2.4184086322784424,35,-46.299041748046875,-1.3228297233581543,35,900
-86.35626220703125,-2.616856336593628,33,-80.86135864257812,-2.4503440856933594,33,-74.63243103027344,-2.2615888118743896,33,-71.83247375488281,-1.9953465461730957,36,-99.1767578125,-3.0053563117980957,33,-92.78448486328125,-2.8116509914398193,33,901
-70.4041519165039,-2.8161661624908447,25,-69.81048583984375,-2.79241943359375,25,-66.27153778076172,-2.6508615016937256,25,-43.72087097167969,-1.457362413406372,30,-74.31114196777344,-2.9724457263946533,25,-62.37693405151367,-2.49507737159729,25,902
-58.66838836669922,-2.172903299331665,27,-83.73960876464844,-3.1014668941497803,27,-63.314083099365234,-2.344965934753418,27,-64.44825744628906,-2.014008045196533,32,-79.27081298828125,-2.9359560012817383,27,-70.76559448242188,-2.62094783782959,27,903
-104.33926391601562,-2.6084816455841064,40,-150.58258056640625,-3.7645645141601562,40,-125.6835708618164,-3.142089366912842,40,-127.7598876953125,-3.1160948276519775,41,-137.45526123046875,-3.4363815784454346,40,-126.455810546875,-3.161395311355591,40,904
-69.46549987792969,-1.6942805051803589,41,-138.68601989746094,-3.3825857639312744,41,-144.83026123046875,-3.5324454307556152,41,-77.87554931640625,-3.1150219440460205,25,-142.94688415527344,-3.486509323120117,41,-123.04216003417969,-3.001028299331665,41,905
-95.362060546875,-2.9800643920898438,32,-102.50829315185547,-3.2033841609954834,32,-98.09233856201172,-3.065385580062866,32,-75.79023742675781,-1.578963279724121,48,-99.32206726074219,-3.1038146018981934,32,-102.99723052978516,-3.218663454055786,32,906
-99.55742645263672,-2.1182432174682617,47,-135.76791381835938,-2.888679027557373,47,-136.503173828125,-2.904322862625122,47,-88.09964752197266,-3.03791880607605,29,-139.80471801757812,-2.9745683670043945,47,-146.06851196289062,-3.1078407764434814,47,907
-62.14211654663086,-2.142831563949585,29,-94.44654083251953,-3.256777286529541,29,-86.11325073242188,-2.9694223403930664,29,-59.78971862792969,-2.9894859790802,20,-95.55958557128906,-3.2951581478118896,29,-90.1695556640625,-3.109295129776001,29,908
-80.20021057128906,-1.9095288515090942,42,-107.26274108886719,-2.5538747310638428,42,-124.49638366699219,-2.9641995429992676,42,-66.98748779296875,-2.679499626159668,25,-116.75225067138672,-2.779815435409546,42,-130.98031616210938,-3.1185789108276367,42,909
-91.20494079589844,-5.066941261291504,18,-82.56236267089844,-4.586797714233398,18,-74.42216491699219,-4.1345648765563965,18,-89.76224517822266,-3.3245275020599365,27,-93.96208190917969,-5.220115661621094,18,-86.56501770019531,-4.809167861938477,18,910
-32.972434997558594,-1.4335840940475464,23,-60.49824523925781,-2.6303584575653076,23,-73.5147933959961,-3.1962952613830566,23,-82.25581359863281,-2.9377076625823975,28,-73.24805450439453,-3.1846981048583984,23,-69.57640838623047,-3.0250611305236816,23,911
-42.02955627441406,-1.4009852409362793,30,-87.09935760498047,-2.9033119678497314,30,-77.15568542480469,-2.5718562602996826,30,-79.71408081054688,-2.5714218616485596,31,-89.95295715332031,-2.998431921005249,30,-90.22244262695312,-3.0074148178100586,30,912
-48.18650817871094,-1.4601972103118896,33,-78.46139526367188,-2.3776180744171143,33,-64.93885803222656,-1.9678441286087036,33,-22.226085662841797,-1.169793963432312,19,-71.19041442871094,-2.157285213470459,33,-58.28550720214844,-1.7662274837493896,33,913
-77.91686248779297,-2.686788320541382,29,-72.89921569824219,-2.513766050338745,29,-70.88616943359375,-2.4443507194519043,29,-79.81425476074219,-2.4186136722564697,33,-76.69452667236328,-2.644638776779175,29,-76.81210327148438,-2.648693323135376,29,914
-114.74835968017578,-2.868709087371826,40,-78.447509765625,-1.961187720298767,40,-86.87663269042969,-2.1719157695770264,40,-34.332977294921875,-1.492738127708435,23,-100.7313232421875,-2.5182831287384033,40,-82.36991882324219,-2.0592479705810547,40,915
-92.35516357421875,-3.4205615520477295,27,-96.13264465332031,-3.5604684352874756,27,-91.25920104980469,-3.3799703121185303,27,-88.4198989868164,-2.9473299980163574,30,-83.33697509765625,-3.086554527282715,27,-95.81298065185547,-3.548628807067871,27,916
-156.71469116210938,-3.731302261352539,42,-97.71029663085938,-2.3264355659484863,42,-92.54505157470703,-2.203453540802002,42,-94.46620178222656,-2.0992488861083984,45,-94.15132141113281,-2.2416980266571045,42,-103.31952667236328,-2.459988832473755,42,917
-102.76576232910156,-3.211430072784424,32,-58.84070587158203,-1.8387720584869385,32,-52.74070739746094,-1.6481471061706543,32,-53.34648895263672,-1.9052317142486572,28,-68.38111877441406,-2.1369099617004395,32,-57.43088150024414,-1.7947150468826294,32,918
-77.56494140625,-2.585498094558716,30,-58.710487365722656,-1.9570162296295166,30,-64.20616149902344,-2.1402053833007812,30,-54.08562088012695,-1.7446974515914917,31,-52.81788635253906,-1.7605961561203003,30,-59.478790283203125,-1.9826263189315796,30,919
-122.82828521728516,-2.506699800491333,49,-117.1502456665039,-2.3908214569091797,49,-86.13754272460938,-1.7579090595245361,49,-87.15159606933594,-1.7088547945022583,51,-114.75003814697266,-2.3418374061584473,49,-88.69053649902344,-1.8100109100341797,49,920
-129.4227752685547,-3.235569477081299,40,-105.43602752685547,-2.6359007358551025,40,-96.18681335449219,-2.404670238494873,40,-76.34032440185547,-2.3856351375579834,32,-98.0385971069336,-2.45096492767334,40,-86.60580444335938,-2.1651451587677,40,921
-92.46510314941406,-2.8019728660583496,33,-45.24460983276367,-1.3710488080978394,33,-39.556846618652344,-1.1986923217773438,33,-21.793292999267578,-0.6409792304039001,34,-59.701683044433594,-1.8091418743133545,33,-35.5523681640625,-1.077344536781311,33,922
-29.65113639831543,-0.7412784099578857,40,-103.54202270507812,-2.588550567626953,40,-114.72393798828125,-2.868098497390747,40,-92.82979583740234,-2.5786054134368896,36,-109.13969421386719,-2.728492259979248,40,-118.54815673828125,-2.9637038707733154,40,923
-75.59898376464844,-2.159970998764038,35,-108.9454574584961,-3.112727403640747,35,-77.10164642333984,-2.202904224395752,35,-53.818153381347656,-1.922076940536499,28,-91.63121032714844,-2.618034601211548,35,-74.90430450439453,-2.140122890472412,35,924
-67.01904296875,-2.0943450927734375,32,-100.89582824707031,-3.1529946327209473,32,-82.5288314819336,-2.579025983810425,32,-70.37139892578125,-2.4265999794006348,29,-105.61585998535156,-3.3004956245422363,32,-82.07637786865234,-2.5648868083953857,32,925
-147.31967163085938,-2.539994239807129,58,-127.7635498046875,-2.20281982421875,58,-125.8992919921875,-2.170677423477173,58,-68.56634521484375,-1.6723499298095703,41,-146.24691772460938,-2.521498680114746,58,-135.4402618408203,-2.335176944732666,58,926
-65.60772705078125,-1.9296389818191528,34,-129.70556640625,-3.8148696422576904,34,-131.0950164794922,-3.8557357788085938,34,-140.80490112304688,-3.128997802734375,45,-126.48047637939453,-3.7200140953063965,34,-125.37022399902344,-3.687359571456909,34,927
-123.87176513671875,-3.440882444381714,36,-134.23330688476562,-3.728703022003174,36,-111.66734313964844,-3.101870536804199,36,-81.86407470703125,-3.148618221282959,26,-133.282958984375,-3.7023043632507324,36,-113.82218170166016,-3.1617271900177,36,928
-55.9822883605957,-1.7494465112686157,32,-83.64424133300781,-2.613882541656494,32,-101.0094223022461,-3.1565444469451904,32,-131.4669189453125,-3.206510305404663,41,-72.9604721069336,-2.280014753341675,32,-96.36917114257812,-3.0115365982055664,32,929
-133.793701171875,-1.9675544500350952,68,-165.96546936035156,-2.4406685829162598,68,-161.43017578125,-2.3739731311798096,68,-73.14274597167969,-2.151257276535034,34,-161.00025939941406,-2.3676509857177734,68,-172.47775268554688,-2.536437511444092,68,930
-81.13302612304688,-2.253695249557495,36,-102.88878631591797,-2.8580217361450195,36,-104.94593811035156,-2.9151649475097656,36,-75.32636260986328,-2.789865255355835,27,-104.60220336914062,-2.9056167602539062,36,-111.27483367919922,-3.0909676551818848,36,931
-52.916404724121094,-1.469900131225586,36,-83.55885314941406,-2.3210792541503906,36,-81.57389068603516,-2.2659413814544678,36,-63.15391540527344,-2.339033842086792,27,-97.57041931152344,-2.710289478302002,36,-105.45663452148438,-2.9293508529663086,36,932
-44.30739212036133,-1.4769130945205688,30,-72.6675033569336,-2.4222500324249268,30,-101.86892700195312,-3.3956308364868164,30,-91.36741638183594,-3.263122081756592,28,-81.40101623535156,-2.713367223739624,30,-102.53001403808594,-3.4176671504974365,30,933
-93.19474792480469,-2.025972843170166,46,-125.22808837890625,-2.7223496437072754,46,-122.64299011230469,-2.666152000427246,46,-80.29545593261719,-2.4331955909729004,33,-129.54005432128906,-2.8160881996154785,46,-123.70658874511719,-2.6892735958099365,46,934
-76.49676513671875,-2.0674800872802734,37,-107.17514038085938,-2.896625518798828,37,-100.36308288574219,-2.7125158309936523,37,-136.5613555908203,-2.9687252044677734,46,-108.67669677734375,-2.9372079372406006,37,-111.81037902832031,-3.021902084350586,37,935
-36.11491394042969,-1.6415870189666748,22,-71.83407592773438,-3.2651853561401367,22,-68.54605865478516,-3.115730047225952,22,-65.26605987548828,-1.9195899963378906,34,-66.51782989501953,-3.0235376358032227,22,-61.393524169921875,-2.7906148433685303,22,936
-61.48392868041992,-1.8083508014678955,34,-61.486610412597656,-1.8084297180175781,34,-69.34034729003906,-2.039422035217285,34,-81.63048553466797,-1.7745758295059204,46,-70.69805145263672,-2.0793545246124268,34,-67.52499389648438,-1.9860292673110962,34,937
-96.83521270751953,-2.4208803176879883,40,-127.42547607421875,-3.1856369972229004,40,-110.55387878417969,-2.7638468742370605,40,-111.98686218261719,-3.199624538421631,35,-123.96453857421875,-3.0991134643554688,40,-109.96839904785156,-2.7492098808288574,40,938
-59.38701629638672,-1.7466769218444824,34,-90.07490539550781,-2.649261951446533,34,-80.82980346679688,-2.377347230911255,34,-66.31967163085938,-2.4562840461730957,27,-95.23394775390625,-2.8009984493255615,34,-84.03203582763672,-2.4715304374694824,34,939
-87.32649230957031,-2.030848741531372,43,-83.80635070800781,-1.9489848613739014,43,-77.28675842285156,-1.7973664999008179,43,-54.57273483276367,-1.653719186782837,33,-88.07383728027344,-2.0482287406921387,43,-85.6666488647461,-1.9922477006912231,43,940
-92.54237365722656,-2.6440677642822266,35,-89.00257873535156,-2.542930841445923,35,-67.34466552734375,-1.92413330078125,35,-69.82508087158203,-1.939585566520691,36,-93.30450439453125,-2.6658430099487305,35,-77.66569519042969,-2.219019889831543,35,941
-52.121273040771484,-1.8614740371704102,28,-69.81383514404297,-2.4933512210845947,28,-73.16791534423828,-2.6131398677825928,28,-72.56884765625,-2.418961524963379,30,-76.28976440429688,-2.7246344089508057,28,-74.1173324584961,-2.647047519683838,28,942
-78.4515151977539,-1.9134515523910522,41,-61.162025451660156,-1.4917566776275635,41,-76.44977569580078,-1.8646286725997925,41,-46.160911560058594,-1.3576738834381104,34,-66.9502944946289,-1.6329339742660522,41,-75.3918685913086,-1.838826060295105,41,943
-118.90650939941406,-2.4772188663482666,48,-119.52723693847656,-2.4901506900787354,48,-105.50968933105469,-2.1981184482574463,48,-85.076416015625,-2.126910448074341,40,-110.50557708740234,-2.302199602127075,48,-110.90058898925781,-2.3104288578033447,48,944
-52.62281799316406,-1.096308708190918,48,-117.06954193115234,-2.4389488697052,48,-118.26998138427734,-2.4639580249786377,48,-61.34114456176758,-2.1152119636535645,29,-127.71465301513672,-2.660722017288208,48,-111.62894439697266,-2.3256030082702637,48,945
-106.5016098022461,-2.597600221633911,41,-125.203857421875,-3.0537526607513428,41,-121.95948791503906,-2.9746217727661133,41,-148.30564880371094,-3.2240357398986816,46,-137.95164489746094,-3.3646743297576904,41,-132.20187377929688,-3.224436044692993,41,946
-76.13614654541016,-2.819857358932495,27,-77.03224182128906,-2.85304594039917,27,-67.75898742675781,-2.509592056274414,27,-64.71968841552734,-2.23171329498291,29,-81.4655990600586,-3.017244338989258,27,-75.19297790527344,-2.7849252223968506,27,947
-121.50463104248047,-2.8256890773773193,43,-139.42840576171875,-3.242521047592163,43,-141.8141326904297,-3.2980031967163086,43,-139.60372924804688,-3.4049689769744873,41,-143.21463012695312,-3.3305728435516357,43,-144.97959899902344,-3.3716185092926025,43,948
-55.09007263183594,-1.4889209270477295,37,-95.4141616821289,-2.578761100769043,37,-92.86753845214844,-2.5099334716796875,37,-83.32171630859375,-2.524900436401367,33,-85.19819641113281,-2.3026540279388428,37,-97.09647369384766,-2.6242289543151855,37,949
-116.48118591308594,-4.480045795440674,26,-111.82850646972656,-4.301096439361572,26,-76.08558654785156,-2.9263687133789062,26,-23.767070770263672,-1.3980629444122314,17,-113.52629852294922,-4.366395950317383,26,-77.72288513183594,-2.9893417358398438,26,950
-44.31948471069336,-1.3849838972091675,32,-68.28536987304688,-2.133917808532715,32,-70.13423156738281,-2.191694736480713,32,-74.29161071777344,-2.0078814029693604,37,-84.57476806640625,-2.6429615020751953,32,-86.59269714355469,-2.706021785736084,32,951
-57.99032211303711,-2.4162633419036865,24,-67.89173889160156,-2.828822374343872,24,-68.34212493896484,-2.847588539123535,24,-72.4201889038086,-3.2918267250061035,22,-70.16133880615234,-2.923389196395874,24,-72.3008041381836,-3.01253342628479,24,952
-103.49459838867188,-2.406851053237915,43,-97.17434692382812,-2.259868621826172,43,-90.86441802978516,-2.113126039505005,43,-74.1203842163086,-2.0588996410369873,36,-108.26146697998047,-2.5177085399627686,43,-99.60719299316406,-2.316446304321289,43,953
-53.20747375488281,-2.9559707641601562,18,-62.61650848388672,-3.4786949157714844,18,-58.90050506591797,-3.272250175476074,18,-60.192779541015625,-1.7703758478164673,34,-70.03614807128906,-3.890897035598755,18,-66.38494110107422,-3.688052177429199,18,954
-60.16461944580078,-1.467429757118225,41,-103.8354721069336,-2.5325725078582764,41,-97.21139526367188,-2.371009588241577,41,-96.5830307006836,-2.3556835651397705,41,-94.60215759277344,-2.3073697090148926,41,-93.49449157714844,-2.280353546142578,41,955
-126.5172348022461,-2.875391721725464,44,-93.56202697753906,-2.1264097690582275,44,-87.9050064086914,-1.9978410005569458,44,-20.417518615722656,-0.729197084903717,28,-93.90335083007812,-2.134166955947876,44,-86.30404663085938,-1.9614555835723877,44,956
-78.45989990234375,-2.120537757873535,37,-102.83479309082031,-2.7793188095092773,37,-85.11601257324219,-2.3004326820373535,37,-87.43821716308594,-2.18595552444458,40,-100.01048278808594,-2.702986001968384,37,-83.59454345703125,-2.2593119144439697,37,957
-43.91111755371094,-0.8610023260116577,51,-145.89114379882812,-2.8606107234954834,51,-141.5723876953125,-2.7759292125701904,51,-85.47709655761719,-2.849236488342285,30,-143.72377014160156,-2.818113088607788,51,-140.95413208007812,-2.7638065814971924,51,958
-85.2164306640625,-1.8131155967712402,47,-68.82530212402344,-1.4643681049346924,47,-67.8194351196289,-1.4429666996002197,47,-61.972190856933594,-1.3185572624206543,47,-88.31465911865234,-1.8790353536605835,47,-68.17848205566406,-1.4506059885025024,47,959
-76.74916076660156,-2.741041421890259,28,-72.71846008300781,-2.597087860107422,28,-56.820064544677734,-2.0292880535125732,28,-58.892738342285156,-1.8997657299041748,31,-81.10618591308594,-2.8966495990753174,28,-62.83020782470703,-2.243936061859131,28,960
-114.20905303955078,-3.6841630935668945,31,-104.68626403808594,-3.376976251602173,31,-96.231689453125,-3.104248046875,31,-21.71784782409668,-1.1430445909500122,19,-104.04786682128906,-3.3563828468322754,31,-97.90827941894531,-3.1583316326141357,31,961
-172.86972045898438,-4.321743011474609,40,-249.583984375,-6.239599704742432,40,-284.7919006347656,-7.119797706604004,40,-326.23297119140625,-7.0920209884643555,46,-258.68316650390625,-6.467079162597656,40,-285.94805908203125,-7.1487016677856445,40,962
-70.78341674804688,-2.2833359241485596,31,-60.347442626953125,-1.9466917514801025,31,-66.06168365478516,-2.1310219764709473,31,-59.817955017089844,-2.062688112258911,29,-68.51649475097656,-2.210209608078003,31,-64.79783630371094,-2.0902528762817383,31,963
-87.99169921875,-2.0950405597686768,42,-97.43247985839844,-2.3198208808898926,42,-96.36184692382812,-2.2943296432495117,42,-89.18689727783203,-2.4774138927459717,36,-91.06655883789062,-2.1682515144348145,42,-92.12905883789062,-2.1935489177703857,42,964
-81.56320190429688,-1.7731131315231323,46,-104.83357238769531,-2.2789907455444336,46,-120.44037628173828,-2.6182689666748047,46,-66.64451599121094,-2.082641124725342,32,-125.84722900390625,-2.735809326171875,46,-130.12936401367188,-2.8288991451263428,46,965
-120.1876220703125,-2.50390887260437,48,-139.8309326171875,-2.91314435005188,48,-111.32260131835938,-2.319220781326294,48,-43.21497344970703,-1.6621143817901611,26,-134.1122283935547,-2.7940046787261963,48,-105.58082580566406,-2.1996004581451416,48,966
-79.84896850585938,-2.4952802658081055,32,-72.17046356201172,-2.255326986312866,32,-59.254981994628906,-1.8517181873321533,32,-78.7361831665039,-2.460505723953247,32,-73.41056823730469,-2.2940802574157715,32,-60.02415084838867,-1.875754714012146,32,967
-86.81024169921875,-2.5532424449920654,34,-82.09861755371094,-2.4146652221679688,34,-73.8978271484375,-2.1734654903411865,34,-85.10716247558594,-2.07578444480896,41,-97.05500030517578,-2.8545589447021484,34,-81.59901428222656,-2.3999710083007812,34,968
-87.03441619873047,-2.290379285812378,38,-75.61066436767578,-1.989754319190979,38,-70.2760009765625,-1.8493684530258179,38,-68.68783569335938,-2.2157366275787354,31,-81.36994934082031,-2.1413145065307617,38,-80.7752685546875,-2.1256649494171143,38,969
-61.14851379394531,-1.5679105520248413,39,-73.40745544433594,-1.8822424411773682,39,-73.66578674316406,-1.8888663053512573,39,-58.17802429199219,-1.662229299545288,35,-74.19876098632812,-1.9025323390960693,39,-73.09233093261719,-1.8741623163223267,39,970
-58.62712097167969,-1.6285310983657837,36,-129.93675231933594,-3.609354257583618,36,-118.23528289794922,-3.284313440322876,36,-105.65785217285156,-3.408317804336548,31,-134.4234161376953,-3.7339837551116943,36,-120.77079772949219,-3.3547444343566895,36,971
-72.48939514160156,-1.6108754873275757,45,-81.57176208496094,-1.8127058744430542,45,-80.50434875488281,-1.7889854907989502,45,-66.88643646240234,-1.5925341844558716,42,-87.12007904052734,-1.9360017776489258,45,-91.05863952636719,-2.0235252380371094,45,972
-67.96385192871094,-1.7885223627090454,38,-91.63743591308594,-2.4115114212036133,38,-91.24958801269531,-2.4013049602508545,38,-40.83656311035156,-1.2761425971984863,32,-87.36505126953125,-2.2990803718566895,38,-77.78995513916016,-2.0471041202545166,38,973
-47.02943801879883,-1.6217048168182373,29,-84.61346435546875,-2.917705774307251,29,-101.91455078125,-3.5142948627471924,29,-88.75279235839844,-2.9584264755249023,30,-87.01025390625,-3.0003535747528076,29,-95.88887023925781,-3.3065128326416016,29,974
-45.5461540222168,-1.518205165863037,30,-64.97811889648438,-2.1659371852874756,30,-54.82712173461914,-1.8275706768035889,30,-48.34550476074219,-1.5595324039459229,31,-53.18396759033203,-1.7727988958358765,30,-48.77733612060547,-1.6259112358093262,30,975
-78.13461303710938,-2.111746311187744,37,-98.17717742919922,-2.6534371376037598,37,-104.3734130859375,-2.8209030628204346,37,-72.96370697021484,-2.353667974472046,31,-96.67005157470703,-2.612704038619995,37,-104.6848373413086,-2.829319953918457,37,976
-76.36396789550781,-1.7759062051773071,43,-85.84967803955078,-1.9965041875839233,43,-63.73122787475586,-1.4821215867996216,43,-48.308231353759766,-1.3056278228759766,37,-103.64285278320312,-2.4102988243103027,43,-82.04054260253906,-1.9079196453094482,43,977
-82.60624694824219,-2.664717674255371,31,-207.03353881835938,-6.678501129150391,31,-185.38584899902344,-5.980188846588135,31,-274.97705078125,-5.8505754470825195,47,-183.7743377685547,-5.928204536437988,31,-178.75,-5.766129016876221,31,978
-142.73318481445312,-3.398409128189087,42,-128.55506896972656,-3.0608348846435547,42,-107.9730453491211,-2.570786714553833,42,-116.01382446289062,-2.7622339725494385,42,-133.69668579101562,-3.1832544803619385,42,-120.46182250976562,-2.868138551712036,42,979
-90.7130126953125,-2.3871846199035645,38,-75.11276245117188,-1.976651668548584,38,-76.14664459228516,-2.003859043121338,38,-113.36825561523438,-2.519294500350952,45,-76.39379119873047,-2.0103628635406494,38,-78.066162109375,-2.054372787475586,38,980
-101.5506591796875,-2.307969570159912,44,-130.94317626953125,-2.9759812355041504,44,-123.5804214477539,-2.8086459636688232,44,-92.1026611328125,-3.1759538650512695,29,-139.30328369140625,-3.1659836769104004,44,-129.33706665039062,-2.939478874206543,44,981
-81.52909851074219,-2.090489625930786,39,-82.39073944091797,-2.1125831604003906,39,-93.16143035888672,-2.3887546062469482,39,-97.3288345336914,-2.3173532485961914,42,-103.14656829833984,-2.6447837352752686,39,-116.6087646484375,-2.9899682998657227,39,982
-49.44550323486328,-1.6481834650039673,30,-60.504920959472656,-2.0168306827545166,30,-58.74384689331055,-1.9581282138824463,30,-99.93478393554688,-2.379399538040161,42,-63.017276763916016,-2.1005759239196777,30,-75.03205871582031,-2.501068592071533,30,983
-46.467315673828125,-1.452103614807129,32,-74.03800964355469,-2.313687801361084,32,-67.73744201660156,-2.116795063018799,32,-94.05816650390625,-2.0447428226470947,46,-92.54631042480469,-2.8920722007751465,32,-85.64989471435547,-2.6765592098236084,32,984
-101.28031158447266,-3.0691003799438477,33,-120.21244812011719,-3.642801523208618,33,-112.60968017578125,-3.41241455078125,33,-114.8323745727539,-2.9444198608398438,39,-115.42803955078125,-3.497819423675537,33,-110.9193115234375,-3.3611912727355957,33,985
-81.35939025878906,-1.8490771055221558,44,-116.14285278320312,-2.6396102905273438,44,-89.86665344238281,-2.042423963546753,44,-87.14967346191406,-2.3553965091705322,37,-123.64991760253906,-2.810225486755371,44,-100.84600830078125,-2.291954755783081,44,986
-52.98896789550781,-1.5584990978240967,34,-71.19039154052734,-2.0938351154327393,34,-59.162086486816406,-1.7400614023208618,34,-52.762847900390625,-1.07679283618927,49,-73.92701721191406,-2.1743240356445312,34,-70.65956115722656,-2.0782222747802734,34,987
-53.70323944091797,-1.9179728031158447,28,-71.57011413574219,-2.5560755729675293,28,-58.83036422729492,-2.1010844707489014,28,-53.91987228393555,-1.9257097244262695,28,-88.06730651855469,-3.14526104927063,28,-79.19349670410156,-2.828339099884033,28,988
-83.39512634277344,-1.8532249927520752,45,-129.1259765625,-2.8694660663604736,45,-104.56082153320312,-2.3235738277435303,45,-90.91767883300781,-2.272942066192627,40,-135.76629638671875,-3.01702880859375,45,-111.29178619384766,-2.4731507301330566,45,989
-95.3023910522461,-3.176746368408203,30,-101.52268981933594,-3.384089708328247,30,-84.76071166992188,-2.825356960296631,30,-83.95924377441406,-2.544219493865967,33,-99.68060302734375,-3.3226866722106934,30,-93.31051635742188,-3.1103506088256836,30,990
-39.742801666259766,-0.8455915451049805,47,-108.49431610107422,-2.308389663696289,47,-105.93328857421875,-2.2538998126983643,47,-64.70845031738281,-1.8488128185272217,35,-132.93429565429688,-2.8283891677856445,47,-132.511962890625,-2.8194034099578857,47,991
-93.6573257446289,-2.6015923023223877,36,-90.7855453491211,-2.5218207836151123,36,-94.4087142944336,-2.622464179992676,36,-111.90013122558594,-2.9447402954101562,38,-101.2654800415039,-2.812930107116699,36,-102.2281265258789,-2.839670181274414,36,992
-70.0737075805664,-1.6684216260910034,42,-111.42420959472656,-2.6529574394226074,42,-134.3588104248047,-3.199019193649292,42,-107.76094055175781,-3.2654831409454346,33,-135.3685302734375,-3.223060131072998,42,-153.7262725830078,-3.660149335861206,42,993
-73.46524810791016,-1.7918353080749512,41,-95.6937255859375,-2.3339931964874268,41,-103.89393615722656,-2.533998489379883,41,-110.74948120117188,-3.0763745307922363,36,-102.06407165527344,-2.4893674850463867,41,-112.69989776611328,-2.7487781047821045,41,994
-59.84284591674805,-1.4960711002349854,40,-113.99641418457031,-2.849910259246826,40,-94.2567367553711,-2.3564183712005615,40,-84.21949005126953,-2.2163023948669434,38,-108.75807189941406,-2.71895170211792,40,-102.25397491455078,-2.556349277496338,40,995
-70.63270568847656,-1.765817642211914,40,-97.91705322265625,-2.4479262828826904,40,-115.87100219726562,-2.896775007247925,40,-76.40460968017578,-2.5468204021453857,30,-97.99385070800781,-2.4498462677001953,40,-116.2987060546875,-2.9074676036834717,40,996
-51.8106689453125,-1.8503810167312622,28,-81.84980773925781,-2.9232075214385986,28,-76.56593322753906,-2.734497547149658,28,-72.0158920288086,-2.400529623031616,30,-80.22335815429688,-2.8651199340820312,28,-86.44086456298828,-3.0871737003326416,28,997
-76.17231750488281,-3.0468926429748535,25,-98.02488708496094,-3.9209954738616943,25,-77.81198120117188,-3.1124792098999023,25,-88.24870300292969,-3.1517393589019775,28,-94.05229949951172,-3.762091875076294,25,-72.43067932128906,-2.8972272872924805,25,998
-60.01900100708008,-2.5007917881011963,24,-68.91828918457031,-2.8715953826904297,24,-67.45796203613281,-2.810748338699341,24,-85.66532897949219,-2.196546792984009,39,-69.52082824707031,-2.8967010974884033,24,-63.9486083984375,-2.664525270462036,24,999
-72.42501831054688,-1.684302806854248,43,-85.36026000976562,-1.9851223230361938,43,-68.8620376586914,-1.6014426946640015,43,-74.30435180664062,-1.4019689559936523,53,-92.01594543457031,-2.1399056911468506,43,-65.5052490234375,-1.5233778953552246,43,1000
-76.4513931274414,-2.389106035232544,32,-96.48849487304688,-3.015265464782715,32,-83.606689453125,-2.6127090454101562,32,-80.84706115722656,-2.6079697608947754,31,-110.47445678710938,-3.452326774597168,32,-74.99040985107422,-2.3434503078460693,32,1001
-67.2588119506836,-1.8178057670593262,37,-148.56968688964844,-4.015397071838379,37,-146.43524169921875,-3.957709312438965,37,-151.06231689453125,-3.6844468116760254,41,-143.23486328125,-3.8712124824523926,37,-137.85452270507812,-3.7257978916168213,37,1002
-82.62312316894531,-1.6524624824523926,50,-110.81045532226562,-2.2162091732025146,50,-88.84393310546875,-1.7768787145614624,50,-82.59939575195312,-1.83554208278656,45,-112.8975830078125,-2.2579517364501953,50,-93.79497528076172,-1.8758995532989502,50,1003
-135.27796936035156,-3.0061771869659424,45,-144.61903381347656,-3.2137563228607178,45,-137.09349060058594,-3.0465219020843506,45,-138.03036499023438,-2.816946268081665,49,-166.7297821044922,-3.705106258392334,45,-135.73944091796875,-3.016432046890259,45,1004
-88.07806396484375,-2.3178436756134033,38,-132.5555419921875,-3.4883036613464355,38,-81.93577575683594,-2.1562047004699707,38,-81.7862777709961,-2.044656991958618,40,-135.81076049804688,-3.573967456817627,38,-87.23023986816406,-2.295532703399658,38,1005
-40.95967102050781,-1.4628454446792603,28,-60.61138916015625,-2.1646924018859863,28,-50.20891571044922,-1.7931755781173706,28,-37.67436218261719,-1.046510100364685,36,-56.23638916015625,-2.0084424018859863,28,-51.113548278808594,-1.8254839181900024,28,1006
-109.73428344726562,-3.2274789810180664,34,-202.94908142089844,-5.969090461730957,34,-232.70230102539062,-6.8441853523254395,34,-294.129638671875,-6.1277008056640625,48,-191.8779754638672,-5.64346981048584,34,-230.7041473388672,-6.785416126251221,34,1007
-84.02935791015625,-2.000699043273926,42,-167.060546875,-3.9776320457458496,42,-177.24053955078125,-4.220012664794922,42,-172.76553344726562,-4.2137932777404785,41,-161.51893615722656,-3.845689058303833,42,-181.63868713378906,-4.32473087310791,42,1008
-63.72478485107422,-1.5542629957199097,41,-98.22238159179688,-2.395667791366577,41,-95.16831970214844,-2.321178436279297,41,-95.38648986816406,-2.2711069583892822,42,-90.71654510498047,-2.2125985622406006,41,-87.36251068115234,-2.1307928562164307,41,1009
-46.47617721557617,-1.1619044542312622,40,-125.28834533691406,-3.1322085857391357,40,-95.74288940429688,-2.3935723304748535,40,-73.71670532226562,-2.632739543914795,28,-120.13632202148438,-3.0034079551696777,40,-92.84600830078125,-2.321150302886963,40,1010
-63.59125900268555,-1.5140775442123413,42,-53.07074737548828,-1.2635892629623413,42,-48.350337982177734,-1.1511985063552856,42,-48.62620544433594,-1.1860049962997437,41,-69.25837707519531,-1.6490089893341064,42,-59.61154556274414,-1.4193224906921387,42,1011
-113.67044830322266,-2.6434988975524902,43,-138.2963104248047,-3.216193199157715,43,-122.5880355834961,-2.850884437561035,43,-114.08134460449219,-2.8520336151123047,40,-133.3472900390625,-3.101099729537964,43,-120.77346801757812,-2.808685302734375,43,1012
-61.980377197265625,-3.645904541015625,17,-84.81782531738281,-4.989284038543701,17,-71.49359130859375,-4.20550537109375,17,-71.7151870727539,-2.47293758392334,29,-77.81961059570312,-4.577624320983887,17,-69.87318420410156,-4.110187530517578,17,1013
-90.56605529785156,-2.921485662460327,31,-78.549072265625,-2.533841133117676,31,-77.50326538085938,-2.500105381011963,31,-78.2475357055664,-2.3013980388641357,34,-78.09962463378906,-2.5193426609039307,31,-80.13539123535156,-2.585012674331665,31,1014
-78.67838287353516,-2.713047742843628,29,-63.97311019897461,-2.2059693336486816,29,-51.659271240234375,-1.7813541889190674,29,-54.757606506347656,-1.8252536058425903,30,-75.22737121582031,-2.5940473079681396,29,-65.4420166015625,-2.2566213607788086,29,1015
-65.60408020019531,-1.9880024194717407,33,-99.99575805664062,-3.030174493789673,33,-88.41483306884766,-2.6792373657226562,33,-84.01383972167969,-2.3337178230285645,36,-102.14376831054688,-3.0952656269073486,33,-93.69974517822266,-2.839386224746704,33,1016
-69.52394104003906,-1.6168358325958252,43,-98.67411041259766,-2.2947466373443604,43,-96.02669525146484,-2.2331788539886475,43,-64.83863067626953,-2.2358148097991943,29,-101.13282775878906,-2.351926326751709,43,-85.9400634765625,-1.9986060857772827,43,1017
-128.5855255126953,-2.521284818649292,51,-137.22698974609375,-2.690725326538086,51,-134.5989532470703,-2.639195203781128,51,-81.23168182373047,-2.0828635692596436,39,-155.114013671875,-3.0414512157440186,51,-150.16412353515625,-2.944394588470459,51,1018
-44.77098846435547,-0.9136936664581299,49,-102.2213363647461,-2.0861496925354004,49,-92.64832305908203,-1.890782117843628,49,-86.57003021240234,-1.8819571733474731,46,-107.7807388305664,-2.1996068954467773,49,-101.72341918945312,-2.0759880542755127,49,1019
-35.04344177246094,-1.3478246927261353,26,-119.19815063476562,-4.5845441818237305,26,-112.14143371582031,-4.313132286071777,26,-104.36359405517578,-3.727271318435669,28,-109.48628234863281,-4.211010932922363,26,-105.92488861083984,-4.074034214019775,26,1020
-77.50128936767578,-2.583376407623291,30,-87.89053344726562,-2.9296844005584717,30,-86.27940368652344,-2.8759801387786865,30,-90.54225158691406,-2.8294453620910645,32,-79.1025161743164,-2.6367504596710205,30,-81.15884399414062,-2.7052948474884033,30,1021
-94.92070007324219,-2.063493490219116,46,-218.59567260742188,-4.752079963684082,46,-233.7197265625,-5.0808634757995605,46,-231.24139404296875,-5.377707004547119,43,-222.14666748046875,-4.829275608062744,46,-243.4127655029297,-5.291581630706787,46,1022
-83.83778381347656,-2.3953652381896973,35,-89.1490707397461,-2.547116279602051,35,-91.14411926269531,-2.6041176319122314,35,-74.90391540527344,-2.5828936100006104,29,-99.8648681640625,-2.8532819747924805,35,-90.94816589355469,-2.5985190868377686,35,1023
-84.16180419921875,-1.8296043872833252,46,-129.854248046875,-2.82291841506958,46,-132.16099548339844,-2.873065233230591,46,-94.82415008544922,-2.8734591007232666,33,-137.2894287109375,-2.9845528602600098,46,-138.38677978515625,-3.008408308029175,46,1024
-112.35162353515625,-2.8808109760284424,39,-208.91357421875,-5.356758117675781,39,-244.99966430664062,-6.282042503356934,39,-284.74346923828125,-5.811091423034668,49,-204.8671875,-5.253005027770996,39,-238.49993896484375,-6.115383148193359,39,1025
-137.56997680664062,-2.8660411834716797,48,-115.09474182128906,-2.3978071212768555,48,-106.63348388671875,-2.2215309143066406,48,-93.48966979980469,-2.0775482654571533,45,-122.81329345703125,-2.558610200881958,48,-109.73060607910156,-2.2860543727874756,48,1026
-113.902587890625,-2.42345929145813,47,-128.254150390625,-2.728811740875244,47,-117.39762878417969,-2.497821807861328,47,-86.3831787109375,-2.9787302017211914,29,-144.00628662109375,-3.0639636516571045,47,-113.23426818847656,-2.4092397689819336,47,1027
-43.91471481323242,-1.4638237953186035,30,-82.37319946289062,-2.7457733154296875,30,-87.3840103149414,-2.9128003120422363,30,-99.60354614257812,-2.929516077041626,34,-93.68052673339844,-3.1226842403411865,30,-93.95895385742188,-3.131965160369873,30,1028
-88.94200134277344,-1.8151428699493408,49,-138.91818237304688,-2.8350648880004883,49,-111.1397705078125,-2.2681586742401123,49,-64.0076904296875,-1.939626932144165,33,-138.69546508789062,-2.830519676208496,49,-127.02367401123047,-2.592319965362549,49,1029
-164.7896270751953,-2.257392168045044,73,-166.34457397460938,-2.2786927223205566,73,-140.13482666015625,-1.919655203819275,73,-139.96038818359375,-1.91726553440094,73,-211.15756225585938,-2.8925693035125732,73,-185.87069702148438,-2.5461740493774414,73,1030
-82.32611083984375,-2.940218210220337,28,-73.27339935302734,-2.6169071197509766,28,-71.90586853027344,-2.5680668354034424,28,-64.66459655761719,-2.155486583709717,30,-87.6265869140625,-3.129520893096924,28,-84.19210815429688,-3.0068609714508057,28,1031
-65.80201721191406,-2.4371118545532227,27,-90.59161376953125,-3.3552448749542236,27,-73.23384094238281,-2.712364435195923,27,-81.8309555053711,-2.6397082805633545,31,-83.5363540649414,-3.0939390659332275,27,-99.27606964111328,-3.676891565322876,27,1032
-51.39625930786133,-1.8355807065963745,28,-80.79548645019531,-2.8855531215667725,28,-71.67205810546875,-2.5597164630889893,28,-53.93412780761719,-1.586297869682312,34,-88.02116394042969,-3.14361310005188,28,-82.21954345703125,-2.9364123344421387,28,1033
-112.02008056640625,-3.200573682785034,35,-61.08268737792969,-1.7452195882797241,35,-48.42638397216797,-1.3836109638214111,35,-19.161701202392578,-0.7369884848594666,26,-75.88027954101562,-2.1680080890655518,35,-47.15668487548828,-1.3473339080810547,35,1034
-101.97315216064453,-2.4279322624206543,42,-120.96790313720703,-2.880188226699829,42,-125.78860473632812,-2.994966745376587,42,-95.9026107788086,-2.663961410522461,36,-134.0794677734375,-3.192368268966675,42,-127.27265167236328,-3.030301332473755,42,1035
-60.742835998535156,-1.6873010396957397,36,-102.19837188720703,-2.838843584060669,36,-95.18453216552734,-2.644014835357666,36,-80.07362365722656,-2.7611594200134277,29,-99.04939270019531,-2.7513720989227295,36,-103.82150268554688,-2.8839306831359863,36,1036
-81.20181274414062,-1.9805320501327515,41,-119.76541900634766,-2.921107769012451,41,-117.52777099609375,-2.8665308952331543,41,-109.45619201660156,-2.669663190841675,41,-142.01553344726562,-3.4637935161590576,41,-132.939697265625,-3.242431640625,41,1037
-43.054439544677734,-1.1039600372314453,39,-84.04389953613281,-2.1549718379974365,39,-64.7418212890625,-1.6600466966629028,39,-69.22379302978516,-1.6098556518554688,43,-112.96604919433594,-2.8965654373168945,39,-97.68186950683594,-2.5046632289886475,39,1038
-76.80707550048828,-1.9201768636703491,40,-141.341064453125,-3.533526659011841,40,-121.42281341552734,-3.0355703830718994,40,-122.0455551147461,-2.838268756866455,43,-124.37065124511719,-3.1092662811279297,40,-123.99908447265625,-3.0999770164489746,40,1039
-79.08683776855469,-2.027867555618286,39,-108.36128234863281,-2.778494358062744,39,-100.28204345703125,-2.5713343620300293,39,-85.65816497802734,-3.1725246906280518,27,-117.21456909179688,-3.0055017471313477,39,-107.67100524902344,-2.7607951164245605,39,1040
-35.080379486083984,-1.4616824388504028,24,-59.871177673339844,-2.4946324825286865,24,-60.30003356933594,-2.5125014781951904,24,-51.589542388916016,-1.7789497375488281,29,-60.10642623901367,-2.50443434715271,24,-66.60456848144531,-2.7751903533935547,24,1041
-49.029144287109375,-1.2902406454086304,38,-87.4769515991211,-2.302025079727173,38,-68.02649688720703,-1.7901710271835327,38,-61.39170837402344,-1.8056384325027466,34,-80.54246520996094,-2.1195385456085205,38,-64.03915405273438,-1.6852408647537231,38,1042
-79.00491333007812,-1.7556647062301636,45,-115.7200927734375,-2.5715575218200684,45,-101.50667572021484,-2.255703926086426,45,-49.98399353027344,-1.8512589931488037,27,-107.8058853149414,-2.395686388015747,45,-95.11585235595703,-2.1136856079101562,45,1043
-96.32369232177734,-2.349358320236206,41,-129.25985717773438,-3.152679443359375,41,-129.7115478515625,-3.1636962890625,41,-91.93537902832031,-3.0645127296447754,30,-137.89649963378906,-3.3633291721343994,41,-129.90736389160156,-3.1684722900390625,41,1044
-68.09809875488281,-2.0635788440704346,33,-115.862060546875,-3.5109715461730957,33,-83.50094604492188,-2.530331611633301,33,-57.72301483154297,-2.3089206218719482,25,-117.78370666503906,-3.5692031383514404,33,-93.60652160644531,-2.8365612030029297,33,1045
-64.79791259765625,-2.024934768676758,32,-87.73018646240234,-2.7415683269500732,32,-75.36048126220703,-2.3550150394439697,32,-73.84040832519531,-2.2375881671905518,33,-87.58341979980469,-2.7369818687438965,32,-84.91104888916016,-2.653470277786255,32,1046
-58.470184326171875,-1.7197113037109375,34,-90.62287902832031,-2.6653788089752197,34,-105.40469360351562,-3.100137948989868,34,-107.74246215820312,-2.2923927307128906,47,-90.24718475341797,-2.6543290615081787,34,-124.95423889160156,-3.6751246452331543,34,1047
-72.4390640258789,-1.8574118614196777,39,-70.40077209472656,-1.8051480054855347,39,-60.57891082763672,-1.5533053874969482,39,-59.67573547363281,-1.356266736984253,44,-85.19575500488281,-2.18450665473938,39,-70.35401916503906,-1.803949236869812,39,1048
-87.76911926269531,-2.7427849769592285,32,-106.85633850097656,-3.3392605781555176,32,-91.69245910644531,-2.865389347076416,32,-95.61526489257812,-2.2765538692474365,42,-122.0638656616211,-3.814495801925659,32,-99.95662689208984,-3.1236445903778076,32,1049
-36.348663330078125,-1.1725375652313232,31,-39.55982971191406,-1.2761235237121582,31,-44.29576110839844,-1.4288954734802246,31,-43.97447967529297,-1.4185316562652588,31,-50.097267150878906,-1.616040825843811,31,-53.66363525390625,-1.7310850620269775,31,1050
-89.29336547851562,-2.7904176712036133,32,-186.67300415039062,-5.833531379699707,32,-198.1727752685547,-6.192899227142334,32,-293.470458984375,-6.244052410125732,47,-193.41354370117188,-6.044173240661621,32,-190.07839965820312,-5.939949989318848,32,1051
-101.33053588867188,-2.2028377056121826,46,-164.61212158203125,-3.578524351119995,46,-153.6825408935547,-3.3409247398376465,46,-106.78175354003906,-3.444572687149048,31,-180.05819702148438,-3.914308547973633,46,-152.8195037841797,-3.3221631050109863,46,1052
-81.95687866210938,-2.731895923614502,30,-89.761474609375,-2.992049217224121,30,-98.12330627441406,-3.2707769870758057,30,-73.49443817138672,-3.8681282997131348,19,-88.25146484375,-2.9417154788970947,30,-100.06645965576172,-3.3355486392974854,30,1053
-72.2597885131836,-2.4086596965789795,30,-72.44618225097656,-2.414872646331787,30,-85.26910400390625,-2.842303514480591,30,-83.79212951660156,-2.4644744396209717,34,-91.9360580444336,-3.06453537940979,30,-93.8078384399414,-3.1269278526306152,30,1054
-66.00588989257812,-2.2001962661743164,30,-73.1806869506836,-2.4393563270568848,30,-99.87503814697266,-3.3291678428649902,30,-64.49028015136719,-1.316128134727478,49,-73.65504455566406,-2.4551682472229004,30,-101.61193084716797,-3.3870644569396973,30,1055
-96.82778930664062,-2.0172455310821533,48,-144.357177734375,-3.007441282272339,48,-164.7974853515625,-3.4332809448242188,48,-159.8218994140625,-3.329622983932495,48,-158.70816040039062,-3.306420087814331,48,-165.50338745117188,-3.4479873180389404,48,1056
-66.25994110107422,-1.6160961389541626,41,-135.00421142578125,-3.29278564453125,41,-136.36843872070312,-3.326059579849243,41,-124.05569458007812,-3.759263515472412,33,-141.33816528320312,-3.447272300720215,41,-135.5448455810547,-3.30597186088562,41,1057
-93.70311737060547,-2.928222417831421,32,-77.02288818359375,-2.4069652557373047,32,-75.21772766113281,-2.3505539894104004,32,-69.87739562988281,-2.4956212043762207,28,-95.91450500488281,-2.997328281402588,32,-96.48854064941406,-3.0152668952941895,32,1058
-63.89884948730469,-2.28210186958313,28,-111.7811050415039,-3.9921822547912598,28,-118.54656219482422,-4.2338056564331055,28,-115.53214263916016,-4.443543910980225,26,-111.47370910644531,-3.98120379447937,28,-124.84010314941406,-4.458575248718262,28,1059
-72.01603698730469,-1.7564886808395386,41,-70.52141571044922,-1.7200344800949097,41,-76.12667083740234,-1.856748104095459,41,-68.73368835449219,-1.6365163326263428,42,-85.40540313720703,-2.0830585956573486,41,-86.4768295288086,-2.1091909408569336,41,1060
-172.3653564453125,-4.924724578857422,35,-102.74212646484375,-2.9354894161224365,35,-97.99281311035156,-2.7997946739196777,35,-109.48540496826172,-2.3294765949249268,47,-116.72850036621094,-3.335099935531616,35,-113.32902526855469,-3.2379722595214844,35,1061
-63.152374267578125,-2.037173271179199,31,-67.56625366210938,-2.1795566082000732,31,-57.54536819458008,-1.8563021421432495,31,-69.30667114257812,-1.5751515626907349,44,-60.576072692871094,-1.9540668725967407,31,-70.18912506103516,-2.2641654014587402,31,1062
-84.4765396118164,-2.9129841327667236,29,-88.06402587890625,-3.0366904735565186,29,-74.82960510253906,-2.580331325531006,29,-58.73238754272461,-1.3051642179489136,45,-99.1496353149414,-3.4189529418945312,29,-80.80020141601562,-2.7862138748168945,29,1063
-58.93553924560547,-1.901146411895752,31,-95.4789810180664,-3.0799670219421387,31,-99.9054946899414,-3.2227578163146973,31,-100.68950653076172,-2.288397789001465,44,-108.41817474365234,-3.4973604679107666,31,-106.87855529785156,-3.447695255279541,31,1064
-72.27302551269531,-1.4749597311019897,49,-77.86603546142578,-1.5891027450561523,49,-62.848506927490234,-1.2826225757598877,49,-65.49569702148438,-1.39352548122406,47,-94.30298614501953,-1.9245507717132568,49,-94.02839660644531,-1.9189468622207642,49,1065
-76.43258666992188,-2.2480173110961914,34,-83.82498168945312,-2.4654407501220703,34,-79.91514587402344,-2.350445508956909,34,-32.0621452331543,-1.282485842704773,25,-100.04130554199219,-2.9423913955688477,34,-88.921142578125,-2.615327835083008,34,1066
-79.64446258544922,-2.2755560874938965,35,-108.9237060546875,-3.1121058464050293,35,-91.3375015258789,-2.60964298248291,35,-79.58435821533203,-2.947568893432617,27,-119.81514739990234,-3.4232900142669678,35,-90.715576171875,-2.5918736457824707,35,1067
-101.40347290039062,-2.358220338821411,43,-86.89607238769531,-2.020838975906372,43,-112.39427185058594,-2.6138203144073486,43,-75.61500549316406,-2.223970651626587,34,-105.66680908203125,-2.4573676586151123,43,-119.14973449707031,-2.7709240913391113,43,1068
-101.3625259399414,-2.3036937713623047,44,-105.48079681396484,-2.3972909450531006,44,-100.34332275390625,-2.2805299758911133,44,-95.08370971679688,-2.5698299407958984,37,-112.53394317626953,-2.557589530944824,44,-98.67643737792969,-2.2426462173461914,44,1069
-159.69125366210938,-4.202401638031006,38,-152.1607666015625,-4.004230499267578,38,-128.03709411621094,-3.3693971633911133,38,-112.8057861328125,-3.889854669570923,29,-167.23744201660156,-4.400985240936279,38,-133.0027313232422,-3.5000717639923096,38,1070
-51.42844772338867,-2.4489736557006836,21,-56.573089599609375,-2.6939566135406494,21,-74.43953704833984,-3.5447399616241455,21,-66.62351989746094,-2.1491458415985107,31,-72.8344955444336,-3.4683094024658203,21,-73.4332504272461,-3.496821403503418,21,1071
-75.17257690429688,-2.5921578407287598,29,-75.76396179199219,-2.6125504970550537,29,-81.30279541015625,-2.803544759750366,29,-83.8243637084961,-2.8904953002929688,29,-92.15121459960938,-3.1776280403137207,29,-97.59162902832031,-3.3652286529541016,29,1072
-99.51622009277344,-1.877664566040039,53,-163.66868591308594,-3.0880885124206543,53,-140.12750244140625,-2.6439151763916016,53,-95.56680297851562,-3.539511203765869,27,-150.29576110839844,-2.8357691764831543,53,-138.365478515625,-2.6106693744659424,53,1073
-105.52934265136719,-2.852144479751587,37,-126.02055358886719,-3.40596079826355,37,-117.10221862792969,-3.1649248600006104,37,-126.42471313476562,-2.873288869857788,44,-124.89195251464844,-3.375458240509033,37,-104.6000747680664,-2.82702898979187,37,1074
-80.37857055664062,-1.7101823091506958,47,-111.5372314453125,-2.3731324672698975,47,-76.26377868652344,-1.6226335763931274,47,-49.21174240112305,-1.2950458526611328,38,-123.47422790527344,-2.6271111965179443,47,-83.36351013183594,-1.7736916542053223,47,1075
-55.79840087890625,-1.9240827560424805,29,-78.76498413085938,-2.716033935546875,29,-61.864501953125,-2.133258581161499,29,-57.177650451660156,-2.0420589447021484,28,-95.0504379272461,-3.2776012420654297,29,-72.43819427490234,-2.497868776321411,29,1076
-87.4384765625,-3.4975390434265137,25,-80.33020782470703,-3.2132081985473633,25,-77.21791076660156,-3.088716506958008,25,-45.71783447265625,-2.2858917713165283,20,-80.71200561523438,-3.228480339050293,25,-70.1253433227539,-2.805013656616211,25,1077
-32.896785736083984,-1.0280245542526245,32,-56.78178024291992,-1.7744306325912476,32,-57.04387283325195,-1.7826210260391235,32,-58.78256607055664,-1.6795018911361694,35,-67.05274200439453,-2.095398187637329,32,-69.63764190673828,-2.1761763095855713,32,1078
-78.83541870117188,-2.3186888694763184,34,-76.96009826660156,-2.2635324001312256,34,-85.2451171875,-2.507209300994873,34,-127.78285217285156,-2.971694231033325,43,-76.08927917480469,-2.237920045852661,34,-98.05415344238281,-2.8839457035064697,34,1079
-64.97522735595703,-1.6243807077407837,40,-206.52301025390625,-5.1630754470825195,40,-235.1853485107422,-5.879633903503418,40,-304.71923828125,-6.771538734436035,45,-199.6171417236328,-4.990428447723389,40,-235.09271240234375,-5.877317905426025,40,1080
-44.615028381347656,-1.312206745147705,34,-59.1767692565918,-1.7404931783676147,34,-61.49993133544922,-1.8088215589523315,34,-46.45707702636719,-1.1330994367599487,41,-74.36634826660156,-2.1872456073760986,34,-71.32192993164062,-2.0977039337158203,34,1081
-127.90692138671875,-3.1976730823516846,40,-93.4161605834961,-2.3354039192199707,40,-75.2639389038086,-1.8815984725952148,40,-22.870887756347656,-1.0890898704528809,21,-121.65568542480469,-3.0413920879364014,40,-73.99085235595703,-1.84977126121521,40,1082
-54.82682418823242,-1.4058159589767456,39,-76.82335662841797,-1.9698296785354614,39,-103.65982055664062,-2.6579442024230957,39,-67.79975128173828,-2.2599916458129883,30,-77.20211029052734,-1.979541301727295,39,-104.28532409667969,-2.673982620239258,39,1083
-100.64495849609375,-3.870959997177124,26,-82.68358612060547,-3.180137872695923,26,-76.63850402832031,-2.947634696960449,26,-65.77820587158203,-1.461737871170044,45,-80.39424133300781,-3.0920863151550293,26,-75.60797119140625,-2.90799880027771,26,1084
-161.156982421875,-3.3574371337890625,48,-139.81472778320312,-2.912806749343872,48,-123.96076965332031,-2.5825159549713135,48,-104.94052124023438,-2.6907825469970703,39,-138.4349365234375,-2.884061098098755,48,-128.05886840820312,-2.667893171310425,48,1085
-92.66351318359375,-2.989145517349243,31,-96.27763366699219,-3.1057300567626953,31,-89.27410888671875,-2.879809856414795,31,-99.44120788574219,-2.367647886276245,42,-86.28178405761719,-2.7832834720611572,31,-93.28794860839844,-3.0092885494232178,31,1086
-90.1713638305664,-2.4370639324188232,37,-94.0521240234375,-2.5419492721557617,37,-92.17332458496094,-2.491170883178711,37,-100.2507095336914,-2.506267786026001,40,-103.18114471435547,-2.788679599761963,37,-106.73712158203125,-2.884787082672119,37,1087
-18.710214614868164,-1.0394563674926758,18,-57.105037689208984,-3.172502040863037,18,-73.65927124023438,-4.09218168258667,18,-130.95074462890625,-3.045366048812866,43,-63.286529541015625,-3.515918254852295,18,-73.4996337890625,-4.08331298828125,18,1088
-84.49211120605469,-2.414060354232788,35,-95.36254119873047,-2.7246439456939697,35,-79.39620971679688,-2.268463134765625,35,-75.12181854248047,-1.6330829858779907,46,-101.83641052246094,-2.909611701965332,35,-91.96090698242188,-2.6274545192718506,35,1089
-56.21699142456055,-1.6061997413635254,35,-68.7620620727539,-1.964630365371704,35,-61.604713439941406,-1.7601346969604492,35,-59.26450729370117,-1.378244400024414,43,-72.08460998535156,-2.0595602989196777,35,-63.973609924316406,-1.827817440032959,35,1090
-63.833335876464844,-2.1277778148651123,30,-102.51852416992188,-3.4172842502593994,30,-87.02372741699219,-2.9007909297943115,30,-87.35682678222656,-3.0123043060302734,29,-110.40555572509766,-3.680185079574585,30,-87.256591796875,-2.908553123474121,30,1091
-123.34764099121094,-2.8033554553985596,44,-137.66342163085938,-3.128714084625244,44,-115.14405822753906,-2.616910457611084,44,-80.3587417602539,-2.5112106800079346,32,-127.20663452148438,-2.8910598754882812,44,-138.38279724121094,-3.145063638687134,44,1092
-64.03360748291016,-1.8833414316177368,34,-93.68008422851562,-2.7552967071533203,34,-79.83845520019531,-2.3481898307800293,34,-70.35668182373047,-2.198646306991577,32,-107.50518035888672,-3.161916971206665,34,-90.91883850097656,-2.6740834712982178,34,1093
-101.95654296875,-3.1861419677734375,32,-98.38948059082031,-3.0746712684631348,32,-99.17411804199219,-3.099191188812256,32,-46.37464904785156,-2.107938528060913,22,-104.82377624511719,-3.275743007659912,32,-104.22695922851562,-3.2570924758911133,32,1094
-98.32330322265625,-2.891861915588379,34,-91.86165618896484,-2.7018134593963623,34,-98.31732177734375,-2.891685962677002,34,-129.46749877929688,-2.6421937942504883,49,-93.780517578125,-2.7582504749298096,34,-97.9649658203125,-2.8813226222991943,34,1095
-138.70327758789062,-3.9629507064819336,35,-105.77931213378906,-3.022266149520874,35,-97.33291625976562,-2.780940532684326,35,-85.02876281738281,-2.657148838043213,32,-115.23994445800781,-3.292569875717163,35,-111.94450378417969,-3.1984143257141113,35,1096
-85.12461853027344,-3.0401649475097656,28,-73.88770294189453,-2.6388466358184814,28,-67.07817077636719,-2.395648956298828,28,-63.626243591308594,-2.35652756690979,27,-80.44058227539062,-2.872877836227417,28,-82.9143295288086,-2.961225986480713,28,1097
-44.21091079711914,-2.4561617374420166,18,-46.52424621582031,-2.5846803188323975,18,-30.067188262939453,-1.6703993082046509,18,-32.1130256652832,-1.3380427360534668,24,-54.16472625732422,-3.0091514587402344,18,-26.72433853149414,-1.4846854209899902,18,1098
-55.82360076904297,-1.469042181968689,38,-135.97653198242188,-3.5783298015594482,38,-116.84294128417969,-3.0748143196105957,38,-109.00137329101562,-3.8929061889648438,28,-158.29006958007812,-4.165528297424316,38,-145.06649780273438,-3.8175394535064697,38,1099
-72.8054428100586,-1.61789870262146,45,-84.03482055664062,-1.8674404621124268,45,-84.28070831298828,-1.872904658317566,45,-81.3193588256836,-1.8070968389511108,45,-91.19187927246094,-2.0264861583709717,45,-92.06195831298828,-2.045821189880371,45,1100
-92.45436096191406,-2.201294422149658,42,-90.36392211914062,-2.151521921157837,42,-84.08238983154297,-2.0019617080688477,42,-82.4857177734375,-1.8746753931045532,44,-98.56975555419922,-2.3468990325927734,42,-90.95318603515625,-2.1655521392822266,42,1101
-123.40347290039062,-3.4278743267059326,36,-107.87298583984375,-2.996471881866455,36,-97.13102722167969,-2.6980841159820557,36,-92.05611419677734,-2.3014028072357178,40,-108.82492065429688,-3.022914409637451,36,-97.72166442871094,-2.7144906520843506,36,1102
-45.72465515136719,-1.6330233812332153,28,-84.6355209350586,-3.0226972103118896,28,-80.8280258178711,-2.8867151737213135,28,-68.86331176757812,-1.812192440032959,38,-86.20005798339844,-3.07857346534729,28,-83.67466735839844,-2.9883809089660645,28,1103
-87.877197265625,-2.3750593662261963,37,-78.72514343261719,-2.127706527709961,37,-59.27565383911133,-1.602044701576233,37,-52.465599060058594,-1.5431058406829834,34,-98.80665588378906,-2.670450210571289,37,-84.92816162109375,-2.295355796813965,37,1104
-36.36416244506836,-0.8658133745193481,42,-97.4970932006836,-2.321359395980835,42,-102.09474182128906,-2.4308271408081055,42,-54.32279968261719,-1.5520800352096558,35,-105.25946044921875,-2.5061776638031006,42,-116.66954040527344,-2.777846097946167,42,1105
-70.73371887207031,-1.684136152267456,42,-84.94466400146484,-2.022491931915283,42,-73.4835205078125,-1.7496076822280884,42,-66.57594299316406,-1.7070754766464233,39,-81.45068359375,-1.9393019676208496,42,-75.68937683105469,-1.8021280765533447,42,1106
-156.93869018554688,-3.339121103286743,47,-167.41969299316406,-3.5621211528778076,47,-135.42971801757812,-2.881483316421509,47,-130.619384765625,-4.504116535186768,29,-177.28143310546875,-3.7719454765319824,47,-135.21490478515625,-2.876912832260132,47,1107
-23.978832244873047,-0.7493385076522827,32,-93.94711303710938,-2.935847282409668,32,-90.83006286621094,-2.838439464569092,32,-109.39945983886719,-2.8789331912994385,38,-90.80062866210938,-2.837519645690918,32,-92.29637145996094,-2.8842616081237793,32,1108
-69.22113037109375,-2.662351131439209,26,-80.73173522949219,-3.1050667762756348,26,-67.01986694335938,-2.5776872634887695,26,-68.79266357421875,-2.293088674545288,30,-69.74858093261719,-2.6826376914978027,26,-78.27196502685547,-3.010460138320923,26,1109
-120.69862365722656,-3.3527395725250244,36,-116.95458984375,-3.2487385272979736,36,-98.06964111328125,-2.724156618118286,36,-81.19959259033203,-2.537487268447876,32,-112.57274627685547,-3.127020835876465,36,-94.86207580566406,-2.6350576877593994,36,1110
-59.16848373413086,-1.2326767444610596,48,-95.09584045410156,-1.9811633825302124,48,-172.94529724121094,-3.603027105331421,48,-78.79002380371094,-3.0303854942321777,26,-98.55706787109375,-2.053272247314453,48,-169.14820861816406,-3.523921012878418,48,1111
-62.863983154296875,-1.461953043937683,43,-81.28300476074219,-1.8903024196624756,43,-100.87691497802734,-2.3459746837615967,43,-85.25588989257812,-1.8945753574371338,45,-84.894775390625,-1.974297046661377,43,-100.0885238647461,-2.3276400566101074,43,1112
-90.55982971191406,-2.587423801422119,35,-129.6029510498047,-3.702941417694092,35,-146.77476501464844,-4.1935648918151855,35,-136.2623748779297,-4.698702812194824,29,-125.0751724243164,-3.5735764503479004,35,-143.46923828125,-4.09912109375,35,1113
-112.5383529663086,-2.39443302154541,47,-128.95065307617188,-2.743630886077881,47,-118.90577697753906,-2.529910087585449,47,-111.69392395019531,-2.7923481464385986,40,-133.26397705078125,-2.8354036808013916,47,-123.11256408691406,-2.6194162368774414,47,1114
-92.55830383300781,-2.313957691192627,40,-131.3632354736328,-3.284080982208252,40,-97.72260284423828,-2.4430651664733887,40,-67.64203643798828,-2.332484006881714,29,-130.3104248046875,-3.257760524749756,40,-104.40253448486328,-2.610063314437866,40,1115
-84.02872467041016,-1.714871883392334,49,-181.2718048095703,-3.6994245052337646,49,-166.5501708984375,-3.3989830017089844,49,-91.26590728759766,-3.1471002101898193,29,-182.0064697265625,-3.7144176959991455,49,-163.08168029785156,-3.328197479248047,49,1116
-69.34903717041016,-1.612768292427063,43,-111.01615905761719,-2.5817711353302,43,-102.3256607055664,-2.379666566848755,43,-82.03311157226562,-2.3438031673431396,35,-102.1497802734375,-2.3755762577056885,43,-101.04381561279297,-2.34985613822937,43,1117
-48.292030334472656,-1.1778544187545776,41,-81.96346282958984,-1.9991087913513184,41,-88.93986511230469,-2.169265031814575,41,-46.57366943359375,-1.1941967010498047,39,-90.75007629394531,-2.213416576385498,41,-84.62213134765625,-2.0639543533325195,41,1118
-147.50326538085938,-2.9500653743743896,50,-119.83424377441406,-2.3966848850250244,50,-109.09424591064453,-2.181885004043579,50,-60.778846740722656,-1.9606080055236816,31,-128.4945831298828,-2.5698916912078857,50,-121.79197692871094,-2.4358396530151367,50,1119
-81.99736022949219,-2.2161448001861572,37,-88.85536193847656,-2.401496171951294,37,-67.9897232055664,-1.8375600576400757,37,-63.535400390625,-1.7171729803085327,37,-84.19583892822266,-2.2755632400512695,37,-65.49606323242188,-1.770163893699646,37,1120
-88.41519165039062,-3.048799753189087,29,-71.65736389160156,-2.4709436893463135,29,-77.41488647460938,-2.6694788932800293,29,-78.60061645507812,-2.7103660106658936,29,-72.80110931396484,-2.510383129119873,29,-85.77394104003906,-2.9577221870422363,29,1121
-81.20543670654297,-2.0301358699798584,40,-100.12779235839844,-2.503194808959961,40,-106.75206756591797,-2.668801784515381,40,-86.62898254394531,-2.406360626220703,36,-99.19739532470703,-2.4799349308013916,40,-105.9802474975586,-2.649506092071533,40,1122
-125.96735382080078,-4.06346321105957,31,-114.22053527832031,-3.6845333576202393,31,-81.35400390625,-2.6243226528167725,31,-110.49150848388672,-4.092278003692627,27,-106.22660064697266,-3.4266645908355713,31,-87.59466552734375,-2.825634479522705,31,1123
-67.21563720703125,-1.8166388273239136,37,-78.33203887939453,-2.117082118988037,37,-80.79742431640625,-2.1837141513824463,37,-79.05280303955078,-2.0269949436187744,39,-89.56138610839844,-2.4205780029296875,37,-107.16558837890625,-2.896367311477661,37,1124
-122.29762268066406,-1.9725422859191895,62,-198.9526824951172,-3.208914279937744,62,-170.7428436279297,-2.7539167404174805,62,-174.74806213378906,-2.647697925567627,66,-190.908447265625,-3.0791685581207275,62,-170.26690673828125,-2.7462403774261475,62,1125
-79.1572265625,-2.08308482170105,38,-98.55695343017578,-2.59360408782959,38,-134.38970947265625,-3.5365712642669678,38,-162.72882080078125,-3.2545764446258545,50,-111.09205627441406,-2.9234752655029297,38,-126.78336334228516,-3.336404323577881,38,1126
-93.83460998535156,-2.6809887886047363,35,-151.21514892578125,-4.320432662963867,35,-208.9337921142578,-5.969536781311035,35,-293.4097900390625,-6.112703800201416,48,-134.29751586914062,-3.8370718955993652,35,-204.76071166992188,-5.850306034088135,35,1127
-61.65052032470703,-1.467869520187378,42,-77.66757202148438,-1.8492279052734375,42,-88.30136108398438,-2.1024134159088135,42,-76.38300323486328,-1.7763489484786987,43,-93.7416000366211,-2.231942892074585,42,-95.97100830078125,-2.2850239276885986,42,1128
-79.78561401367188,-2.493300437927246,32,-88.05381774902344,-2.7516818046569824,32,-64.0554428100586,-2.001732587814331,32,-57.577388763427734,-1.5993719100952148,36,-93.11107635498047,-2.9097211360931396,32,-82.6938247680664,-2.584182024002075,32,1129
-53.3543701171875,-1.2703421115875244,42,-85.05992889404297,-2.0252363681793213,42,-83.80769348144531,-1.995421290397644,42,-66.84918212890625,-1.8067346811294556,37,-100.17616271972656,-2.3851466178894043,42,-102.41036987304688,-2.4383420944213867,42,1130
-95.32130432128906,-2.444135904312134,39,-116.01063537597656,-2.9746317863464355,39,-103.61433410644531,-2.656777858734131,39,-64.04276275634766,-2.4631831645965576,26,-121.91305541992188,-3.1259758472442627,39,-105.44218444824219,-2.703645706176758,39,1131
-70.26882934570312,-1.5275832414627075,46,-69.75953674316406,-1.5165116786956787,46,-67.63678741455078,-1.4703649282455444,46,-60.22798538208008,-1.2045596837997437,50,-88.11998748779297,-1.9156519174575806,46,-69.08171081542969,-1.5017763376235962,46,1132
-63.228736877441406,-3.5127077102661133,18,-80.94339752197266,-4.49685525894165,18,-67.95513916015625,-3.775285482406616,18,-69.898681640625,-2.1181418895721436,33,-80.64152526855469,-4.4800848960876465,18,-72.91831970214844,-4.051017761230469,18,1133
-122.25650787353516,-3.5957796573638916,34,-130.08291625976562,-3.825968027114868,34,-115.86322784423828,-3.4077420234680176,34,-68.20879364013672,-3.248037815093994,21,-142.735107421875,-4.198091506958008,34,-132.93423461914062,-3.909830331802368,34,1134
-92.27417755126953,-2.306854486465454,40,-99.17912292480469,-2.479478120803833,40,-97.90570068359375,-2.4476425647735596,40,-90.294921875,-2.655733108520508,34,-97.58654022216797,-2.4396634101867676,40,-100.27588653564453,-2.506897211074829,40,1135
-140.6428985595703,-3.196429491043091,44,-122.5408706665039,-2.785019874572754,44,-108.79512023925781,-2.47261643409729,44,-72.98931884765625,-2.4329771995544434,30,-153.1641845703125,-3.481004238128662,44,-121.34089660644531,-2.7577476501464844,44,1136
-67.67268371582031,-2.333540916442871,29,-49.484127044677734,-1.70634925365448,29,-50.71630859375,-1.748838186264038,29,-47.45764923095703,-1.6364706754684448,29,-58.12778854370117,-2.004406452178955,29,-57.35108947753906,-1.9776238203048706,29,1137
-75.71223449707031,-1.84663987159729,41,-118.94554138183594,-2.9011106491088867,41,-128.28997802734375,-3.129023790359497,41,-84.8499755859375,-3.263460636138916,26,-112.6539306640625,-2.74765682220459,41,-119.10655212402344,-2.9050378799438477,41,1138
-46.454689025878906,-1.4985383749008179,31,-84.29734802246094,-2.719269275665283,31,-130.52215576171875,-4.210391998291016,31,-136.94729614257812,-3.112438440322876,44,-96.83747863769531,-3.1237895488739014,31,-142.33059692382812,-4.591309547424316,31,1139
-70.35899353027344,-2.2696449756622314,31,-89.66859436035156,-2.8925352096557617,31,-102.25531005859375,-3.298558473587036,31,-84.24476623535156,-3.5101985931396484,24,-114.15101623535156,-3.68229079246521,31,-113.72401428222656,-3.6685166358947754,31,1140
-28.641124725341797,-1.30186927318573,22,-46.08186721801758,-2.094630241394043,22,-37.58414840698242,-1.708370327949524,22,-35.87059020996094,-1.7081233263015747,21,-64.78204345703125,-2.944638252258301,22,-54.996917724609375,-2.4998598098754883,22,1141
-82.36373138427734,-2.1118905544281006,39,-107.42558288574219,-2.754502058029175,39,-106.60641479492188,-2.7334978580474854,39,-70.37651062011719,-2.426776170730591,29,-122.41635131835938,-3.138880729675293,39,-108.2632827758789,-2.7759816646575928,39,1142
-85.54498291015625,-2.3120265007019043,37,-119.78477478027344,-3.237426280975342,37,-95.64814758300781,-2.585085153579712,37,-81.35287475585938,-2.465238571166992,33,-124.9970932006836,-3.3782997131347656,37,-101.66461181640625,-2.747692108154297,37,1143
-54.185577392578125,-1.6932992935180664,32,-97.09248352050781,-3.034140110015869,32,-100.41328430175781,-3.1379151344299316,32,-122.31571197509766,-3.397658586502075,36,-100.79928588867188,-3.149977684020996,32,-101.45282745361328,-3.170400857925415,32,1144
-64.41267395019531,-2.0128960609436035,32,-67.8077392578125,-2.1189918518066406,32,-73.52543640136719,-2.2976698875427246,32,-59.831321716308594,-1.6170628070831299,37,-74.4932632446289,-2.3279144763946533,32,-79.94192504882812,-2.498185157775879,32,1145
-35.10143280029297,-0.6051971316337585,58,-88.97415924072266,-1.5340372323989868,58,-97.80772399902344,-1.686340093612671,58,-37.04420471191406,-0.788174569606781,47,-98.80814361572266,-1.7035887241363525,58,-116.12039184570312,-2.002075672149658,58,1146
-77.62134552001953,-1.6874206066131592,46,-231.69248962402344,-5.036793231964111,46,-270.442626953125,-5.87918758392334,46,-264.47528076171875,-5.877228260040283,45,-220.12107849121094,-4.785240650177002,46,-261.71966552734375,-5.689558029174805,46,1147
-14.570115089416504,-0.7668481469154358,19,-49.26253128051758,-2.5927648544311523,19,-67.84146118164062,-3.570603132247925,19,-106.89496612548828,-3.340467691421509,32,-69.98883056640625,-3.6836225986480713,19,-69.830322265625,-3.6752800941467285,19,1148
-74.78013610839844,-2.021084785461426,37,-141.6932373046875,-3.8295469284057617,37,-139.26654052734375,-3.763960599899292,37,-83.532958984375,-4.3964715003967285,19,-127.6064453125,-3.4488227367401123,37,-139.45355224609375,-3.769014835357666,37,1149
-122.6094970703125,-4.541092395782471,27,-84.31838989257812,-3.122903347015381,27,-48.99254608154297,-1.8145387172698975,27,-73.17483520507812,-1.6630644798278809,44,-82.14521026611328,-3.042415142059326,27,-57.30122375488281,-2.122267484664917,27,1150
-95.25409698486328,-2.2152116298675537,43,-109.54705047607422,-2.5476057529449463,43,-86.83323669433594,-2.0193777084350586,43,-84.66128540039062,-1.8404626846313477,46,-113.62835693359375,-2.642519950866699,43,-87.95201110839844,-2.045395612716675,43,1151
-67.47598266601562,-2.4098565578460693,28,-85.27485656738281,-3.0455305576324463,28,-75.87071990966797,-2.7096686363220215,28,-95.71157836914062,-2.586799383163452,37,-99.92951965332031,-3.56891131401062,28,-84.30928039550781,-3.0110456943511963,28,1152
-81.48054504394531,-1.6296108961105347,50,-113.16716003417969,-2.263343095779419,50,-104.7992935180664,-2.0959858894348145,50,-66.13909912109375,-2.4495961666107178,27,-140.6153564453125,-2.812307119369507,50,-129.97824096679688,-2.599564790725708,50,1153
-101.10711669921875,-2.973738670349121,34,-154.840087890625,-4.554120063781738,34,-214.9374237060547,-6.321689128875732,34,-298.3162841796875,-6.088087558746338,49,-167.71151733398438,-4.93269157409668,34,-221.95834350585938,-6.528186798095703,34,1154
-91.25628662109375,-2.4014811515808105,38,-137.62203979492188,-3.6216325759887695,38,-141.29525756835938,-3.7182962894439697,38,-142.28807067871094,-3.7444229125976562,38,-155.04710388183594,-4.08018684387207,38,-171.4498291015625,-4.511837482452393,38,1155
-69.88471221923828,-1.9967060089111328,35,-106.76445007324219,-3.050412893295288,35,-94.55768585205078,-2.701648235321045,35,-94.31708526611328,-2.7740318775177,34,-113.99994659423828,-3.257141351699829,35,-101.70767211914062,-2.905933380126953,35,1156
-92.4206314086914,-3.300736904144287,28,-123.06608581542969,-4.395217418670654,28,-121.90032958984375,-4.353583335876465,28,-121.56355285644531,-3.285501480102539,37,-118.97772216796875,-4.249204158782959,28,-113.06230163574219,-4.037939548492432,28,1157
-98.30836486816406,-1.4672889709472656,67,-142.38790893554688,-2.125192642211914,67,-150.87876892089844,-2.2519218921661377,67,-46.146453857421875,-1.845858097076416,25,-149.0377197265625,-2.2244436740875244,67,-164.27330017089844,-2.451840400695801,67,1158
-74.01249694824219,-1.510459065437317,49,-118.40080261230469,-2.4163429737091064,49,-111.4039306640625,-2.2735495567321777,49,-60.069461822509766,-2.0713608264923096,29,-104.63137817382812,-2.1353342533111572,49,-101.93269348144531,-2.080259084701538,49,1159
-73.31888580322266,-2.094825267791748,35,-101.53645324707031,-2.9010415077209473,35,-88.52973937988281,-2.529421091079712,35,-95.2192611694336,-2.4415194988250732,39,-114.10881042480469,-3.260251760482788,35,-103.67871856689453,-2.9622490406036377,35,1160
-104.26799011230469,-2.543121814727783,41,-117.6575927734375,-2.869697332382202,41,-106.7676773071289,-2.6040897369384766,41,-85.72073364257812,-2.597598075866699,33,-121.31336212158203,-2.958862543106079,41,-116.76194763183594,-2.8478524684906006,41,1161
-63.59241485595703,-1.9872629642486572,32,-77.6962661743164,-2.4280083179473877,32,-84.20106506347656,-2.6312832832336426,32,-84.11802673339844,-2.336611747741699,36,-78.73827362060547,-2.460571050643921,32,-80.15966796875,-2.5049896240234375,32,1162
-89.5903091430664,-2.297187328338623,39,-111.61991882324219,-2.862049102783203,39,-102.1922607421875,-2.620314359664917,39,-74.988525390625,-2.585811138153076,29,-123.22772979736328,-3.1596853733062744,39,-113.09178161621094,-2.899789333343506,39,1163
-104.56034088134766,-2.6140084266662598,40,-106.7918701171875,-2.6697967052459717,40,-127.55901336669922,-3.1889753341674805,40,-122.19941711425781,-2.980473518371582,41,-105.52928924560547,-2.6382322311401367,40,-130.24905395507812,-3.2562263011932373,40,1164
-90.94457244873047,-2.066922187805176,44,-190.96633911132812,-4.340144157409668,44,-192.79296875,-4.381658554077148,44,-176.63418579101562,-4.77389669418335,37,-188.23793029785156,-4.278134822845459,44,-195.51678466796875,-4.443563461303711,44,1165
-58.79981231689453,-2.0999932289123535,28,-71.96406555175781,-2.5701451301574707,28,-39.874305725097656,-1.4240823984146118,28,-32.13655471801758,-1.1902427673339844,27,-55.77847671508789,-1.9920884370803833,28,-42.889320373535156,-1.5317614078521729,28,1166
-89.13616943359375,-2.345688581466675,38,-169.68588256835938,-4.465417861938477,38,-204.8214111328125,-5.3900370597839355,38,-263.79473876953125,-5.495723724365234,48,-179.9073028564453,-4.734402656555176,38,-209.9131317138672,-5.524029731750488,38,1167
-76.41161346435547,-2.010831832885742,38,-121.4605484008789,-3.1963303089141846,38,-95.28053283691406,-2.507382392883301,38,-109.72544860839844,-2.4383432865142822,45,-118.96924591064453,-3.130769729614258,38,-87.32121276855469,-2.297926664352417,38,1168
-102.79629516601562,-2.855452537536621,36,-114.90608215332031,-3.191835641860962,36,-93.93115234375,-2.609198570251465,36,-76.38085174560547,-3.055233955383301,25,-113.83027648925781,-3.161952018737793,36,-120.21904754638672,-3.3394179344177246,36,1169
-141.1072998046875,-3.3596975803375244,42,-184.21771240234375,-4.386136054992676,42,-189.12429809570312,-4.502959251403809,42,-212.28836059570312,-4.717519283294678,45,-174.48416137695312,-4.154384613037109,42,-174.09646606445312,-4.145153999328613,42,1170
-83.30252838134766,-2.5243189334869385,33,-99.44703674316406,-3.0135464668273926,33,-98.36370849609375,-2.9807183742523193,33,-81.77647399902344,-3.0287582874298096,27,-94.24299621582031,-2.8558483123779297,33,-94.07353973388672,-2.8507132530212402,33,1171
-91.10556030273438,-2.4623124599456787,37,-165.42752075195312,-4.471014022827148,37,-155.4482421875,-4.201303958892822,37,-148.76470947265625,-4.132352828979492,36,-162.64508056640625,-4.39581298828125,37,-149.6434783935547,-4.0444183349609375,37,1172
-132.19219970703125,-3.3895435333251953,39,-137.73831176757812,-3.5317516326904297,39,-123.68429565429688,-3.1713922023773193,39,-174.72349548339844,-3.640072822570801,48,-138.18841552734375,-3.543292760848999,39,-132.55506896972656,-3.398847818374634,39,1173
-49.82311248779297,-1.6071971654891968,31,-71.148681640625,-2.295118808746338,31,-77.27739715576172,-2.492819309234619,31,-79.81492614746094,-2.280426502227783,35,-72.22227478027344,-2.3297507762908936,31,-81.42868041992188,-2.6267316341400146,31,1174
-55.855613708496094,-1.8017939329147339,31,-84.06100463867188,-2.7116453647613525,31,-78.8785171508789,-2.544468402862549,31,-43.58930969238281,-1.8162212371826172,24,-85.05931091308594,-2.7438488006591797,31,-72.95912170410156,-2.353520154953003,31,1175
-56.627593994140625,-1.572988748550415,36,-79.29061126708984,-2.202517032623291,36,-83.84941864013672,-2.329150438308716,36,-94.2222671508789,-2.3555567264556885,40,-76.46925354003906,-2.124145984649658,36,-87.76434326171875,-2.4378983974456787,36,1176
-74.24201202392578,-1.9537371397018433,38,-82.71406555175781,-2.1766860485076904,38,-105.37981414794922,-2.773153066635132,38,-73.52792358398438,-2.625997304916382,28,-78.19462585449219,-2.057753324508667,38,-96.12096405029297,-2.529499053955078,38,1177
-77.3689956665039,-2.7631783485412598,28,-67.98255920410156,-2.427948474884033,28,-78.10566711425781,-2.7894880771636963,28,-134.08944702148438,-2.7365193367004395,49,-74.35588073730469,-2.655567169189453,28,-85.20448303222656,-3.0430171489715576,28,1178
-103.52476501464844,-2.797966718673706,37,-140.7823486328125,-3.8049283027648926,37,-136.7367706298828,-3.6955883502960205,37,-147.08287048339844,-4.202367782592773,35,-136.46844482421875,-3.6883363723754883,37,-141.229736328125,-3.8170199394226074,37,1179
-93.11061096191406,-3.103687047958374,30,-94.65415954589844,-3.1551387310028076,30,-79.34706115722656,-2.644901990890503,30,-36.348915100097656,-1.6522234678268433,22,-77.24964904785156,-2.57498836517334,30,-75.68402099609375,-2.5228006839752197,30,1180
-80.49139404296875,-1.9632047414779663,41,-119.32501983642578,-2.9103662967681885,41,-132.268798828125,-3.2260682582855225,41,-84.984375,-3.147569417953491,27,-113.90489196777344,-2.778168201446533,41,-119.28914642333984,-2.9094913005828857,41,1181
-62.30387496948242,-2.3963029384613037,26,-48.93101119995117,-1.8819619417190552,26,-52.27613067626953,-2.010620355606079,26,-51.475250244140625,-1.7750086784362793,29,-59.19289779663086,-2.2766499519348145,26,-63.26652526855469,-2.4333279132843018,26,1182
-71.45431518554688,-2.23294734954834,32,-71.93495178222656,-2.24796724319458,32,-71.86259460449219,-2.245706081390381,32,-89.37055206298828,-2.179769515991211,41,-68.18534851074219,-2.1307921409606934,32,-85.22116088867188,-2.663161277770996,32,1183
-62.252281188964844,-1.7786365747451782,35,-68.33399200439453,-1.952399730682373,35,-66.39871978759766,-1.8971062898635864,35,-63.22637939453125,-1.8064680099487305,35,-63.13220977783203,-1.8037774562835693,35,-64.87959289550781,-1.8537026643753052,35,1184
-60.54655838012695,-3.5615622997283936,17,-112.36292266845703,-6.609583854675293,17,-98.91871643066406,-5.8187479972839355,17,-130.5590362548828,-3.6266398429870605,36,-103.65895080566406,-6.097585201263428,17,-88.91657257080078,-5.230386734008789,17,1185
-63.051795959472656,-2.741382360458374,23,-55.9071044921875,-2.43074369430542,23,-52.96381759643555,-2.302774667739868,23,-47.005714416503906,-2.043726682662964,23,-65.90768432617188,-2.865551471710205,23,-52.841583251953125,-2.2974600791931152,23,1186
-63.640933990478516,-1.871792197227478,34,-98.38970947265625,-2.893815040588379,34,-56.51250076293945,-1.6621323823928833,34,-42.86195373535156,-1.7859147787094116,24,-108.63671875,-3.195197582244873,34,-67.1449203491211,-1.9748506546020508,34,1187
-87.63095092773438,-2.9210317134857178,30,-87.0247573852539,-2.900825262069702,30,-61.630069732666016,-2.054335594177246,30,-21.41310691833496,-0.6691595911979675,32,-93.43238830566406,-3.114413022994995,30,-57.283443450927734,-1.9094481468200684,30,1188
-88.19715881347656,-2.0044808387756348,44,-81.22750854492188,-1.846079707145691,44,-77.92340850830078,-1.770986557006836,44,-59.921112060546875,-1.5364388227462769,39,-107.04884338378906,-2.4329283237457275,44,-81.5132827758789,-1.8525745868682861,44,1189
-87.41036987304688,-2.428065776824951,36,-107.7309799194336,-2.9925272464752197,36,-101.49181365966797,-2.8192169666290283,36,-76.26828002929688,-2.6299407482147217,29,-103.57875061035156,-2.877187490463257,36,-97.73066711425781,-2.714740753173828,36,1190
-90.48603820800781,-2.320154905319214,39,-88.48834228515625,-2.2689318656921387,39,-90.08705139160156,-2.309924364089966,39,-82.16519165039062,-2.2206809520721436,37,-100.99737548828125,-2.5896763801574707,39,-95.1762924194336,-2.440417766571045,39,1191
-86.5269775390625,-2.1104140281677246,41,-77.21366119384766,-1.8832600116729736,41,-66.64171600341797,-1.6254076957702637,41,-68.46331024169922,-1.521406888961792,45,-102.10372924804688,-2.4903347492218018,41,-80.04273986816406,-1.9522619247436523,41,1192
-81.3127212524414,-1.9360171556472778,42,-79.98530578613281,-1.904412031173706,42,-74.0104751586914,-1.762154221534729,42,-55.960243225097656,-1.6957648992538452,33,-94.48973846435547,-2.249755620956421,42,-83.9654769897461,-1.9991780519485474,42,1193
-128.80374145507812,-2.6834113597869873,48,-156.03988647460938,-3.250830888748169,48,-125.26585388183594,-2.6097052097320557,48,-100.5071792602539,-2.7164101600646973,37,-152.20558166503906,-3.170949697494507,48,-126.20787811279297,-2.62933087348938,48,1194
-127.41757202148438,-2.8315014839172363,45,-110.99622344970703,-2.466582775115967,45,-100.64961242675781,-2.2366580963134766,45,-71.9124984741211,-2.179166555404663,33,-103.16978454589844,-2.2926619052886963,45,-99.5850830078125,-2.2130017280578613,45,1195
-76.68549346923828,-2.8402035236358643,27,-70.2957763671875,-2.6035473346710205,27,-66.7464370727539,-2.472090244293213,27,-79.85675048828125,-1.9477256536483765,41,-61.89527130126953,-2.292417526245117,27,-57.34822082519531,-2.1240081787109375,27,1196
-73.20596313476562,-2.153116464614868,34,-84.69364166259766,-2.4909894466400146,34,-79.2220687866211,-2.3300609588623047,34,-56.026153564453125,-2.667912006378174,21,-74.77845764160156,-2.199366331100464,34,-89.66590881347656,-2.637232542037964,34,1197
-133.1438446044922,-2.512147903442383,53,-133.79083251953125,-2.524355411529541,53,-120.96488189697266,-2.2823562622070312,53,-68.31426239013672,-2.0092430114746094,34,-132.10585021972656,-2.492563247680664,53,-126.65510559082031,-2.389719009399414,53,1198
-74.63789367675781,-2.764366388320923,27,-71.86671447753906,-2.6617300510406494,27,-97.29795837402344,-3.603628158569336,27,-78.27342224121094,-2.609114170074463,30,-86.07406616210938,-3.1879284381866455,27,-101.41470336914062,-3.7561001777648926,27,1199
-96.51424407958984,-2.354006052017212,41,-110.60896301269531,-2.697779655456543,41,-101.89846801757812,-2.485328435897827,41,-98.88701629638672,-2.472175359725952,40,-118.105712890625,-2.880627155303955,41,-113.08707427978516,-2.758221387863159,41,1200
-59.30524444580078,-1.9130723476409912,31,-86.75968933105469,-2.7986996173858643,31,-100.73390197753906,-3.249480724334717,31,-97.35569763183594,-3.042365550994873,32,-101.77999877929688,-3.2832257747650146,31,-104.17221069335938,-3.36039400100708,31,1201
-40.934051513671875,-1.049591064453125,39,-93.69340515136719,-2.402395009994507,39,-91.06635284423828,-2.3350346088409424,39,-73.24626922607422,-2.2195839881896973,33,-99.93032836914062,-2.5623161792755127,39,-88.80345153808594,-2.2770116329193115,39,1202
-148.3924560546875,-3.372555732727051,44,-127.69270324707031,-2.902107000350952,44,-117.75891876220703,-2.6763391494750977,44,-53.247886657714844,-2.2186620235443115,24,-123.06926727294922,-2.7970287799835205,44,-108.85655212402344,-2.474012613296509,44,1203
-103.7301025390625,-3.143336534500122,33,-88.72062683105469,-2.6885037422180176,33,-96.55555725097656,-2.9259259700775146,33,-74.82754516601562,-1.8250620365142822,41,-93.65447235107422,-2.8380143642425537,33,-94.07559204101562,-2.8507754802703857,33,1204
-67.78947448730469,-1.9368420839309692,35,-121.15249633789062,-3.4614999294281006,35,-109.46162414550781,-3.1274750232696533,35,-168.38739013671875,-3.660595417022705,46,-121.1860580444336,-3.462458848953247,35,-113.28741455078125,-3.236783266067505,35,1205
-138.1648712158203,-2.093407154083252,66,-190.29039001464844,-2.883187770843506,66,-188.74191284179688,-2.8597259521484375,66,-76.76509094238281,-2.398909091949463,32,-177.33926391601562,-2.6869585514068604,66,-184.56777954101562,-2.7964816093444824,66,1206
-108.83153533935547,-2.7207884788513184,40,-123.91900634765625,-3.097975254058838,40,-109.6270523071289,-2.7406764030456543,40,-93.78982543945312,-3.1263275146484375,30,-124.24866485595703,-3.1062166690826416,40,-119.20619201660156,-2.9801547527313232,40,1207
-59.996429443359375,-1.4999107122421265,40,-149.05072021484375,-3.7262680530548096,40,-120.60720825195312,-3.0151801109313965,40,-72.67327117919922,-2.6916027069091797,27,-141.6260528564453,-3.540651321411133,40,-118.89412689208984,-2.972353219985962,40,1208
-87.39783477783203,-2.184945821762085,40,-98.79881286621094,-2.469970226287842,40,-100.59341430664062,-2.5148353576660156,40,-94.80670928955078,-2.7087631225585938,35,-100.68338775634766,-2.5170845985412598,40,-120.11349487304688,-3.0028374195098877,40,1209
-82.25697326660156,-2.3501992225646973,35,-181.7427520751953,-5.192649841308594,35,-218.16818237304688,-6.233376502990723,35,-280.75494384765625,-5.849061489105225,48,-180.3867950439453,-5.1539082527160645,35,-233.4086151123047,-6.668817520141602,35,1210
-63.806427001953125,-1.3293005228042603,48,-65.79495239257812,-1.3707281351089478,48,-66.21823120117188,-1.3795465230941772,48,-57.58705520629883,-1.175246000289917,49,-70.21339416503906,-1.4627790451049805,48,-70.10122680664062,-1.4604421854019165,48,1211
-100.39100646972656,-3.461758852005005,29,-116.12654876708984,-4.004363536834717,29,-115.44110870361328,-3.9807279109954834,29,-116.74931335449219,-4.025838375091553,29,-110.17936706542969,-3.799288511276245,29,-117.05633544921875,-4.036425590515137,29,1212
-75.80317687988281,-2.9155068397521973,26,-178.40518188476562,-6.8617377281188965,26,-184.25906372070312,-7.086886882781982,26,-260.92236328125,-6.212437152862549,42,-183.363037109375,-7.052424430847168,26,-204.39059448242188,-7.861176490783691,26,1213
-108.29133605957031,-3.4932689666748047,31,-124.67204284667969,-4.021678924560547,31,-92.0600814819336,-2.969680070877075,31,-92.00192260742188,-2.3590235710144043,39,-134.81356811523438,-4.348824977874756,31,-102.24971008300781,-3.298377752304077,31,1214
-86.51256561279297,-3.327406406402588,26,-99.64949035644531,-3.832672595977783,26,-93.47508239746094,-3.5951955318450928,26,-81.28282165527344,-2.463115692138672,33,-100.6041030883789,-3.8693885803222656,26,-98.18344116210938,-3.7762861251831055,26,1215
-54.357261657714844,-1.181679606437683,46,-112.75424194335938,-2.451179265975952,46,-124.50946807861328,-2.7067275047302246,46,-96.7537612915039,-2.845698833465576,34,-118.56228637695312,-2.5774409770965576,46,-127.52426147460938,-2.7722666263580322,46,1216
-117.3722915649414,-3.0095460414886475,39,-124.19767761230469,-3.184555768966675,39,-107.66938781738281,-2.760753631591797,39,-58.79329299926758,-2.351731777191162,25,-130.9288787841797,-3.3571507930755615,39,-122.8896255493164,-3.1510159969329834,39,1217
-74.88279724121094,-1.970599889755249,38,-83.44570922851562,-2.195939779281616,38,-89.71021270751953,-2.360795021057129,38,-110.76007080078125,-2.6371445655822754,42,-88.1209716796875,-2.3189728260040283,38,-85.1512680053711,-2.2408227920532227,38,1218
-92.34519958496094,-2.1475627422332764,43,-135.5631103515625,-3.152630567550659,43,-137.7128143310547,-3.2026236057281494,43,-90.8363037109375,-3.3643076419830322,27,-135.57090759277344,-3.1528117656707764,43,-142.69432067871094,-3.3184726238250732,43,1219
-60.982261657714844,-1.6939517259597778,36,-75.07447814941406,-2.085402250289917,36,-60.80934143066406,-1.6891484260559082,36,-34.5484733581543,-1.2338740825653076,28,-86.02406311035156,-2.389557361602783,36,-77.21668243408203,-2.1449079513549805,36,1220
-66.95256805419922,-1.5216492414474487,44,-92.69022369384766,-2.106595993041992,44,-95.94969940185547,-2.1806750297546387,44,-62.980369567871094,-1.9681365489959717,32,-111.41557312011719,-2.532172203063965,44,-97.92227935791016,-2.22550630569458,44,1221
-86.70233154296875,-3.334705114364624,26,-54.06232833862305,-2.0793204307556152,26,-49.756595611572266,-1.9137152433395386,26,-49.70383834838867,-1.4618775844573975,34,-77.87106323242188,-2.9950408935546875,26,-60.31770324707031,-2.3199117183685303,26,1222
-96.43772888183594,-2.0518665313720703,47,-105.39344024658203,-2.2424135208129883,47,-76.95489501953125,-1.6373381614685059,47,-91.95548248291016,-1.9157391786575317,48,-107.28353881835938,-2.2826285362243652,47,-94.98057556152344,-2.0208632946014404,47,1223
-54.93654251098633,-2.1129438877105713,26,-95.32136535644531,-3.6662063598632812,26,-92.10514831542969,-3.5425057411193848,26,-110.4754409790039,-2.6303677558898926,42,-101.71846771240234,-3.9122488498687744,26,-101.27308654785156,-3.8951187133789062,26,1224
-32.473514556884766,-0.7380344271659851,44,-42.76166915893555,-0.9718561172485352,44,-39.61969757080078,-0.90044766664505,44,-27.747798919677734,-0.616617739200592,45,-65.98069763183594,-1.4995613098144531,44,-63.80577850341797,-1.4501312971115112,44,1225
-76.93574523925781,-2.137104034423828,36,-187.68850708007812,-5.213569641113281,36,-215.40283203125,-5.98341178894043,36,-267.43035888671875,-5.942896842956543,45,-173.48001098632812,-4.818889141082764,36,-206.8495330810547,-5.74582052230835,36,1226
-71.3045425415039,-2.0971925258636475,34,-88.16849517822266,-2.593191146850586,34,-86.97661590576172,-2.558135747909546,34,-84.34989929199219,-2.5560574531555176,33,-94.76176452636719,-2.7871108055114746,34,-96.5279312133789,-2.8390567302703857,34,1227
-86.34202575683594,-2.8780674934387207,30,-91.896728515625,-3.0632243156433105,30,-92.77901458740234,-3.0926337242126465,30,-87.5273208618164,-3.1259758472442627,28,-97.84011840820312,-3.2613372802734375,30,-98.07891082763672,-3.2692971229553223,30,1228
-86.80349731445312,-3.1001248359680176,28,-164.6311492919922,-5.879683971405029,28,-184.00967407226562,-6.571774005889893,28,-290.28680419921875,-6.310582637786865,46,-168.94866943359375,-6.033881187438965,28,-189.35708618164062,-6.762753009796143,28,1229
-90.72515106201172,-2.2681288719177246,40,-119.58319091796875,-2.989579677581787,40,-80.42266845703125,-2.0105667114257812,40,-49.72251510620117,-2.0717713832855225,24,-128.26736450195312,-3.206684112548828,40,-101.98985290527344,-2.54974627494812,40,1230
-78.38530731201172,-1.7814842462539673,44,-140.59951782226562,-3.195443630218506,44,-159.6697998046875,-3.628859043121338,44,-87.989990234375,-3.8256516456604004,23,-145.2760772705078,-3.3017289638519287,44,-162.33837890625,-3.6895086765289307,44,1231
-73.84031677246094,-1.9431662559509277,38,-86.60145568847656,-2.2789857387542725,38,-87.83509826660156,-2.3114500045776367,38,-59.04326629638672,-1.9046214818954468,31,-100.02622985839844,-2.6322691440582275,38,-110.97032928466797,-2.920271873474121,38,1232
-35.77574157714844,-0.8943935632705688,40,-55.827938079833984,-1.3956984281539917,40,-53.325904846191406,-1.333147644996643,40,-56.8017578125,-1.4947830438613892,38,-83.98382568359375,-2.099595546722412,40,-69.6233139038086,-1.740582823753357,40,1233
-53.94590759277344,-2.1578361988067627,25,-53.045936584472656,-2.1218373775482178,25,-60.15043640136719,-2.406017541885376,25,-54.28522872924805,-2.1714091300964355,25,-56.58147430419922,-2.263258934020996,25,-56.15552520751953,-2.2462210655212402,25,1234
-48.252994537353516,-1.0966589450836182,44,-110.9307632446289,-2.521153688430786,44,-85.84191131591797,-1.9509525299072266,44,-45.58167266845703,-1.3023334741592407,35,-112.73767852783203,-2.5622198581695557,44,-103.8447036743164,-2.360106945037842,44,1235
-128.50537109375,-2.988497018814087,43,-167.25698852539062,-3.889697313308716,43,-152.82501220703125,-3.554069995880127,43,-142.2394561767578,-3.9510960578918457,36,-178.2101287841797,-4.144421577453613,43,-165.64288330078125,-3.8521599769592285,43,1236
-109.93594360351562,-2.498544216156006,44,-266.3414306640625,-6.0532145500183105,44,-281.88970947265625,-6.4065842628479,44,-275.1529235839844,-6.253475666046143,44,-258.188232421875,-5.867914199829102,44,-280.3335876464844,-6.371217727661133,44,1237
-81.95852661132812,-1.3009289503097534,63,-70.01445007324219,-1.1113405227661133,63,-36.44084930419922,-0.57842618227005,63,-18.844152450561523,-0.2812560200691223,67,-77.46867370605469,-1.229661464691162,63,-44.345794677734375,-0.7039015293121338,63,1238
-114.79029846191406,-3.188619375228882,36,-110.86270141601562,-3.079519510269165,36,-95.12861633300781,-2.6424615383148193,36,-43.4156379699707,-1.9734381437301636,22,-118.04191589355469,-3.278942108154297,36,-101.37522888183594,-2.815978527069092,36,1239
-114.7579345703125,-3.0199456214904785,38,-138.62567138671875,-3.6480438709259033,38,-113.70906066894531,-2.9923436641693115,38,-109.35746765136719,-2.377336263656616,46,-141.93533325195312,-3.735140323638916,38,-112.00648498535156,-2.9475390911102295,38,1240
-76.31425476074219,-2.5438084602355957,30,-85.84144592285156,-2.8613815307617188,30,-69.59616088867188,-2.3198721408843994,30,-67.22937774658203,-2.3182544708251953,29,-81.70077514648438,-2.7233591079711914,30,-70.84904479980469,-2.3616347312927246,30,1241
-40.802391052246094,-1.073747158050537,38,-92.81261444091797,-2.442437171936035,38,-86.3479232788086,-2.2723138332366943,38,-90.95655059814453,-2.3935935497283936,38,-101.06063079833984,-2.6594903469085693,38,-108.08946228027344,-2.8444595336914062,38,1242
-80.6187744140625,-2.371140480041504,34,-112.65866088867188,-3.3134899139404297,34,-101.20582580566406,-2.976641893386841,34,-90.68408203125,-2.1089322566986084,43,-107.33131408691406,-3.1568033695220947,34,-95.77655792236328,-2.816957473754883,34,1243
-91.85293579101562,-1.8745497465133667,49,-105.66663360595703,-2.1564619541168213,49,-102.39015197753906,-2.089594841003418,49,-68.5988998413086,-1.5590659379959106,44,-120.32015228271484,-2.4555132389068604,49,-102.09223937988281,-2.083515167236328,49,1244
-90.46875762939453,-2.6608457565307617,34,-103.45404052734375,-3.0427658557891846,34,-105.53829956054688,-3.10406756401062,34,-99.05023193359375,-3.0953197479248047,32,-113.30133056640625,-3.3323919773101807,34,-105.16512298583984,-3.0930919647216797,34,1245
-89.78538513183594,-1.951856255531311,46,-105.93588256835938,-2.3029539585113525,46,-123.43643188476562,-2.6834006309509277,46,-100.0929946899414,-2.634026288986206,38,-116.63391876220703,-2.535520076751709,46,-113.70313262939453,-2.4718072414398193,46,1246
-71.6295166015625,-1.7907378673553467,40,-107.95068359375,-2.6987671852111816,40,-93.4760971069336,-2.336902379989624,40,-55.37720489501953,-1.9095587730407715,29,-110.85730743408203,-2.771432638168335,40,-98.6190185546875,-2.465475559234619,40,1247
-78.4033203125,-1.7818936109542847,44,-242.80917358398438,-5.51839017868042,44,-275.25555419921875,-6.255807876586914,44,-284.2559814453125,-6.316799640655518,45,-246.83612060546875,-5.609911918640137,44,-295.91351318359375,-6.725306987762451,44,1248
-94.80424499511719,-2.060961961746216,46,-107.01234436035156,-2.326355218887329,46,-107.57674407958984,-2.338624954223633,46,-60.11205291748047,-2.1468589305877686,28,-131.69720458984375,-2.862982749938965,46,-131.84857177734375,-2.8662734031677246,46,1249
-50.57854080200195,-2.8099188804626465,18,-63.1767578125,-3.509819984436035,18,-62.69301223754883,-3.482945203781128,18,-52.60272216796875,-1.9482489824295044,27,-60.83583068847656,-3.3797683715820312,18,-60.176002502441406,-3.343111276626587,18,1250
-101.23733520507812,-3.2657206058502197,31,-78.20376586914062,-2.522702217102051,31,-67.09414672851562,-2.164327383041382,31,-76.62211608886719,-2.253591537475586,34,-84.82750701904297,-2.7363712787628174,31,-81.12338256835938,-2.6168832778930664,31,1251
-72.99984741210938,-1.8717910051345825,39,-74.58209228515625,-1.9123613834381104,39,-67.81816864013672,-1.7389273643493652,39,-48.827518463134766,-1.8084266185760498,27,-104.03813934326172,-2.667644500732422,39,-97.5023193359375,-2.5000593662261963,39,1252
-46.831199645996094,-2.0361390113830566,23,-49.908905029296875,-2.169952392578125,23,-50.18124771118164,-2.181793451309204,23,-44.29878234863281,-2.331514835357666,19,-59.079349517822266,-2.568667411804199,23,-64.32144165039062,-2.796584367752075,23,1253
-82.43439483642578,-2.227956533432007,37,-114.64971160888672,-3.0986409187316895,37,-119.27003479003906,-3.2235145568847656,37,-109.5045166015625,-2.7376129627227783,40,-122.30181884765625,-3.3054544925689697,37,-118.95648193359375,-3.2150399684906006,37,1254
-115.77919006347656,-2.3628406524658203,49,-138.61782836914062,-2.828935384750366,49,-148.11184692382812,-3.022690773010254,49,-65.50410461425781,-2.4260778427124023,27,-145.08102416992188,-2.9608371257781982,49,-150.34017944335938,-3.068166971206665,49,1255
-20.643335342407227,-0.6255556344985962,33,-93.96949768066406,-2.8475606441497803,33,-96.07627868652344,-2.911402463912964,33,-92.52059173583984,-2.891268491744995,32,-130.806640625,-3.9638376235961914,33,-124.08116149902344,-3.760035276412964,33,1256
-86.80744171142578,-2.346147060394287,37,-50.04972839355469,-1.352695345878601,37,-47.110450744628906,-1.273255467414856,37,-41.60626983642578,-1.1887506246566772,35,-76.00004577636719,-2.0540552139282227,37,-62.263118743896484,-1.6827869415283203,37,1257
-57.09684371948242,-1.543157935142517,37,-91.14979553222656,-2.463507890701294,37,-79.73747253417969,-2.155066728591919,37,-75.81880950927734,-2.1060781478881836,36,-107.63645935058594,-2.9090933799743652,37,-98.1719970703125,-2.653297185897827,37,1258
-45.56012725830078,-1.3806098699569702,33,-72.70298767089844,-2.2031209468841553,33,-72.13450622558594,-2.185894012451172,33,-73.74089050292969,-1.9405497312545776,38,-94.144775390625,-2.852871894836426,33,-85.11992645263672,-2.5793917179107666,33,1259
-42.202632904052734,-1.4552632570266724,29,-74.85292053222656,-2.5811352729797363,29,-103.2427978515625,-3.560096502304077,29,-44.963375091552734,-2.4979653358459473,18,-85.58354187011719,-2.9511566162109375,29,-101.01495361328125,-3.483274221420288,29,1260
-59.608116149902344,-2.12886118888855,28,-79.58515930175781,-2.842327117919922,28,-65.22376251220703,-2.3294200897216797,28,-70.88935089111328,-1.9691486358642578,36,-89.15052795410156,-3.1839473247528076,28,-79.63932037353516,-2.844261407852173,28,1261
-81.25843811035156,-2.196173906326294,37,-65.468994140625,-1.7694323062896729,37,-81.093017578125,-2.1917030811309814,37,-56.58522033691406,-1.7147036790847778,33,-70.97370910644531,-1.918208360671997,37,-90.1366195678711,-2.436124801635742,37,1262
-80.359619140625,-1.6741586923599243,48,-84.14974975585938,-1.7531198263168335,48,-87.02525329589844,-1.8130260705947876,48,-48.46764373779297,-1.2427600622177124,39,-118.44483947753906,-2.4676008224487305,48,-111.25421905517578,-2.317796230316162,48,1263
-139.48411560058594,-3.099647045135498,45,-126.49336242675781,-2.8109636306762695,45,-121.58038330078125,-2.7017862796783447,45,-83.34288787841797,-2.315080165863037,36,-151.52023315429688,-3.3671162128448486,45,-146.24874877929688,-3.249972105026245,45,1264
-85.12794494628906,-2.026855945587158,42,-113.29422760009766,-2.697481632232666,42,-89.13986206054688,-2.122377634048462,42,-80.49594116210938,-2.4392709732055664,33,-108.1571273803711,-2.575169801712036,42,-90.80783081054688,-2.1620912551879883,42,1265
-114.22103118896484,-2.4830658435821533,46,-103.36732482910156,-2.2471158504486084,46,-107.32727813720703,-2.3332016468048096,46,-88.76124572753906,-2.0642149448394775,43,-103.74505615234375,-2.2553272247314453,46,-107.73783111572266,-2.3421268463134766,46,1266
-85.30323791503906,-1.9387099742889404,44,-146.81736755371094,-3.3367583751678467,44,-137.30673217773438,-3.120607614517212,44,-133.4385986328125,-3.9246647357940674,34,-162.00125122070312,-3.6818466186523438,44,-159.56552124023438,-3.6264891624450684,44,1267
-89.77555084228516,-2.992518424987793,30,-102.74066162109375,-3.4246888160705566,30,-92.97029876708984,-3.0990099906921387,30,-99.64643859863281,-3.5588014125823975,28,-110.13433074951172,-3.6711442470550537,30,-103.40318298339844,-3.446772813796997,30,1268
-136.57858276367188,-2.3148913383483887,59,-149.1764373779297,-2.528414249420166,59,-136.36251831054688,-2.3112292289733887,59,-175.37564086914062,-2.6572067737579346,66,-153.292724609375,-2.59818172454834,59,-136.98870849609375,-2.3218424320220947,59,1269
-70.800537109375,-2.528590679168701,28,-66.70365905761719,-2.3822734355926514,28,-53.57176208496094,-1.913277268409729,28,-52.43772888183594,-2.0168356895446777,26,-77.3832778930664,-2.763688564300537,28,-65.37283325195312,-2.3347439765930176,28,1270
-64.71385192871094,-2.311208963394165,28,-78.63888549804688,-2.8085315227508545,28,-82.08609008789062,-2.9316461086273193,28,-87.84172058105469,-2.252351760864258,39,-96.07404327392578,-3.431215763092041,28,-85.4993896484375,-3.0535495281219482,28,1271
-105.73764038085938,-2.2028675079345703,48,-243.7820281982422,-5.078792095184326,48,-282.2034912109375,-5.879239559173584,48,-285.7041015625,-6.348979949951172,45,-241.28121948242188,-5.026691913604736,48,-301.06884765625,-6.272267818450928,48,1272
-88.22689056396484,-1.800548791885376,49,-183.11868286132812,-3.7371158599853516,49,-212.42144775390625,-4.335131645202637,49,-179.90032958984375,-4.862171173095703,37,-189.26504516601562,-3.8625519275665283,49,-224.94973754882812,-4.590810775756836,49,1273
-69.23162841796875,-3.2967441082000732,21,-54.80307388305664,-2.6096701622009277,21,-64.64163970947266,-3.0781733989715576,21,-75.02848052978516,-2.420273542404175,31,-51.41130065917969,-2.4481570720672607,21,-63.150638580322266,-3.0071732997894287,21,1274
-72.28604125976562,-2.190486192703247,33,-109.0692138671875,-3.3051276206970215,33,-96.90807342529297,-2.93660831451416,33,-102.1272201538086,-2.836867332458496,36,-100.26229095458984,-3.0382511615753174,33,-92.97553253173828,-2.8174402713775635,33,1275
-49.877079010009766,-1.24692702293396,40,-61.93348693847656,-1.5483372211456299,40,-77.34101867675781,-1.9335254430770874,40,-78.2845687866211,-2.1745712757110596,36,-64.68052673339844,-1.6170132160186768,40,-83.8775634765625,-2.0969390869140625,40,1276
-98.40008544921875,-2.659461736679077,37,-103.37944030761719,-2.794039011001587,37,-89.57591247558594,-2.4209706783294678,37,-82.00297546386719,-2.216296672821045,37,-98.05276489257812,-2.6500747203826904,37,-87.19929504394531,-2.3567376136779785,37,1277
-82.82575988769531,-2.7608587741851807,30,-123.39431762695312,-4.1131439208984375,30,-170.5745849609375,-5.685819625854492,30,-252.84881591796875,-5.496713161468506,46,-136.26165771484375,-4.542055130004883,30,-173.06019592285156,-5.768673419952393,30,1278
-75.70590209960938,-2.1029417514801025,36,-92.24964904785156,-2.562490224838257,36,-95.88461303710938,-2.663461446762085,36,-93.03031158447266,-2.4481661319732666,38,-87.16810607910156,-2.4213361740112305,36,-94.42758178710938,-2.62298846244812,36,1279
-44.88372802734375,-1.7262972593307495,26,-45.35554885864258,-1.7444441318511963,26,-66.46210479736328,-2.556234836578369,26,-64.90570831298828,-1.7542083263397217,37,-54.52534484863281,-2.0971286296844482,26,-65.74789428710938,-2.5287652015686035,26,1280
-91.33992004394531,-2.2834980487823486,40,-87.94096374511719,-2.198523998260498,40,-63.198577880859375,-1.5799643993377686,40,-66.36866760253906,-1.4120993614196777,47,-90.77811431884766,-2.2694528102874756,40,-75.28373718261719,-1.8820934295654297,40,1281
-60.85055923461914,-1.7385873794555664,35,-86.31256866455078,-2.4660732746124268,35,-82.200439453125,-2.348583936691284,35,-99.99949645996094,-2.1739020347595215,46,-99.69361114501953,-2.848388910293579,35,-105.82304382324219,-3.023515462875366,35,1282
-106.30989074707031,-4.088841915130615,26,-56.04015350341797,-2.155390501022339,26,-61.30509948730469,-2.3578884601593018,26,-79.920166015625,-2.2200045585632324,36,-73.63819885253906,-2.8322384357452393,26,-77.14164733886719,-2.9669864177703857,26,1283
-118.86792755126953,-2.4258761405944824,49,-110.4815444946289,-2.254725456237793,49,-137.16209411621094,-2.7992265224456787,49,-72.27885437011719,-2.1258487701416016,34,-131.65524291992188,-2.6868417263031006,49,-137.61839294433594,-2.8085386753082275,49,1284
-80.21114349365234,-2.0566959381103516,39,-89.92635345458984,-2.3058040142059326,39,-67.38970184326172,-1.7279410362243652,39,-56.5457763671875,-1.5707160234451294,36,-90.25882720947266,-2.314328908920288,39,-83.47152709960938,-2.1402955055236816,39,1285
-108.33393859863281,-2.4074208736419678,45,-122.71725463867188,-2.7270500659942627,45,-110.94572448730469,-2.4654605388641357,45,-71.7811279296875,-1.9400304555892944,37,-122.63312530517578,-2.7251806259155273,45,-110.051025390625,-2.4455783367156982,45,1286
-36.19903564453125,-0.8044230341911316,45,-63.83008575439453,-1.4184463024139404,45,-66.33451843261719,-1.4741003513336182,45,-53.750213623046875,-1.1197961568832397,48,-88.73893737792969,-1.971976399421692,45,-83.629638671875,-1.8584364652633667,45,1287
-89.4113998413086,-3.4388999938964844,26,-117.76231384277344,-4.529319763183594,26,-157.92526245117188,-6.0740485191345215,26,-282.32562255859375,-6.006927967071533,47,-110.19782257080078,-4.238377571105957,26,-168.78076171875,-6.491567611694336,26,1288
-43.74101257324219,-0.9941139221191406,44,-57.5087890625,-1.3070179224014282,44,-50.5786247253418,-1.1495141983032227,44,-41.554012298583984,-0.9663723707199097,43,-71.66085815429688,-1.6286559104919434,44,-62.03742980957031,-1.409941554069519,44,1289
-92.37638854980469,-3.0792129039764404,30,-75.69815063476562,-2.5232717990875244,30,-66.70196533203125,-2.2233989238739014,30,-54.33781433105469,-2.0899159908294678,26,-80.45336151123047,-2.6817786693573,30,-64.99191284179688,-2.1663970947265625,30,1290
-116.45393371582031,-3.4251155853271484,34,-110.45671081542969,-3.2487268447875977,34,-103.29605865478516,-3.038119316101074,34,-139.33242797851562,-2.964519739151001,47,-108.49514770507812,-3.1910338401794434,34,-96.48735809326172,-2.8378634452819824,34,1291
-66.82340240478516,-2.024951696395874,33,-87.35340881347656,-2.6470730304718018,33,-85.55105590820312,-2.592456340789795,33,-72.08067321777344,-2.1200199127197266,34,-76.05502319335938,-2.3046977519989014,33,-88.83097076416016,-2.691847562789917,33,1292
-54.1055908203125,-1.7453416585922241,31,-59.9097900390625,-1.932573914527893,31,-62.256874084472656,-2.008286237716675,31,-33.662498474121094,-1.402604103088379,24,-51.58013153076172,-1.6638752222061157,31,-60.555908203125,-1.953416347503662,31,1293
-74.84645080566406,-1.6270967721939087,46,-103.69380950927734,-2.254213333129883,46,-107.41133880615234,-2.335029125213623,46,-60.0243034362793,-1.9362678527832031,31,-94.08293914794922,-2.045281171798706,46,-117.87600708007812,-2.5625219345092773,46,1294
-106.1249771118164,-2.3070647716522217,46,-99.36940002441406,-2.1602044105529785,46,-110.58905792236328,-2.4041099548339844,46,-35.10089111328125,-1.2103755474090576,29,-123.44178771972656,-2.6835172176361084,46,-113.16649627685547,-2.460141181945801,46,1295
-40.33668518066406,-0.9167428612709045,44,-89.69048309326172,-2.0384199619293213,44,-90.00361633300781,-2.045536756515503,44,-60.87712860107422,-1.9637783765792847,31,-82.21743774414062,-1.8685780763626099,44,-92.80078887939453,-2.1091089248657227,44,1296
-77.24251556396484,-2.4916939735412598,31,-95.96156311035156,-3.095534324645996,31,-71.97090911865234,-2.3216421604156494,31,-75.11929321289062,-2.4232029914855957,31,-88.5004653930664,-2.854853630065918,31,-73.47463989257812,-2.370149612426758,31,1297
-22.807409286499023,-0.6708061695098877,34,-64.27193450927734,-1.8903510570526123,34,-74.1319580078125,-2.180351734161377,34,-29.319440841674805,-1.7246730327606201,17,-62.9205207824707,-1.8506035804748535,34,-78.82106018066406,-2.3182663917541504,34,1298
-68.01336669921875,-2.3452885150909424,29,-82.40126037597656,-2.8414227962493896,29,-92.9217300415039,-3.204197645187378,29,-127.50203704833984,-2.405698776245117,53,-78.71537780761719,-2.7143232822418213,29,-85.17988586425781,-2.937237501144409,29,1299
-94.24699401855469,-2.24397611618042,42,-78.92973327636719,-1.879279375076294,42,-107.05586242675781,-2.5489490032196045,42,-42.962318420410156,-1.6523969173431396,26,-95.89649200439453,-2.283249855041504,42,-90.82038879394531,-2.1623902320861816,42,1300
-81.31063842773438,-1.8069031238555908,45,-222.69073486328125,-4.94868278503418,45,-257.2124328613281,-5.715831756591797,45,-279.5218505859375,-5.823371887207031,48,-215.7339324951172,-4.7940874099731445,45,-254.21336364746094,-5.649185657501221,45,1301
-99.30780029296875,-3.4244070053100586,29,-79.35432434082031,-2.736356019973755,29,-82.47914123535156,-2.8441083431243896,29,-86.69497680664062,-2.3431074619293213,37,-85.23677062988281,-2.9391989707946777,29,-83.13374328613281,-2.866680860519409,29,1302
-39.0484504699707,-1.0012422800064087,39,-69.42524719238281,-1.7801345586776733,39,-55.33751678466797,-1.4189107418060303,39,-51.10732650756836,-1.2465201616287231,41,-70.78753662109375,-1.8150650262832642,39,-63.41072463989258,-1.6259160041809082,39,1303
-76.02246856689453,-2.1117353439331055,36,-105.19981384277344,-2.9222171306610107,36,-88.75916290283203,-2.4655323028564453,36,-101.84868621826172,-2.3685741424560547,43,-102.30247497558594,-2.841735363006592,36,-100.655517578125,-2.7959866523742676,36,1304
-30.62960433959961,-0.8508223295211792,36,-80.91419982910156,-2.247616767883301,36,-63.89540100097656,-1.7748723030090332,36,-54.01287841796875,-1.2275654077529907,44,-85.40084838867188,-2.3722457885742188,36,-51.18040466308594,-1.4216779470443726,36,1305
-90.19956970214844,-2.5055437088012695,36,-99.5606689453125,-2.7655742168426514,36,-103.39193725585938,-2.8719983100891113,36,-63.23311996459961,-2.2583258152008057,28,-103.58509063720703,-2.877363681793213,36,-104.21146392822266,-2.8947629928588867,36,1306
-61.49012756347656,-1.5372531414031982,40,-84.96821594238281,-2.1242053508758545,40,-84.9576187133789,-2.1239404678344727,40,-79.93927764892578,-1.8590530157089233,43,-90.67446899414062,-2.2668616771698,40,-89.55596160888672,-2.238898992538452,40,1307
-86.20751190185547,-2.0525598526000977,42,-110.66117858886719,-2.6347899436950684,42,-105.06877136230469,-2.5016374588012695,42,-94.91243743896484,-3.0616915225982666,31,-121.21776580810547,-2.8861372470855713,42,-120.16706085205078,-2.8611204624176025,42,1308
-111.85186767578125,-3.3894505500793457,33,-100.45561218261719,-3.044109344482422,33,-72.7078857421875,-2.2032692432403564,33,-63.034576416015625,-1.6588046550750732,38,-93.28665924072266,-2.8268685340881348,33,-64.8917465209961,-1.966416597366333,33,1309
-103.17372131347656,-2.865936756134033,36,-88.2933349609375,-2.452592611312866,36,-90.1634521484375,-2.50454044342041,36,-65.4720458984375,-2.112001419067383,31,-86.56553649902344,-2.4045982360839844,36,-86.48054504394531,-2.4022374153137207,36,1310
-105.98783111572266,-3.1172890663146973,34,-169.573486328125,-4.987455368041992,34,-194.70220947265625,-5.726535797119141,34,-261.07098388671875,-5.554701805114746,47,-173.60079956054688,-5.105906009674072,34,-205.50213623046875,-6.044180393218994,34,1311
-96.50272369384766,-2.2442493438720703,43,-127.57118225097656,-2.9667716026306152,43,-122.90235900878906,-2.858194351196289,43,-99.62185668945312,-3.3207285404205322,30,-116.06953430175781,-2.699291467666626,43,-108.38929748535156,-2.520681381225586,43,1312
-48.720611572265625,-1.6240203380584717,30,-78.64463806152344,-2.621487855911255,30,-87.59640502929688,-2.9198801517486572,30,-88.55919647216797,-1.8449832201004028,48,-88.44621276855469,-2.948207139968872,30,-85.38221740722656,-2.846073865890503,30,1313
-63.13691711425781,-1.4030425548553467,45,-116.0443344116211,-2.578763008117676,45,-85.9324951171875,-1.9096109867095947,45,-63.10050582885742,-1.8558971881866455,34,-102.61390686035156,-2.280308961868286,45,-93.94341278076172,-2.0876314640045166,45,1314
-36.99959945678711,-0.7399919629096985,50,-70.55266571044922,-1.4110532999038696,50,-54.19377899169922,-1.0838755369186401,50,-45.150390625,-0.8853017687797546,51,-88.87211608886719,-1.7774423360824585,50,-69.62999725341797,-1.3925999402999878,50,1315
-91.48370361328125,-2.287092685699463,40,-135.68032836914062,-3.3920083045959473,40,-113.35012817382812,-2.8337531089782715,40,-78.5968017578125,-2.7102346420288086,29,-133.124267578125,-3.328106641769409,40,-119.48785400390625,-2.987196445465088,40,1316
-85.294921875,-2.3693034648895264,36,-83.85357666015625,-2.32926607131958,36,-64.42291259765625,-1.7895253896713257,36,-73.79279327392578,-1.7569712400436401,42,-93.65711975097656,-2.6015865802764893,36,-72.43709564208984,-2.012141466140747,36,1317
-54.90723419189453,-1.7712011337280273,31,-74.5628433227539,-2.4052529335021973,31,-72.78528594970703,-2.347912549972534,31,-78.54936981201172,-1.870223045349121,42,-71.03227996826172,-2.2913639545440674,31,-69.38985443115234,-2.238382339477539,31,1318
-99.46676635742188,-3.2086052894592285,31,-98.7566146850586,-3.185697317123413,31,-105.4308090209961,-3.400993824005127,31,-76.52005004882812,-3.326958656311035,23,-108.39502716064453,-3.4966137409210205,31,-104.35514068603516,-3.3662948608398438,31,1319
-59.292701721191406,-1.3789000511169434,43,-99.49142456054688,-2.313754081726074,43,-101.8304672241211,-2.368150472640991,43,-83.4626235961914,-2.0865654945373535,40,-115.3364028930664,-2.682241916656494,43,-112.20524597167969,-2.609424352645874,43,1320
-51.11314010620117,-1.1111552715301514,46,-91.88824462890625,-1.997570514678955,46,-93.65045166015625,-2.035879373550415,46,-38.17561721801758,-1.2725205421447754,30,-111.12505340576172,-2.415761947631836,46,-107.70065307617188,-2.3413186073303223,46,1321
-104.2701416015625,-3.363553047180176,31,-74.78636932373047,-2.412463426589966,31,-84.58303833007812,-2.728485107421875,31,-74.92990112304688,-2.583789587020874,29,-83.72256469726562,-2.700727939605713,31,-81.30947875976562,-2.6228864192962646,31,1322
-104.1519775390625,-3.254749298095703,32,-118.90272521972656,-3.715710163116455,32,-116.16629791259766,-3.6301968097686768,32,-85.70548248291016,-1.863162636756897,46,-112.75914001464844,-3.5237231254577637,32,-115.834716796875,-3.6198348999023438,32,1323
-84.09068298339844,-2.2129127979278564,38,-95.1686019897461,-2.50443696975708,38,-100.42691040039062,-2.6428134441375732,38,-64.23474884033203,-2.470567226409912,26,-104.73812866210938,-2.7562665939331055,38,-111.70451354980469,-2.9395923614501953,38,1324
-51.56260299682617,-1.9097260236740112,27,-58.46519470214844,-2.165377616882324,27,-61.49436569213867,-2.277569055557251,27,-54.7587776184082,-1.659356951713562,33,-56.251766204833984,-2.0833988189697266,27,-64.91895294189453,-2.4044055938720703,27,1325
-63.665828704833984,-2.195373296737671,29,-51.55980682373047,-1.7779244184494019,29,-59.94559097290039,-2.067089319229126,29,-67.13597106933594,-1.7667360305786133,38,-59.743125915527344,-2.060107707977295,29,-70.11518859863281,-2.4177651405334473,29,1326
-79.85828399658203,-3.071472406387329,26,-85.42639923095703,-3.285630702972412,26,-71.0012435913086,-2.7308170795440674,26,-60.53324890136719,-1.8343409299850464,33,-96.00030517578125,-3.692319393157959,26,-75.7573471069336,-2.9137442111968994,26,1327
-89.05583190917969,-2.3435745239257812,38,-107.68084716796875,-2.8337066173553467,38,-106.30020904541016,-2.7973740100860596,38,-111.15089416503906,-2.7787723541259766,40,-138.82000732421875,-3.653158187866211,38,-140.96607971191406,-3.7096335887908936,38,1328
-58.513694763183594,-1.8875385522842407,31,-79.92998504638672,-2.5783865451812744,31,-94.55844116210938,-3.050272226333618,31,-132.62896728515625,-3.400742769241333,39,-87.45254516601562,-2.821049928665161,31,-94.71266174316406,-3.0552470684051514,31,1329
-90.45207214355469,-2.319283962249756,39,-120.22920989990234,-3.0828001499176025,39,-116.29478454589844,-2.9819176197052,39,-111.11357116699219,-4.273598670959473,26,-124.47557830810547,-3.191681385040283,39,-123.06856536865234,-3.155604124069214,39,1330
-76.59171295166016,-2.0700461864471436,37,-98.35145568847656,-2.6581473350524902,37,-76.1796875,-2.058910369873047,37,-80.90684509277344,-2.186671495437622,37,-130.1973114013672,-3.518846273422241,37,-107.75218200683594,-2.9122211933135986,37,1331
-78.62779998779297,-2.069152593612671,38,-121.1975326538086,-3.189408779144287,38,-117.50879669189453,-3.092336654663086,38,-61.90959930419922,-2.9480762481689453,21,-116.03736877441406,-3.053614854812622,38,-111.94033813476562,-2.945798397064209,38,1332
-90.1411361694336,-2.436246871948242,37,-106.02464294433594,-2.8655309677124023,37,-81.67549133300781,-2.2074456214904785,37,-108.01475524902344,-2.348146915435791,46,-109.77485656738281,-2.966887950897217,37,-86.23126220703125,-2.3305747509002686,37,1333
-47.3513069152832,-1.0293762683868408,46,-104.8170166015625,-2.2786307334899902,46,-110.41551208496094,-2.4003372192382812,46,-99.37055969238281,-2.7602932453155518,36,-101.09051513671875,-2.197619915008545,46,-91.61084747314453,-1.9915401935577393,46,1334
-94.54273986816406,-2.487966775894165,38,-127.75190734863281,-3.3618922233581543,38,-92.30152893066406,-2.428987503051758,38,-15.734487533569336,-0.9255580902099609,17,-120.48173522949219,-3.17057204246521,38,-111.92745208740234,-2.9454593658447266,38,1335
-36.00658416748047,-0.9475417137145996,38,-105.45323181152344,-2.775084972381592,38,-86.60801696777344,-2.279158353805542,38,-59.56629180908203,-2.291011333465576,26,-118.78450012207031,-3.1259078979492188,38,-109.85895538330078,-2.8910250663757324,38,1336
-114.20799255371094,-2.330775260925293,49,-148.89779663085938,-3.0387306213378906,49,-170.83372497558594,-3.4864025115966797,49,-151.0719451904297,-3.284172773361206,46,-147.60049438476562,-3.0122549533843994,49,-176.59097290039062,-3.6038973331451416,49,1337
-94.45469665527344,-2.623741626739502,36,-121.92198944091797,-3.3867218494415283,36,-102.1732177734375,-2.8381450176239014,36,-88.61019897460938,-2.769068717956543,32,-134.0363006591797,-3.7232306003570557,36,-121.56981658935547,-3.376939296722412,36,1338
-99.61378479003906,-2.767049551010132,36,-97.171142578125,-2.6991984844207764,36,-73.60057067871094,-2.0444602966308594,36,-50.01349639892578,-1.5629217624664307,32,-98.90189361572266,-2.747274875640869,36,-83.25719451904297,-2.312699794769287,36,1339
-73.78376007080078,-2.635134220123291,28,-79.38629150390625,-2.8352246284484863,28,-67.7851333618164,-2.4208977222442627,28,-66.11270141601562,-2.644508123397827,25,-91.58711242675781,-3.270968198776245,28,-85.63081359863281,-3.0582432746887207,28,1340
-57.90423583984375,-1.3160053491592407,44,-117.99537658691406,-2.681713104248047,44,-98.79430389404297,-2.2453250885009766,44,-77.28857421875,-2.3420779705047607,33,-139.17672729492188,-3.163107395172119,44,-135.33892822265625,-3.0758848190307617,44,1341
-96.3074951171875,-2.3489632606506348,41,-107.92239379882812,-2.632253408432007,41,-107.71930694580078,-2.627300262451172,41,-109.78440856933594,-2.4396536350250244,45,-130.12188720703125,-3.1737046241760254,41,-121.88529205322266,-2.9728119373321533,41,1342
-89.76821899414062,-1.9514830112457275,46,-103.3492431640625,-2.24672269821167,46,-94.40192413330078,-2.052215814590454,46,-39.85753631591797,-1.2455480098724365,32,-117.13883972167969,-2.546496629714966,46,-112.49147033691406,-2.4454667568206787,46,1343
-61.00425338745117,-1.605375051498413,38,-61.415435791015625,-1.6161956787109375,38,-68.47640991210938,-1.8020107746124268,38,-69.04891204833984,-1.8170766830444336,38,-72.5256576538086,-1.9085699319839478,38,-74.13229370117188,-1.9508498907089233,38,1344
-120.6278076171875,-2.7415411472320557,44,-127.27944946289062,-2.892714738845825,44,-121.76181030273438,-2.7673139572143555,44,-97.72381591796875,-2.874229907989502,34,-116.62481689453125,-2.650563955307007,44,-115.41128540039062,-2.622983694076538,44,1345
-65.07313537597656,-1.97191321849823,33,-121.18359375,-3.6722300052642822,33,-86.05631256103516,-2.607767105102539,33,-75.07975769042969,-2.4219276905059814,31,-110.2505111694336,-3.3409245014190674,33,-81.87660217285156,-2.481109142303467,33,1346
-90.6162338256836,-1.8493108749389648,49,-105.77855682373047,-2.1587460041046143,49,-110.67072296142578,-2.2585861682891846,49,-93.79542541503906,-2.233224391937256,42,-108.1229019165039,-2.206589937210083,49,-117.99986267089844,-2.408160448074341,49,1347
-78.65623474121094,-2.3134186267852783,34,-89.53401947021484,-2.6333534717559814,34,-76.02206420898438,-2.235943078994751,34,-66.92269897460938,-2.390096426010132,28,-89.67520141601562,-2.6375060081481934,34,-76.97056579589844,-2.2638401985168457,34,1348
-60.684349060058594,-1.896385908126831,32,-77.3984146118164,-2.4187004566192627,32,-63.396240234375,-1.9811325073242188,32,-70.03385925292969,-1.9453849792480469,36,-69.65416717529297,-2.1766927242279053,32,-63.592132568359375,-1.9872541427612305,32,1349
-77.07524871826172,-2.6577672958374023,29,-110.22835540771484,-3.8009777069091797,29,-71.97171020507812,-2.481783151626587,29,-84.0699691772461,-2.4726462364196777,34,-101.14689636230469,-3.487823963165283,29,-70.28207397460938,-2.4235198497772217,29,1350
-106.13398742675781,-2.792999744415283,38,-109.16592407226562,-2.8727874755859375,38,-101.63143920898438,-2.674511671066284,38,-123.93614959716797,-2.8822360038757324,43,-102.80168914794922,-2.705307722091675,38,-101.9848861694336,-2.6838128566741943,38,1351
-69.35979461669922,-1.5078216791152954,46,-118.5987777709961,-2.5782341957092285,46,-108.54322052001953,-2.3596351146698,46,-103.02489471435547,-2.5128023624420166,41,-129.00538635253906,-2.804464817047119,46,-120.17989349365234,-2.6126062870025635,46,1352
-64.0763931274414,-1.3929650783538818,46,-104.26768493652344,-2.266688823699951,46,-109.52083587646484,-2.380887746810913,46,-118.33695983886719,-2.8862674236297607,41,-110.26991271972656,-2.397171974182129,46,-115.58988189697266,-2.5128235816955566,46,1353
-70.26189422607422,-2.3420631885528564,30,-87.93389892578125,-2.9311299324035645,30,-75.44978332519531,-2.5149927139282227,30,-92.12415313720703,-2.3621578216552734,39,-112.26031494140625,-3.7420105934143066,30,-89.43031311035156,-2.9810104370117188,30,1354
-56.972450256347656,-1.9645673036575317,29,-97.35661315917969,-3.3571245670318604,29,-68.53724670410156,-2.3633532524108887,29,-66.9479751586914,-2.0921242237091064,32,-92.36947631835938,-3.185154438018799,29,-70.03485107421875,-2.414994955062866,29,1355
-153.02005004882812,-3.4004454612731934,45,-154.56033325195312,-3.434674024581909,45,-101.72119903564453,-2.2604711055755615,45,-90.36839294433594,-2.1516284942626953,42,-138.23240661621094,-3.071831226348877,45,-101.53741455078125,-2.2563869953155518,45,1356
-112.62550354003906,-4.171314716339111,27,-104.1026840209961,-3.8556549549102783,27,-79.71745300292969,-2.952498197555542,27,-83.11241149902344,-2.5972628593444824,32,-102.18639373779297,-3.7846813201904297,27,-72.62699127197266,-2.6898884773254395,27,1357
-103.1878433227539,-3.4395947456359863,30,-122.72371673583984,-4.090790748596191,30,-112.56887817382812,-3.752295970916748,30,-120.01557922363281,-3.52987003326416,34,-126.35018920898438,-4.211672782897949,30,-118.80680084228516,-3.9602267742156982,30,1358
-79.09009552001953,-1.9772523641586304,40,-108.4207992553711,-2.710520029067993,40,-107.38253784179688,-2.684563398361206,40,-85.96864318847656,-2.6865200996398926,32,-98.15558624267578,-2.4538896083831787,40,-102.3096923828125,-2.5577423572540283,40,1359
-95.05636596679688,-2.263246774673462,42,-113.97270202636719,-2.7136356830596924,42,-119.34527587890625,-2.8415541648864746,42,-76.2686996459961,-2.542289972305298,30,-119.89503479003906,-2.8546435832977295,42,-109.49671173095703,-2.6070644855499268,42,1360
-79.54853820800781,-1.6572612524032593,48,-122.00981140136719,-2.5418710708618164,48,-120.44139862060547,-2.5091958045959473,48,-106.9836196899414,-2.4879910945892334,43,-128.32791137695312,-2.6734981536865234,48,-113.16178894042969,-2.357537269592285,48,1361
-75.5874252319336,-1.9381390810012817,39,-82.7341537475586,-2.1213886737823486,39,-60.37968444824219,-1.5481970310211182,39,-48.04815673828125,-1.3728045225143433,35,-78.24522399902344,-2.0062878131866455,39,-63.67398452758789,-1.6326662302017212,39,1362
-72.58784484863281,-2.0739383697509766,35,-65.34667205810547,-1.8670477867126465,35,-84.60127258300781,-2.4171791076660156,35,-83.66299438476562,-2.201657772064209,38,-74.14275360107422,-2.1183643341064453,35,-82.31671142578125,-2.3519060611724854,35,1363
-130.2165985107422,-2.8307955265045166,46,-137.71023559570312,-2.9937007427215576,46,-129.20941162109375,-2.8089003562927246,46,-56.69677734375,-2.0998806953430176,27,-141.35430908203125,-3.0729198455810547,46,-125.06948852539062,-2.7189018726348877,46,1364
-121.6718521118164,-2.89694881439209,42,-57.22479248046875,-1.3624950647354126,42,-45.093910217285156,-1.0736645460128784,42,-64.73554229736328,-1.2693243026733398,51,-68.06621551513672,-1.6206241846084595,42,-53.749114990234375,-1.279740810394287,42,1365
-59.893104553222656,-1.5761343240737915,38,-64.86039733886719,-1.7068525552749634,38,-65.10176086425781,-1.713204264640808,38,-54.82276153564453,-1.5663646459579468,35,-69.14593505859375,-1.8196299076080322,38,-71.21676635742188,-1.8741254806518555,38,1366
-75.2319564819336,-2.2797563076019287,33,-92.92839050292969,-2.816011905670166,33,-85.06271362304688,-2.57765793800354,33,-69.18415832519531,-2.470862865447998,28,-87.64076232910156,-2.655780792236328,33,-82.40290069580078,-2.4970576763153076,33,1367
-81.70764923095703,-1.815725564956665,45,-113.25526428222656,-2.5167837142944336,45,-117.22736358642578,-2.6050524711608887,45,-67.15618133544922,-2.098630666732788,32,-112.8371810913086,-2.507493019104004,45,-114.9952392578125,-2.5554497241973877,45,1368
-71.9273452758789,-2.480253219604492,29,-105.78450012207031,-3.6477413177490234,29,-99.86751556396484,-3.4437074661254883,29,-101.61031341552734,-2.7462246417999268,37,-96.63618469238281,-3.332282304763794,29,-86.9683837890625,-2.9989097118377686,29,1369
-62.060142517089844,-1.7238928079605103,36,-89.58209228515625,-2.488391399383545,36,-89.44844055175781,-2.4846789836883545,36,-89.85585021972656,-2.0896708965301514,43,-76.80943298339844,-2.1335954666137695,36,-70.62987518310547,-1.9619410037994385,36,1370
-75.48084259033203,-2.0966901779174805,36,-77.10739135742188,-2.141871929168701,36,-78.67269897460938,-2.1853528022766113,36,-53.3949089050293,-1.7224164009094238,31,-80.60755920410156,-2.2390987873077393,36,-88.60296630859375,-2.461193561553955,36,1371
-86.64006042480469,-1.8834795951843262,46,-91.97315979003906,-1.999416470527649,46,-82.54396057128906,-1.7944339513778687,46,-73.5151596069336,-1.8850040435791016,39,-90.27711486816406,-1.9625459909439087,46,-86.67704772949219,-1.8842836618423462,46,1372
-65.50509643554688,-2.258796453475952,29,-87.35352325439453,-3.012190341949463,29,-85.3826904296875,-2.944230794906616,29,-87.97761535644531,-3.258430242538452,27,-89.06689453125,-3.071272134780884,29,-84.35870361328125,-2.9089207649230957,29,1373
-91.98253631591797,-1.6137287616729736,57,-119.65924072265625,-2.0992848873138428,57,-106.11505889892578,-1.8616677522659302,57,-50.04295349121094,-1.28315269947052,39,-122.2188949584961,-2.144191026687622,57,-115.50003814697266,-2.0263164043426514,57,1374
-93.42733764648438,-3.4602718353271484,27,-80.8189926147461,-2.993295907974243,27,-51.683349609375,-1.9141981601715088,27,-55.00410842895508,-1.9644324779510498,28,-104.32627868652344,-3.863936185836792,27,-60.30434036254883,-2.2334940433502197,27,1375
-69.68441772460938,-2.580904245376587,27,-82.67254638671875,-3.061946153640747,27,-86.97393798828125,-3.221256971359253,27,-50.99181365966797,-2.2170352935791016,23,-76.12210083007812,-2.8193371295928955,27,-74.96565246582031,-2.776505708694458,27,1376
-106.54226684570312,-2.219630479812622,48,-136.21298217773438,-2.837770462036133,48,-118.42140197753906,-2.4671125411987305,48,-92.45671081542969,-3.4243226051330566,27,-136.85040283203125,-2.8510501384735107,48,-116.59754180908203,-2.4291155338287354,48,1377
-67.54139709472656,-2.1787548065185547,31,-98.15068054199219,-3.1661510467529297,31,-89.32022857666016,-2.8812975883483887,31,-113.889892578125,-2.53088641166687,45,-84.24286651611328,-2.7175118923187256,31,-77.92515563964844,-2.5137147903442383,31,1378
-87.69113159179688,-1.9929802417755127,44,-106.84086608886719,-2.42820143699646,44,-116.83317565917969,-2.655299425125122,44,-109.55345916748047,-2.809062957763672,39,-118.14849853515625,-2.6851930618286133,44,-127.95375061035156,-2.9080398082733154,44,1379
-63.86113357543945,-2.202108144760132,29,-79.36575317382812,-2.7367501258850098,29,-61.73769760131836,-2.1288862228393555,29,-51.62826156616211,-1.518478274345398,34,-80.01863098144531,-2.759263038635254,29,-62.39338302612305,-2.151495933532715,29,1380
-84.63973236083984,-2.821324348449707,30,-103.55473327636719,-3.451824426651001,30,-103.37358093261719,-3.4457859992980957,30,-52.985721588134766,-2.9436511993408203,18,-107.57231140136719,-3.5857436656951904,30,-104.91410064697266,-3.4971365928649902,30,1381
-62.96981430053711,-1.9678066968917847,32,-64.09381103515625,-2.002931594848633,32,-62.974571228027344,-1.9679553508758545,32,-54.77647018432617,-1.956302523612976,28,-81.56929016113281,-2.5490403175354004,32,-69.83583068847656,-2.1823697090148926,32,1382
-108.48431396484375,-2.3583545684814453,46,-149.61087036132812,-3.2524101734161377,46,-138.70706176757812,-3.0153708457946777,46,-63.41234588623047,-2.1866326332092285,29,-139.77755737304688,-3.038642644882202,46,-117.17619323730469,-2.5473084449768066,46,1383
-79.03350067138672,-2.0264999866485596,39,-99.44349670410156,-2.549833297729492,39,-78.43144226074219,-2.0110626220703125,39,-82.24406433105469,-2.1088221073150635,39,-100.97015380859375,-2.5889782905578613,39,-85.09365844726562,-2.1818885803222656,39,1384
-147.59266662597656,-2.8939738273620605,51,-146.6488037109375,-2.875466823577881,51,-119.60086059570312,-2.3451149463653564,51,-61.26744842529297,-2.112670660018921,29,-159.11721801757812,-3.119945526123047,51,-133.4492645263672,-2.616652250289917,51,1385
-121.89230346679688,-2.7702796459198,44,-132.2170867919922,-3.0049338340759277,44,-106.96258544921875,-2.4309678077697754,44,-52.46623992919922,-1.4990354776382446,35,-130.03619384765625,-2.9553680419921875,44,-93.29388427734375,-2.1203155517578125,44,1386
-57.97993469238281,-1.7052922248840332,34,-87.37545776367188,-2.569866418838501,34,-86.67796325683594,-2.549351930618286,34,-87.77603149414062,-2.3723251819610596,37,-82.4329833984375,-2.42449951171875,34,-90.65225219726562,-2.6662425994873047,34,1387
-121.96623229980469,-3.1273393630981445,39,-108.24864196777344,-2.775606155395508,39,-87.94810485839844,-2.255079507827759,39,-75.25433349609375,-2.1501238346099854,35,-110.06529235839844,-2.8221869468688965,39,-90.50489807128906,-2.320638418197632,39,1388
-114.94259643554688,-2.9472460746765137,39,-125.61748504638672,-3.220961093902588,39,-160.82870483398438,-4.123813152313232,39,-107.39740753173828,-4.130669593811035,26,-145.7622833251953,-3.737494468688965,39,-182.03704833984375,-4.667616844177246,39,1389
-79.46377563476562,-2.483242988586426,32,-125.50102233886719,-3.9219069480895996,32,-108.16048431396484,-3.3800151348114014,32,-113.6999282836914,-2.526664972305298,45,-129.3424072265625,-4.041950225830078,32,-111.4449462890625,-3.482654571533203,32,1390
-119.7830810546875,-3.2373805046081543,37,-149.93441772460938,-4.052281379699707,37,-147.451416015625,-3.985173463821411,37,-161.1389923095703,-3.9302194118499756,41,-144.06857299804688,-3.893745183944702,37,-139.90109252929688,-3.7811105251312256,37,1391
-17.808074951171875,-0.49466875195503235,36,-105.12224578857422,-2.920062303543091,36,-104.21068572998047,-2.8947412967681885,36,-68.26969146728516,-2.6257574558258057,26,-113.019775390625,-3.1394381523132324,36,-109.43185424804688,-3.03977370262146,36,1392
-66.20154571533203,-1.655038595199585,40,-116.52305603027344,-2.913076400756836,40,-109.996826171875,-2.749920606613159,40,-106.48031616210938,-2.8778464794158936,37,-132.24269104003906,-3.3060672283172607,40,-130.92440795898438,-3.2731101512908936,40,1393
-55.32609558105469,-1.4952999353408813,37,-104.30288696289062,-2.8189969062805176,37,-98.91262817382812,-2.673314332962036,37,-98.81939697265625,-1.9376351833343506,51,-114.23454284667969,-3.0874199867248535,37,-111.07698059082031,-3.0020804405212402,37,1394
-66.3126449584961,-1.8420178890228271,36,-97.956298828125,-2.72100830078125,36,-70.60954284667969,-1.9613761901855469,36,-61.979331970214844,-1.8229215145111084,34,-120.3494873046875,-3.34304141998291,36,-110.95829010009766,-3.082174777984619,36,1395
-95.1351547241211,-2.7181472778320312,35,-72.21772766113281,-2.063363552093506,35,-82.87835693359375,-2.367953062057495,35,-72.14673614501953,-2.2545855045318604,32,-94.70292663574219,-2.7057979106903076,35,-106.15898895263672,-3.033113956451416,35,1396
-78.99136352539062,-2.323275327682495,34,-93.92520904541016,-2.7625062465667725,34,-77.63691711425781,-2.2834386825561523,34,-68.72550964355469,-1.527233600616455,45,-114.52027893066406,-3.368243455886841,34,-97.93844604492188,-2.880542516708374,34,1397
-81.6171875,-2.400505542755127,34,-81.46968841552734,-2.396167278289795,34,-70.25912475585938,-2.0664448738098145,34,-60.73858642578125,-1.898080825805664,32,-98.85111999511719,-2.90738582611084,34,-88.55715942382812,-2.6046223640441895,34,1398
-81.71104431152344,-2.208406686782837,37,-80.608154296875,-2.1785988807678223,37,-78.32001495361328,-2.1167571544647217,37,-61.26713180541992,-1.4587411880493164,42,-90.08344268798828,-2.434687614440918,37,-95.05569458007812,-2.569072723388672,37,1399
-72.82679748535156,-2.080765724182129,35,-96.64586639404297,-2.761310577392578,35,-75.34059143066406,-2.152588367462158,35,-70.52259826660156,-2.2749226093292236,31,-133.68362426757812,-3.8195321559906006,35,-122.61752319335938,-3.5033578872680664,35,1400
-28.300962448120117,-0.9433653950691223,30,-59.55584716796875,-1.9851949214935303,30,-44.39381408691406,-1.4797937870025635,30,-37.31892395019531,-1.20383620262146,31,-74.09220123291016,-2.469740152359009,30,-58.370880126953125,-1.9456959962844849,30,1401
-158.03038024902344,-2.9264886379241943,54,-121.84059143066406,-2.256307363510132,54,-115.3413314819336,-2.1359505653381348,54,-28.320554733276367,-0.9440184831619263,30,-135.59725952148438,-2.5110604763031006,54,-111.87397766113281,-2.0717403888702393,54,1402
-76.63919067382812,-1.9159797430038452,40,-180.5233154296875,-4.513082981109619,40,-227.88674926757812,-5.697168827056885,40,-259.0154724121094,-5.755899429321289,45,-174.7650909423828,-4.36912727355957,40,-233.5050048828125,-5.837625026702881,40,1403
-71.45101928710938,-1.5532829761505127,46,-104.13153076171875,-2.2637288570404053,46,-110.8208999633789,-2.4091498851776123,46,-91.51167297363281,-2.079810857772827,44,-127.24130249023438,-2.766115188598633,46,-132.4716033935547,-2.879817485809326,46,1404
-99.50797271728516,-2.6894047260284424,37,-93.4190673828125,-2.5248396396636963,37,-92.96257019042969,-2.5125019550323486,37,-56.41461181640625,-2.564300537109375,22,-102.04202270507812,-2.757892608642578,37,-98.22576904296875,-2.6547505855560303,37,1405
-95.86701965332031,-2.0840656757354736,46,-114.47897338867188,-2.488673448562622,46,-102.80523681640625,-2.234896421432495,46,-96.34635925292969,-2.0944859981536865,46,-141.71826171875,-3.08083176612854,46,-131.95526123046875,-2.8685927391052246,46,1406
-94.35821533203125,-2.859339952468872,33,-90.43582153320312,-2.7404794692993164,33,-81.99937438964844,-2.4848294258117676,33,-66.28086853027344,-2.209362268447876,30,-91.6765365600586,-2.7780768871307373,33,-84.69734191894531,-2.5665860176086426,33,1407
-95.00006103515625,-2.1590921878814697,44,-115.65397644042969,-2.6284995079040527,44,-106.48001098632812,-2.4200003147125244,44,-97.95436096191406,-2.4488589763641357,40,-110.19306945800781,-2.504387855529785,44,-111.64653015136719,-2.537421226501465,44,1408
-150.50057983398438,-3.762514591217041,40,-113.2901611328125,-2.832253932952881,40,-121.67955017089844,-3.0419888496398926,40,-73.91557312011719,-2.6398417949676514,28,-133.14154052734375,-3.328538417816162,40,-122.35227966308594,-3.058806896209717,40,1409
-63.54791259765625,-1.9858722686767578,32,-117.35951232910156,-3.667484760284424,32,-139.18310546875,-4.3494720458984375,32,-166.15846252441406,-3.612140417098999,46,-114.15028381347656,-3.5671963691711426,32,-130.35874938964844,-4.073710918426514,32,1410
-99.05867004394531,-2.539965867996216,39,-108.27969360351562,-2.776402473449707,39,-97.08993530273438,-2.489485502243042,39,-96.26347351074219,-2.5332493782043457,38,-108.94171142578125,-2.793377161026001,39,-101.8671646118164,-2.611978530883789,39,1411
-66.0203628540039,-1.9417753219604492,34,-197.68612670898438,-5.814297676086426,34,-222.60293579101562,-6.547145366668701,34,-282.4903564453125,-6.010433197021484,47,-202.2314453125,-5.947983741760254,34,-213.40167236328125,-6.276519775390625,34,1412
-47.60368728637695,-1.8309110403060913,26,-84.80091094970703,-3.261573553085327,26,-88.22608947753906,-3.393311023712158,26,-97.87582397460938,-2.796452045440674,35,-89.5785140991211,-3.4453275203704834,26,-97.1727294921875,-3.737412691116333,26,1413
-112.47728729248047,-2.7433483600616455,41,-109.82963562011719,-2.678771495819092,41,-50.00437927246094,-1.2196190357208252,41,-45.321876525878906,-1.1330468654632568,40,-107.52701568603516,-2.622610092163086,41,-60.19076919555664,-1.4680675268173218,41,1414
-100.54765319824219,-2.7175040245056152,37,-76.85223388671875,-2.07708740234375,37,-89.52622985839844,-2.4196279048919678,37,-76.67168426513672,-2.0176758766174316,38,-86.9329605102539,-2.3495395183563232,37,-73.79031372070312,-1.9943327903747559,37,1415
-75.61023712158203,-1.8441520929336548,41,-100.55003356933594,-2.452439785003662,41,-105.63328552246094,-2.5764214992523193,41,-87.70914459228516,-2.3081352710723877,38,-109.86447143554688,-2.6796212196350098,41,-99.05180358886719,-2.4158976078033447,41,1416
-50.763397216796875,-1.1280754804611206,45,-97.68011474609375,-2.1706693172454834,45,-82.30471801757812,-1.8289936780929565,45,-62.905662536621094,-1.5342844724655151,41,-104.97962951660156,-2.332880735397339,45,-95.5478515625,-2.1232855319976807,45,1417
-72.57100677490234,-2.0734572410583496,35,-66.2563705444336,-1.8930391073226929,35,-86.5928955078125,-2.4740827083587646,35,-100.68479919433594,-2.397257089614868,42,-79.0894775390625,-2.2596993446350098,35,-90.97390747070312,-2.599254608154297,35,1418
-89.21070098876953,-1.8585562705993652,48,-135.58590698242188,-2.8247063159942627,48,-125.54441833496094,-2.615508794784546,48,-118.41908264160156,-2.4167158603668213,49,-131.3529510498047,-2.7365198135375977,48,-127.06196594238281,-2.6471242904663086,48,1419
-75.36572265625,-2.6916329860687256,28,-97.92131042480469,-3.49718976020813,28,-89.26787567138672,-3.188138484954834,28,-94.76675415039062,-2.8717198371887207,33,-86.9169921875,-3.1041781902313232,28,-93.3738021850586,-3.3347785472869873,28,1420
-301.1397705078125,-6.5465168952941895,46,-203.19619750976562,-4.417308807373047,46,-113.56429290771484,-2.4687888622283936,46,-67.14018249511719,-1.974711298942566,34,-210.40185546875,-4.573953151702881,46,-117.40458679199219,-2.5522735118865967,46,1421
-96.30853271484375,-2.602933406829834,37,-114.27335357666016,-3.0884690284729004,37,-141.67123413085938,-3.8289523124694824,37,-121.53596496582031,-3.7979989051818848,32,-124.49775695800781,-3.364804267883301,37,-145.489501953125,-3.9321486949920654,37,1422
-91.20777893066406,-2.1211111545562744,43,-135.26025390625,-3.145587205886841,43,-143.2715301513672,-3.3318960666656494,43,-72.10163879394531,-2.7731399536132812,26,-140.59829711914062,-3.269727945327759,43,-135.79664611816406,-3.1580615043640137,43,1423
-97.72123718261719,-3.1522979736328125,31,-90.97004699707031,-2.9345176219940186,31,-81.09300231933594,-2.615903377532959,31,-101.03815460205078,-2.2963216304779053,44,-86.01345825195312,-2.774627685546875,31,-91.64922332763672,-2.9564266204833984,31,1424
-67.90621948242188,-2.0577642917633057,33,-67.04876708984375,-2.03178071975708,33,-81.29949951171875,-2.463621139526367,33,-74.3603744506836,-2.4786791801452637,30,-68.13612365722656,-2.0647311210632324,33,-86.19987487792969,-2.6121175289154053,33,1425
-42.85594177246094,-1.5872571468353271,27,-53.22611999511719,-1.9713377952575684,27,-64.67669677734375,-2.395433187484741,27,-78.47134399414062,-3.0181286334991455,26,-55.73207092285156,-2.064150810241699,27,-65.51808166503906,-2.426595687866211,27,1426
-58.96745300292969,-1.7343368530273438,34,-54.35728454589844,-1.5987436771392822,34,-63.228607177734375,-1.8596649169921875,34,-77.40462493896484,-2.0920169353485107,37,-61.63670349121094,-1.8128442764282227,34,-70.67243957519531,-2.078601121902466,34,1427
-33.742881774902344,-1.0544650554656982,32,-85.00206756591797,-2.6563146114349365,32,-77.22400665283203,-2.413250207901001,32,-59.490509033203125,-1.265755534172058,47,-82.34490966796875,-2.5732784271240234,32,-69.01341247558594,-2.1566691398620605,32,1428
-102.09846496582031,-2.6179094314575195,39,-90.17057037353516,-2.312065839767456,39,-81.1829833984375,-2.0816149711608887,39,-72.333740234375,-1.9549659490585327,37,-91.31575012207031,-2.3414294719696045,39,-83.23458862304688,-2.1342201232910156,39,1429
-77.09065246582031,-2.48679518699646,31,-87.51080322265625,-2.8229291439056396,31,-80.80945587158203,-2.6067566871643066,31,-87.96218872070312,-2.7488183975219727,32,-90.42974853515625,-2.917088747024536,31,-88.80701446533203,-2.8647425174713135,31,1430
-75.93798828125,-1.9983681440353394,38,-99.68351745605469,-2.6232504844665527,38,-101.26811981201172,-2.6649506092071533,38,-84.0524673461914,-2.547044515609741,33,-91.34765625,-2.40388560295105,38,-91.60872650146484,-2.4107558727264404,38,1431
-71.93815612792969,-1.7984539270401,40,-98.77442932128906,-2.469360828399658,40,-92.14429473876953,-2.30360746383667,40,-82.18094635009766,-1.867748737335205,44,-125.32192993164062,-3.1330482959747314,40,-115.0269775390625,-2.8756744861602783,40,1432
-56.705684661865234,-1.6201623678207397,35,-73.03155517578125,-2.086615800857544,35,-74.75634002685547,-2.1358954906463623,35,-76.16226196289062,-1.9040565490722656,40,-86.70580291748047,-2.477308750152588,35,-92.2637939453125,-2.6361083984375,35,1433
-58.146236419677734,-2.0766513347625732,28,-124.31817626953125,-4.439934730529785,28,-114.87313079833984,-4.102612018585205,28,-114.49239349365234,-4.089014053344727,28,-121.77565002441406,-4.349130153656006,28,-124.03479766845703,-4.429814338684082,28,1434
-68.66612243652344,-2.367797374725342,29,-83.36485290527344,-2.874650001525879,29,-82.50357818603516,-2.8449509143829346,29,-76.68211364746094,-2.323700428009033,33,-91.69763946533203,-3.161987543106079,29,-76.95001983642578,-2.653449058532715,29,1435
-87.16976928710938,-2.3559396266937256,37,-122.38414764404297,-3.3076796531677246,37,-111.04971313476562,-3.0013434886932373,37,-115.96345520019531,-3.6238579750061035,32,-118.65350341796875,-3.2068514823913574,37,-109.03767395019531,-2.9469642639160156,37,1436
-36.813228607177734,-0.8366642594337463,44,-64.01123046875,-1.4548007249832153,44,-64.5538558959961,-1.4671330451965332,44,-8.786954879760742,-0.3138198256492615,28,-78.36140441894531,-1.7809410095214844,44,-71.91520690917969,-1.6344364881515503,44,1437
-98.81366729736328,-2.1024184226989746,47,-173.47703552246094,-3.6910006999969482,47,-168.86366271972656,-3.592843770980835,47,-148.76828002929688,-3.8145713806152344,39,-176.72311401367188,-3.760066270828247,47,-172.99496459960938,-3.680743932723999,47,1438
-87.33978271484375,-2.2394816875457764,39,-119.9297866821289,-3.075122833251953,39,-129.2875213623047,-3.3150646686553955,39,-119.54070281982422,-3.622445583343506,33,-119.7272720336914,-3.069930076599121,39,-138.314697265625,-3.5465307235717773,39,1439
-79.58808898925781,-2.4117603302001953,33,-119.78584289550781,-3.6298739910125732,33,-121.93583679199219,-3.6950254440307617,33,-110.78087615966797,-3.6926958560943604,30,-126.9800033569336,-3.847878932952881,33,-126.08663177490234,-3.8208069801330566,33,1440
-36.37934494018555,-0.9832255244255066,37,-74.594482421875,-2.0160670280456543,37,-91.73849487304688,-2.4794187545776367,37,-61.20878601074219,-1.854811668395996,33,-72.74041748046875,-1.9659572839736938,37,-89.2800064086914,-2.412973165512085,37,1441
-76.95899963378906,-2.8503332138061523,27,-79.83039855957031,-2.956681489944458,27,-93.80812072753906,-3.474374771118164,27,-129.73223876953125,-3.326467752456665,39,-64.61949157714844,-2.3933145999908447,27,-82.86005401611328,-3.0688908100128174,27,1442
-90.32601928710938,-2.5090560913085938,36,-82.2579345703125,-2.284942626953125,36,-71.3453598022461,-1.9818155765533447,36,-75.85964965820312,-2.0502607822418213,37,-84.47583770751953,-2.346550941467285,36,-87.6961441040039,-2.4360039234161377,36,1443
-63.16425323486328,-1.579106330871582,40,-111.29157257080078,-2.7822892665863037,40,-96.62950134277344,-2.4157376289367676,40,-71.50457763671875,-2.1030757427215576,34,-116.4237289428711,-2.910593271255493,40,-95.71574401855469,-2.3928935527801514,40,1444
-127.71765899658203,-2.9701781272888184,43,-119.37980651855469,-2.7762746810913086,43,-105.77345275878906,-2.4598476886749268,43,-58.64500427246094,-1.8326563835144043,32,-115.04928588867188,-2.675564765930176,43,-106.30603790283203,-2.472233533859253,43,1445
-42.65132522583008,-1.5232616662979126,28,-79.490478515625,-2.8389456272125244,28,-58.65632629394531,-2.0948688983917236,28,-47.489013671875,-1.2176669836044312,39,-72.13134002685547,-2.5761191844940186,28,-64.2969970703125,-2.296321392059326,28,1446
-51.56598663330078,-1.718866229057312,30,-61.44585418701172,-2.0481951236724854,30,-61.687721252441406,-2.056257486343384,30,-55.80841064453125,-1.8602803945541382,30,-71.49746704101562,-2.383248805999756,30,-62.625389099121094,-2.087512969970703,30,1447
-94.31697845458984,-3.6275761127471924,26,-77.78077697753906,-2.9915683269500732,26,-78.3052749633789,-3.0117413997650146,26,-72.5749740600586,-2.419165849685669,30,-78.46441650390625,-3.01786208152771,26,-77.8301010131836,-2.9934654235839844,26,1448
-70.25604248046875,-2.0073153972625732,35,-85.11622619628906,-2.431892156600952,35,-85.49988555908203,-2.4428539276123047,35,-87.87066650390625,-2.8345377445220947,31,-95.50570678710938,-2.7287344932556152,35,-101.19607543945312,-2.8913164138793945,35,1449
-71.79486846923828,-2.2435896396636963,32,-86.25057983398438,-2.6953306198120117,32,-79.78372192382812,-2.493241310119629,32,-78.38024139404297,-2.3751587867736816,33,-87.14842224121094,-2.723388195037842,32,-87.22030639648438,-2.7256345748901367,32,1450
-41.39876937866211,-2.0699384212493896,20,-52.54041290283203,-2.6270205974578857,20,-65.1669921875,-3.258349657058716,20,-88.26338195800781,-2.4517605304718018,36,-57.21193313598633,-2.8605966567993164,20,-77.09211730957031,-3.8546059131622314,20,1451
-247.89869689941406,-5.7650861740112305,43,-159.70330810546875,-3.7140305042266846,43,-83.3529052734375,-1.9384396076202393,43,-56.534820556640625,-1.4877583980560303,38,-178.75592041015625,-4.157114505767822,43,-72.3938217163086,-1.683577299118042,43,1452
-83.14889526367188,-1.8477532863616943,45,-101.60745239257812,-2.2579433917999268,45,-93.06515502929688,-2.0681145191192627,45,-52.20308303833008,-1.631346344947815,32,-108.8632583618164,-2.4191834926605225,45,-96.89868927001953,-2.153304100036621,45,1453
-51.14616775512695,-2.1310904026031494,24,-45.62360382080078,-1.900983452796936,24,-43.8327751159668,-1.82636559009552,24,-42.09288787841797,-1.5033174753189087,28,-57.31414031982422,-2.388089179992676,24,-47.30944061279297,-1.971226692199707,24,1454
-135.3419952392578,-2.7068397998809814,50,-141.386962890625,-2.8277392387390137,50,-142.64173889160156,-2.852834701538086,50,-112.36469268798828,-2.7406022548675537,41,-137.35818481445312,-2.747163772583008,50,-136.06187438964844,-2.7212374210357666,50,1455
-67.6339111328125,-1.5029758214950562,45,-106.21878051757812,-2.360417366027832,45,-91.69088745117188,-2.0375752449035645,45,-75.1297836303711,-1.7888044118881226,42,-125.58544921875,-2.790787696838379,45,-101.5134506225586,-2.255854368209839,45,1456
-84.02549743652344,-2.0006070137023926,42,-114.83311462402344,-2.734121799468994,42,-95.23809051513672,-2.267573595046997,42,-127.65056610107422,-2.553011417388916,50,-146.05130004882812,-3.477411985397339,42,-126.58273315429688,-3.0138745307922363,42,1457
-99.80372619628906,-2.8515350818634033,35,-121.63052368164062,-3.4751577377319336,35,-115.5914077758789,-3.3026115894317627,35,-89.6082763671875,-3.8960120677948,23,-120.79354858398438,-3.451244354248047,35,-119.72413635253906,-3.420689582824707,35,1458
-29.747121810913086,-0.7828189730644226,38,-86.56739807128906,-2.2780895233154297,38,-76.19902038574219,-2.005237340927124,38,-73.05111694335938,-1.781734585762024,41,-110.38758087158203,-2.9049363136291504,38,-109.09016418457031,-2.8707938194274902,38,1459
-97.96080017089844,-3.4986000061035156,28,-95.90419006347656,-3.42514967918396,28,-96.01055908203125,-3.4289486408233643,28,-92.9099349975586,-2.444998264312744,38,-119.82279205322266,-4.279385566711426,28,-101.36492156982422,-3.620175838470459,28,1460
-107.2664794921875,-2.383699655532837,45,-119.06637573242188,-2.6459195613861084,45,-91.45124053955078,-2.032249689102173,45,-68.72245788574219,-2.3697400093078613,29,-133.54238891601562,-2.967608690261841,45,-117.4351577758789,-2.6096701622009277,45,1461
-109.683837890625,-4.21860933303833,26,-94.78971862792969,-3.6457583904266357,26,-78.29296112060547,-3.01126766204834,26,-71.88591766357422,-2.764842987060547,26,-94.56407928466797,-3.637079954147339,26,-90.97834777832031,-3.4991672039031982,26,1462
-50.406578063964844,-1.5752055644989014,32,-75.74763488769531,-2.3671135902404785,32,-55.75105285644531,-1.742220401763916,32,-56.228179931640625,-1.277913212776184,44,-93.69154357910156,-2.927860736846924,32,-78.32301330566406,-2.447594165802002,32,1463
-112.58251953125,-2.6181981563568115,43,-115.87548828125,-2.6947786808013916,43,-90.54971313476562,-2.105807304382324,43,-75.82452392578125,-1.9442185163497925,39,-140.75299072265625,-3.2733254432678223,43,-115.23719787597656,-2.6799347400665283,43,1464
-65.14340209960938,-1.4805318117141724,44,-107.20628356933594,-2.436506509780884,44,-124.26300048828125,-2.8241591453552246,44,-100.51350402832031,-2.645092248916626,38,-135.94297790527344,-3.089613199234009,44,-162.0792236328125,-3.6836187839508057,44,1465
-118.36328887939453,-3.4812731742858887,34,-112.88509368896484,-3.3201498985290527,34,-86.67710876464844,-2.5493266582489014,34,-74.19715881347656,-2.3934566974639893,31,-117.84709930419922,-3.4660911560058594,34,-94.52691650390625,-2.780203342437744,34,1466
-55.37977981567383,-1.6781750917434692,33,-73.32254028320312,-2.221895217895508,33,-68.4359130859375,-2.0738155841827393,33,-76.17478942871094,-2.3083269596099854,33,-101.33258819580078,-3.0706844329833984,33,-97.44044494628906,-2.9527406692504883,33,1467
-82.70610046386719,-1.9691928625106812,42,-152.6199951171875,-3.6338093280792236,42,-94.4889907836914,-2.2497379779815674,42,-90.35484313964844,-2.914672374725342,31,-165.14503479003906,-3.9320247173309326,42,-126.57699584960938,-3.013737916946411,42,1468
-145.52127075195312,-4.694234371185303,31,-124.31884002685547,-4.010285377502441,31,-109.58619689941406,-3.535038709640503,31,-100.68821716308594,-3.356273889541626,30,-132.0578155517578,-4.259929656982422,31,-114.08673858642578,-3.6802172660827637,31,1469
-81.615234375,-1.9906154870986938,41,-97.33525848388672,-2.374030590057373,41,-88.52831268310547,-2.159227132797241,41,-91.98750305175781,-2.4207236766815186,38,-102.06791687011719,-2.4894614219665527,41,-134.39141845703125,-3.277839422225952,41,1470
-51.79087448120117,-1.101933479309082,47,-113.56137084960938,-2.4161994457244873,47,-104.15156555175781,-2.2159907817840576,47,-55.624855041503906,-1.7943501472473145,31,-135.37716674804688,-2.8803651332855225,47,-125.12345886230469,-2.662201166152954,47,1471
-76.91307830810547,-2.0240283012390137,38,-108.73320007324219,-2.8613998889923096,38,-114.35533142089844,-3.0093507766723633,38,-130.62551879882812,-3.185988187789917,41,-130.42709350585938,-3.4322919845581055,38,-116.82691955566406,-3.074392557144165,38,1472
-61.55663299560547,-2.1226425170898438,29,-85.70442199707031,-2.95532488822937,29,-75.14189147949219,-2.591099739074707,29,-70.09989166259766,-2.0617616176605225,34,-81.60137939453125,-2.813840627670288,29,-72.2927474975586,-2.4928534030914307,29,1473
-54.22233581542969,-1.1536667346954346,47,-65.2731704711914,-1.3887908458709717,47,-80.70382690429688,-1.7171026468276978,47,-48.559547424316406,-1.0791010856628418,45,-88.31985473632812,-1.879145860671997,47,-90.21141052246094,-1.9193917512893677,47,1474
-46.2967529296875,-1.5964397192001343,29,-51.98938751220703,-1.7927374839782715,29,-51.90906524658203,-1.7899677753448486,29,-52.46747970581055,-1.543161153793335,34,-67.10698699951172,-2.3140339851379395,29,-73.12696838378906,-2.5216195583343506,29,1475
-104.57040405273438,-2.8262271881103516,37,-96.10989379882812,-2.597564697265625,37,-74.85983276367188,-2.0232386589050293,37,-20.79420280456543,-1.0397101640701294,20,-106.29727172851562,-2.872899293899536,37,-90.97770690917969,-2.4588570594787598,37,1476
-66.77587890625,-1.9078822135925293,35,-99.12150573730469,-2.832042932510376,35,-82.93444061279297,-2.3695554733276367,35,-67.49700927734375,-1.7306925058364868,39,-113.69825744628906,-3.248521566390991,35,-111.56321716308594,-3.1875205039978027,35,1477
-88.72908020019531,-2.6887600421905518,33,-69.74552917480469,-2.1135008335113525,33,-58.524513244628906,-1.7734700441360474,33,-49.33519744873047,-1.2982946634292603,38,-77.28793334960938,-2.3420586585998535,33,-79.84843444824219,-2.419649600982666,33,1478
-67.27742767333984,-1.6819356679916382,40,-112.12741088867188,-2.803185224533081,40,-80.18167114257812,-2.0045418739318848,40,-112.14866638183594,-1.5362831354141235,73,-123.53875732421875,-3.0884690284729004,40,-95.71641540527344,-2.3929104804992676,40,1479
-29.70369529724121,-0.8251026272773743,36,-48.83909225463867,-1.356641411781311,36,-67.47245025634766,-1.874234676361084,36,-51.26622009277344,-1.250395655632019,41,-67.36297607421875,-1.871193766593933,36,-75.19244384765625,-2.088679075241089,36,1480
-50.49947738647461,-1.097814679145813,46,-81.68079376220703,-1.7756694555282593,46,-91.24385070800781,-1.9835619926452637,46,-24.59054183959961,-0.8196847438812256,30,-88.24567413330078,-1.9183841943740845,46,-93.02277374267578,-2.0222342014312744,46,1481
-97.20552062988281,-2.068202495574951,47,-131.5010528564453,-2.7978947162628174,47,-88.25047302246094,-1.8776696920394897,47,-73.92848205566406,-1.8482120037078857,40,-135.97628784179688,-2.8931124210357666,47,-95.50767517089844,-2.032078266143799,47,1482
-54.93794250488281,-2.034738540649414,27,-83.1158218383789,-3.0783636569976807,27,-71.57992553710938,-2.6511082649230957,27,-78.78109741210938,-2.2508885860443115,35,-90.71449279785156,-3.3597960472106934,27,-65.40901184082031,-2.422555923461914,27,1483
-115.86263275146484,-2.5747251510620117,45,-127.8587646484375,-2.84130597114563,45,-122.17479705810547,-2.7149953842163086,45,-83.16986083984375,-2.9703521728515625,28,-138.058349609375,-3.0679633617401123,45,-118.5458755493164,-2.634352684020996,45,1484
-34.54314422607422,-1.7271572351455688,20,-61.340023040771484,-3.0670011043548584,20,-45.742210388183594,-2.2871105670928955,20,-56.701202392578125,-1.718218207359314,33,-65.75587463378906,-3.2877936363220215,20,-57.69039535522461,-2.8845198154449463,20,1485
-46.41472244262695,-1.3651388883590698,34,-103.4222183227539,-3.041830062866211,34,-105.722900390625,-3.1094970703125,34,-130.52096557617188,-3.1076419353485107,42,-114.19093322753906,-3.3585567474365234,34,-124.18792724609375,-3.652585983276367,34,1486
-117.6248779296875,-3.0953915119171143,38,-91.79396057128906,-2.415630578994751,38,-78.38246154785156,-2.0626964569091797,38,-71.54484558105469,-1.9873567819595337,36,-88.18708038330078,-2.3207125663757324,38,-73.62635803222656,-1.9375357627868652,38,1487
-302.9258117675781,-6.884677410125732,44,-141.91586303710938,-3.225360631942749,44,-114.17471313476562,-2.5948798656463623,44,-87.99994659423828,-2.3783769607543945,37,-152.11741638183594,-3.457214117050171,44,-118.3499755859375,-2.689772129058838,44,1488
-77.3907241821289,-1.7997843027114868,43,-78.81620788574219,-1.832935094833374,43,-78.98686981201172,-1.8369039297103882,43,-90.2275619506836,-1.9614686965942383,46,-79.91216278076172,-1.8584223985671997,43,-84.27435302734375,-1.9598686695098877,43,1489
-127.00798797607422,-3.342315435409546,38,-110.02619171142578,-2.895426034927368,38,-78.41812896728516,-2.0636348724365234,38,-68.69464874267578,-1.9081846475601196,36,-119.36923217773438,-3.1412956714630127,38,-74.62650299072266,-1.9638553857803345,38,1490
-114.48809814453125,-2.9355921745300293,39,-95.53521728515625,-2.4496209621429443,39,-86.84205627441406,-2.226719379425049,39,-85.16883850097656,-2.4333953857421875,35,-98.02018737792969,-2.513338088989258,39,-80.15310668945312,-2.0552079677581787,39,1491
-51.380584716796875,-1.3886644840240479,37,-92.30006408691406,-2.494596242904663,37,-106.46574401855469,-2.8774526119232178,37,-110.31184387207031,-2.8285088539123535,39,-93.98025512695312,-2.5400068759918213,37,-106.57169342041016,-2.8803160190582275,37,1492
-101.55957794189453,-2.821099281311035,36,-145.4019775390625,-4.038943767547607,36,-130.5647430419922,-3.626798391342163,36,-136.85723876953125,-3.9102067947387695,35,-165.80484008789062,-4.605690002441406,36,-137.84751892089844,-3.8290977478027344,36,1493
-107.78815460205078,-2.395292282104492,45,-91.53133392333984,-2.034029722213745,45,-108.0328598022461,-2.4007301330566406,45,-67.51205444335938,-2.1778082847595215,31,-89.59007263183594,-1.9908905029296875,45,-96.80760955810547,-2.151280164718628,45,1494
-47.644439697265625,-1.5881479978561401,30,-93.0128402709961,-3.1004281044006348,30,-89.66343688964844,-2.988781213760376,30,-99.04515838623047,-2.829861640930176,35,-89.39656066894531,-2.9798853397369385,30,-91.95294189453125,-3.0650980472564697,30,1495
-78.61488342285156,-2.3822691440582275,33,-98.07643127441406,-2.972012996673584,33,-82.444091796875,-2.4983057975769043,33,-79.82015228271484,-2.418792486190796,33,-100.87373352050781,-3.0567798614501953,33,-82.43283081054688,-2.49796462059021,33,1496
-37.76246643066406,-1.1443171501159668,33,-68.39115142822266,-2.0724592208862305,33,-67.79707336425781,-2.0544567108154297,33,-59.3037109375,-1.6028029918670654,37,-83.02310180664062,-2.5158514976501465,33,-69.2300033569336,-2.097878932952881,33,1497
-47.50079345703125,-1.0795634984970093,44,-81.56350708007812,-1.8537160158157349,44,-79.2384033203125,-1.800872802734375,44,-83.21558380126953,-2.0296483039855957,41,-74.24853515625,-1.6874667406082153,44,-87.18031311035156,-1.9813708066940308,44,1498
-90.14293670654297,-2.198608160018921,41,-100.67668151855469,-2.455528736114502,41,-85.42367553710938,-2.0835041999816895,41,-80.26101684570312,-1.8665353059768677,43,-92.26280212402344,-2.250312328338623,41,-81.46844482421875,-1.9870352745056152,41,1499
-143.4827880859375,-3.499580144882202,41,-103.24575805664062,-2.5181891918182373,41,-92.7677993774414,-2.262629270553589,41,-108.58250427246094,-2.3604891300201416,46,-92.66246032714844,-2.2600600719451904,41,-87.2601318359375,-2.1282958984375,41,1500
-52.95472717285156,-1.0807087421417236,49,-179.6396484375,-3.6661152839660645,49,-168.68179321289062,-3.4424855709075928,49,-131.011962890625,-4.226192474365234,31,-180.77467346191406,-3.689279079437256,49,-167.60855102539062,-3.4205827713012695,49,1501
-95.9266586303711,-2.085362195968628,46,-146.59396362304688,-3.1868252754211426,46,-132.90338134765625,-2.8892040252685547,46,-142.40530395507812,-3.3906025886535645,42,-137.48306274414062,-2.988762140274048,46,-143.41891479492188,-3.117802381515503,46,1502
-83.5733642578125,-2.1992990970611572,38,-105.13272094726562,-2.766650438308716,38,-102.35310363769531,-2.69350266456604,38,-55.44381332397461,-2.0534746646881104,27,-98.87940979003906,-2.6020896434783936,38,-97.10076904296875,-2.555283308029175,38,1503
-53.030147552490234,-1.515147089958191,35,-99.82102966308594,-2.852029323577881,35,-75.17666625976562,-2.147904634475708,35,-65.40773010253906,-2.3359904289245605,28,-100.05060577392578,-2.858588695526123,35,-81.86428833007812,-2.338979721069336,35,1504
-73.3396224975586,-1.7055726051330566,43,-85.206298828125,-1.9815418720245361,43,-90.47996520996094,-2.1041853427886963,43,-21.48011016845703,-0.8261581063270569,26,-92.40388488769531,-2.1489274501800537,43,-102.57939147949219,-2.3855671882629395,43,1505
-41.20958709716797,-1.1774168014526367,35,-96.14537811279297,-2.7470107078552246,35,-105.69891357421875,-3.0199689865112305,35,-82.39932250976562,-2.841356039047241,29,-102.47465515136719,-2.927847385406494,35,-110.3044662475586,-3.1515562534332275,35,1506
-59.33328628540039,-1.6036022901535034,37,-117.26296997070312,-3.169269561767578,37,-115.1269302368164,-3.1115386486053467,37,-109.20152282714844,-3.2118093967437744,34,-112.6626968383789,-3.0449378490448,37,-112.35209655761719,-3.036543130874634,37,1507
-88.30040740966797,-3.270385503768921,27,-77.99589538574219,-2.8887369632720947,27,-63.89225769042969,-2.366379976272583,27,-86.92349243164062,-2.2288074493408203,39,-91.17034912109375,-3.3766796588897705,27,-69.43721771240234,-2.571748733520508,27,1508
-78.0291519165039,-2.2949750423431396,34,-94.3287353515625,-2.774374485015869,34,-77.5550308227539,-2.2810304164886475,34,-97.43038940429688,-2.1651196479797363,45,-105.62574768066406,-3.1066396236419678,34,-85.36787414550781,-2.510819911956787,34,1509
-115.63510131835938,-2.7532167434692383,42,-129.807861328125,-3.090663433074951,42,-157.38819885253906,-3.747338056564331,42,-177.2728271484375,-3.85375714302063,46,-129.21896362304688,-3.0766420364379883,42,-157.41561889648438,-3.747990846633911,42,1510
-81.45819091796875,-2.3273768424987793,35,-99.21888732910156,-2.834825277328491,35,-86.9555435180664,-2.4844441413879395,35,-80.12662506103516,-2.5039570331573486,32,-104.30931091308594,-2.9802660942077637,35,-86.11781311035156,-2.4605090618133545,35,1511
-49.80827331542969,-1.3835631608963013,36,-103.29424285888672,-2.8692846298217773,36,-95.24411010742188,-2.64566969871521,36,-119.31242370605469,-2.485675573348999,48,-93.41804504394531,-2.5949456691741943,36,-105.9447250366211,-2.942909002304077,36,1512
-92.75675201416016,-2.506939172744751,37,-120.16355895996094,-3.247663736343384,37,-119.21066284179688,-3.221909761428833,37,-104.07231140136719,-3.1537063121795654,33,-121.19656372070312,-3.275582790374756,37,-120.79634094238281,-3.264765977859497,37,1513
-79.59065246582031,-1.730231523513794,46,-91.25865936279297,-1.9838838577270508,46,-100.71662902832031,-2.1894919872283936,46,-65.99349212646484,-2.275637626647949,29,-89.03604125976562,-1.9355660676956177,46,-105.81144714355469,-2.300248861312866,46,1514
-77.5684585571289,-2.674774408340454,29,-67.5702896118164,-2.330009937286377,29,-80.73904418945312,-2.784105062484741,29,-83.36796569824219,-2.5263020992279053,33,-74.97059631347656,-2.585192918777466,29,-80.70863342285156,-2.7830562591552734,29,1515
-50.80984115600586,-1.752063512802124,29,-78.88565063476562,-2.7201948165893555,29,-82.6822509765625,-2.851112127304077,29,-85.97830200195312,-2.097031831741333,41,-89.33917999267578,-3.0806612968444824,29,-85.37879180908203,-2.944096326828003,29,1516
-147.88064575195312,-3.286236524581909,45,-113.83360290527344,-2.5296356678009033,45,-115.77571868896484,-2.57279372215271,45,-58.48454666137695,-1.6709870100021362,35,-123.08338928222656,-2.7351863384246826,45,-108.88134002685547,-2.4195852279663086,45,1517
-75.852294921875,-1.9961130619049072,38,-117.45372009277344,-3.0908873081207275,38,-128.56935119628906,-3.383404016494751,38,-127.5098876953125,-3.03594970703125,42,-119.78667449951172,-3.152280807495117,38,-120.98686218261719,-3.1838648319244385,38,1518
-76.9587173461914,-1.789737582206726,43,-89.01144409179688,-2.070033550262451,43,-85.98690795898438,-1.9996955394744873,43,-86.00926971435547,-1.9547561407089233,44,-91.76079559326172,-2.133971929550171,43,-86.25729370117188,-2.005983591079712,43,1519
-64.79031372070312,-1.9633427858352661,33,-76.843505859375,-2.3285911083221436,33,-75.62093353271484,-2.291543483734131,33,-62.568023681640625,-1.6043082475662231,39,-82.5974349975586,-2.5029525756835938,33,-75.70010375976562,-2.293942451477051,33,1520
-67.95356750488281,-1.6574040651321411,41,-88.33247375488281,-2.1544506549835205,41,-70.8256607055664,-1.7274551391601562,41,-68.0001449584961,-1.6190510988235474,42,-82.49396514892578,-2.0120480060577393,41,-86.78103637695312,-2.116610527038574,41,1521
-108.43424987792969,-2.644737720489502,41,-50.54890441894531,-1.2329001426696777,41,-31.815540313720703,-0.7759888172149658,41,-21.044221878051758,-0.526105523109436,40,-72.94110107421875,-1.7790513038635254,41,-75.04393005371094,-1.830339789390564,41,1522
-67.07534790039062,-2.1637208461761475,31,-72.18357849121094,-2.3285024166107178,31,-68.29623413085938,-2.203104257583618,31,-63.801639556884766,-2.453909158706665,26,-73.15870666503906,-2.3599581718444824,31,-71.21482849121094,-2.2972524166107178,31,1523
-49.8038330078125,-1.6065752506256104,31,-76.24705505371094,-2.4595823287963867,31,-69.03262329101562,-2.2268588542938232,31,-63.49751281738281,-1.9241670370101929,33,-75.27978515625,-2.428380250930786,31,-76.65162658691406,-2.472633123397827,31,1524
-115.24979400634766,-2.4010374546051025,48,-125.09782409667969,-2.6062047481536865,48,-107.28145599365234,-2.23503041267395,48,-58.93663024902344,-1.5928819179534912,37,-124.90470886230469,-2.6021814346313477,48,-111.78848266601562,-2.3289268016815186,48,1525
-83.59132385253906,-2.1997716426849365,38,-102.149658203125,-2.6881489753723145,38,-112.58773803710938,-2.9628353118896484,38,-90.17294311523438,-3.339738607406616,27,-129.31637573242188,-3.403062582015991,38,-135.01962280273438,-3.553148031234741,38,1526
-141.06240844726562,-3.812497615814209,37,-118.50531005859375,-3.2028462886810303,37,-105.86258697509766,-2.8611509799957275,37,-91.95556640625,-3.40576171875,27,-111.76783752441406,-3.020752429962158,37,-108.23100280761719,-2.9251623153686523,37,1527
-95.23365783691406,-2.8858683109283447,33,-76.86827087402344,-2.3293416500091553,33,-74.96708679199219,-2.2717299461364746,33,-57.37860107421875,-1.9785724878311157,29,-96.50820922851562,-2.9244911670684814,33,-65.58504486083984,-1.9874255657196045,33,1528
-84.93726348876953,-3.0334737300872803,28,-112.11187744140625,-4.003995418548584,28,-95.40692138671875,-3.4073901176452637,28,-95.17090606689453,-3.172363519668579,30,-118.65582275390625,-4.23770809173584,28,-93.95105743408203,-3.3553948402404785,28,1529
-130.40711975097656,-2.9637982845306396,44,-141.9517822265625,-3.2261769771575928,44,-124.70772552490234,-2.834266424179077,44,-76.47183990478516,-2.7311370372772217,28,-148.40304565429688,-3.3727965354919434,44,-118.19992065429688,-2.686361789703369,44,1530
-92.10888671875,-2.489429473876953,37,-121.20315551757812,-3.2757608890533447,37,-100.58210754394531,-2.718435287475586,37,-121.75565338134766,-2.898944139480591,42,-108.78094482421875,-2.940025568008423,37,-86.874267578125,-2.3479530811309814,37,1531
-50.48503875732422,-1.8030370473861694,28,-77.25428009033203,-2.7590813636779785,28,-45.816410064697266,-1.6363003253936768,28,-44.886024475097656,-1.6030722856521606,28,-51.706809997558594,-1.8466718196868896,28,-42.71775436401367,-1.5256340503692627,28,1532
-78.81425476074219,-2.7177329063415527,29,-73.43073272705078,-2.5320942401885986,29,-65.16133117675781,-2.2469425201416016,29,-108.04795837402344,-2.5127432346343994,43,-76.78999328613281,-2.647930860519409,29,-69.80683135986328,-2.407132148742676,29,1533
-82.0697021484375,-1.641394019126892,50,-111.6784439086914,-2.2335689067840576,50,-86.69815063476562,-1.7339630126953125,50,-46.152076721191406,-1.247353434562683,37,-107.45140075683594,-2.1490280628204346,50,-96.81167602539062,-1.9362335205078125,50,1534
-96.9080581665039,-2.0618736743927,47,-162.0175018310547,-3.447180986404419,47,-129.70506286621094,-2.7596821784973145,47,-103.83224487304688,-2.806276798248291,37,-162.08718872070312,-3.4486634731292725,47,-140.36209106445312,-2.9864275455474854,47,1535
-73.61614990234375,-1.9372670650482178,38,-60.287086486816406,-1.5865023136138916,38,-50.11933135986328,-1.3189297914505005,38,-46.969757080078125,-1.2043527364730835,39,-65.04777526855469,-1.711783528327942,38,-62.020633697509766,-1.6321219205856323,38,1536
-94.0670166015625,-3.4839634895324707,27,-81.87368774414062,-3.0323588848114014,27,-70.14678955078125,-2.598029136657715,27,-60.73494338989258,-1.5982879400253296,38,-83.10871887207031,-3.0781006813049316,27,-76.40858459472656,-2.8299474716186523,27,1537
-101.20098876953125,-2.81113862991333,36,-151.60235595703125,-4.21117639541626,36,-129.94454956054688,-3.6095707416534424,36,-140.54310607910156,-3.6036694049835205,39,-159.17501831054688,-4.421528339385986,36,-135.30389404296875,-3.75844144821167,36,1538
-46.61227798461914,-1.6647242307662964,28,-51.94927215576172,-1.8553311824798584,28,-49.15550994873047,-1.755553960800171,28,-23.021718978881836,-0.9592382907867432,24,-53.1310920715332,-1.8975390195846558,28,-55.49278259277344,-1.9818850755691528,28,1539
-102.16891479492188,-2.761322021484375,37,-108.64165496826172,-2.936260938644409,37,-82.13827514648438,-2.2199532985687256,37,-77.50899505615234,-2.1530275344848633,36,-94.89208984375,-2.5646510124206543,37,-103.13046264648438,-2.7873098850250244,37,1540
-107.76151275634766,-2.694037914276123,40,-93.9569320678711,-2.3489232063293457,40,-90.28372192382812,-2.2570929527282715,40,-96.02838134765625,-2.233218193054199,43,-103.41952514648438,-2.5854880809783936,40,-92.264404296875,-2.306610107421875,40,1541
-51.400516510009766,-1.9769428968429565,26,-61.2235107421875,-2.354750394821167,26,-69.0462646484375,-2.655625581741333,26,-90.25403594970703,-2.0512280464172363,44,-57.773834228515625,-2.2220704555511475,26,-72.435302734375,-2.785973072052002,26,1542
-94.63742065429688,-2.3659355640411377,40,-132.5762939453125,-3.3144073486328125,40,-98.15560150146484,-2.453890085220337,40,-100.988037109375,-2.6575798988342285,38,-124.05089569091797,-3.1012723445892334,40,-110.88821411132812,-2.772205352783203,40,1543
-20.0274658203125,-0.8707593679428101,23,-75.80162811279297,-3.2957229614257812,23,-80.97445678710938,-3.5206284523010254,23,-104.06002807617188,-2.4200005531311035,43,-56.37377166748047,-2.451033592224121,23,-70.71704864501953,-3.0746543407440186,23,1544
-60.287811279296875,-1.3397291898727417,45,-71.18260192871094,-1.5818356275558472,45,-66.22010803222656,-1.4715579748153687,45,-51.812625885009766,-1.263722538948059,41,-85.13602447509766,-1.8919116258621216,45,-80.68187713623047,-1.7929306030273438,45,1545
-60.380950927734375,-2.1564624309539795,28,-69.61056518554688,-2.4860916137695312,28,-75.12097930908203,-2.682892084121704,28,-82.5098876953125,-1.8752247095108032,44,-69.993896484375,-2.499782085418701,28,-87.07127380371094,-3.1096882820129395,28,1546
-87.10462951660156,-2.9034876823425293,30,-84.4825668334961,-2.8160855770111084,30,-79.54612731933594,-2.6515376567840576,30,-79.18656158447266,-2.4745800495147705,32,-80.70515441894531,-2.690171718597412,30,-86.09065246582031,-2.8696885108947754,30,1547
-66.98007202148438,-2.3921453952789307,28,-91.89082336425781,-3.2818150520324707,28,-100.00631713867188,-3.5716540813446045,28,-96.44410705566406,-2.052002191543579,47,-106.53482818603516,-3.8048152923583984,28,-85.05915069580078,-3.0378267765045166,28,1548
-90.94074249267578,-2.841898202896118,32,-130.6405792236328,-4.082518100738525,32,-134.16600036621094,-4.192687511444092,32,-138.1951141357422,-3.7350029945373535,37,-139.31552124023438,-4.353610038757324,32,-119.01332092285156,-3.7191662788391113,32,1549
-101.32071685791016,-3.2684102058410645,31,-109.94950103759766,-3.5467581748962402,31,-116.62393951416016,-3.7620625495910645,31,-145.80859375,-3.556307077407837,41,-122.88775634765625,-3.964121103286743,31,-125.5675048828125,-4.050564765930176,31,1550
-42.093360900878906,-1.5590133666992188,27,-68.87037658691406,-2.5507547855377197,27,-89.30224609375,-3.307490587234497,27,-76.55226135253906,-3.3283591270446777,23,-84.18650817871094,-3.118018865585327,27,-101.07113647460938,-3.743375539779663,27,1551
-42.024574279785156,-2.101228713989258,20,-69.71503448486328,-3.4857516288757324,20,-52.752254486083984,-2.637612819671631,20,-24.041706085205078,-0.48083412647247314,50,-74.50904083251953,-3.725451946258545,20,-62.063751220703125,-3.1031875610351562,20,1552
-82.04338073730469,-2.051084518432617,40,-126.48426055908203,-3.162106513977051,40,-130.0592803955078,-3.2514820098876953,40,-123.890380859375,-3.1766765117645264,39,-133.97543334960938,-3.3493857383728027,40,-143.58509826660156,-3.589627504348755,40,1553
-121.01873779296875,-2.8813984394073486,42,-112.98101806640625,-2.6900241374969482,42,-111.57279205322266,-2.6564950942993164,42,-142.47250366210938,-3.166055679321289,45,-119.92536926269531,-2.8553659915924072,42,-116.17127990722656,-2.7659828662872314,42,1554
-38.37165069580078,-1.7441658973693848,22,-69.11720275878906,-3.141690969467163,22,-67.52915954589844,-3.069507360458374,22,-137.31979370117188,-2.8024446964263916,49,-74.57495880126953,-3.389770746231079,22,-73.77134704589844,-3.353243112564087,22,1555
-52.058223724365234,-1.1568493843078613,45,-72.3173828125,-1.6070529222488403,45,-56.045082092285156,-1.2454463243484497,45,-54.04003143310547,-1.2567448616027832,43,-81.3386001586914,-1.8075244426727295,45,-59.665184020996094,-1.3258929252624512,45,1556
-73.62187957763672,-2.0450522899627686,36,-112.96296691894531,-3.1378602981567383,36,-89.53959655761719,-2.487210988998413,36,-77.0638427734375,-2.335268020629883,33,-117.27845764160156,-3.257735013961792,36,-98.52820587158203,-2.7368946075439453,36,1557
-79.55949401855469,-2.150256633758545,37,-45.74016571044922,-1.2362207174301147,37,-47.12239074707031,-1.27357816696167,37,-35.813720703125,-0.895343005657196,40,-76.81783294677734,-2.076157569885254,37,-68.20527648925781,-1.8433858156204224,37,1558
-74.24020385742188,-2.1211485862731934,35,-70.14588165283203,-2.0041680335998535,35,-69.04664611816406,-1.9727612733840942,35,-72.82478332519531,-1.7339234352111816,42,-92.90596008300781,-2.6544559001922607,35,-96.82437133789062,-2.7664105892181396,35,1559
-72.77885437011719,-1.5821490287780762,46,-134.04440307617188,-2.914008855819702,46,-148.47674560546875,-3.227755308151245,46,-119.76171875,-3.4217634201049805,35,-127.12835693359375,-2.763659954071045,46,-144.86123657226562,-3.1491572856903076,46,1560
-102.51486206054688,-2.6977596282958984,38,-101.27001953125,-2.6650004386901855,38,-88.83543395996094,-2.3377745151519775,38,-79.44265747070312,-2.4825830459594727,32,-113.52226257324219,-2.9874279499053955,38,-106.7420654296875,-2.8090016841888428,38,1561
-48.314292907714844,-1.207857370376587,40,-107.18513488769531,-2.679628372192383,40,-100.8801040649414,-2.522002696990967,40,-91.96098327636719,-2.554471731185913,36,-110.67976379394531,-2.766993999481201,40,-107.60173034667969,-2.6900432109832764,40,1562
-66.72663116455078,-1.7109392881393433,39,-94.95660400390625,-2.4347846508026123,39,-78.94095611572266,-2.0241270065307617,39,-82.34347534179688,-2.058586835861206,40,-115.54144287109375,-2.9626011848449707,39,-96.55928039550781,-2.475878953933716,39,1563
-62.157142639160156,-1.7265872955322266,36,-103.50544738769531,-2.8751513957977295,36,-95.50685119628906,-2.652968168258667,36,-93.33686828613281,-2.6667675971984863,35,-111.69353485107422,-3.102598190307617,36,-101.36221313476562,-2.815617084503174,36,1564
-53.3066520690918,-2.2211105823516846,24,-68.31395721435547,-2.846414804458618,24,-86.45533752441406,-3.6023056507110596,24,-108.60284423828125,-2.9352118968963623,37,-71.12266540527344,-2.963444471359253,24,-87.95510864257812,-3.6647961139678955,24,1565
-62.36564636230469,-2.227344512939453,28,-83.40957641601562,-2.9789135456085205,28,-70.62557983398438,-2.5223422050476074,28,-65.60459899902344,-2.6241838932037354,25,-73.58918762207031,-2.628185272216797,28,-70.01302337646484,-2.500465154647827,28,1566
-101.44795227050781,-2.4743402004241943,41,-101.59236145019531,-2.4778623580932617,41,-86.52213287353516,-2.1102960109710693,41,-90.72679138183594,-2.7492966651916504,33,-113.21165466308594,-2.7612597942352295,41,-109.54695129394531,-2.671876907348633,41,1567
-65.3747787475586,-2.5144145488739014,26,-131.6898651123047,-5.064994812011719,26,-146.94686889648438,-5.6518025398254395,26,-254.3051300048828,-5.779662132263184,44,-144.853515625,-5.5712890625,26,-150.884033203125,-5.803232192993164,26,1568
-85.98589324951172,-2.687059164047241,32,-88.14251708984375,-2.754453659057617,32,-74.027587890625,-2.3133621215820312,32,-94.46841430664062,-3.6334004402160645,26,-87.76883697509766,-2.7427761554718018,32,-78.52676391601562,-2.4539613723754883,32,1569
-68.5715560913086,-1.6724770069122314,41,-129.12901306152344,-3.1494882106781006,41,-117.99742126464844,-2.877985954284668,41,-102.82855224609375,-3.2133922576904297,32,-142.16058349609375,-3.4673314094543457,41,-143.13055419921875,-3.4909892082214355,41,1570
-91.17508697509766,-2.6816201210021973,34,-100.1989517211914,-2.9470279216766357,34,-81.60494232177734,-2.4001452922821045,34,-127.75454711914062,-2.718181848526001,47,-86.19294738769531,-2.5350866317749023,34,-89.17131042480469,-2.622685670852661,34,1571
-119.57221984863281,-4.428600788116455,27,-94.51243591308594,-3.500460624694824,27,-76.10604858398438,-2.818742513656616,27,-84.87387084960938,-2.070094347000122,41,-113.9764404296875,-4.221349716186523,27,-80.14764404296875,-2.968431234359741,27,1572
-69.5992431640625,-1.7845959663391113,39,-120.83367919921875,-3.098299503326416,39,-110.82942199707031,-2.841779947280884,39,-129.22073364257812,-2.8715717792510986,45,-109.61030578613281,-2.810520648956299,39,-104.54296875,-2.680588960647583,39,1573
-63.97813415527344,-1.7771704196929932,36,-79.0396728515625,-2.1955463886260986,36,-57.39300537109375,-1.594250202178955,36,-53.23373031616211,-1.6131433248519897,33,-87.24653625488281,-2.4235148429870605,36,-65.09382629394531,-1.8081618547439575,36,1574
-87.94186401367188,-2.37680721282959,37,-97.76718139648438,-2.6423561573028564,37,-97.73539733886719,-2.6414971351623535,37,-78.36067962646484,-2.4487712383270264,32,-99.44454193115234,-2.687690258026123,37,-97.78463745117188,-2.6428279876708984,37,1575
-44.52349853515625,-1.4841166734695435,30,-62.26659393310547,-2.0755531787872314,30,-66.91201782226562,-2.230400562286377,30,-58.92721939086914,-2.1824896335601807,27,-68.17448425292969,-2.2724828720092773,30,-72.75398254394531,-2.4251327514648438,30,1576
-78.3180160522461,-1.7404003143310547,45,-95.91728210449219,-2.131495237350464,45,-72.68506622314453,-1.6152236461639404,45,-66.28437042236328,-1.8938391208648682,35,-114.44845581054688,-2.5432989597320557,45,-90.80296325683594,-2.017843723297119,45,1577
-40.31913375854492,-1.6127653121948242,25,-54.11463165283203,-2.1645853519439697,25,-53.36158752441406,-2.1344635486602783,25,-59.57246398925781,-2.2912485599517822,26,-58.68928146362305,-2.34757137298584,25,-62.55569076538086,-2.502227544784546,25,1578
-52.62572479248047,-1.8794901371002197,28,-79.40272521972656,-2.8358116149902344,28,-78.81001281738281,-2.814643383026123,28,-73.99533081054688,-2.8459742069244385,26,-102.51554870605469,-3.6612696647644043,28,-98.99940490722656,-3.5356929302215576,28,1579
-49.5552978515625,-1.6518433094024658,30,-86.74951171875,-2.891650438308716,30,-89.28848266601562,-2.976282835006714,30,-86.75003814697266,-2.628788948059082,33,-86.56599426269531,-2.885533094406128,30,-91.32425689697266,-3.044142007827759,30,1580
-77.69126892089844,-2.0445070266723633,38,-94.91317749023438,-2.4977152347564697,38,-83.4620361328125,-2.1963694095611572,38,-71.33981323242188,-1.7399954795837402,41,-88.01056671142578,-2.3160674571990967,38,-89.812744140625,-2.3634932041168213,38,1581
-97.63888549804688,-2.6388888359069824,37,-125.93877410888672,-3.4037506580352783,37,-111.81913757324219,-3.022138833999634,37,-63.616615295410156,-2.5446646213531494,25,-126.990478515625,-3.4321751594543457,37,-121.94328308105469,-3.295764446258545,37,1582
-113.4124984741211,-3.544140577316284,32,-122.40713500976562,-3.825222969055176,32,-104.0180435180664,-3.250563859939575,32,-101.28650665283203,-2.411583423614502,42,-123.283203125,-3.85260009765625,32,-105.67061614990234,-3.3022067546844482,32,1583
-84.55931854248047,-2.013317108154297,42,-128.6265869140625,-3.062537670135498,42,-102.93684387207031,-2.4508771896362305,42,-90.78244018554688,-2.3890116214752197,38,-140.5869140625,-3.3473074436187744,42,-115.6414566040039,-2.7533679008483887,42,1584
-68.6773910522461,-2.215399742126465,31,-107.16990661621094,-3.4570937156677246,31,-100.0395278930664,-3.227081537246704,31,-115.37406921386719,-3.118218183517456,37,-116.34495544433594,-3.7530629634857178,31,-111.47582244873047,-3.595994234085083,31,1585
-104.10765838623047,-2.3135035037994385,45,-127.3973159790039,-2.8310513496398926,45,-100.29707336425781,-2.2288239002227783,45,-70.62665557861328,-2.2782793045043945,31,-135.43914794921875,-3.009758949279785,45,-109.04187774658203,-2.4231529235839844,45,1586
-181.17581176757812,-4.117631912231445,44,-167.2640380859375,-3.801455497741699,44,-101.76211547851562,-2.3127753734588623,44,-72.11970520019531,-2.773834705352783,26,-187.11233520507812,-4.2525529861450195,44,-111.64002227783203,-2.5372731685638428,44,1587
-152.9183807373047,-3.4754178524017334,44,-222.31857299804688,-5.052694797515869,44,-240.7931365966797,-5.47257137298584,44,-279.717529296875,-5.951436996459961,47,-226.2119598388672,-5.141180992126465,44,-238.44970703125,-5.4193115234375,44,1588
-69.15442657470703,-2.1610758304595947,32,-81.92327880859375,-2.5601024627685547,32,-90.36184692382812,-2.823807716369629,32,-93.09871673583984,-2.4499661922454834,38,-90.66637420654297,-2.8333241939544678,32,-85.3219985961914,-2.6663124561309814,32,1589
-68.09310150146484,-1.4186062812805176,48,-153.03045654296875,-3.1881344318389893,48,-142.62185668945312,-2.9712886810302734,48,-130.63133239746094,-3.530576467514038,37,-156.9263458251953,-3.269298791885376,48,-150.74720764160156,-3.140566825866699,48,1590
-137.46041870117188,-2.805314779281616,49,-188.97100830078125,-3.856551170349121,49,-149.6553955078125,-3.054191827774048,49,-113.13055419921875,-2.828263759613037,40,-193.3491973876953,-3.945901870727539,49,-147.98358154296875,-3.020073175430298,49,1591
-90.24644470214844,-2.374906539916992,38,-123.6494140625,-3.253931999206543,38,-121.73261260986328,-3.2034897804260254,38,-119.65568542480469,-3.2339375019073486,37,-126.8294906616211,-3.337618112564087,38,-118.68186950683594,-3.1232070922851562,38,1592
-23.803510665893555,-0.6801003217697144,35,-59.111019134521484,-1.688886284828186,35,-55.156822204589844,-1.5759092569351196,35,-22.497177124023438,-0.4999372661113739,45,-58.406341552734375,-1.668752670288086,35,-55.91607666015625,-1.5976022481918335,35,1593
-93.18315124511719,-3.106105089187622,30,-98.16316223144531,-3.2721054553985596,30,-113.30494689941406,-3.77683162689209,30,-96.08397674560547,-2.668999433517456,36,-96.16523742675781,-3.20550799369812,30,-102.03224182128906,-3.4010746479034424,30,1594
-56.20463180541992,-2.0073082447052,28,-64.82847595214844,-2.315302610397339,28,-74.33488464355469,-2.6548173427581787,28,-77.95242309570312,-2.4360132217407227,32,-76.12625122070312,-2.718794584274292,28,-87.82354736328125,-3.1365551948547363,28,1595
-55.04647445678711,-1.2232550382614136,45,-73.71012115478516,-1.638002634048462,45,-93.15221405029297,-2.070049285888672,45,-86.0191421508789,-2.1504786014556885,40,-75.7781982421875,-1.6839599609375,45,-87.52313232421875,-1.9449584484100342,45,1596
-71.89595031738281,-1.94313383102417,37,-74.83567810058594,-2.022585868835449,37,-77.72285461425781,-2.1006176471710205,37,-73.4449462890625,-1.6321098804473877,45,-63.52372741699219,-1.7168575525283813,37,-63.25754165649414,-1.7096632719039917,37,1597
-52.5025634765625,-2.100102424621582,25,-77.46633911132812,-3.098653554916382,25,-82.37760925292969,-3.2951042652130127,25,-103.40625,-3.565732717514038,29,-86.09935760498047,-3.443974256515503,25,-89.74327850341797,-3.589731216430664,25,1598
-110.40069580078125,-2.567458152770996,43,-109.61750030517578,-2.5492441654205322,43,-71.2831802368164,-1.6577483415603638,43,-31.533340454101562,-0.9854168891906738,32,-132.04296875,-3.0707666873931885,43,-93.56188201904297,-2.1758577823638916,43,1599
-42.32524871826172,-1.9238749742507935,22,-68.4268798828125,-3.1103127002716064,22,-74.28546905517578,-3.3766121864318848,22,-65.7496109008789,-2.9886186122894287,22,-70.40284729003906,-3.200129508972168,22,-84.25396728515625,-3.829725742340088,22,1600
-123.66642761230469,-2.810600519180298,44,-125.7735595703125,-2.858489990234375,44,-106.91009521484375,-2.4297749996185303,44,-32.30649185180664,-1.7948050498962402,18,-139.26602172851562,-3.1651368141174316,44,-124.49626159667969,-2.829460382461548,44,1601
-120.78227233886719,-2.4156453609466553,50,-120.59320068359375,-2.4118640422821045,50,-99.46340942382812,-1.989268183708191,50,-27.811372756958008,-1.069668173789978,26,-131.61734008789062,-2.6323468685150146,50,-118.06622314453125,-2.3613245487213135,50,1602
-27.896072387695312,-0.8998733162879944,31,-115.1179428100586,-3.713482141494751,31,-101.30096435546875,-3.267773151397705,31,-129.00128173828125,-3.1463727951049805,41,-117.02611541748047,-3.775036096572876,31,-101.3809814453125,-3.2703542709350586,31,1603
-94.24288177490234,-2.547104835510254,37,-145.5257110595703,-3.9331274032592773,37,-117.99816131591797,-3.1891396045684814,37,-78.33200073242188,-3.2638332843780518,24,-151.49050903320312,-4.0943379402160645,37,-138.66839599609375,-3.7477943897247314,37,1604
-86.52375030517578,-1.8809510469436646,46,-98.41816711425781,-2.1395254135131836,46,-100.27847290039062,-2.179966688156128,46,-84.65126037597656,-2.2276647090911865,38,-103.52326202392578,-2.2505056858062744,46,-102.32396697998047,-2.2244341373443604,46,1605
-67.98140716552734,-2.0600426197052,33,-111.8552474975586,-3.3895530700683594,33,-103.09660339355469,-3.1241395473480225,33,-31.953475952148438,-1.8796162605285645,17,-107.46797180175781,-3.2566051483154297,33,-103.0953598022461,-3.1241018772125244,33,1606
-70.17550659179688,-2.1929845809936523,32,-184.46640014648438,-5.764575004577637,32,-183.60313415527344,-5.737597942352295,32,-251.57009887695312,-5.590446472167969,45,-164.79443359375,-5.1498260498046875,32,-178.75296020507812,-5.586030006408691,32,1607
-89.17393493652344,-1.7485085725784302,51,-141.24659729003906,-2.769541025161743,51,-144.5802459716797,-2.834906816482544,51,-97.38959503173828,-2.6321511268615723,37,-151.18801879882812,-2.964470863342285,51,-161.66062927246094,-3.169816255569458,51,1608
-44.693695068359375,-1.1459921598434448,39,-99.00042724609375,-2.5384724140167236,39,-121.56319427490234,-3.117004871368408,39,-72.02398681640625,-2.667555093765259,27,-106.45436096191406,-2.7295989990234375,39,-124.33020782470703,-3.1879539489746094,39,1609
-53.955223083496094,-1.3834673166275024,39,-105.75727844238281,-2.7117249965667725,39,-109.51982879638672,-2.8082008361816406,39,-64.95390319824219,-2.2397897243499756,29,-106.8400650024414,-2.7394888401031494,39,-109.02629852294922,-2.795546054840088,39,1610
-125.5041732788086,-2.670301675796509,47,-135.9912567138672,-2.8934309482574463,47,-127.42582702636719,-2.7111878395080566,47,-75.57096862792969,-2.4377732276916504,31,-158.95462036132812,-3.3820130825042725,47,-145.50091552734375,-3.09576416015625,47,1611
-71.85598754882812,-1.8909469842910767,38,-98.27743530273438,-2.5862483978271484,38,-95.94731140136719,-2.5249292850494385,38,-85.73623657226562,-2.4496066570281982,35,-119.46141052246094,-3.143721342086792,38,-119.98251342773438,-3.1574344635009766,38,1612
-60.039222717285156,-1.667756199836731,36,-105.13140869140625,-2.9203169345855713,36,-97.32479095458984,-2.7034664154052734,36,-60.452293395996094,-2.518845558166504,24,-112.32015228271484,-3.120004177093506,36,-100.86885070800781,-2.801912546157837,36,1613
-92.442626953125,-2.4327006340026855,38,-118.87298583984375,-3.1282365322113037,38,-92.76608276367188,-2.4412126541137695,38,-74.1018295288086,-2.9640731811523438,25,-132.6717071533203,-3.491360664367676,38,-101.78912353515625,-2.6786611080169678,38,1614
-53.997947692871094,-1.1249572038650513,48,-81.97994995117188,-1.7079156637191772,48,-91.16654968261719,-1.8993030786514282,48,-43.243438720703125,-1.0810859203338623,40,-92.27250671386719,-1.9223438501358032,48,-93.23367309570312,-1.9423681497573853,48,1615
-63.329063415527344,-1.3474268913269043,47,-88.3284912109375,-1.8793295621871948,47,-104.5644302368164,-2.2247750759124756,47,-73.43053436279297,-1.9323824644088745,38,-114.61076354980469,-2.4385268688201904,47,-111.85276794433594,-2.3798460960388184,47,1616
-83.31149291992188,-1.893442988395691,44,-104.24652862548828,-2.369239330291748,44,-100.17025756835938,-2.276596784591675,44,-42.18782043457031,-1.4547524452209473,29,-110.10284423828125,-2.5023374557495117,44,-105.16911315917969,-2.390207052230835,44,1617
-34.02333068847656,-1.7011665105819702,20,-59.05955505371094,-2.9529776573181152,20,-65.97665405273438,-3.298832654953003,20,-61.490577697753906,-2.459623098373413,25,-61.51738357543945,-3.075869083404541,20,-70.45904541015625,-3.5229523181915283,20,1618
-86.84481811523438,-2.5542593002319336,34,-89.43281555175781,-2.6303768157958984,34,-126.88261413574219,-3.731841564178467,34,-144.02496337890625,-4.114998817443848,35,-83.22653198242188,-2.4478392601013184,34,-124.49798583984375,-3.661705493927002,34,1619
-65.7889175415039,-2.1929638385772705,30,-137.75692749023438,-4.591897487640381,30,-175.12339782714844,-5.837446689605713,30,-261.7750549316406,-6.087791919708252,43,-143.4554443359375,-4.781847953796387,30,-168.94602966308594,-5.631534099578857,30,1620
-33.66194534301758,-1.6029497385025024,21,-56.68482971191406,-2.699277639389038,21,-67.33650207519531,-3.2065000534057617,21,-60.943992614746094,-2.1015169620513916,29,-60.693763732910156,-2.89017915725708,21,-75.03460693359375,-3.5730764865875244,21,1621
-82.35104370117188,-2.352886915206909,35,-118.27561950683594,-3.379303455352783,35,-86.36927032470703,-2.467693328857422,35,-72.66736602783203,-2.3441085815429688,31,-122.34725952148438,-3.495635986328125,35,-89.50163269042969,-2.557189464569092,35,1622
-165.4180908203125,-3.59604549407959,46,-121.82815551757812,-2.6484382152557373,46,-95.39097595214844,-2.073716878890991,46,-78.50669860839844,-2.0129923820495605,39,-123.38194274902344,-2.682216167449951,46,-99.86895751953125,-2.1710643768310547,46,1623
-96.74160766601562,-2.9315638542175293,33,-108.91941833496094,-3.300588369369507,33,-136.7521514892578,-4.144004821777344,33,-201.8578338623047,-4.29484748840332,47,-102.23377990722656,-3.0979933738708496,33,-144.47433471679688,-4.378010272979736,33,1624
-48.38346481323242,-1.7919801473617554,27,-66.27495574951172,-2.4546279907226562,27,-61.24059295654297,-2.268170118331909,27,-38.187644958496094,-1.7358020544052124,22,-66.25532531738281,-2.4539010524749756,27,-61.4849853515625,-2.2772216796875,27,1625
-51.26694107055664,-1.653772234916687,31,-87.26051330566406,-2.8148553371429443,31,-92.9547119140625,-2.9985392093658447,31,-66.265869140625,-2.548687219619751,26,-92.67289733886719,-2.989448308944702,31,-97.87403869628906,-3.157227039337158,31,1626
-108.70295715332031,-2.937917709350586,37,-65.0215835571289,-1.7573400735855103,37,-67.9524917602539,-1.8365538120269775,37,-21.480518341064453,-0.740707516670227,29,-65.90869140625,-1.7813160419464111,37,-59.069618225097656,-1.5964761972427368,37,1627
-98.26306915283203,-3.5093953609466553,28,-113.8531494140625,-4.066184043884277,28,-110.04930114746094,-3.9303321838378906,28,-147.61952209472656,-3.140841007232666,47,-119.67302703857422,-4.274036884307861,28,-116.88139343261719,-4.174335479736328,28,1628
-68.34725189208984,-2.356801748275757,29,-75.27532958984375,-2.595700979232788,29,-61.49322509765625,-2.1204559803009033,29,-61.841941833496094,-1.8739982843399048,33,-92.28825378417969,-3.1823534965515137,29,-69.53372955322266,-2.397714853286743,29,1629
-62.706512451171875,-2.3224635124206543,27,-91.8330078125,-3.4012224674224854,27,-82.6517105102539,-3.0611743927001953,27,-101.03020477294922,-2.8865773677825928,35,-79.75477600097656,-2.953880548477173,27,-87.84347534179688,-3.253462076187134,27,1630
-34.5693473815918,-0.9602596759796143,36,-97.09960174560547,-2.697211265563965,36,-113.64156341552734,-3.156710147857666,36,-116.05375671386719,-3.1365880966186523,37,-105.0304183959961,-2.9175117015838623,36,-109.4247055053711,-3.0395750999450684,36,1631
-100.55182647705078,-2.1394004821777344,47,-111.7573013305664,-2.377815008163452,47,-97.20375061035156,-2.068164825439453,47,-82.40492248535156,-2.1129467487335205,39,-115.49483489990234,-2.457336902618408,47,-85.85215759277344,-1.8266416788101196,47,1632
-105.73985290527344,-2.202913522720337,48,-84.04291534423828,-1.7508940696716309,48,-89.7987289428711,-1.8708068132400513,48,-17.811254501342773,-0.6850482225418091,26,-98.55494689941406,-2.0532281398773193,48,-96.02128601074219,-2.000443458557129,48,1633
-69.34911346435547,-1.8249766826629639,38,-79.02073669433594,-2.0794930458068848,38,-62.00389099121094,-1.6316813230514526,38,-64.92361450195312,-1.9673823118209839,33,-67.5771255493164,-1.7783454656600952,38,-54.627464294433594,-1.4375648498535156,38,1634
-97.73804473876953,-2.961758852005005,33,-113.13584899902344,-3.428359031677246,33,-98.11140441894531,-2.9730727672576904,33,-96.78257751464844,-2.48160457611084,39,-118.78002166748047,-3.5993945598602295,33,-97.07894897460938,-2.941786289215088,33,1635
-113.64862060546875,-3.5515193939208984,32,-81.3774185180664,-2.543044328689575,32,-76.82754516601562,-2.4008607864379883,32,-73.49879455566406,-1.9341788291931152,38,-86.65988159179688,-2.7081212997436523,32,-72.8929443359375,-2.277904510498047,32,1636
-73.58139038085938,-1.988686203956604,37,-125.7070083618164,-3.397486686706543,37,-131.32070922851562,-3.549208402633667,37,-109.90420532226562,-3.434506416320801,32,-121.34497833251953,-3.2795939445495605,37,-137.6039276123047,-3.719025135040283,37,1637
-118.0721435546875,-2.6238253116607666,45,-186.03530883789062,-4.13411808013916,45,-168.35733032226562,-3.741274118423462,45,-136.42323303222656,-3.41058087348938,40,-192.95742797851562,-4.287942886352539,45,-182.34095764160156,-4.052021503448486,45,1638
-99.79329681396484,-2.2176287174224854,45,-125.3446273803711,-2.7854361534118652,45,-115.36947631835938,-2.5637662410736084,45,-68.28108978271484,-2.276036262512207,30,-131.84832763671875,-2.9299628734588623,45,-118.31535339355469,-2.62923002243042,45,1639
-96.44464111328125,-2.836606979370117,34,-115.82601928710938,-3.4066476821899414,34,-92.41006469726562,-2.7179431915283203,34,-103.34117126464844,-3.2294116020202637,32,-122.43463134765625,-3.6010186672210693,34,-94.04843139648438,-2.7661304473876953,34,1640
-105.25364685058594,-2.1050729751586914,50,-124.8902587890625,-2.497805118560791,50,-140.56201171875,-2.8112401962280273,50,-71.01773071289062,-2.219304084777832,32,-125.38179016113281,-2.5076358318328857,50,-134.712646484375,-2.6942529678344727,50,1641
-122.46371459960938,-2.8479933738708496,43,-119.71110534667969,-2.7839791774749756,43,-114.67241668701172,-2.6668004989624023,43,-88.7193603515625,-2.772480010986328,32,-134.46884155273438,-3.1271822452545166,43,-120.26811218261719,-2.7969329357147217,43,1642
-121.6349105834961,-2.764429807662964,44,-108.31014251708984,-2.4615941047668457,44,-86.0157470703125,-1.9549033641815186,44,-27.333229064941406,-1.012341856956482,27,-127.20133972167969,-2.890939474105835,44,-106.96943664550781,-2.4311234951019287,44,1643
-76.01566314697266,-1.8540406227111816,41,-109.4798583984375,-2.6702404022216797,41,-110.8412094116211,-2.703444242477417,41,-112.2254638671875,-2.290315628051758,49,-115.29299926757812,-2.8120243549346924,41,-99.87450408935547,-2.4359636306762695,41,1644
-80.21853637695312,-1.8231486082077026,44,-132.8267822265625,-3.0187904834747314,44,-139.02346801757812,-3.1596243381500244,44,-90.9437026977539,-2.8419907093048096,32,-126.0749282836914,-2.8653392791748047,44,-141.84982299804688,-3.2238595485687256,44,1645
-81.31382751464844,-1.8480415344238281,44,-169.50137329101562,-3.852303981781006,44,-168.80084228515625,-3.8363828659057617,44,-185.8729248046875,-4.04071569442749,46,-150.7177734375,-3.4254038333892822,44,-164.08653259277344,-3.7292394638061523,44,1646
-61.775306701660156,-2.2879743576049805,27,-110.90254974365234,-4.107501983642578,27,-82.19709777832031,-3.044337034225464,27,-87.26673889160156,-1.8567391633987427,47,-104.56407165527344,-3.8727433681488037,27,-88.8341293334961,-3.2901530265808105,27,1647
-79.22637176513672,-1.8424737453460693,43,-129.34576416015625,-3.0080411434173584,43,-91.68872833251953,-2.132296085357666,43,-84.88705444335938,-2.1221764087677,40,-130.76351928710938,-3.0410120487213135,43,-102.794677734375,-2.3905739784240723,43,1648
-60.41192626953125,-1.5490237474441528,39,-82.3375244140625,-2.1112186908721924,39,-79.61286926269531,-2.041355609893799,39,-75.5982894897461,-1.7999593019485474,42,-83.86709594726562,-2.1504383087158203,39,-87.99615478515625,-2.2563116550445557,39,1649
-46.897396087646484,-1.8758958578109741,25,-65.90292358398438,-2.6361169815063477,25,-75.43345642089844,-3.017338275909424,25,-114.616943359375,-3.097755193710327,37,-66.23284912109375,-2.6493139266967773,25,-75.65522766113281,-3.0262091159820557,25,1650
-60.10735321044922,-2.072667360305786,29,-72.44773864746094,-2.4981977939605713,29,-61.912200927734375,-2.1349034309387207,29,-67.18568420410156,-1.8158292770385742,37,-76.47209930419922,-2.6369688510894775,29,-67.74048614501953,-2.335878849029541,29,1651
-81.57615661621094,-3.1375443935394287,26,-91.43124389648438,-3.5165863037109375,26,-86.15666198730469,-3.313717842102051,26,-82.92366027832031,-2.3692474365234375,35,-79.74583435058594,-3.0671474933624268,26,-75.91415405273438,-2.9197752475738525,26,1652
-106.0395278930664,-3.313735246658325,32,-128.60166931152344,-4.018802165985107,32,-112.66918182373047,-3.520911931991577,32,-109.55474853515625,-2.809096097946167,39,-116.12712860107422,-3.6289727687835693,32,-100.46525573730469,-3.1395392417907715,32,1653
-67.6515884399414,-2.5056142807006836,27,-104.32164764404297,-3.863764762878418,27,-87.35668182373047,-3.2354326248168945,27,-94.0804443359375,-3.920018434524536,24,-101.1888427734375,-3.747735023498535,27,-93.08061218261719,-3.44743013381958,27,1654
-93.71165466308594,-2.402863025665283,39,-118.57080078125,-3.0402770042419434,39,-109.24696350097656,-2.801204204559326,39,-121.84444427490234,-2.971815824508667,41,-124.47000122070312,-3.1915385723114014,39,-116.91487121582031,-2.997817277908325,39,1655
-103.43193054199219,-2.6521008014678955,39,-98.07142639160156,-2.5146520137786865,39,-111.04763793945312,-2.8473753929138184,39,-133.925537109375,-2.8494794368743896,47,-108.83084106445312,-2.790534496307373,39,-104.81094360351562,-2.68746018409729,39,1656
-97.6417236328125,-2.8718154430389404,34,-75.10765075683594,-2.2090485095977783,34,-68.0105209350586,-2.000309467315674,34,-53.908294677734375,-1.796943187713623,30,-81.99185180664062,-2.411525011062622,34,-67.87144470214844,-1.9962189197540283,34,1657
-49.34164047241211,-1.451224684715271,34,-91.71968841552734,-2.6976377964019775,34,-76.7791519165039,-2.2582104206085205,34,-20.817001342773438,-1.1565001010894775,18,-96.15453338623047,-2.8280744552612305,34,-75.45111083984375,-2.2191503047943115,34,1658
-132.9445037841797,-3.4088335037231445,39,-117.3628158569336,-3.009302854537964,39,-87.69194793701172,-2.248511552810669,39,-94.91921997070312,-2.3729805946350098,40,-111.36366271972656,-2.855478525161743,39,-103.50074005126953,-2.653865098953247,39,1659
-131.54852294921875,-1.6443564891815186,80,-208.30325317382812,-2.603790760040283,80,-214.5102996826172,-2.6813788414001465,80,-37.41200256347656,-2.078444480895996,18,-230.0757293701172,-2.875946521759033,80,-213.1133270263672,-2.66391658782959,80,1660
-62.77212142944336,-1.569303035736084,40,-84.9966812133789,-2.1249170303344727,40,-86.79341125488281,-2.169835329055786,40,-45.613739013671875,-1.5728875398635864,29,-124.17153930664062,-3.1042885780334473,40,-119.91481018066406,-2.9978702068328857,40,1661
-59.00834655761719,-1.6859527826309204,35,-72.59461975097656,-2.074131965637207,35,-76.3954849243164,-2.1827280521392822,35,-74.32107543945312,-1.8127092123031616,41,-84.73226165771484,-2.420921802520752,35,-91.0474853515625,-2.6013567447662354,35,1662
-92.77935791015625,-2.992882490158081,31,-100.75988006591797,-3.250318765640259,31,-105.5448989868164,-3.4046740531921387,31,-79.48094940185547,-2.8386054039001465,28,-97.92359924316406,-3.1588258743286133,31,-99.50057983398438,-3.209696054458618,31,1663
-119.57450866699219,-3.8572421073913574,31,-68.94715881347656,-2.2241017818450928,31,-70.61174011230469,-2.2777981758117676,31,-68.29624938964844,-2.2765417098999023,30,-97.82514190673828,-3.1556496620178223,31,-84.36661529541016,-2.721503734588623,31,1664
-105.92484283447266,-3.7830300331115723,28,-90.5762710571289,-3.2348668575286865,28,-87.33955383300781,-3.119269847869873,28,-72.68701171875,-1.7306431531906128,42,-94.25068664550781,-3.366096019744873,28,-92.11445617675781,-3.289802074432373,28,1665
-63.49021530151367,-1.8140062093734741,35,-71.8214340209961,-2.0520410537719727,35,-62.429656982421875,-1.7837045192718506,35,-48.22520446777344,-1.722328782081604,28,-81.37904357910156,-2.325115442276001,35,-81.71705627441406,-2.334773063659668,35,1666
-89.56346130371094,-2.4206340312957764,37,-77.99634552001953,-2.1080093383789062,37,-87.63087463378906,-2.3684020042419434,37,-87.52000427246094,-2.6521213054656982,33,-100.2945327758789,-2.710663080215454,37,-99.97280883789062,-2.701967716217041,37,1667
-93.28202819824219,-2.826728105545044,33,-85.55390167236328,-2.5925424098968506,33,-95.91222381591797,-2.906430959701538,33,-50.160091400146484,-2.508004665374756,20,-88.92183685302734,-2.694601058959961,33,-99.28736877441406,-3.0087082386016846,33,1668
-48.47993469238281,-1.6159977912902832,30,-52.65687561035156,-1.7552292346954346,30,-57.34983825683594,-1.9116612672805786,30,-54.15525817871094,-1.6923518180847168,32,-78.38449096679688,-2.612816333770752,30,-81.39340209960938,-2.713113307952881,30,1669
-66.46360778808594,-1.6615902185440063,40,-91.12779235839844,-2.2781949043273926,40,-75.68151092529297,-1.8920377492904663,40,-24.60323143005371,-0.9112308025360107,27,-111.66839599609375,-2.7917098999023438,40,-89.19957733154297,-2.229989528656006,40,1670
-69.69874572753906,-1.6999694108963013,41,-135.57696533203125,-3.306755304336548,41,-120.532470703125,-2.939816474914551,41,-154.06524658203125,-2.265665292739868,68,-152.49755859375,-3.7194526195526123,41,-125.94815063476562,-3.071906089782715,41,1671
-78.43753814697266,-2.011219024658203,39,-141.01528930664062,-3.615776538848877,39,-130.60557556152344,-3.3488609790802,39,-138.90557861328125,-3.3879408836364746,41,-141.45120239257812,-3.6269538402557373,39,-127.96941375732422,-3.281266927719116,39,1672
-83.8707504272461,-2.3297431468963623,36,-84.89057922363281,-2.3580715656280518,36,-86.41063690185547,-2.4002954959869385,36,-104.86798095703125,-2.996227979660034,35,-92.77696990966797,-2.5771379470825195,36,-93.66194915771484,-2.6017208099365234,36,1673
-39.91109085083008,-1.5964436531066895,25,-68.82073974609375,-2.7528295516967773,25,-71.08560943603516,-2.8434243202209473,25,-79.45885467529297,-2.4830892086029053,32,-73.31404876708984,-2.9325618743896484,25,-85.59040832519531,-3.423616409301758,25,1674
-112.282958984375,-2.339228391647339,48,-214.85223388671875,-4.476088047027588,48,-249.90504455566406,-5.206355094909668,48,-286.4244384765625,-6.22661828994751,46,-195.93978881835938,-4.08207893371582,48,-226.6112823486328,-4.721068382263184,48,1675
-82.12673950195312,-1.7473773956298828,47,-125.35111999511719,-2.6670451164245605,47,-139.05148315429688,-2.9585421085357666,47,-52.456077575683594,-2.1856698989868164,24,-139.08706665039062,-2.959299325942993,47,-146.6871795654297,-3.1210038661956787,47,1676
-81.5279541015625,-1.9411417245864868,42,-86.0367431640625,-2.0484938621520996,42,-97.35742950439453,-2.3180339336395264,42,-65.71337127685547,-2.2659783363342285,29,-81.19711303710938,-1.9332646131515503,42,-89.12982177734375,-2.122138500213623,42,1677
-83.98066711425781,-2.269747734069824,37,-112.42622375488281,-3.038546562194824,37,-110.46417999267578,-2.985518455505371,37,-82.17478942871094,-2.833613395690918,29,-115.48234558105469,-3.1211445331573486,37,-103.08126068115234,-2.785979986190796,37,1678
-116.56771850585938,-3.428462266921997,34,-102.79035949707031,-3.0232458114624023,34,-72.7891845703125,-2.1408584117889404,34,-71.421142578125,-2.0406041145324707,35,-114.07606506347656,-3.3551783561706543,34,-83.42486572265625,-2.453672409057617,34,1679
-63.23552703857422,-2.874342203140259,22,-57.808467864990234,-2.627657651901245,22,-60.11644744873047,-2.7325658798217773,22,-74.08733367919922,-2.389914035797119,31,-64.14586639404297,-2.9157211780548096,22,-55.04951858520508,-2.502250909805298,22,1680
-60.56570053100586,-2.1630606651306152,28,-70.50828552246094,-2.518152952194214,28,-60.88841247558594,-2.174586057662964,28,-49.4378776550293,-1.5449336767196655,32,-66.29557800292969,-2.367699146270752,28,-50.14944839477539,-1.7910517454147339,28,1681
-43.847286224365234,-2.435960292816162,18,-64.2166748046875,-3.5675930976867676,18,-62.40341567993164,-3.4668564796447754,18,-76.18134307861328,-1.9045336246490479,40,-52.14640808105469,-2.8970227241516113,18,-58.819583892822266,-3.267754554748535,18,1682
-57.62879943847656,-1.9209599494934082,30,-116.54362487792969,-3.8847875595092773,30,-189.19857788085938,-6.306619167327881,30,-286.8473815917969,-6.103135585784912,47,-115.55935668945312,-3.8519785404205322,30,-193.39022827148438,-6.446341037750244,30,1683
-46.75223159790039,-1.3750656843185425,34,-94.7811279296875,-2.787680149078369,34,-112.86383056640625,-3.3195245265960693,34,-98.07051086425781,-3.269016981124878,30,-96.56660461425781,-2.8401942253112793,34,-113.35948181152344,-3.3341023921966553,34,1684
-114.26020050048828,-2.929748773574829,39,-119.9482192993164,-3.0755953788757324,39,-113.36979675292969,-2.9069178104400635,39,-110.0921630859375,-2.4464924335479736,45,-120.30665588378906,-3.0847859382629395,39,-120.36444091796875,-3.0862677097320557,39,1685
-55.95244598388672,-2.072312831878662,27,-81.6395263671875,-3.023686170578003,27,-76.65731048583984,-2.8391597270965576,27,-67.42202758789062,-1.8222169876098633,37,-67.14749145507812,-2.4869441986083984,27,-59.648155212402344,-2.209190845489502,27,1686
-86.27111053466797,-1.7973147630691528,48,-267.4842529296875,-5.5725884437561035,48,-308.7909851074219,-6.433145523071289,48,-300.52789306640625,-6.394210338592529,47,-249.180908203125,-5.1912689208984375,48,-303.22821044921875,-6.317254543304443,48,1687
-78.81307983398438,-2.5423574447631836,31,-106.11790466308594,-3.4231581687927246,31,-86.89543914794922,-2.8030786514282227,31,-89.32402038574219,-2.552114963531494,35,-127.4621810913086,-4.111683368682861,31,-90.7380599975586,-2.9270341396331787,31,1688
-92.20634460449219,-2.144333600997925,43,-104.65364074707031,-2.4338057041168213,43,-105.56487274169922,-2.4549970626831055,43,-68.49004364013672,-2.1403138637542725,32,-112.59880065917969,-2.618576765060425,43,-103.9671859741211,-2.4178414344787598,43,1689
-51.28852844238281,-1.7096176147460938,30,-64.74270629882812,-2.158090114593506,30,-85.37727355957031,-2.8459091186523438,30,-76.19012451171875,-2.8218564987182617,27,-73.17082214355469,-2.4390273094177246,30,-88.57441711425781,-2.9524805545806885,30,1690
-59.64802551269531,-2.385921001434326,25,-81.15274810791016,-3.246109962463379,25,-77.01720428466797,-3.080688238143921,25,-106.14523315429688,-2.1229047775268555,50,-82.65040588378906,-3.306016206741333,25,-77.364990234375,-3.094599723815918,25,1691
-76.32359313964844,-1.7749673128128052,43,-129.725341796875,-3.0168683528900146,43,-123.6026611328125,-2.8744804859161377,43,-81.27180480957031,-2.621671199798584,31,-135.5504150390625,-3.1523351669311523,43,-125.0676040649414,-2.9085488319396973,43,1692
-64.51412963867188,-1.8432608842849731,35,-70.79578399658203,-2.0227367877960205,35,-75.86396789550781,-2.167541980743408,35,-97.50808715820312,-2.3782460689544678,41,-76.14105987548828,-2.1754589080810547,35,-75.54791259765625,-2.1585118770599365,35,1693
-90.76223754882812,-2.92781400680542,31,-106.72677612304688,-3.4427993297576904,31,-98.94322204589844,-3.1917169094085693,31,-104.36707305908203,-4.014118194580078,26,-131.6511688232422,-4.246811866760254,31,-125.9700927734375,-4.063551425933838,31,1694
-60.556880950927734,-1.835057020187378,33,-82.79660034179688,-2.5089879035949707,33,-83.13072204589844,-2.5191128253936768,33,-72.82472229003906,-2.349184513092041,31,-78.67918395996094,-2.3842177391052246,33,-78.00151062011719,-2.3636820316314697,33,1695
-58.092918395996094,-1.7086153030395508,34,-81.70066833496094,-2.402960777282715,34,-71.78201293945312,-2.1112356185913086,34,-63.16864776611328,-1.8048185110092163,35,-67.45923614501953,-1.9840952157974243,34,-70.47506713867188,-2.072796106338501,34,1696
-76.58633422851562,-2.2525391578674316,34,-103.23699188232422,-3.0363821983337402,34,-95.8803939819336,-2.820011615753174,34,-87.35572814941406,-1.8990375995635986,46,-100.26486206054688,-2.9489665031433105,34,-105.62335205078125,-3.106569290161133,34,1697
-81.40335845947266,-2.7134451866149902,30,-90.64993286132812,-3.0216643810272217,30,-89.43621826171875,-2.9812073707580566,30,-87.3358154296875,-2.1833953857421875,40,-97.98115539550781,-3.266038417816162,30,-102.03330993652344,-3.4011104106903076,30,1698
-41.204307556152344,-1.2486153841018677,33,-83.73812103271484,-2.5375187397003174,33,-61.55276107788086,-1.8652352094650269,33,-34.62092208862305,-1.4425383806228638,24,-87.0384521484375,-2.637528896331787,33,-84.52606201171875,-2.5613958835601807,33,1699
-43.2317008972168,-1.108505129814148,39,-105.320556640625,-2.7005271911621094,39,-105.87709045410156,-2.714797258377075,39,-59.842201232910156,-2.493425130844116,24,-100.98582458496094,-2.5893800258636475,39,-105.1335678100586,-2.695732593536377,39,1700
-95.360595703125,-2.119124412536621,45,-134.89218139648438,-2.9976041316986084,45,-122.49457550048828,-2.7221016883850098,45,-99.496826171875,-2.763800621032715,36,-128.07798767089844,-2.846177577972412,45,-118.49758911132812,-2.633279800415039,45,1701
-59.36619567871094,-1.380609154701233,43,-124.05815124511719,-2.885073184967041,43,-108.80363464355469,-2.5303170680999756,43,-76.43014526367188,-2.5476715564727783,30,-122.29682922363281,-2.8441123962402344,43,-112.72589111328125,-2.621532440185547,43,1702
-67.04964447021484,-1.8121525049209595,37,-94.66212463378906,-2.5584359169006348,37,-68.57736206054688,-1.8534421920776367,37,-66.08126831054688,-1.785980224609375,37,-101.69769287109375,-2.7485861778259277,37,-73.55813598632812,-1.9880577325820923,37,1703
-74.98131561279297,-1.922597885131836,39,-99.651123046875,-2.555156946182251,39,-106.10050964355469,-2.7205259799957275,39,-96.74552917480469,-2.931682586669922,33,-104.63961791992188,-2.6830670833587646,39,-114.97630310058594,-2.948110342025757,39,1704
-65.5426025390625,-2.1142776012420654,31,-92.42727661132812,-2.98152494430542,31,-79.31779479980469,-2.558638572692871,31,-134.09158325195312,-2.915034532546997,46,-92.11380767822266,-2.9714131355285645,31,-88.81573486328125,-2.865023612976074,31,1705
-72.1932601928711,-1.9511692523956299,37,-73.14497375488281,-1.9768911600112915,37,-63.19395065307617,-1.707944631576538,37,-59.386680603027344,-1.7466670274734497,34,-85.21893310546875,-2.3032143115997314,37,-84.28646850585938,-2.278012752532959,37,1706
-86.92758178710938,-3.3433685302734375,26,-103.01510620117188,-3.9621195793151855,26,-94.64019775390625,-3.640007495880127,26,-92.02613830566406,-2.19109845161438,42,-108.0725326538086,-4.156635761260986,26,-106.65705108642578,-4.102194309234619,26,1707
-72.78823852539062,-1.8197059631347656,40,-71.93939208984375,-1.7984848022460938,40,-70.72454833984375,-1.7681137323379517,40,-73.24681091308594,-2.0346336364746094,36,-75.89472961425781,-1.8973681926727295,40,-72.7105712890625,-1.8177642822265625,40,1708
-102.81123352050781,-3.807823419570923,27,-137.84783935546875,-5.105475425720215,27,-142.65162658691406,-5.283393383026123,27,-129.8730926513672,-2.7056894302368164,48,-145.01988220214844,-5.3711066246032715,27,-142.3473358154297,-5.272123336791992,27,1709
-104.62013244628906,-2.179586172103882,48,-145.62355041503906,-3.0338239669799805,48,-114.95564270019531,-2.394909143447876,48,-102.36039733886719,-2.4965951442718506,41,-132.83245849609375,-2.7673428058624268,48,-113.81454467773438,-2.371136426925659,48,1710
-59.58976745605469,-1.2414535284042358,48,-58.95600128173828,-1.2282500267028809,48,-46.044189453125,-0.9592539668083191,48,-58.0029182434082,-1.2341046333312988,47,-67.6689224243164,-1.4097691774368286,48,-60.632835388183594,-1.2631840705871582,48,1711
-92.51350402832031,-3.1901209354400635,29,-81.23609161376953,-2.8012444972991943,29,-65.19287872314453,-2.248030185699463,29,-69.00196075439453,-2.300065279006958,30,-85.97439575195312,-2.964634418487549,29,-78.40465545654297,-2.703608751296997,29,1712
-42.124900817871094,-0.9157587289810181,46,-73.67169189453125,-1.6015585660934448,46,-78.49925231933594,-1.706505537033081,46,-66.69430541992188,-1.482095718383789,45,-88.97809600830078,-1.9343063831329346,46,-89.65740966796875,-1.949074149131775,46,1713
-59.01655960083008,-2.185798406600952,27,-75.37369537353516,-2.7916183471679688,27,-75.48762512207031,-2.795837879180908,27,-40.93193054199219,-1.9491395950317383,21,-87.20716857910156,-3.2298951148986816,27,-81.51866912841797,-3.019209861755371,27,1714
-69.40760040283203,-1.826515793800354,38,-72.33328247070312,-1.9035074710845947,38,-85.4390869140625,-2.2483971118927,38,-65.2049331665039,-2.1033849716186523,31,-84.38264465332031,-2.2205958366394043,38,-86.74134063720703,-2.2826669216156006,38,1715
-73.29489135742188,-2.1557321548461914,34,-85.43716430664062,-2.512857675552368,34,-68.81440734863281,-2.0239531993865967,34,-84.88417053222656,-2.1765172481536865,39,-94.43312072753906,-2.777444839477539,34,-96.32746124267578,-2.833160638809204,34,1716
-78.20677947998047,-1.8620661497116089,42,-103.66059112548828,-2.468109369277954,42,-90.70487976074219,-2.159640073776245,42,-104.35427856445312,-2.4268436431884766,43,-124.89781188964844,-2.97375750541687,42,-103.09202575683594,-2.4545719623565674,42,1717
-95.35147857666016,-3.178382635116577,30,-91.80236053466797,-3.0600786209106445,30,-90.52290344238281,-3.017430067062378,30,-102.12354278564453,-2.269412040710449,45,-102.18402862548828,-3.4061343669891357,30,-99.81144714355469,-3.3270483016967773,30,1718
-133.2700653076172,-2.8971753120422363,46,-107.41685485839844,-2.335149049758911,46,-97.92503356933594,-2.128805160522461,46,-41.9448356628418,-1.553512454032898,27,-131.5975341796875,-2.86081600189209,46,-117.60089111328125,-2.5565412044525146,46,1719
-54.69120788574219,-1.8859037160873413,29,-85.94098663330078,-2.96348237991333,29,-88.73077392578125,-3.0596818923950195,29,-108.45390319824219,-3.4985129833221436,31,-87.14642333984375,-3.005048990249634,29,-90.14981079101562,-3.108614206314087,29,1720
-60.37567138671875,-2.236135959625244,27,-77.71883392333984,-2.8784754276275635,27,-75.23576354980469,-2.7865097522735596,27,-88.02239990234375,-2.6673455238342285,33,-93.66255950927734,-3.4689836502075195,27,-90.22541809082031,-3.341682195663452,27,1721
-17.54258918762207,-0.4498099684715271,39,-93.6658935546875,-2.4016895294189453,39,-88.40087890625,-2.2666893005371094,39,-97.46762084960938,-1.9111298322677612,51,-94.20196533203125,-2.4154350757598877,39,-89.81507110595703,-2.302950620651245,39,1722
-78.7392807006836,-2.187202215194702,36,-129.7191619873047,-3.6033101081848145,36,-117.2567367553711,-3.257131576538086,36,-113.97874450683594,-3.256535530090332,35,-135.34727478027344,-3.759646415710449,36,-116.24935913085938,-3.2291488647460938,36,1723
-95.56991577148438,-2.8960580825805664,33,-110.68296813964844,-3.354029417037964,33,-92.97113037109375,-2.8173069953918457,33,-82.79556274414062,-2.0698890686035156,40,-108.13667297363281,-3.2768688201904297,33,-96.05039978027344,-2.9106180667877197,33,1724
-56.543853759765625,-1.9497880935668945,29,-61.51844024658203,-2.1213254928588867,29,-63.783416748046875,-2.199428081512451,29,-86.763916015625,-2.1161930561065674,41,-60.1229362487793,-2.073204755783081,29,-59.391937255859375,-2.0479979515075684,29,1725
-49.490501403808594,-1.455603003501892,34,-87.29108428955078,-2.567384719848633,34,-76.34214782714844,-2.2453572750091553,34,-88.68284606933594,-2.217071056365967,40,-95.9803695678711,-2.8229520320892334,34,-89.44102478027344,-2.6306183338165283,34,1726
-64.47566223144531,-1.4653559923171997,44,-120.16985321044922,-2.731132984161377,44,-122.79789733886719,-2.7908613681793213,44,-102.87562561035156,-2.9393036365509033,35,-129.65750122070312,-2.9467613697052,44,-130.960693359375,-2.97637939453125,44,1727
-79.66036224365234,-1.7702302932739258,45,-251.77354431152344,-5.594967842102051,45,-299.8104248046875,-6.662453651428223,45,-314.52081298828125,-6.989351272583008,45,-256.7519836425781,-5.705599784851074,45,-300.986328125,-6.68858528137207,45,1728
-34.28960037231445,-1.4908522367477417,23,-45.943511962890625,-1.9975440502166748,23,-53.507442474365234,-2.3264105319976807,23,-63.71312713623047,-1.5928281545639038,40,-48.3425178527832,-2.101848602294922,23,-61.699913024902344,-2.682605028152466,23,1729
-88.4139404296875,-2.7629356384277344,32,-112.16947174072266,-3.505295991897583,32,-106.00318145751953,-3.3125994205474854,32,-114.5215072631836,-3.0951759815216064,37,-99.17683410644531,-3.099276065826416,32,-109.39427185058594,-3.4185709953308105,32,1730
-82.38818359375,-2.5746307373046875,32,-91.31234741210938,-2.853510856628418,32,-87.92346954345703,-2.7476084232330322,32,-68.05714416503906,-2.9590063095092773,23,-106.21186828613281,-3.3191208839416504,32,-104.4608383178711,-3.2644011974334717,32,1731
-53.384254455566406,-2.321054458618164,23,-88.7978515625,-3.86077618598938,23,-84.1717758178711,-3.659642457962036,23,-93.89898681640625,-2.3474745750427246,40,-75.61072540283203,-3.2874228954315186,23,-81.34681701660156,-3.536818027496338,23,1732
-58.77790832519531,-1.5071258544921875,39,-71.39759826660156,-1.8307076692581177,39,-47.22303771972656,-1.2108471393585205,39,-34.37925720214844,-0.7813467383384705,44,-81.36264038085938,-2.08622145652771,39,-54.443603515625,-1.3959897756576538,39,1733
-77.45932006835938,-2.498687744140625,31,-80.95500183105469,-2.6114516258239746,31,-75.42301940917969,-2.4330005645751953,31,-71.66361999511719,-2.654208183288574,27,-79.43978881835938,-2.5625739097595215,31,-88.71266174316406,-2.861698865890503,31,1734
-38.504127502441406,-1.203253984451294,32,-97.37210083007812,-3.0428781509399414,32,-94.16862487792969,-2.9427695274353027,32,-67.42890167236328,-2.593419313430786,26,-97.05653381347656,-3.0330166816711426,32,-91.12287902832031,-2.8475899696350098,32,1735
-18.688404083251953,-0.5840126276016235,32,-64.2872085571289,-2.0089752674102783,32,-71.31604766845703,-2.2286264896392822,32,-62.10209274291992,-1.9406903982162476,32,-70.61434173583984,-2.206698179244995,32,-65.77186584472656,-2.055370807647705,32,1736
-115.04690551757812,-2.5010197162628174,46,-127.05055236816406,-2.7619686126708984,46,-128.1381072998047,-2.7856109142303467,46,-112.78504943847656,-2.750854969024658,41,-125.90565490722656,-2.737079381942749,46,-143.45892333984375,-3.1186721324920654,46,1737
-120.2196044921875,-2.671546697616577,45,-106.44802856445312,-2.365511655807495,45,-93.34364318847656,-2.074303150177002,45,-91.29550170898438,-2.0287890434265137,45,-111.01066589355469,-2.4669036865234375,45,-100.48793029785156,-2.233065128326416,45,1738
-94.60110473632812,-2.1500251293182373,44,-136.12527465820312,-3.0937561988830566,44,-129.437744140625,-2.9417669773101807,44,-66.72615814208984,-2.3009018898010254,29,-138.7802734375,-3.154097080230713,44,-134.1763916015625,-3.0494635105133057,44,1739
-71.98904418945312,-1.3844046592712402,52,-106.29081726074219,-2.0440542697906494,52,-94.75902557373047,-1.822288990020752,52,-31.453861236572266,-0.8737183809280396,36,-117.57723999023438,-2.2611007690429688,52,-103.83402252197266,-1.9968081712722778,52,1740
-39.19465637207031,-1.0314383506774902,38,-69.57937622070312,-1.8310362100601196,38,-73.33441162109375,-1.9298529624938965,38,-73.01264953613281,-1.5210968255996704,48,-61.747833251953125,-1.6249430179595947,38,-94.43209838867188,-2.4850552082061768,38,1741
-27.908985137939453,-0.7542968988418579,37,-79.22300720214844,-2.141162395477295,37,-75.83544158935547,-2.0496065616607666,37,-73.60154724121094,-1.989230990409851,37,-90.53678894042969,-2.4469401836395264,37,-72.22315979003906,-1.951977252960205,37,1742
-73.57176971435547,-2.3732829093933105,31,-92.22936248779297,-2.9751408100128174,31,-108.21698760986328,-3.490870475769043,31,-64.45075988769531,-3.5805978775024414,18,-103.84190368652344,-3.349738836288452,31,-103.65457153320312,-3.343695878982544,31,1743
-76.05146789550781,-1.9012867212295532,40,-101.64010620117188,-2.5410027503967285,40,-74.60993194580078,-1.8652483224868774,40,-67.26175689697266,-1.9217644929885864,35,-75.70448303222656,-1.892612099647522,40,-73.03654479980469,-1.825913667678833,40,1744
-45.05320739746094,-1.0239365100860596,44,-131.85479736328125,-2.9967000484466553,44,-132.4194793701172,-3.009533643722534,44,-86.02168273925781,-2.867389440536499,30,-132.09352111816406,-3.0021255016326904,44,-134.96115112304688,-3.0672988891601562,44,1745
-68.48481750488281,-2.2091877460479736,31,-85.37806701660156,-2.7541310787200928,31,-79.46004486083984,-2.5632271766662598,31,-51.32477951049805,-2.0529911518096924,25,-69.90168762207031,-2.2548930644989014,31,-73.81111907958984,-2.3810038566589355,31,1746
-135.61813354492188,-2.767717123031616,49,-116.55389404296875,-2.3786509037017822,49,-120.39331817626953,-2.4570064544677734,49,-52.06663131713867,-1.7954010963439941,29,-126.7452163696289,-2.586637020111084,49,-100.88031005859375,-2.058781862258911,49,1747
-106.89968872070312,-2.016975164413452,53,-114.62141418457031,-2.162668228149414,53,-116.80760192871094,-2.2039170265197754,53,-39.35538864135742,-2.071336269378662,19,-133.090576171875,-2.5111429691314697,53,-130.88934326171875,-2.4696102142333984,53,1748
-76.64312744140625,-2.947812557220459,26,-92.82785034179688,-3.5703020095825195,26,-75.71878051757812,-2.9122607707977295,26,-71.6542739868164,-2.17134165763855,33,-100.06533813476562,-3.8486669063568115,26,-87.23336791992188,-3.3551294803619385,26,1749
-95.62217712402344,-2.390554428100586,40,-94.3730239868164,-2.359325647354126,40,-101.2919921875,-2.532299757003784,40,-89.86151123046875,-2.428689479827881,37,-104.71925354003906,-2.617981433868408,40,-101.53877258300781,-2.5384693145751953,40,1750
-67.36125183105469,-1.4643750190734863,46,-109.43302154541016,-2.378978729248047,46,-133.005859375,-2.8914318084716797,46,-77.00735473632812,-2.75026273727417,28,-128.52450561523438,-2.794010877609253,46,-139.83352661132812,-3.0398592948913574,46,1751
-18.280559539794922,-0.5077933073043823,36,-116.72376251220703,-3.2423267364501953,36,-107.97434997558594,-2.9992876052856445,36,-134.59878540039062,-3.059063196182251,44,-106.3721923828125,-2.9547832012176514,36,-117.55685424804688,-3.265468120574951,36,1752
-73.78314208984375,-1.7995887994766235,41,-107.26851654052734,-2.616305351257324,41,-99.60454559326172,-2.4293792247772217,41,-73.84376525878906,-2.637277364730835,28,-121.3379135131836,-2.959461212158203,41,-105.06378936767578,-2.5625314712524414,41,1753
-89.58930969238281,-3.5835723876953125,25,-117.96664428710938,-4.718665599822998,25,-106.3907470703125,-4.255630016326904,25,-123.0103530883789,-2.9288179874420166,42,-109.92739868164062,-4.397096157073975,25,-110.88005065917969,-4.435202121734619,25,1754
-111.51396179199219,-2.7198526859283447,41,-96.32559204101562,-2.3494045734405518,41,-77.04097747802734,-1.879048228263855,41,-54.612403869628906,-1.6062471866607666,34,-88.03927612304688,-2.1472995281219482,41,-80.45431518554688,-1.962300419807434,41,1755
-129.800537109375,-2.2772023677825928,57,-116.67912292480469,-2.047002077102661,57,-80.86935424804688,-1.4187606573104858,57,-49.65571212768555,-0.7639340162277222,65,-158.5861358642578,-2.782212972640991,57,-141.14498901367188,-2.4762277603149414,57,1756
-66.46298217773438,-1.6210483312606812,41,-62.856353759765625,-1.5330817699432373,41,-52.218894958496094,-1.2736315727233887,41,-50.83519744873047,-1.2103618383407593,42,-86.76042938232422,-2.116107940673828,41,-83.90498352050781,-2.0464630126953125,41,1757
-83.8795166015625,-1.9063526391983032,44,-100.68437194824219,-2.288281202316284,44,-87.50675964355469,-1.9887900352478027,44,-81.50872802734375,-1.734228253364563,47,-116.3860092163086,-2.645136594772339,44,-108.63236999511719,-2.4689176082611084,44,1758
-102.43391418457031,-2.048678398132324,50,-115.83577728271484,-2.3167154788970947,50,-89.19142150878906,-1.7838283777236938,50,-44.54369354248047,-1.7132189273834229,26,-118.1883773803711,-2.363767623901367,50,-119.21771240234375,-2.38435435295105,50,1759
-102.53880310058594,-2.500946521759033,41,-88.93496704101562,-2.1691455841064453,41,-65.86890411376953,-1.6065586805343628,41,-59.153076171875,-1.5167455673217773,39,-94.43450927734375,-2.303280830383301,41,-87.75968170166016,-2.1404800415039062,41,1760
-82.41323852539062,-2.8418357372283936,29,-94.51084899902344,-3.2589948177337646,29,-94.62336730957031,-3.2628748416900635,29,-85.9705810546875,-2.6865806579589844,32,-105.115478515625,-3.624671697616577,29,-99.16890716552734,-3.4196174144744873,29,1761
-51.66595458984375,-1.845212697982788,28,-89.62692260742188,-3.2009615898132324,28,-86.22567749023438,-3.079488515853882,28,-70.71401977539062,-3.0745224952697754,23,-101.5150146484375,-3.6255362033843994,28,-90.68241882324219,-3.2386577129364014,28,1762
-83.97761535644531,-1.8256003856658936,46,-100.43805694580078,-2.1834359169006348,46,-115.91510009765625,-2.5198934078216553,46,-74.30660247802734,-2.396987199783325,31,-96.64280700683594,-2.100930690765381,46,-108.40126037597656,-2.356549024581909,46,1763
-41.53814697265625,-1.5976210832595825,26,-96.69781494140625,-3.719146728515625,26,-85.25624084472656,-3.279086112976074,26,-94.69004821777344,-2.427949905395508,39,-82.813720703125,-3.185142993927002,26,-96.93231201171875,-3.728165864944458,26,1764
-20.523778915405273,-0.43667614459991455,47,-43.305450439453125,-0.921392560005188,47,-47.59819412231445,-1.0127274990081787,47,-41.74757385253906,-0.8882462382316589,47,-61.368499755859375,-1.3057128190994263,47,-70.80329132080078,-1.506453037261963,47,1765
-109.88661193847656,-3.544729471206665,31,-100.20848846435547,-3.232531785964966,31,-97.38078308105469,-3.1413156986236572,31,-106.91505432128906,-2.5455965995788574,42,-102.23930358886719,-3.298042058944702,31,-99.22210693359375,-3.2007131576538086,31,1766
-52.55219268798828,-1.6952320337295532,31,-57.7177619934082,-1.8618632555007935,31,-48.595802307128906,-1.5676065683364868,31,-55.05995559692383,-1.3109513521194458,42,-66.11534118652344,-2.1327528953552246,31,-62.03010940551758,-2.0009713172912598,31,1767
-61.1435432434082,-1.5677831172943115,39,-71.98477172851562,-1.8457633256912231,39,-62.20180892944336,-1.594918131828308,39,-52.960533142089844,-1.5131580829620361,35,-85.88670349121094,-2.202223062515259,39,-73.92178344726562,-1.895430326461792,39,1768
-77.9262466430664,-2.435195207595825,32,-89.63363647460938,-2.801051139831543,32,-85.68971252441406,-2.6778035163879395,32,-75.90375518798828,-2.710848331451416,28,-104.40455627441406,-3.2626423835754395,32,-108.23612976074219,-3.3823790550231934,32,1769
-113.10499572753906,-2.4588043689727783,46,-116.17764282226562,-2.5256009101867676,46,-112.17953491210938,-2.438685655593872,46,-56.36513137817383,-2.1678895950317383,26,-135.37530517578125,-2.942941427230835,46,-122.94638061523438,-2.6727473735809326,46,1770
-54.21416473388672,-1.8694539070129395,29,-83.73104858398438,-2.887277603149414,29,-79.09251403808594,-2.727328062057495,29,-66.2383041381836,-2.5476269721984863,26,-83.64611053466797,-2.8843486309051514,29,-94.09089660644531,-3.244513750076294,29,1771
-51.81236267089844,-1.4803532361984253,35,-77.91130065917969,-2.2260372638702393,35,-78.6148452758789,-2.246138334274292,35,-76.0584945678711,-2.3768279552459717,32,-86.0622329711914,-2.458920955657959,35,-100.1230239868164,-2.8606579303741455,35,1772
-49.07868194580078,-1.635956048965454,30,-102.44959259033203,-3.4149863719940186,30,-107.03656005859375,-3.567885398864746,30,-109.79975128173828,-2.2874948978424072,48,-109.9490966796875,-3.6649699211120605,30,-113.83434295654297,-3.794478178024292,30,1773
-67.57666015625,-1.987548828125,34,-90.52810668945312,-2.6625914573669434,34,-83.97295379638672,-2.4697928428649902,34,-57.11048126220703,-1.9693269729614258,29,-106.36355590820312,-3.1283397674560547,34,-103.33906555175781,-3.039384365081787,34,1774
-70.95984649658203,-2.729224920272827,26,-72.61458587646484,-2.7928686141967773,26,-74.51155090332031,-2.8658289909362793,26,-103.63926696777344,-2.4102156162261963,43,-88.37217712402344,-3.3989298343658447,26,-80.90081024169922,-3.11156964302063,26,1775
-65.09109497070312,-1.9724574089050293,33,-92.95797729492188,-2.816908359527588,33,-126.12289428710938,-3.8219058513641357,33,-107.21646118164062,-3.5738821029663086,30,-106.65153503417969,-3.2318646907806396,33,-119.1102066040039,-3.6094002723693848,33,1776
-85.1553955078125,-1.935349941253662,44,-105.5429916381836,-2.3987042903900146,44,-100.51625061035156,-2.2844603061676025,44,-109.3587875366211,-2.4301953315734863,45,-141.08935546875,-3.206576347351074,44,-142.57080078125,-3.2402455806732178,44,1777
-81.96976470947266,-1.9992625713348389,41,-117.69515991210938,-2.8706135749816895,41,-106.87117004394531,-2.606613874435425,41,-122.098388671875,-2.9780094623565674,41,-116.87771606445312,-2.8506760597229004,41,-121.9906005859375,-2.9753804206848145,41,1778
-94.67138671875,-2.7048966884613037,35,-93.58558654785156,-2.6738739013671875,35,-78.22491455078125,-2.234997510910034,35,-66.61769104003906,-2.2205896377563477,30,-116.38508605957031,-3.3252880573272705,35,-88.732666015625,-2.5352189540863037,35,1779
-102.10275268554688,-2.2689499855041504,45,-91.06377410888672,-2.023639440536499,45,-87.35838317871094,-1.9412974119186401,45,-85.06950378417969,-1.9783605337142944,43,-121.7294921875,-2.7050998210906982,45,-117.92974853515625,-2.6206610202789307,45,1780
-55.287147521972656,-1.0238360166549683,54,-125.48092651367188,-2.323720932006836,54,-141.26821899414062,-2.6160781383514404,54,-67.17286682128906,-1.7677069902420044,38,-135.851806640625,-2.5157742500305176,54,-134.28875732421875,-2.4868288040161133,54,1781
-130.056884765625,-3.825202465057373,34,-101.07768249511719,-2.9728729724884033,34,-109.85345458984375,-3.2309839725494385,34,-84.08073425292969,-2.8993356227874756,29,-123.6504898071289,-3.6367790699005127,34,-118.5950927734375,-3.488090991973877,34,1782
-66.27215576171875,-1.4406989812850952,46,-118.32060241699219,-2.5721869468688965,46,-128.1437225341797,-2.7857329845428467,46,-94.47897338867188,-2.7787933349609375,34,-124.122802734375,-2.69832181930542,46,-115.99317169189453,-2.5215907096862793,46,1783
-114.95986938476562,-3.0252597332000732,38,-85.46475219726562,-2.249072313308716,38,-67.99765014648438,-1.7894119024276733,38,-59.85303497314453,-1.5346932411193848,39,-78.5008544921875,-2.0658118724823,38,-76.29986572265625,-2.0078911781311035,38,1784
-47.773048400878906,-1.7693721055984497,27,-58.91471862792969,-2.1820266246795654,27,-49.408546447753906,-1.8299461603164673,27,-47.68872833251953,-1.222787857055664,39,-70.6194076538086,-2.6155335903167725,27,-58.672080993652344,-2.1730401515960693,27,1785
-151.4368133544922,-3.365262508392334,45,-130.47207641601562,-2.8993794918060303,45,-112.86360931396484,-2.508080244064331,45,-98.92343139648438,-2.603248119354248,38,-170.6782989501953,-3.792850971221924,45,-148.97998046875,-3.31066632270813,45,1786
-146.23062133789062,-3.1112897396087646,47,-134.85440063476562,-2.8692426681518555,47,-126.7984848022461,-2.6978402137756348,47,-74.65380096435547,-2.3329312801361084,32,-144.71646118164062,-3.079073667526245,47,-136.27493286132812,-2.8994667530059814,47,1787
-81.7865219116211,-1.994793176651001,41,-82.45490264892578,-2.0110952854156494,41,-89.97137451171875,-2.1944236755371094,41,-68.48442077636719,-2.0142476558685303,34,-71.76459503173828,-1.7503559589385986,41,-76.82624816894531,-1.873810887336731,41,1788
-76.70658874511719,-2.397080898284912,32,-102.30195617675781,-3.1969361305236816,32,-87.36528778076172,-2.7301652431488037,32,-94.82178497314453,-2.0174849033355713,47,-119.10501861572266,-3.722031831741333,32,-78.04156494140625,-2.4387989044189453,32,1789
-106.91900634765625,-3.6868622303009033,29,-73.10986328125,-2.5210297107696533,29,-89.95765686035156,-3.1019880771636963,29,-116.54694366455078,-2.9136736392974854,40,-83.02140045166016,-2.862806797027588,29,-89.54736328125,-3.0878400802612305,29,1790
-23.706777572631836,-0.6585215926170349,36,-91.554443359375,-2.5431790351867676,36,-99.02943420410156,-2.7508175373077393,36,-99.69589233398438,-3.215996503829956,31,-100.07377624511719,-2.779827117919922,36,-103.77587890625,-2.8826632499694824,36,1791
-44.10365676879883,-1.1308629512786865,39,-105.51741027832031,-2.7055745124816895,39,-86.10870361328125,-2.2079155445098877,39,-63.84315872192383,-1.3583650588989258,47,-97.54693603515625,-2.5012035369873047,39,-91.75308227539062,-2.3526432514190674,39,1792
-70.0438232421875,-1.7959954738616943,39,-70.89942932128906,-1.8179340362548828,39,-86.85099792480469,-2.2269487380981445,39,-91.38224792480469,-2.1757678985595703,42,-69.91127014160156,-1.792596697807312,39,-79.01930236816406,-2.0261359214782715,39,1793
-15.15008544921875,-0.32934969663619995,46,-121.85751342773438,-2.649076461791992,46,-131.16909790039062,-2.8515021800994873,46,-111.7578353881836,-2.793945789337158,40,-123.55282592773438,-2.6859309673309326,46,-142.80931091308594,-3.1045501232147217,46,1794
-100.41275024414062,-2.57468581199646,39,-124.492919921875,-3.1921260356903076,39,-101.1021499633789,-2.592362880706787,39,-96.223876953125,-3.563847303390503,27,-129.70443725585938,-3.3257548809051514,39,-93.18352508544922,-2.3893210887908936,39,1795
-63.717655181884766,-2.7703328132629395,23,-75.17477416992188,-3.2684683799743652,23,-74.6833724975586,-3.247103214263916,23,-75.547607421875,-3.1478168964385986,24,-70.98926544189453,-3.0864899158477783,23,-73.20196533203125,-3.18269419670105,23,1796
-66.77067565917969,-2.0865836143493652,32,-67.15380859375,-2.0985565185546875,32,-84.31544494628906,-2.634857654571533,32,-91.95169830322266,-2.7864151000976562,33,-74.02375793457031,-2.3132424354553223,32,-77.68630981445312,-2.42769718170166,32,1797
-73.02372741699219,-2.704582452774048,27,-66.97752380371094,-2.480648994445801,27,-67.87287902832031,-2.513810396194458,27,-67.5987548828125,-2.180604934692383,31,-71.95576477050781,-2.6650283336639404,27,-80.38912200927734,-2.977374792098999,27,1798
-96.96194458007812,-2.0630199909210205,47,-141.99505615234375,-3.0211713314056396,47,-138.03343200683594,-2.9368815422058105,47,-58.51179885864258,-2.9255900382995605,20,-148.51071166992188,-3.1598024368286133,47,-148.2764892578125,-3.1548190116882324,47,1799
-72.86797332763672,-2.1431756019592285,34,-80.2899398803711,-2.36146879196167,34,-66.66130065917969,-1.960626482963562,34,-59.68474578857422,-1.8651483058929443,32,-94.28511047363281,-2.7730915546417236,34,-71.61390686035156,-2.1062912940979004,34,1800
-59.8794059753418,-1.2220287322998047,49,-84.6522216796875,-1.727596402168274,49,-114.00422668457031,-2.3266167640686035,49,-54.19851303100586,-1.5940738916397095,34,-87.36369323730469,-1.7829325199127197,49,-121.71783447265625,-2.484037399291992,49,1801
-36.00386047363281,-1.0001072883605957,36,-92.10643768310547,-2.5585122108459473,36,-101.76765441894531,-2.8268792629241943,36,-49.84323501586914,-2.0768015384674072,24,-90.97962951660156,-2.527211904525757,36,-93.53340148925781,-2.5981500148773193,36,1802
-88.50653076171875,-2.603133201599121,34,-173.758056640625,-5.110530853271484,34,-202.13902282714844,-5.945265293121338,34,-278.45013427734375,-6.0532636642456055,46,-179.47457885742188,-5.2786641120910645,34,-200.8543701171875,-5.907481670379639,34,1803
-78.40390014648438,-3.0155346393585205,26,-69.47664642333984,-2.6721787452697754,26,-64.1297607421875,-2.466529369354248,26,-58.639793395996094,-1.832493543624878,32,-75.34659576416016,-2.8979458808898926,26,-64.62920379638672,-2.485738515853882,26,1804
-85.82666015625,-3.57611083984375,24,-78.8246078491211,-3.2843587398529053,24,-64.00834655761719,-2.6670143604278564,24,-48.47624206542969,-2.5513811111450195,19,-80.41282653808594,-3.350534439086914,24,-65.54556274414062,-2.731065034866333,24,1805
-78.77273559570312,-2.2506496906280518,35,-66.77714538574219,-1.9079184532165527,35,-66.610107421875,-1.9031459093093872,35,-72.73828125,-1.865084171295166,39,-74.99967193603516,-2.142847776412964,35,-73.98919677734375,-2.1139769554138184,35,1806
-55.67674255371094,-1.4651774168014526,38,-73.47525787353516,-1.9335594177246094,38,-67.8665771484375,-1.7859625816345215,38,-61.290767669677734,-1.4948967695236206,41,-72.131591796875,-1.8981997966766357,38,-68.44318389892578,-1.8011363744735718,38,1807
-104.8538818359375,-2.383042812347412,44,-107.39740753173828,-2.440850257873535,44,-85.28125,-1.9382102489471436,44,-62.709922790527344,-1.7917120456695557,35,-114.55665588378906,-2.603560447692871,44,-95.72318267822266,-2.1755268573760986,44,1808
-75.62078094482422,-2.800769567489624,27,-92.40785217285156,-3.422513008117676,27,-94.27764892578125,-3.491764783859253,27,-90.03475189208984,-3.215526819229126,28,-102.75037384033203,-3.8055694103240967,27,-98.08892059326172,-3.632922887802124,27,1809
-97.80274963378906,-2.445068836212158,40,-142.23504638671875,-3.5558762550354004,40,-129.52517700195312,-3.2381293773651123,40,-172.2897186279297,-2.9201648235321045,59,-144.53822326660156,-3.6134555339813232,40,-129.63815307617188,-3.2409539222717285,40,1810
-80.44952392578125,-2.7741215229034424,29,-88.55027770996094,-3.053457736968994,29,-95.98985290527344,-3.30999493598938,29,-75.96891784667969,-3.0387566089630127,25,-100.92109680175781,-3.4800379276275635,29,-98.0103759765625,-3.3796682357788086,29,1811
-104.39512634277344,-2.676798105239868,39,-110.40019226074219,-2.8307740688323975,39,-113.47813415527344,-2.909695863723755,39,-114.14901733398438,-3.1708059310913086,36,-108.76041412353516,-2.7887284755706787,39,-106.99313354492188,-2.7434136867523193,39,1812
-130.1014404296875,-2.71044659614563,48,-113.99785614013672,-2.374955415725708,48,-101.99409484863281,-2.1248769760131836,48,-56.641204833984375,-1.6659177541732788,34,-120.18395233154297,-2.5038323402404785,48,-115.18846893310547,-2.3997597694396973,48,1813
-61.738731384277344,-2.2866196632385254,27,-78.46080017089844,-2.9059555530548096,27,-76.97978210449219,-2.8511030673980713,27,-32.48661422729492,-1.804811954498291,18,-85.40650939941406,-3.1632039546966553,27,-75.73573303222656,-2.8050272464752197,27,1814
-72.85205078125,-1.48677659034729,49,-107.40924072265625,-2.1920254230499268,49,-113.37618255615234,-2.3137996196746826,49,-69.60823059082031,-1.9888066053390503,35,-121.24893188476562,-2.4744679927825928,49,-122.62055206298828,-2.502460241317749,49,1815
-85.90396118164062,-1.7896658182144165,48,-81.46392822265625,-1.6971651315689087,48,-73.03419494628906,-1.5215457677841187,48,-75.53955078125,-1.4811676740646362,51,-91.95233154296875,-1.9156736135482788,48,-88.33714294433594,-1.8403571844100952,48,1816
-123.17939758300781,-3.0794849395751953,40,-108.03390502929688,-2.700847625732422,40,-81.43547058105469,-2.035886764526367,40,-55.54276657104492,-1.8514255285263062,30,-106.43318176269531,-2.660829544067383,40,-87.94879150390625,-2.1987197399139404,40,1817
-117.32215881347656,-2.60715913772583,45,-110.2254638671875,-2.4494547843933105,45,-87.39761352539062,-1.942169189453125,45,-78.26518249511719,-2.6987993717193604,29,-127.45370483398438,-2.8323044776916504,45,-108.60044860839844,-2.4133431911468506,45,1818
-48.767333984375,-1.681632161140442,29,-92.3755111694336,-3.1853623390197754,29,-76.04334259033203,-2.6221842765808105,29,-99.11325073242188,-2.108792543411255,47,-92.880859375,-3.2027883529663086,29,-73.47538757324219,-2.5336339473724365,29,1819
-93.95614624023438,-3.355576753616333,28,-81.4830093383789,-2.910107374191284,28,-79.50462341308594,-2.8394508361816406,28,-79.71763610839844,-2.7488839626312256,29,-75.6060791015625,-2.7002170085906982,28,-76.88713073730469,-2.74596905708313,28,1820
-43.35803985595703,-1.6676169633865356,26,-65.16144561767578,-2.506209373474121,26,-65.70867919921875,-2.527256965637207,26,-58.25530242919922,-1.8204782009124756,32,-65.65148162841797,-2.525057077407837,26,-68.31231689453125,-2.627396821975708,26,1821
-60.1833381652832,-2.0752875804901123,29,-63.69010925292969,-2.1962106227874756,29,-78.09489440917969,-2.692927360534668,29,-68.48500061035156,-1.9567142724990845,35,-64.84884643554688,-2.2361671924591064,29,-71.03296661376953,-2.4494125843048096,29,1822
-81.15035247802734,-2.7050118446350098,30,-101.01194763183594,-3.367064952850342,30,-87.37095642089844,-2.912365198135376,30,-87.88318634033203,-3.2549328804016113,27,-95.41999053955078,-3.180666446685791,30,-94.10888671875,-3.136962890625,30,1823
-90.28810119628906,-2.202148914337158,41,-105.09371948242188,-2.5632615089416504,41,-110.75487518310547,-2.701338529586792,41,-112.76390075683594,-2.8190975189208984,40,-122.163818359375,-2.9796054363250732,41,-135.7244873046875,-3.3103532791137695,41,1824
-100.76693725585938,-2.799081563949585,36,-78.42253875732422,-2.178403854370117,36,-76.78941345214844,-2.1330392360687256,36,-79.13524627685547,-1.9301279783248901,41,-79.29931640625,-2.2027587890625,36,-77.96348571777344,-2.165652275085449,36,1825
-36.15593719482422,-0.9038984179496765,40,-58.66140365600586,-1.4665350914001465,40,-60.304771423339844,-1.5076192617416382,40,-51.022674560546875,-1.2148256301879883,42,-68.28926086425781,-1.7072315216064453,40,-69.46735382080078,-1.7366838455200195,40,1826
-75.88551330566406,-1.9457824230194092,39,-89.75971984863281,-2.3015313148498535,39,-74.65186309814453,-1.914150357246399,39,-74.97705078125,-1.9730802774429321,38,-90.79779052734375,-2.328148365020752,39,-90.33489990234375,-2.316279411315918,39,1827
-90.65841674804688,-1.9708350896835327,46,-121.54560089111328,-2.6422955989837646,46,-123.0947494506836,-2.6759727001190186,46,-69.80903625488281,-2.407208204269409,29,-125.73939514160156,-2.7334651947021484,46,-128.43203735351562,-2.7920007705688477,46,1828
-77.8060531616211,-2.3577592372894287,33,-59.586212158203125,-1.80564284324646,33,-50.856807708740234,-1.541115403175354,33,-32.08273696899414,-0.7638747096061707,42,-65.84623718261719,-1.9953404664993286,33,-61.53772735595703,-1.8647795915603638,33,1829
-106.72943115234375,-2.223529815673828,48,-152.9586181640625,-3.1866378784179688,48,-138.87188720703125,-2.8931643962860107,48,-119.27787780761719,-2.7739040851593018,43,-158.51878356933594,-3.3024747371673584,48,-135.7158966064453,-2.8274145126342773,48,1830
-90.01853942871094,-2.093454360961914,43,-114.91188049316406,-2.6723692417144775,43,-109.48579406738281,-2.5461812019348145,43,-102.26116943359375,-2.840588092803955,36,-109.16802978515625,-2.5387914180755615,43,-104.15625,-2.422238349914551,43,1831
-50.18107604980469,-0.9839426875114441,51,-111.71636199951172,-2.190516948699951,51,-107.71511840820312,-2.1120612621307373,51,-102.60841369628906,-1.900155782699585,54,-114.54267883300781,-2.2459349632263184,51,-107.34036254882812,-2.104712963104248,51,1832
-47.9224967956543,-1.1144766807556152,43,-93.35040283203125,-2.1709396839141846,43,-107.31021118164062,-2.495586395263672,43,-72.11920928955078,-2.3264260292053223,31,-95.38291931152344,-2.218207359313965,43,-102.07386779785156,-2.3738107681274414,43,1833
-85.78910827636719,-2.4511172771453857,35,-75.08976745605469,-2.1454219818115234,35,-67.26751708984375,-1.9219290018081665,35,-49.85738754272461,-1.7192202806472778,29,-82.8146743774414,-2.366133451461792,35,-71.03521728515625,-2.0295777320861816,35,1834
-85.7300796508789,-2.679064989089966,32,-74.12773132324219,-2.3164916038513184,32,-69.26973724365234,-2.1646792888641357,32,-61.6028938293457,-2.1242377758026123,29,-84.5774154663086,-2.6430442333221436,32,-74.22749328613281,-2.3196091651916504,32,1835
-63.70481491088867,-1.769578218460083,36,-74.52669525146484,-2.070185899734497,36,-81.69253540039062,-2.2692370414733887,36,-81.0585708618164,-2.251626968383789,36,-96.54517364501953,-2.6818103790283203,36,-87.53817749023438,-2.4316160678863525,36,1836
-114.40779876708984,-2.8601949214935303,40,-90.59532165527344,-2.264883041381836,40,-81.92778015136719,-2.048194408416748,40,-78.953369140625,-1.9738342761993408,40,-88.91498565673828,-2.222874641418457,40,-93.6446533203125,-2.341116428375244,40,1837
-108.17007446289062,-2.6382944583892822,41,-87.18953704833984,-2.1265740394592285,41,-94.7508544921875,-2.3109965324401855,41,-79.69224548339844,-2.84615159034729,28,-109.36418151855469,-2.667418956756592,41,-92.71771240234375,-2.2614076137542725,41,1838
-50.78245544433594,-2.0312981605529785,25,-79.82342529296875,-3.192936897277832,25,-69.89903259277344,-2.795961380004883,25,-66.40058898925781,-2.6560235023498535,25,-77.589599609375,-3.103584051132202,25,-72.14602661132812,-2.885841131210327,25,1839
-141.46795654296875,-3.536698818206787,40,-101.25750732421875,-2.531437635421753,40,-86.6536865234375,-2.166342258453369,40,-54.31417465209961,-1.6973179578781128,32,-119.5032730102539,-2.987581729888916,40,-105.34764099121094,-2.6336910724639893,40,1840
-98.67276000976562,-2.8192217350006104,35,-79.83380889892578,-2.28096604347229,35,-83.74453735351562,-2.3927011489868164,35,-59.927276611328125,-2.1402599811553955,28,-74.21952056884766,-2.1205577850341797,35,-81.56021881103516,-2.330291986465454,35,1841
-93.60343170166016,-3.120114326477051,30,-72.87913513183594,-2.429304599761963,30,-68.09260559082031,-2.2697534561157227,30,-63.98187255859375,-2.285066843032837,28,-71.05593872070312,-2.3685312271118164,30,-67.08074951171875,-2.236025094985962,30,1842
-122.12364959716797,-2.7755374908447266,44,-154.1785430908203,-3.5040578842163086,44,-128.22471618652344,-2.914198160171509,44,-59.95259475708008,-1.9984198808670044,30,-152.36810302734375,-3.462911367416382,44,-118.01714324951172,-2.6822078227996826,44,1843
-98.6626968383789,-2.2423341274261475,44,-99.78704833984375,-2.2678873538970947,44,-117.00582885742188,-2.6592233180999756,44,-89.40789794921875,-2.4164297580718994,37,-106.86966705322266,-2.428856134414673,44,-120.22883605957031,-2.732473611831665,44,1844
-44.47760772705078,-1.1704633235931396,38,-77.996826171875,-2.0525481700897217,38,-79.91767883300781,-2.1030967235565186,38,-39.123130798339844,-1.3490735292434692,29,-76.95088195800781,-2.0250232219696045,38,-79.27853393554688,-2.0862772464752197,38,1845
-27.033859252929688,-0.9654949903488159,28,-60.53171157836914,-2.161846876144409,28,-54.57109832763672,-1.9489678144454956,28,-42.43174362182617,-1.6972697973251343,25,-56.60895919799805,-2.0217485427856445,28,-48.88774108886719,-1.7459907531738281,28,1846
-73.5640640258789,-1.7942454814910889,41,-93.71849822998047,-2.2858171463012695,41,-96.212646484375,-2.3466498851776123,41,-45.146060943603516,-1.6720763444900513,27,-85.07017517089844,-2.0748822689056396,41,-96.84278869628906,-2.3620193004608154,41,1847
-69.27962493896484,-2.886651039123535,24,-53.44121551513672,-2.226717233657837,24,-58.99770736694336,-2.458237886428833,24,-64.02571105957031,-2.0008034706115723,32,-56.651763916015625,-2.360490083694458,24,-70.9320068359375,-2.955500364303589,24,1848
-107.90301513671875,-2.5093724727630615,43,-119.29972839355469,-2.7744123935699463,43,-108.37757873535156,-2.520408868789673,43,-81.96527099609375,-2.5614147186279297,32,-120.81729888916016,-2.809704542160034,43,-103.05516815185547,-2.3966317176818848,43,1849
-42.47140121459961,-1.4157134294509888,30,-66.51461029052734,-2.217153787612915,30,-68.56396484375,-2.2854654788970947,30,-58.982933044433594,-1.5521824359893799,38,-64.6574478149414,-2.1552481651306152,30,-59.09060287475586,-1.96968674659729,30,1850
-36.432395935058594,-1.734876036643982,21,-66.95423889160156,-3.1882970333099365,21,-91.5744400024414,-4.360687732696533,21,-159.74913024902344,-3.8035507202148438,42,-58.886959075927734,-2.80414080619812,21,-94.65929412841797,-4.507585525512695,21,1851
-97.75534057617188,-3.054854393005371,32,-106.62059783935547,-3.3318936824798584,32,-94.72576904296875,-2.9601802825927734,32,-94.34806823730469,-2.6956591606140137,35,-95.95950317382812,-2.998734474182129,32,-85.80046081542969,-2.6812644004821777,32,1852
-76.55838775634766,-2.0146944522857666,38,-126.36297607421875,-3.3253414630889893,38,-90.34591674804688,-2.3775241374969482,38,-80.03231048583984,-2.286637544631958,35,-115.75797271728516,-3.046262502670288,38,-80.65388488769531,-2.1224706172943115,38,1853
-80.59196472167969,-2.5184988975524902,32,-114.75252532958984,-3.5860164165496826,32,-110.84774017333984,-3.46399188041687,32,-64.10572052001953,-3.0526533126831055,21,-135.0883331298828,-4.221510410308838,32,-110.57511901855469,-3.455472469329834,32,1854
-101.2221450805664,-2.8117263317108154,36,-122.59674072265625,-3.4054651260375977,36,-71.3610610961914,-1.9822516441345215,36,-73.26815032958984,-2.4422717094421387,30,-108.72122955322266,-3.020034074783325,36,-81.9718246459961,-2.2769951820373535,36,1855
-93.01789855957031,-1.8238803148269653,51,-120.5599365234375,-2.363920211791992,51,-124.81183624267578,-2.4472908973693848,51,-43.7835693359375,-2.0849318504333496,21,-134.63265991210938,-2.6398561000823975,51,-140.32455444335938,-2.7514617443084717,51,1856
-80.64930725097656,-2.8803324699401855,28,-107.05848693847656,-3.823517322540283,28,-99.57823181152344,-3.556365489959717,28,-143.26589965820312,-4.341391086578369,33,-105.91120910644531,-3.782543182373047,28,-98.57757568359375,-3.520627737045288,28,1857
-95.73453521728516,-2.5874199867248535,37,-110.74754333496094,-2.9931769371032715,37,-104.36532592773438,-2.8206844329833984,37,-72.0517578125,-2.771221399307251,26,-119.28474426269531,-3.223912000656128,37,-102.47262573242188,-2.7695305347442627,37,1858
-91.27516174316406,-1.9015659093856812,48,-105.45100402832031,-2.1968958377838135,48,-106.63126373291016,-2.221484661102295,48,-106.60643005371094,-2.3690316677093506,45,-113.02474975585938,-2.354682207107544,48,-109.41185760498047,-2.2794137001037598,48,1859
-89.08763122558594,-2.474656343460083,36,-111.62358856201172,-3.1006553173065186,36,-101.53369140625,-2.820380210876465,36,-72.72138214111328,-3.161799192428589,23,-111.41130065917969,-3.0947582721710205,36,-104.09709930419922,-2.8915860652923584,36,1860
-62.95336151123047,-1.9076776504516602,33,-58.57757568359375,-1.7750780582427979,33,-57.85311508178711,-1.753124713897705,33,-41.94194793701172,-0.9986178278923035,42,-74.78089141845703,-2.266087532043457,33,-59.00303649902344,-1.787970781326294,33,1861
-84.2793197631836,-2.055593252182007,41,-68.09977722167969,-1.6609702110290527,41,-71.10411071777344,-1.7342466115951538,41,-82.16311645507812,-1.8258470296859741,45,-101.39132690429688,-2.472959280014038,41,-91.74381256103516,-2.237653970718384,41,1862
-110.15016174316406,-3.5532310009002686,31,-92.76052856445312,-2.9922749996185303,31,-90.7499771118164,-2.9274187088012695,31,-111.25987243652344,-3.007023572921753,37,-97.80856323242188,-3.1551148891448975,31,-98.65777587890625,-3.182508945465088,31,1863
-82.7999496459961,-2.0195109844207764,41,-100.6510009765625,-2.454902410507202,41,-102.21824645996094,-2.4931280612945557,41,-135.01914978027344,-2.700382947921753,50,-103.62873840332031,-2.5275301933288574,41,-101.10499572753906,-2.465975522994995,41,1864
-125.68187713623047,-2.9924256801605225,42,-120.96176147460938,-2.8800418376922607,42,-119.5330810546875,-2.8460257053375244,42,-93.09300994873047,-2.738029718399048,34,-133.68006896972656,-3.18285870552063,42,-126.26515197753906,-3.0063130855560303,42,1865
-30.192747116088867,-0.7548186779022217,40,-54.5826416015625,-1.3645660877227783,40,-43.69417953491211,-1.0923545360565186,40,-29.669082641601562,-0.7807653546333313,38,-52.23469543457031,-1.3058674335479736,40,-54.34786605834961,-1.358696699142456,40,1866
-15.569355010986328,-0.8649641871452332,18,-82.9958267211914,-4.610879421234131,18,-82.65894317626953,-4.592163562774658,18,-111.8711929321289,-3.8576273918151855,29,-81.2402114868164,-4.513345241546631,18,-77.09717559814453,-4.283176422119141,18,1867
-80.38949584960938,-2.2968428134918213,35,-78.2666015625,-2.2361886501312256,35,-76.28762817382812,-2.1796464920043945,35,-86.74224853515625,-2.2241601943969727,39,-84.70149230957031,-2.4200427532196045,35,-85.01673889160156,-2.4290497303009033,35,1868
-51.308631896972656,-1.6033947467803955,32,-65.82200622558594,-2.0569376945495605,32,-62.409854888916016,-1.9503079652786255,32,-58.027740478515625,-2.0009565353393555,29,-72.22544860839844,-2.257045269012451,32,-77.35650634765625,-2.417390823364258,32,1869
-41.982357025146484,-0.9541444778442383,44,-116.91555786132812,-2.6571717262268066,44,-100.85108947753906,-2.292070150375366,44,-55.78336715698242,-1.6406872272491455,34,-128.317138671875,-2.9162986278533936,44,-108.87488555908203,-2.474429130554199,44,1870
-111.2511215209961,-2.4185025691986084,46,-138.29725646972656,-3.0064620971679688,46,-121.05430603027344,-2.631615400314331,46,-114.66506958007812,-2.6666295528411865,43,-134.54986572265625,-2.924997091293335,46,-113.81866455078125,-2.474318742752075,46,1871
-104.23533630371094,-3.257354259490967,32,-87.27359008789062,-2.727299690246582,32,-64.35905456542969,-2.0112204551696777,32,-66.15501403808594,-1.9457356929779053,34,-95.17393493652344,-2.9741854667663574,32,-83.09265899658203,-2.5966455936431885,32,1872
-51.42192459106445,-1.773169755935669,29,-81.54631042480469,-2.811941623687744,29,-86.298828125,-2.9758217334747314,29,-97.63140869140625,-2.1695868968963623,45,-91.314697265625,-3.148782730102539,29,-93.86399841308594,-3.236689567565918,29,1873
-120.38764190673828,-3.086862564086914,39,-184.56216430664062,-4.732363224029541,39,-217.331298828125,-5.572597503662109,39,-265.4654235839844,-5.899231433868408,45,-174.2359619140625,-4.467588901519775,39,-195.43470764160156,-5.011146545410156,39,1874
-75.35658264160156,-2.354893207550049,32,-81.07429504394531,-2.533571720123291,32,-83.08615112304688,-2.596442222595215,32,-93.11832427978516,-2.5866200923919678,36,-99.81067657470703,-3.1190836429595947,32,-99.53651428222656,-3.11051607131958,32,1875
-166.34352111816406,-3.4654901027679443,48,-160.7745361328125,-3.3494694232940674,48,-126.59962463378906,-2.6374921798706055,48,-59.74468231201172,-2.21276593208313,27,-155.53030395507812,-3.2402145862579346,48,-128.77325439453125,-2.6827762126922607,48,1876
-102.6933822631836,-2.0538675785064697,50,-148.85479736328125,-2.97709584236145,50,-144.14610290527344,-2.8829221725463867,50,-129.8794403076172,-2.951805353164673,44,-171.14065551757812,-3.4228131771087646,50,-158.5665283203125,-3.171330451965332,50,1877
-114.49162292480469,-3.1803228855133057,36,-204.7559356689453,-5.687664985656738,36,-217.09130859375,-6.030313968658447,36,-286.2480163574219,-6.361066818237305,45,-195.60337829589844,-5.433427333831787,36,-236.4512176513672,-6.568089485168457,36,1878
-78.13810729980469,-2.0562660694122314,38,-88.06376647949219,-2.317467451095581,38,-91.8956527709961,-2.418306589126587,38,-60.144386291503906,-2.864018440246582,21,-100.98470306396484,-2.657492160797119,38,-95.91436767578125,-2.524062395095825,38,1879
-64.44981384277344,-2.222407341003418,29,-62.093299865722656,-2.141148328781128,29,-80.07041931152344,-2.7610490322113037,29,-83.53394317626953,-2.5313315391540527,33,-65.78335571289062,-2.2683916091918945,29,-72.05653381347656,-2.484708070755005,29,1880
-129.09127807617188,-3.397138833999634,38,-100.48419189453125,-2.6443207263946533,38,-78.11052703857422,-2.055540084838867,38,-64.51979064941406,-2.1506597995758057,30,-110.46585083007812,-2.906996011734009,38,-90.52986145019531,-2.3823647499084473,38,1881
-67.16209411621094,-2.398646116256714,28,-77.88502502441406,-2.7816081047058105,28,-72.4793701171875,-2.5885488986968994,28,-71.90554809570312,-2.3968515396118164,30,-87.22750854492188,-3.1152682304382324,28,-68.64989471435547,-2.451781988143921,28,1882
-99.36400604248047,-2.685513734817505,37,-174.31817626953125,-4.711302280426025,37,-197.02346801757812,-5.324958801269531,37,-224.45091247558594,-5.219788551330566,43,-179.54107666015625,-4.852461338043213,37,-199.06893920898438,-5.380241394042969,37,1883
-68.97345733642578,-2.2991151809692383,30,-92.31330108642578,-3.0771100521087646,30,-101.28608703613281,-3.3762028217315674,30,-213.85821533203125,-3.2402760982513428,66,-94.28236389160156,-3.1427454948425293,30,-94.02527618408203,-3.1341757774353027,30,1884
-108.75634765625,-2.4168076515197754,45,-92.86540985107422,-2.063675880432129,45,-78.62159729003906,-1.7471466064453125,45,-80.66744995117188,-1.87598717212677,43,-98.95814514160156,-2.1990699768066406,45,-78.96807861328125,-1.754846215248108,45,1885
-59.14075469970703,-2.688216209411621,22,-67.98126220703125,-3.090057373046875,22,-65.58814239501953,-2.981279134750366,22,-56.949127197265625,-1.4986612796783447,38,-77.3717041015625,-3.5168955326080322,22,-72.5214614868164,-3.2964301109313965,22,1886
-89.69676208496094,-2.360441207885742,38,-111.1987533569336,-2.9262828826904297,38,-97.14794921875,-2.5565249919891357,38,-82.26176452636719,-2.8366124629974365,29,-124.68978118896484,-3.2813100814819336,38,-126.31576538085938,-3.324099063873291,38,1887
-100.4071044921875,-3.861811637878418,26,-91.369873046875,-3.514225959777832,26,-59.907310485839844,-2.3041272163391113,26,-61.767539978027344,-1.9925012588500977,31,-98.5701904296875,-3.791161060333252,26,-68.50690460205078,-2.634881019592285,26,1888
-101.10504913330078,-3.1595327854156494,32,-107.57526397705078,-3.361726999282837,32,-92.77533721923828,-2.8992292881011963,32,-106.44731903076172,-3.6705973148345947,29,-112.7860336303711,-3.5245635509490967,32,-112.72113037109375,-3.5225353240966797,32,1889
-31.933340072631836,-1.2282054424285889,26,-44.642974853515625,-1.7170374393463135,26,-43.15374755859375,-1.659759521484375,26,-37.05780029296875,-1.4823119640350342,25,-50.95608901977539,-1.9598495960235596,26,-46.04193115234375,-1.770843505859375,26,1890
-84.8716049194336,-1.886035680770874,45,-130.2095184326172,-2.893544912338257,45,-134.77691650390625,-2.995042562484741,45,-60.713966369628906,-2.428558588027954,25,-138.28549194335938,-3.0730109214782715,45,-135.90432739257812,-3.0200960636138916,45,1891
-47.45435333251953,-1.4380106925964355,33,-98.60255432128906,-2.9879562854766846,33,-89.64501953125,-2.7165157794952393,33,-127.75067138671875,-2.6614723205566406,48,-103.68421936035156,-3.1419460773468018,33,-96.34158325195312,-2.9194419384002686,33,1892
-78.75334930419922,-1.7120293378829956,46,-135.55848693847656,-2.9469237327575684,46,-106.79539489746094,-2.321639060974121,46,-62.01832580566406,-1.8793431520462036,33,-139.73446655273438,-3.037705898284912,46,-121.46310424804688,-2.6405022144317627,46,1893
-55.20189666748047,-1.840063214302063,30,-61.486793518066406,-2.0495598316192627,30,-60.52154541015625,-2.0173847675323486,30,-67.213623046875,-1.8165843486785889,37,-71.17473602294922,-2.3724911212921143,30,-75.0217056274414,-2.5007236003875732,30,1894
-52.428733825683594,-1.542021632194519,34,-63.592018127441406,-1.8703534603118896,34,-60.404090881347656,-1.7765909433364868,34,-60.072059631347656,-1.7668253183364868,34,-59.07177734375,-1.7374051809310913,34,-59.97957992553711,-1.7641053199768066,34,1895
-112.50578308105469,-3.629218816757202,31,-77.61654663085938,-2.5037596225738525,31,-76.8511962890625,-2.4790709018707275,31,-86.69828796386719,-1.9704155921936035,44,-93.06568145751953,-3.0021188259124756,31,-88.42266082763672,-2.852343797683716,31,1896
-84.5673599243164,-1.9219855070114136,44,-108.564697265625,-2.467379570007324,44,-109.70523071289062,-2.493300676345825,44,-76.76606750488281,-2.1323907375335693,36,-123.99171447753906,-2.817993402481079,44,-122.51034545898438,-2.7843260765075684,44,1897
-58.60979461669922,-1.4295071363449097,41,-92.43791198730469,-2.2545831203460693,41,-96.25759887695312,-2.3477463722229004,41,-79.10533905029297,-1.7578964233398438,45,-117.98716735839844,-2.8777358531951904,41,-116.39340209960938,-2.8388633728027344,41,1898
-80.3448486328125,-2.5107765197753906,32,-67.93326568603516,-2.1229145526885986,32,-66.63177490234375,-2.082242965698242,32,-40.94938278198242,-2.408787250518799,17,-65.43694305419922,-2.0449044704437256,32,-77.79351806640625,-2.4310474395751953,32,1899
-58.49665832519531,-1.5809907913208008,37,-103.2386474609375,-2.790233612060547,37,-104.24952697753906,-2.8175547122955322,37,-86.58953857421875,-3.0924835205078125,28,-105.20658874511719,-2.843421220779419,37,-103.74661254882812,-2.803962469100952,37,1900
-73.77039337158203,-2.235466480255127,33,-99.28077697753906,-3.0085084438323975,33,-110.21615600585938,-3.33988356590271,33,-102.26639556884766,-2.5566599369049072,40,-93.36151885986328,-2.829136848449707,33,-114.77313232421875,-3.477973699569702,33,1901
-45.342674255371094,-1.4626668691635132,31,-113.56254577636719,-3.6633079051971436,31,-99.61421203613281,-3.2133617401123047,31,-107.85096740722656,-3.4790635108947754,31,-109.99874877929688,-3.548346757888794,31,-100.53114318847656,-3.2429401874542236,31,1902
-71.27777099609375,-2.2274303436279297,32,-82.84398651123047,-2.588874578475952,32,-70.76984405517578,-2.211557626724243,32,-102.51170349121094,-2.228515386581421,46,-86.84825134277344,-2.71400785446167,32,-84.99952697753906,-2.6562352180480957,32,1903
-41.69502258300781,-1.5442601442337036,27,-81.55207824707031,-3.020447254180908,27,-74.80240631103516,-2.7704594135284424,27,-67.7433853149414,-2.70973539352417,25,-100.3729248046875,-3.717515707015991,27,-84.06306457519531,-3.1134469509124756,27,1904
-19.60197639465332,-0.46671372652053833,42,-57.243690490722656,-1.3629449605941772,42,-62.71236038208008,-1.4931514263153076,42,-36.01591110229492,-1.0592914819717407,34,-72.72586059570312,-1.7315680980682373,42,-75.13851928710938,-1.7890123128890991,42,1905
-102.69206237792969,-3.3126471042633057,31,-97.24815368652344,-3.1370372772216797,31,-76.28522491455078,-2.4608137607574463,31,-69.96072387695312,-1.590016484260559,44,-95.39167785644531,-3.077150821685791,31,-90.46935272216797,-2.9183661937713623,31,1906
-101.22673034667969,-2.7358574867248535,37,-109.78346252441406,-2.96712064743042,37,-114.43553161621094,-3.0928521156311035,37,-70.55258178710938,-3.2069356441497803,22,-107.51971435546875,-2.905938148498535,37,-135.78689575195312,-3.6699161529541016,37,1907
-85.70794677734375,-2.1976397037506104,39,-86.48045349121094,-2.217447519302368,39,-91.60041809082031,-2.348728656768799,39,-87.3782958984375,-2.4965226650238037,35,-77.1256103515625,-1.9775797128677368,39,-106.71453094482422,-2.736269950866699,39,1908
-56.54581069946289,-1.1539961099624634,49,-252.6096954345703,-5.155300140380859,49,-289.1419982910156,-5.900856971740723,49,-280.42413330078125,-5.966470718383789,47,-253.28338623046875,-5.16904878616333,49,-273.2015380859375,-5.5755414962768555,49,1909
-52.2308235168457,-2.1762843132019043,24,-77.1277847290039,-3.2136576175689697,24,-62.916542053222656,-2.6215226650238037,24,-63.85311508178711,-2.280468463897705,28,-86.00152587890625,-3.5833969116210938,24,-61.98902130126953,-2.582875967025757,24,1910
-84.23613739013672,-2.054539918899536,41,-114.13841247558594,-2.7838637828826904,41,-119.2210693359375,-2.9078309535980225,41,-80.96965026855469,-2.998875856399536,27,-117.38645935058594,-2.863084316253662,41,-121.24812316894531,-2.9572713375091553,41,1911
-42.9697265625,-1.0480420589447021,41,-65.76415252685547,-1.604003667831421,41,-84.08015441894531,-2.0507354736328125,41,-62.570335388183594,-1.9553229808807373,32,-72.24632263183594,-1.7621054649353027,41,-88.5168228149414,-2.158946990966797,41,1912
-64.52984619140625,-1.7440499067306519,37,-92.49392700195312,-2.499835968017578,37,-97.71427917480469,-2.6409263610839844,37,-90.72100830078125,-2.21270751953125,41,-95.49179077148438,-2.5808591842651367,37,-90.482421875,-2.4454708099365234,37,1913
-76.00306701660156,-2.0541369915008545,37,-66.27645874023438,-1.7912555932998657,37,-63.28424835205078,-1.7103850841522217,37,-48.44499206542969,-1.5139060020446777,32,-64.68904876708984,-1.7483526468276978,37,-66.04850006103516,-1.7850946187973022,37,1914
-84.52701568603516,-2.1673593521118164,39,-101.86685180664062,-2.6119706630706787,39,-100.1637954711914,-2.5683023929595947,39,-119.45758056640625,-2.714945077896118,44,-91.07341003417969,-2.3352155685424805,39,-99.13864135742188,-2.5420165061950684,39,1915
-104.83033752441406,-2.2304327487945557,47,-94.37791442871094,-2.0080406665802,47,-101.70022583007812,-2.163834571838379,47,-50.95500183105469,-1.544090986251831,33,-91.31373596191406,-1.9428454637527466,47,-95.87892150878906,-2.0399770736694336,47,1916
-81.47576904296875,-1.939899206161499,42,-97.17454528808594,-2.3136796951293945,42,-92.61825561523438,-2.2051966190338135,42,-54.016563415527344,-1.6368656158447266,33,-104.45476531982422,-2.48701810836792,42,-81.75251770019531,-1.9464884996414185,42,1917
-77.35408020019531,-2.4173150062561035,32,-86.8663330078125,-2.7145729064941406,32,-103.27847290039062,-3.227452278137207,32,-81.63114166259766,-2.8148670196533203,29,-76.0333023071289,-2.3760406970977783,32,-94.12957763671875,-2.941549301147461,32,1918
-43.12977600097656,-0.8137693405151367,53,-121.15045166015625,-2.285857677459717,53,-111.79698181152344,-2.109376907348633,53,-54.96042251586914,-1.8320140838623047,30,-117.9453353881836,-2.225383758544922,53,-125.93820190429688,-2.376192569732666,53,1919
-44.71080780029297,-1.3150237798690796,34,-78.30632019042969,-2.3031270503997803,34,-100.28242492675781,-2.9494831562042236,34,-42.283599853515625,-1.5660592317581177,27,-66.52489471435547,-1.9566144943237305,34,-88.12313842773438,-2.5918569564819336,34,1920
-109.74235534667969,-4.0645318031311035,27,-68.1502456665039,-2.524083137512207,27,-41.212669372558594,-1.5263952016830444,27,-22.53112030029297,-0.7510373592376709,30,-58.410213470458984,-2.1633412837982178,27,-33.329002380371094,-1.2344075441360474,27,1921
-127.34628295898438,-2.7094953060150146,47,-162.03968811035156,-3.44765305519104,47,-142.0518798828125,-3.0223803520202637,47,-100.80107116699219,-2.9647374153137207,34,-180.90281677246094,-3.848996162414551,47,-143.48184204101562,-3.052805185317993,47,1922
-91.47126770019531,-1.9056514501571655,48,-118.3956527709961,-2.466576099395752,48,-94.06688690185547,-1.9597268104553223,48,-66.78519439697266,-2.0237936973571777,33,-126.51481628417969,-2.635725259780884,48,-93.0350112915039,-1.9382294416427612,48,1923
-57.84777069091797,-2.0659918785095215,28,-107.15299987792969,-3.826892852783203,28,-125.025146484375,-4.465183734893799,28,-235.09927368164062,-5.224428176879883,45,-115.41481018066406,-4.121957302093506,28,-136.837158203125,-4.8870415687561035,28,1924
-42.4315299987793,-1.414384365081787,30,-82.97068786621094,-2.7656896114349365,30,-72.280029296875,-2.409334421157837,30,-48.09850311279297,-1.145202398300171,42,-83.34173583984375,-2.778057813644409,30,-68.7815170288086,-2.292717218399048,30,1925
-77.05432891845703,-2.266303777694702,34,-95.15055847167969,-2.7985458374023438,34,-83.81881713867188,-2.465259313583374,34,-66.64662170410156,-2.2215540409088135,30,-90.93798065185547,-2.6746463775634766,34,-82.44256591796875,-2.424781322479248,34,1926
-42.31760787963867,-1.7632336616516113,24,-46.5383415222168,-1.93909752368927,24,-55.693626403808594,-2.3205678462982178,24,-47.81084442138672,-1.494088888168335,32,-53.22076416015625,-2.21753191947937,24,-56.68749237060547,-2.361978769302368,24,1927
-102.78197479248047,-2.1868505477905273,47,-74.00794219970703,-1.5746370553970337,47,-80.76032257080078,-1.7183047533035278,47,-28.023723602294922,-0.9663352966308594,29,-83.60197448730469,-1.7787654399871826,47,-99.94721984863281,-2.1265366077423096,47,1928
-56.60303497314453,-1.7152434587478638,33,-66.88673400878906,-2.0268707275390625,33,-65.20206451416016,-1.9758201837539673,33,-66.43666076660156,-2.0132322311401367,33,-69.54422760009766,-2.107400894165039,33,-72.463623046875,-2.1958673000335693,33,1929
-33.91189956665039,-1.0939322710037231,31,-73.02342224121094,-2.3555941581726074,31,-78.59764099121094,-2.535407781600952,31,-58.912479400634766,-2.5614120960235596,23,-77.33226776123047,-2.494589328765869,31,-65.7615966796875,-2.1213419437408447,31,1930
-56.65186309814453,-1.4162966012954712,40,-80.64196014404297,-2.0160489082336426,40,-79.35932159423828,-1.983983039855957,40,-76.84268188476562,-1.9210669994354248,40,-85.8764419555664,-2.146911144256592,40,-84.56682586669922,-2.114170551300049,40,1931
-30.869314193725586,-0.995784342288971,31,-74.97974395751953,-2.418701410293579,31,-77.18535614013672,-2.4898502826690674,31,-71.62983703613281,-2.652956962585449,27,-94.53865051269531,-3.0496339797973633,31,-96.15286254882812,-3.101705312728882,31,1932
-120.57867431640625,-2.275069236755371,53,-133.24118041992188,-2.513984441757202,53,-128.63792419433594,-2.427130699157715,53,-124.68559265136719,-2.7105562686920166,46,-142.22799682617188,-2.683547019958496,53,-133.2557373046875,-2.514259099960327,53,1933
-76.60041046142578,-2.3212244510650635,33,-104.07563781738281,-3.1538071632385254,33,-86.71722412109375,-2.6277947425842285,33,-96.0234603881836,-2.909801721572876,33,-88.63177490234375,-2.6858112812042236,33,-78.31246948242188,-2.373105049133301,33,1934
-65.06483459472656,-2.0988657474517822,31,-197.41622924804688,-6.368265628814697,31,-222.54818725585938,-7.17897367477417,31,-304.2543029785156,-6.473495960235596,47,-167.27493286132812,-5.395965576171875,31,-198.20867919921875,-6.393828392028809,31,1935
-39.45519256591797,-1.0116716623306274,39,-89.032958984375,-2.2828962802886963,39,-62.316627502441406,-1.5978622436523438,39,-61.325218200683594,-1.6138215065002441,38,-85.91143798828125,-2.202857494354248,39,-70.32617950439453,-1.803235411643982,39,1936
-129.29949951171875,-3.153646230697632,41,-122.30763244628906,-2.9831130504608154,41,-114.56119537353516,-2.794175386428833,41,-91.16802978515625,-2.940904140472412,31,-125.35918426513672,-3.0575411319732666,41,-113.05918884277344,-2.7575411796569824,41,1937
-63.73614501953125,-1.3278363943099976,48,-102.41123962402344,-2.1335675716400146,48,-108.25047302246094,-2.255218267440796,48,-105.96295928955078,-2.207561731338501,48,-122.99880981445312,-2.5624752044677734,48,-121.87461853027344,-2.5390546321868896,48,1938
-35.907901763916016,-0.9449447989463806,38,-98.73688507080078,-2.598339080810547,38,-93.15371704101562,-2.451413631439209,38,-76.23235321044922,-2.4591081142425537,31,-107.11903381347656,-2.8189220428466797,38,-97.50096893310547,-2.565814971923828,38,1939
-123.64037322998047,-2.424320936203003,51,-111.85676574707031,-2.193269968032837,51,-116.14246368408203,-2.2773032188415527,51,-105.55193328857422,-1.5522342920303345,68,-117.79364013671875,-2.3096792697906494,51,-125.84014892578125,-2.467453956604004,51,1940
-68.73186492919922,-2.0827836990356445,33,-64.62690734863281,-1.9583911895751953,33,-62.826210021972656,-1.9038245677947998,33,-65.21699523925781,-1.9762725830078125,33,-70.50636291503906,-2.136556386947632,33,-70.31449127197266,-2.130742073059082,33,1941
-83.12223815917969,-2.246546983718872,37,-90.13883209228516,-2.4361846446990967,37,-97.8672866821289,-2.645061731338501,37,-66.3114013671875,-2.550438404083252,26,-94.59968566894531,-2.556748151779175,37,-104.49421691894531,-2.8241679668426514,37,1942
-63.860591888427734,-2.776547431945801,23,-86.30138397216797,-3.7522339820861816,23,-78.18904113769531,-3.3995234966278076,23,-99.77007293701172,-3.325669050216675,30,-93.75091552734375,-4.076126575469971,23,-91.57835388183594,-3.9816675186157227,23,1943
-44.90187454223633,-1.4967291355133057,30,-107.72952270507812,-3.5909841060638428,30,-99.13764953613281,-3.3045883178710938,30,-110.87567901611328,-2.917781114578247,38,-102.62828063964844,-3.420942783355713,30,-96.449462890625,-3.214982032775879,30,1944
-44.974273681640625,-1.1243568658828735,40,-138.05255126953125,-3.4513137340545654,40,-148.69894409179688,-3.7174735069274902,40,-143.65945434570312,-4.225277900695801,34,-137.1394500732422,-3.4284863471984863,40,-146.75628662109375,-3.6689071655273438,40,1945
-97.5691909790039,-2.637005090713501,37,-94.43659973144531,-2.552340507507324,37,-100.84579467773438,-2.72556209564209,37,-84.15837097167969,-2.274550676345825,37,-118.6024169921875,-3.2054708003997803,37,-110.6064453125,-2.989363431930542,37,1946
-125.18768310546875,-2.6635677814483643,47,-121.58191680908203,-2.5868492126464844,47,-115.65611267089844,-2.460768461227417,47,-109.78756713867188,-2.7446892261505127,40,-134.82933044433594,-2.868709087371826,47,-137.78009033203125,-2.9314913749694824,47,1947
-117.15727233886719,-3.004032611846924,39,-124.36067199707031,-3.188735246658325,39,-119.89546966552734,-3.0742428302764893,39,-111.58074951171875,-3.0994653701782227,36,-130.6377410888672,-3.3496856689453125,39,-121.87808990478516,-3.1250791549682617,39,1948
-91.16754150390625,-2.6047868728637695,35,-71.55772399902344,-2.044506311416626,35,-74.74327087402344,-2.1355221271514893,35,-65.12047576904297,-2.100660562515259,31,-75.17730712890625,-2.147922992706299,35,-76.10089111328125,-2.1743111610412598,35,1949
-73.97540283203125,-2.6419787406921387,28,-66.01808166503906,-2.357788562774658,28,-65.76631927490234,-2.348797082901001,28,-68.25492858886719,-1.7961822748184204,38,-89.46766662597656,-3.1952738761901855,28,-87.33287048339844,-3.1190311908721924,28,1950
-61.90268325805664,-1.439597249031067,43,-119.24610900878906,-2.773165225982666,43,-116.3319320678711,-2.7053937911987305,43,-61.858184814453125,-2.3791608810424805,26,-103.74773406982422,-2.412738084793091,43,-103.29473876953125,-2.402203321456909,43,1951
-90.01492309570312,-2.0003316402435303,45,-125.68779754638672,-2.793062210083008,45,-95.14555358886719,-2.1143455505371094,45,-103.26070404052734,-2.346834182739258,44,-131.6172332763672,-2.9248273372650146,45,-104.02165222167969,-2.3115923404693604,45,1952
-230.0129852294922,-5.000282287597656,46,-145.16860961914062,-3.155839443206787,46,-115.85279846191406,-2.5185391902923584,46,-78.87772369384766,-2.544442653656006,31,-145.50074768066406,-3.163059711456299,46,-120.75619506835938,-2.6251347064971924,46,1953
-54.27164840698242,-1.5962249040603638,34,-54.510494232177734,-1.6032497882843018,34,-69.46046447753906,-2.042954921722412,34,-40.174503326416016,-1.913071632385254,21,-87.3233413696289,-2.568333625793457,34,-92.36326599121094,-2.716566562652588,34,1954
-95.13131713867188,-2.6425366401672363,36,-62.393516540527344,-1.733153223991394,36,-50.970664978027344,-1.4158518314361572,36,-45.551902770996094,-1.301482915878296,35,-61.679908752441406,-1.7133307456970215,36,-65.11170959472656,-1.8086585998535156,36,1955
-123.64109802246094,-2.424335241317749,51,-142.1319580078125,-2.7869012355804443,51,-124.03520202636719,-2.432062864303589,51,-107.62545776367188,-2.446033239364624,44,-151.849609375,-2.977443218231201,51,-133.4442596435547,-2.616554021835327,51,1956
-73.86373901367188,-2.73569393157959,27,-76.13623046875,-2.8198604583740234,27,-54.256988525390625,-2.0095181465148926,27,-78.58177185058594,-1.9166285991668701,41,-88.61669921875,-3.282099962234497,27,-66.96768188476562,-2.4802844524383545,27,1957
-93.68746948242188,-2.40224289894104,39,-217.19308471679688,-5.569053649902344,39,-262.40234375,-6.728265285491943,39,-317.687255859375,-6.90624475479126,46,-205.1131591796875,-5.259311676025391,39,-274.29937744140625,-7.033317565917969,39,1958
-51.22921371459961,-1.9703543186187744,26,-85.19951629638672,-3.276904582977295,26,-83.13758850097656,-3.1975996494293213,26,-95.11201477050781,-2.113600254058838,45,-94.92680358886719,-3.651031017303467,26,-83.34600830078125,-3.205615758895874,26,1959
-95.73602294921875,-3.1912007331848145,30,-88.90525817871094,-2.9635086059570312,30,-72.94972229003906,-2.431657314300537,30,-70.70024871826172,-2.280653238296509,31,-92.39027404785156,-3.0796759128570557,30,-80.13644409179688,-2.6712148189544678,30,1960
-227.182373046875,-4.833667278289795,47,-120.8199234008789,-2.570636749267578,47,-102.51616668701172,-2.181195020675659,47,-60.3739128112793,-2.0124638080596924,30,-125.12158203125,-2.662161350250244,47,-100.66563415527344,-2.141822099685669,47,1961
-150.56558227539062,-3.5015251636505127,43,-145.98931884765625,-3.3951003551483154,43,-128.40231323242188,-2.986100196838379,43,-142.97567749023438,-2.9786598682403564,48,-144.97509765625,-3.371513843536377,43,-131.167236328125,-3.050400733947754,43,1962
-47.856544494628906,-1.040359616279602,46,-63.03717041015625,-1.370373249053955,46,-50.059593200683594,-1.088252067565918,46,-30.557374954223633,-0.8258749842643738,37,-64.902587890625,-1.4109258651733398,46,-74.8216552734375,-1.62655770778656,46,1963
-63.206207275390625,-2.257364511489868,28,-50.784141540527344,-1.813719391822815,28,-59.96662902832031,-2.14166522026062,28,-35.4388542175293,-1.4766188859939575,24,-63.598453521728516,-2.2713732719421387,28,-52.62205505371094,-1.8793591260910034,28,1964
-112.87237548828125,-2.5652811527252197,44,-107.72496032714844,-2.4482946395874023,44,-96.73464965820312,-2.198514699935913,44,-62.878448486328125,-2.328831434249878,27,-132.02969360351562,-3.0006749629974365,44,-128.02279663085938,-2.909609079360962,44,1965
-47.14628982543945,-1.386655569076538,34,-82.18505096435547,-2.4172074794769287,34,-107.88478088378906,-3.173081874847412,34,-92.4122543334961,-3.3004376888275146,28,-91.01788330078125,-2.6769964694976807,34,-114.7589340209961,-3.37526273727417,34,1966
-60.31927490234375,-2.0106425285339355,30,-50.724639892578125,-1.6908212900161743,30,-36.400665283203125,-1.213355541229248,30,-20.559032440185547,-0.7614456415176392,27,-57.30719757080078,-1.9102399349212646,30,-48.538272857666016,-1.617942452430725,30,1967
-59.98979187011719,-1.3951114416122437,43,-56.52460479736328,-1.3145257234573364,43,-45.145137786865234,-1.04988694190979,43,-39.665740966796875,-1.0720469951629639,37,-75.16195678710938,-1.7479524612426758,43,-57.6733283996582,-1.3412401676177979,43,1968
-71.20089721679688,-1.9778027534484863,36,-110.25205993652344,-3.0625572204589844,36,-110.5401840209961,-3.0705606937408447,36,-149.71585083007812,-2.3393101692199707,64,-101.4100112915039,-2.8169448375701904,36,-96.7697982788086,-2.6880500316619873,36,1969
-90.94728088378906,-2.3933494091033936,38,-85.93913269042969,-2.2615561485290527,38,-95.76802062988281,-2.5202109813690186,38,-62.221614837646484,-2.1455729007720947,29,-90.18875885009766,-2.3733882904052734,38,-97.55647277832031,-2.5672755241394043,38,1970
-102.38456726074219,-2.6943306922912598,38,-70.44625854492188,-1.853848934173584,38,-70.4855728149414,-1.8548835515975952,38,-78.81060028076172,-1.7911499738693237,44,-89.0565185546875,-2.343592643737793,38,-84.13167572021484,-2.213991403579712,38,1971
-52.34869384765625,-1.4541304111480713,36,-101.27508544921875,-2.813196897506714,36,-98.54307556152344,-2.737307548522949,36,-70.39661407470703,-2.70756196975708,26,-100.531494140625,-2.79254150390625,36,-104.7608413696289,-2.9100234508514404,36,1972
-93.10803985595703,-2.821455717086792,33,-101.81153106689453,-3.085197925567627,33,-105.55596923828125,-3.1986656188964844,33,-88.22838592529297,-2.8460769653320312,31,-106.65472412109375,-3.231961250305176,33,-95.13372802734375,-2.882840156555176,33,1973
-45.70095443725586,-1.6321769952774048,28,-74.16844177246094,-2.6488728523254395,28,-47.765869140625,-1.7059239149093628,28,-87.20233154296875,-1.9818711280822754,44,-74.96124267578125,-2.677187204360962,28,-63.470130920410156,-2.2667903900146484,28,1974
-99.58080291748047,-2.3158326148986816,43,-93.16637420654297,-2.1666598320007324,43,-94.25172424316406,-2.1919004917144775,43,-38.668182373046875,-1.7576446533203125,22,-89.52587890625,-2.0819971561431885,43,-109.89228820800781,-2.5556344985961914,43,1975
-66.20504760742188,-2.282932758331299,29,-68.121337890625,-2.3490116596221924,29,-67.47027587890625,-2.326561212539673,29,-94.48345947265625,-2.6995275020599365,35,-66.6962890625,-2.2998719215393066,29,-79.06837463378906,-2.7264957427978516,29,1976
-72.9406967163086,-2.1453146934509277,34,-75.5794448852539,-2.2229249477386475,34,-79.51622009277344,-2.338712453842163,34,-62.529144287109375,-2.31589412689209,27,-85.09764099121094,-2.5028717517852783,34,-95.57989501953125,-2.811173439025879,34,1977
-61.74958038330078,-1.9296743869781494,32,-75.93388366699219,-2.372933864593506,32,-78.88723754882812,-2.465226173400879,32,-79.55120849609375,-2.410642623901367,33,-82.76941680908203,-2.5865442752838135,32,-85.6185531616211,-2.675579786300659,32,1978
